{
  "diffusion seed": {
    "plaquette": {
      "tau": 8.803647890345967,
      "A": 0.00039913391243788385,
      "C": 0.9641870395345487,
      "target": 0.9639808987868075,
      "plateau_minus_target": 0.00020614074774116808,
      "status": "ok",
      "tau_error": 3.301178987432373
    },
    "wilson_2x2": {
      "tau": null,
      "A": -0.00047234246148357634,
      "C": 0.864261740587642,
      "target": 0.8635226110243367,
      "plateau_minus_target": 0.0007391295633053518,
      "status": "no measurable decay (starts at plateau; tau unconstrained)"
    },
    "wilson_4x4": {
      "tau": 23.45817234115329,
      "A": -0.005562019075968382,
      "C": 0.5580715954233039,
      "target": 0.5560256872712839,
      "plateau_minus_target": 0.002045908152019993,
      "status": "ok (amplitude within noise of plateau)",
      "tau_error": 13.258789973485836
    },
    "Q^2": {
      "tau": null,
      "A": 0.0,
      "C": 2.0859375,
      "target": 1.9039912820080367,
      "plateau_minus_target": 0.1819462179919633,
      "status": "constant series (no decay; frozen)"
    }
  },
  "cold start": {
    "plaquette": {
      "tau": 5.1186936814129735,
      "A": 0.026191564155498476,
      "C": 0.9647034342226445,
      "target": 0.9639808987868075,
      "plateau_minus_target": 0.0007225354358370017,
      "status": "ok",
      "tau_error": 0.21967586714967036
    },
    "wilson_2x2": {
      "tau": 4.485611768789088,
      "A": 0.10247369569041347,
      "C": 0.8675677549232627,
      "target": 0.8635226110243367,
      "plateau_minus_target": 0.0040451438989259625,
      "status": "ok",
      "tau_error": 0.2128433701482145
    },
    "wilson_4x4": {
      "tau": 2.189852373203163,
      "A": 0.38716246349601796,
      "C": 0.5712941894619701,
      "target": 0.5560256872712839,
      "plateau_minus_target": 0.015268502190686206,
      "status": "ok",
      "tau_error": 0.10966455266401554
    },
    "Q^2": {
      "tau": null,
      "A": 0.0,
      "C": 0.0,
      "target": 1.9039912820080367,
      "plateau_minus_target": -1.9039912820080367,
      "status": "constant series (no decay; frozen)"
    }
  },
  "hot start": {
    "plaquette": {
      "tau": 1.9327260794751275,
      "A": -0.9383180268552641,
      "C": 0.9600619879726074,
      "target": 0.9639808987868075,
      "plateau_minus_target": -0.003918910814200038,
      "status": "ok",
      "tau_error": 0.020597409319692585
    },
    "wilson_2x2": {
      "tau": 6.422342630268914,
      "A": -0.8244770095127757,
      "C": 0.840181649509652,
      "target": 0.8635226110243367,
      "plateau_minus_target": -0.023340961514684677,
      "status": "ok",
      "tau_error": 0.15235497204360524
    },
    "wilson_4x4": {
      "tau": 49.752760028432576,
      "A": -0.3598934653179117,
      "C": 0.48968670442857876,
      "target": 0.5560256872712839,
      "plateau_minus_target": -0.06633898284270512,
      "status": "ok",
      "tau_error": 1.4587585272092938
    },
    "Q^2": {
      "tau": 0.6844151105593674,
      "A": 72.37103627677071,
      "C": 13.914909144473944,
      "target": 1.9039912820080367,
      "plateau_minus_target": 12.010917862465908,
      "status": "ok",
      "tau_error": 0.00474055177046158
    }
  }
}