{
  "label": "A_bc4_L32_beta14.1464",
  "beta": 14.146446570889967,
  "lattice_size": 32,
  "n_gen_chains": 128,
  "n_baseline_chains": 32,
  "n_traj_gen": 96,
  "n_traj_baseline": 640,
  "hmc": {
    "step_size": 0.053174854941555764,
    "n_steps": 19,
    "acceptance": {
      "generated": 0.99560546875,
      "hot": 0.99638671875,
      "cold": 0.99521484375
    },
    "sec_per_traj_gen_batch": 0.24330592900514603,
    "sec_per_traj_baseline_batch": 0.13913146890699862
  },
  "t_therm": {
    "diffusion seed": {
      "plaquette": 0.0,
      "wilson_2x2": 0.0,
      "wilson_4x4": 0.0,
      "Q^2": 0.0
    },
    "hot start": {
      "plaquette": 632.0,
      "wilson_2x2": Infinity,
      "wilson_4x4": Infinity,
      "Q^2": Infinity
    },
    "cold start": {
      "plaquette": 243.0,
      "wilson_2x2": 243.0,
      "wilson_4x4": 212.0,
      "Q^2": Infinity
    }
  },
  "t_therm_generated_full_batch": {
    "plaquette": 21.0,
    "wilson_2x2": 0.0,
    "wilson_4x4": 0.0,
    "Q^2": 0.0
  },
  "t_therm_subsample_size": 32,
  "final_abs_z": {
    "diffusion seed": {
      "plaquette": 1.7026011943817139,
      "wilson_2x2": 1.3814060688018799,
      "wilson_4x4": 1.765610694885254,
      "Q^2": 0.2142626941204071
    },
    "hot start": {
      "plaquette": 1.1213901042938232,
      "wilson_2x2": 2.855292558670044,
      "wilson_4x4": 2.995488166809082,
      "Q^2": 2.9500045776367188
    },
    "cold start": {
      "plaquette": 0.6968482136726379,
      "wilson_2x2": 1.873112440109253,
      "wilson_4x4": 2.6052730083465576,
      "Q^2": 1903991324672.0
    }
  },
  "tau_int": {
    "plaquette": {
      "value": 7.195234229875361,
      "error": 1.110911813328291
    },
    "wilson_2x2": {
      "value": 11.188327110140516,
      "error": 1.6143255575359285
    },
    "wilson_4x4": {
      "value": 5.801562067842358,
      "error": 1.0411146620705318
    }
  },
  "hmc_interval_trajectories": 22.376654220281033,
  "q_freezing": {
    "label": "hot-start HMC L=32 beta=14.1464",
    "frozen": true,
    "n_tunnelings": 0,
    "window_length": 321,
    "n_chains": 32,
    "tau_int_Q": 321.0
  }
}