{
  "diffusion seed": {
    "plaquette": {
      "tau": 1.345801448531953,
      "A": 0.00029583605406649516,
      "C": 0.9909053328878512,
      "target": 0.9908709473551462,
      "plateau_minus_target": 3.4385532704961363e-05,
      "status": "ok",
      "tau_error": 0.16809283072533823
    },
    "wilson_2x2": {
      "tau": 6.200905680595119,
      "A": 0.0003723474164973233,
      "C": 0.9640488592802141,
      "target": 0.9639807907327661,
      "plateau_minus_target": 6.806854744800805e-05,
      "status": "ok",
      "tau_error": 1.510087154061647
    },
    "wilson_4x4": {
      "tau": 1.4122168190159814,
      "A": -0.0028454711258918135,
      "C": 0.8637481837215324,
      "target": 0.8635222238503071,
      "plateau_minus_target": 0.00022595987122531191,
      "status": "ok",
      "tau_error": 0.4842077489359589
    },
    "Q^2": {
      "tau": null,
      "A": 0.0,
      "C": 1.8229166269302368,
      "target": 1.9030858198906764,
      "plateau_minus_target": -0.08016919296043956,
      "status": "constant series (no decay; frozen)"
    }
  },
  "cold start": {
    "plaquette": {
      "tau": 5.625786634809932,
      "A": 0.00632452011303986,
      "C": 0.9911307752100453,
      "target": 0.9908709473551462,
      "plateau_minus_target": 0.0002598278548990862,
      "status": "ok",
      "tau_error": 0.23023564526379808
    },
    "wilson_2x2": {
      "tau": 5.450290888890464,
      "A": 0.02476085982410354,
      "C": 0.9651022684783136,
      "target": 0.9639807907327661,
      "plateau_minus_target": 0.0011214777455474945,
      "status": "ok",
      "tau_error": 0.23315881633031083
    },
    "wilson_4x4": {
      "tau": 3.595922000538022,
      "A": 0.10467901821006219,
      "C": 0.868862363325939,
      "target": 0.8635222238503071,
      "plateau_minus_target": 0.005340139475631944,
      "status": "ok",
      "tau_error": 0.17191082728987203
    },
    "Q^2": {
      "tau": null,
      "A": 0.0,
      "C": 0.0,
      "target": 1.9030858198906764,
      "plateau_minus_target": -1.9030858198906764,
      "status": "constant series (no decay; frozen)"
    }
  },
  "hot start": {
    "plaquette": {
      "tau": 1.699019580499192,
      "A": -0.9852685923505274,
      "C": 0.9882297296337564,
      "target": 0.9908709473551462,
      "plateau_minus_target": -0.0026412177213898103,
      "status": "ok",
      "tau_error": 0.00845233481431515
    },
    "wilson_2x2": {
      "tau": 4.46674105254961,
      "A": -1.0048133770869652,
      "C": 0.9437471139326106,
      "target": 0.9639807907327661,
      "plateau_minus_target": -0.02023367680015553,
      "status": "ok",
      "tau_error": 0.07811372885194455
    },
    "wilson_4x4": {
      "tau": 30.92615697685628,
      "A": -0.5973460652444578,
      "C": 0.7493090121204792,
      "target": 0.8635222238503071,
      "plateau_minus_target": -0.1142132117298279,
      "status": "ok",
      "tau_error": 0.6933152629965554
    },
    "Q^2": {
      "tau": 0.532108881350664,
      "A": 295.6197345783869,
      "C": 90.13676831680814,
      "target": 1.9030858198906764,
      "plateau_minus_target": 88.23368249691747,
      "status": "ok",
      "tau_error": 0.002577142894019495
    }
  }
}