{
  "diffusion seed": {
    "plaquette": {
      "tau": 2.5554563030321407,
      "A": 0.0005361173758549917,
      "C": 0.9909338556718247,
      "target": 0.9908709473551462,
      "plateau_minus_target": 6.290831667843388e-05,
      "status": "ok",
      "tau_error": 0.1873404641226546
    },
    "wilson_2x2": {
      "tau": 2.4239444390209806,
      "A": 0.0007683902534336546,
      "C": 0.9640961148430764,
      "target": 0.9639807907327661,
      "plateau_minus_target": 0.00011532411031034417,
      "status": "ok",
      "tau_error": 0.40243424623233726
    },
    "wilson_4x4": {
      "tau": null,
      "A": -0.016641311538933504,
      "C": 0.8801036212678495,
      "target": 0.8635222238503071,
      "plateau_minus_target": 0.016581397417542387,
      "status": "unreliable (tau exceeds window)"
    },
    "Q^2": {
      "tau": null,
      "A": 0.0,
      "C": 1.96875,
      "target": 1.9030858198906764,
      "plateau_minus_target": 0.06566418010932362,
      "status": "constant series (no decay; frozen)"
    }
  },
  "cold start": {
    "plaquette": {
      "tau": 4.539191652561289,
      "A": 0.007199822841109937,
      "C": 0.9911772869293048,
      "target": 0.9908709473551462,
      "plateau_minus_target": 0.00030633957415859836,
      "status": "ok",
      "tau_error": 0.1733472165876044
    },
    "wilson_2x2": {
      "tau": 4.9207877175511765,
      "A": 0.027661804898045022,
      "C": 0.9654027735152708,
      "target": 0.9639807907327661,
      "plateau_minus_target": 0.001421982782504716,
      "status": "ok",
      "tau_error": 0.20336656279169413
    },
    "wilson_4x4": {
      "tau": 3.951089803997996,
      "A": 0.11122214714198259,
      "C": 0.8685060973049895,
      "target": 0.8635222238503071,
      "plateau_minus_target": 0.00498387345468243,
      "status": "ok",
      "tau_error": 0.17113222405839107
    },
    "Q^2": {
      "tau": null,
      "A": 0.0,
      "C": 0.0,
      "target": 1.9030858198906764,
      "plateau_minus_target": -1.9030858198906764,
      "status": "constant series (no decay; frozen)"
    }
  },
  "hot start": {
    "plaquette": {
      "tau": 1.7052166851623356,
      "A": -0.9843035648489546,
      "C": 0.987817247358065,
      "target": 0.9908709473551462,
      "plateau_minus_target": -0.0030536999970812717,
      "status": "ok",
      "tau_error": 0.007961470421200297
    },
    "wilson_2x2": {
      "tau": 4.346634323397689,
      "A": -1.0110545229470447,
      "C": 0.9413849018926121,
      "target": 0.9639807907327661,
      "plateau_minus_target": -0.022595888840153955,
      "status": "ok",
      "tau_error": 0.07787439241161337
    },
    "wilson_4x4": {
      "tau": 40.41701457560873,
      "A": -0.5543659263093094,
      "C": 0.7858544740053474,
      "target": 0.8635222238503071,
      "plateau_minus_target": -0.07766774984495972,
      "status": "ok",
      "tau_error": 1.31978372773926
    },
    "Q^2": {
      "tau": 0.7385988952119817,
      "A": 354.9199881125232,
      "C": 29.51193379311963,
      "target": 1.9030858198906764,
      "plateau_minus_target": 27.608847973228954,
      "status": "ok",
      "tau_error": 0.006775841369123984
    }
  }
}