{
  "diffusion seed": {
    "plaquette": {
      "tau": 2.480949266333593,
      "A": 0.0006104200237237591,
      "C": 0.9909421368250273,
      "target": 0.9908709721096077,
      "plateau_minus_target": 7.116471541956937e-05,
      "status": "ok",
      "tau_error": 0.26283855350407576
    },
    "wilson_2x2": {
      "tau": 46.107805606846135,
      "A": 0.000596420348333037,
      "C": 0.9638772447565833,
      "target": 0.9639812119684814,
      "plateau_minus_target": -0.00010396721189809277,
      "status": "ok",
      "tau_error": 24.93597880100211
    },
    "wilson_4x4": {
      "tau": null,
      "A": 0.10255436401421965,
      "C": 0.762426889133447,
      "target": 0.8635284312685902,
      "plateau_minus_target": -0.10110154213514322,
      "status": "unreliable (tau exceeds window)"
    },
    "Q^2": {
      "tau": null,
      "A": 0.0,
      "C": 0.484375,
      "target": 0.47428030515246894,
      "plateau_minus_target": 0.01009469484753106,
      "status": "constant series (no decay; frozen)"
    }
  },
  "cold start": {
    "plaquette": {
      "tau": 4.065492814116335,
      "A": 0.007060635812602816,
      "C": 0.9912360806178591,
      "target": 0.9908709721096077,
      "plateau_minus_target": 0.0003651085082513328,
      "status": "ok",
      "tau_error": 0.16911183570475896
    },
    "wilson_2x2": {
      "tau": 4.67263250206623,
      "A": 0.026273566494690846,
      "C": 0.9659859432273015,
      "target": 0.9639812119684814,
      "plateau_minus_target": 0.0020047312588200583,
      "status": "ok",
      "tau_error": 0.24530231434137478
    },
    "wilson_4x4": {
      "tau": 50.31375106218114,
      "A": 0.03625399409238769,
      "C": 0.8705470479875734,
      "target": 0.8635284312685902,
      "plateau_minus_target": 0.007018616718983184,
      "status": "ok",
      "tau_error": 3.206152617914331
    },
    "Q^2": {
      "tau": null,
      "A": 0.0,
      "C": 0.0,
      "target": 0.47428030515246894,
      "plateau_minus_target": -0.47428030515246894,
      "status": "constant series (no decay; frozen)"
    }
  },
  "hot start": {
    "plaquette": {
      "tau": 1.683244202862982,
      "A": -0.9875945078955386,
      "C": 0.9857236645665223,
      "target": 0.9908709721096077,
      "plateau_minus_target": -0.005147307543085455,
      "status": "ok",
      "tau_error": 0.008404514994791001
    },
    "wilson_2x2": {
      "tau": 4.164629938732197,
      "A": -0.9939388800410375,
      "C": 0.9186777670545176,
      "target": 0.9639812119684814,
      "plateau_minus_target": -0.045303444913963764,
      "status": "ok",
      "tau_error": 0.10423304790548744
    },
    "wilson_4x4": {
      "tau": 235.66074354472286,
      "A": -0.4434340059960831,
      "C": 0.7431481601477207,
      "target": 0.8635284312685902,
      "plateau_minus_target": -0.12038027112086958,
      "status": "ok",
      "tau_error": 7.767864302776066
    },
    "Q^2": {
      "tau": 0.9327539343604012,
      "A": 63.620703027356676,
      "C": 16.559458621865993,
      "target": 0.47428030515246894,
      "plateau_minus_target": 16.085178316713524,
      "status": "ok",
      "tau_error": 0.002438866320687669
    }
  }
}