{
  "label": "D_bc40_L32_beta158.48",
  "beta": 158.47972315685624,
  "lattice_size": 32,
  "n_gen_chains": 128,
  "n_baseline_chains": 32,
  "n_traj_gen": 96,
  "n_traj_baseline": 640,
  "hmc": {
    "step_size": 0.03177409132013866,
    "n_steps": 31,
    "acceptance": {
      "generated": 0.962158203125,
      "hot": 0.974658203125,
      "cold": 0.979931640625
    },
    "sec_per_traj_gen_batch": 0.36440209050973255,
    "sec_per_traj_baseline_batch": 0.21210510544478894
  },
  "t_therm": {
    "diffusion seed": {
      "plaquette": Infinity,
      "wilson_2x2": Infinity,
      "wilson_4x4": 73.0,
      "wilson_6x6": 5.0,
      "Q^2": Infinity
    },
    "hot start": {
      "plaquette": Infinity,
      "wilson_2x2": Infinity,
      "wilson_4x4": Infinity,
      "wilson_6x6": Infinity,
      "Q^2": Infinity
    },
    "cold start": {
      "plaquette": 429.0,
      "wilson_2x2": 410.0,
      "wilson_4x4": 156.0,
      "wilson_6x6": 27.0,
      "Q^2": Infinity
    }
  },
  "t_therm_generated_full_batch": {
    "plaquette": Infinity,
    "wilson_2x2": Infinity,
    "wilson_4x4": Infinity,
    "wilson_6x6": 20.0,
    "Q^2": 0.0
  },
  "t_therm_subsample_size": 32,
  "final_abs_z": {
    "diffusion seed": {
      "plaquette": 10.408163070678711,
      "wilson_2x2": 4.860003471374512,
      "wilson_4x4": 2.220324993133545,
      "wilson_6x6": 0.754475474357605,
      "Q^2": 86933716992.0
    },
    "hot start": {
      "plaquette": 8.48966121673584,
      "wilson_2x2": 6.371098518371582,
      "wilson_4x4": 5.48943567276001,
      "wilson_6x6": 5.512670516967773,
      "Q^2": 4.86263370513916
    },
    "cold start": {
      "plaquette": 2.0264861583709717,
      "wilson_2x2": 1.0154287815093994,
      "wilson_4x4": 0.606555163860321,
      "wilson_6x6": 0.6536192893981934,
      "Q^2": 86933716992.0
    }
  },
  "tau_int": {
    "plaquette": {
      "value": 21.254199309338823,
      "error": 1.8579674678133233
    },
    "wilson_2x2": {
      "value": 32.39312118426823,
      "error": 2.2342679226901843
    },
    "wilson_4x4": {
      "value": 25.26374611213543,
      "error": 2.7877466284591006
    },
    "wilson_6x6": {
      "value": 7.859828268417456,
      "error": 1.315493253148083
    }
  },
  "hmc_interval_trajectories": 64.78624236853646,
  "q_freezing": {
    "label": "hot-start HMC L=32 beta=158.48",
    "frozen": true,
    "n_tunnelings": 0,
    "window_length": 321,
    "n_chains": 32,
    "tau_int_Q": 321.0
  }
}