{
  "label": "A_bc0.5_L32_beta2.02441",
  "beta": 2.024407657391736,
  "lattice_size": 32,
  "n_gen_chains": 128,
  "n_baseline_chains": 32,
  "n_traj_gen": 96,
  "n_traj_baseline": 640,
  "hmc": {
    "step_size": 0.2,
    "n_steps": 5,
    "acceptance": {
      "generated": 0.96337890625,
      "hot": 0.963623046875,
      "cold": 0.963427734375
    },
    "sec_per_traj_gen_batch": 0.12400048474470775,
    "sec_per_traj_baseline_batch": 0.07407264113426208
  },
  "t_therm": {
    "diffusion seed": {
      "plaquette": 13.0,
      "wilson_2x2": 1.0,
      "wilson_4x4": 0.0,
      "wilson_6x6": 0.0,
      "Q^2": 0.0
    },
    "hot start": {
      "plaquette": 23.0,
      "wilson_2x2": 11.0,
      "wilson_4x4": 3.0,
      "wilson_6x6": 0.0,
      "Q^2": 1.0
    },
    "cold start": {
      "plaquette": 20.0,
      "wilson_2x2": 12.0,
      "wilson_4x4": 5.0,
      "wilson_6x6": 3.0,
      "Q^2": 10.0
    }
  },
  "t_therm_generated_full_batch": {
    "plaquette": 8.0,
    "wilson_2x2": 8.0,
    "wilson_4x4": 2.0,
    "wilson_6x6": 0.0,
    "Q^2": 0.0
  },
  "t_therm_subsample_size": 32,
  "final_abs_z": {
    "diffusion seed": {
      "plaquette": 0.6400591731071472,
      "wilson_2x2": 0.742692768573761,
      "wilson_4x4": 0.7622091770172119,
      "wilson_6x6": 0.9553836584091187,
      "Q^2": 0.6690419912338257
    },
    "hot start": {
      "plaquette": 0.5662158727645874,
      "wilson_2x2": 0.48665720224380493,
      "wilson_4x4": 0.6140538454055786,
      "wilson_6x6": 0.7680139541625977,
      "Q^2": 0.804348349571228
    },
    "cold start": {
      "plaquette": 0.39485055208206177,
      "wilson_2x2": 0.8052130937576294,
      "wilson_4x4": 1.4369341135025024,
      "wilson_6x6": 0.9520783424377441,
      "Q^2": 0.6715989708900452
    }
  },
  "tau_int": {
    "plaquette": {
      "value": 2.457105188623942,
      "error": 0.1753830081276069
    },
    "wilson_2x2": {
      "value": 0.9647590315897278,
      "error": 0.03267997443137091
    },
    "wilson_4x4": {
      "value": 0.5669247302524744,
      "error": 0.012074616364389579
    },
    "wilson_6x6": {
      "value": 0.5432961108785301,
      "error": 0.010273197046480817
    }
  },
  "hmc_interval_trajectories": 4.914210377247884,
  "q_freezing": {
    "label": "hot-start HMC L=32 beta=2.02441",
    "frozen": false,
    "n_tunnelings": 8763,
    "window_length": 321,
    "n_chains": 32,
    "tau_int_Q": 2.96381242342598
  }
}