{
  "L8_beta1": {
    "fine_beta": 1.0,
    "matched_coarse_beta": 0.0821358563379077,
    "tree_level": 0.25
  },
  "L8_beta2": {
    "fine_beta": 2.0,
    "matched_coarse_beta": 0.47467220141206323,
    "tree_level": 0.5
  },
  "L32_beta2": {
    "fine_beta": 2.0,
    "matched_coarse_beta": 0.48420302296801127,
    "tree_level": 0.5
  },
  "L32_beta4": {
    "fine_beta": 4.0,
    "matched_coarse_beta": 1.3427284031348241,
    "tree_level": 1.0
  },
  "L32_beta6.5": {
    "fine_beta": 6.5,
    "matched_coarse_beta": 2.1127566570673344,
    "tree_level": 1.625
  },
  "L32_beta14.1464": {
    "fine_beta": 14.1464,
    "matched_coarse_beta": 4.014889465292575,
    "tree_level": 3.5366
  },
  "L32_beta55.0237": {
    "fine_beta": 55.0237,
    "matched_coarse_beta": 14.163391195892487,
    "tree_level": 13.755925
  }
}