{
  "label": "E_bc3.4_L32_beta11.6638",
  "beta": 11.663837876039215,
  "lattice_size": 32,
  "n_gen_chains": 128,
  "n_baseline_chains": 32,
  "n_traj_gen": 96,
  "n_traj_baseline": 640,
  "hmc": {
    "step_size": 0.11712220879491804,
    "n_steps": 9,
    "acceptance": {
      "generated": 0.9838053385416666,
      "hot": 0.985009765625,
      "cold": 0.982861328125
    },
    "sec_per_traj_gen_batch": 0.0641933133204778,
    "sec_per_traj_baseline_batch": 0.04203320853412151
  },
  "t_therm": {
    "diffusion seed": {
      "plaquette": 0.0,
      "wilson_2x2": 11.0,
      "wilson_4x4": 6.0,
      "wilson_6x6": 0.0,
      "Q^2": 0.0
    },
    "hot start": {
      "plaquette": 251.0,
      "wilson_2x2": 249.0,
      "wilson_4x4": 259.0,
      "wilson_6x6": 230.0,
      "Q^2": Infinity
    },
    "cold start": {
      "plaquette": 119.0,
      "wilson_2x2": 88.0,
      "wilson_4x4": 76.0,
      "wilson_6x6": 26.0,
      "Q^2": Infinity
    }
  },
  "t_therm_generated_full_batch": {
    "plaquette": 6.0,
    "wilson_2x2": 10.0,
    "wilson_4x4": 5.0,
    "wilson_6x6": 0.0,
    "Q^2": 0.0
  },
  "t_therm_subsample_size": 32,
  "final_abs_z": {
    "diffusion seed": {
      "plaquette": 0.9558720588684082,
      "wilson_2x2": 0.6216611862182617,
      "wilson_4x4": 0.6245215535163879,
      "wilson_6x6": 0.8759208917617798,
      "Q^2": 0.09793386608362198
    },
    "hot start": {
      "plaquette": 0.6809733510017395,
      "wilson_2x2": 0.4220946729183197,
      "wilson_4x4": 1.4095357656478882,
      "wilson_6x6": 1.8746602535247803,
      "Q^2": 3.3284542560577393
    },
    "cold start": {
      "plaquette": 0.7189658880233765,
      "wilson_2x2": 0.8295005559921265,
      "wilson_4x4": 0.974575400352478,
      "wilson_6x6": 1.2070997953414917,
      "Q^2": 2329518014464.0
    }
  },
  "tau_int": {
    "plaquette": {
      "value": 5.06048712195515,
      "error": 0.652051475073545
    },
    "wilson_2x2": {
      "value": 3.984864213966235,
      "error": 0.4333352871849606
    },
    "wilson_4x4": {
      "value": 2.312646098312447,
      "error": 0.2208077092179488
    },
    "wilson_6x6": {
      "value": 0.8732685605829219,
      "error": 0.04546592509718255
    }
  },
  "hmc_interval_trajectories": 10.1209742439103,
  "q_freezing": {
    "label": "hot-start HMC L=32 beta=11.6638",
    "frozen": true,
    "n_tunnelings": 0,
    "window_length": 321,
    "n_chains": 32,
    "tau_int_Q": 321.0
  }
}