{
  "label": "rung0_L16_beta4",
  "beta": 4.0,
  "lattice_size": 16,
  "n_gen_chains": 192,
  "n_baseline_chains": 64,
  "n_traj_gen": 96,
  "n_traj_baseline": 640,
  "hmc": {
    "step_size": 0.2,
    "n_steps": 5,
    "acceptance": {
      "generated": 0.9810112847222222,
      "hot": 0.981396484375,
      "cold": 0.980712890625
    },
    "sec_per_traj_gen_batch": 0.07717120895783107,
    "sec_per_traj_baseline_batch": 0.04765044003725052
  },
  "t_therm": {
    "diffusion seed": {
      "plaquette": 13.0,
      "wilson_2x2": 8.0,
      "wilson_4x4": 1.0,
      "wilson_6x6": 0.0,
      "Q^2": 0.0
    },
    "hot start": {
      "plaquette": 47.0,
      "wilson_2x2": 47.0,
      "wilson_4x4": 19.0,
      "wilson_6x6": 1.0,
      "Q^2": 8.0
    },
    "cold start": {
      "plaquette": 43.0,
      "wilson_2x2": 46.0,
      "wilson_4x4": 13.0,
      "wilson_6x6": 4.0,
      "Q^2": 46.0
    }
  },
  "t_therm_generated_full_batch": {
    "plaquette": 23.0,
    "wilson_2x2": 16.0,
    "wilson_4x4": 0.0,
    "wilson_6x6": 0.0,
    "Q^2": 0.0
  },
  "t_therm_subsample_size": 64,
  "final_abs_z": {
    "diffusion seed": {
      "plaquette": 0.6907081007957458,
      "wilson_2x2": 0.7261611819267273,
      "wilson_4x4": 0.4950045645236969,
      "wilson_6x6": 0.8737013936042786,
      "Q^2": 0.8292168378829956
    },
    "hot start": {
      "plaquette": 0.5571637749671936,
      "wilson_2x2": 0.6685609817504883,
      "wilson_4x4": 0.6399854421615601,
      "wilson_6x6": 0.8456230163574219,
      "Q^2": 0.6931596994400024
    },
    "cold start": {
      "plaquette": 0.7420833706855774,
      "wilson_2x2": 0.9424067735671997,
      "wilson_4x4": 0.947465717792511,
      "wilson_6x6": 0.9389632940292358,
      "Q^2": 1.0988506078720093
    }
  },
  "tau_int": {
    "plaquette": {
      "value": 3.7220046460999643,
      "error": 0.24290686405368275
    },
    "wilson_2x2": {
      "value": 2.5858312853248697,
      "error": 0.16219829555517615
    },
    "wilson_4x4": {
      "value": 1.1931653297395544,
      "error": 0.10191409054861932
    },
    "wilson_6x6": {
      "value": 0.6189942639060644,
      "error": 0.014810467757245626
    }
  },
  "hmc_interval_trajectories": 7.444009292199929,
  "q_freezing": {
    "label": "hot-start HMC L=16 beta=4",
    "frozen": false,
    "n_tunnelings": 1857,
    "window_length": 321,
    "n_chains": 64,
    "tau_int_Q": 20.84051912366283
  }
}