{
  "diffusion seed": {
    "plaquette": {
      "tau": 10.875951270375253,
      "A": -0.006298531509955048,
      "C": 0.8632619547240238,
      "target": 0.8635226110245507,
      "plateau_minus_target": -0.0002606563005269624,
      "status": "ok",
      "tau_error": 1.5116747806816062
    },
    "wilson_2x2": {
      "tau": 83.63453320018554,
      "A": -0.011212498241493183,
      "C": 0.5607055913394212,
      "target": 0.5560256872718351,
      "plateau_minus_target": 0.004679904067586116,
      "status": "ok",
      "tau_error": 78.1754780187295
    },
    "wilson_4x4": {
      "tau": null,
      "A": 0.005758070662865557,
      "C": 0.09468362690131803,
      "target": 0.09558272819358882,
      "plateau_minus_target": -0.0008991012922707903,
      "status": "no measurable decay (starts at plateau; tau unconstrained)"
    },
    "Q^2": {
      "tau": null,
      "A": -32.912678630438,
      "C": 34.63258683071244,
      "target": 1.9338785460711687,
      "plateau_minus_target": 32.69870828464127,
      "status": "unreliable (tau exceeds window)"
    }
  },
  "cold start": {
    "plaquette": {
      "tau": 3.697277725760817,
      "A": 0.11287234634035385,
      "C": 0.8636518711647986,
      "target": 0.8635226110245507,
      "plateau_minus_target": 0.00012926014024783328,
      "status": "ok",
      "tau_error": 0.11260820227391702
    },
    "wilson_2x2": {
      "tau": 3.830422607892892,
      "A": 0.36588862610364453,
      "C": 0.5562054945008156,
      "target": 0.5560256872718351,
      "plateau_minus_target": 0.00017980722898047752,
      "status": "ok",
      "tau_error": 0.12236984587358865
    },
    "wilson_4x4": {
      "tau": 0.6923592009191358,
      "A": 0.8989805506178787,
      "C": 0.09522703226984612,
      "target": 0.09558272819358882,
      "plateau_minus_target": -0.00035569592374269654,
      "status": "ok",
      "tau_error": 0.024906946198453843
    },
    "Q^2": {
      "tau": 30.932362594291938,
      "A": -2.367603080853785,
      "C": 2.127272991188791,
      "target": 1.9338785460711687,
      "plateau_minus_target": 0.19339444511762238,
      "status": "ok",
      "tau_error": 2.491054212145923
    }
  },
  "hot start": {
    "plaquette": {
      "tau": 2.7209181835454173,
      "A": -0.8280379549247802,
      "C": 0.8630298008487364,
      "target": 0.8635226110245507,
      "plateau_minus_target": -0.0004928101758143733,
      "status": "ok",
      "tau_error": 0.025823257239423823
    },
    "wilson_2x2": {
      "tau": 6.719469839618357,
      "A": -0.568339144899581,
      "C": 0.5561705356988808,
      "target": 0.5560256872718351,
      "plateau_minus_target": 0.00014484842704565182,
      "status": "ok",
      "tau_error": 0.07877312833984111
    },
    "wilson_4x4": {
      "tau": 12.264976191573728,
      "A": -0.10399979588512852,
      "C": 0.09719874633581169,
      "target": 0.09558272819358882,
      "plateau_minus_target": 0.0016160181422228692,
      "status": "ok",
      "tau_error": 0.9622035603878237
    },
    "Q^2": {
      "tau": 1.3778857110844298,
      "A": 18.84045958884576,
      "C": 1.8625042034436041,
      "target": 1.9338785460711687,
      "plateau_minus_target": -0.07137434262756459,
      "status": "ok",
      "tau_error": 0.04310492027361177
    }
  }
}