{
  "label": "A_bc0.25_L32_beta1.4892",
  "beta": 1.4891950556682911,
  "lattice_size": 32,
  "n_gen_chains": 128,
  "n_baseline_chains": 32,
  "n_traj_gen": 96,
  "n_traj_baseline": 640,
  "hmc": {
    "step_size": 0.2,
    "n_steps": 5,
    "acceptance": {
      "generated": 0.9663899739583334,
      "hot": 0.969775390625,
      "cold": 0.96728515625
    },
    "sec_per_traj_gen_batch": 0.05160808563232422,
    "sec_per_traj_baseline_batch": 0.034440333023667336
  },
  "t_therm": {
    "diffusion seed": {
      "plaquette": 4.0,
      "wilson_2x2": 4.0,
      "wilson_4x4": 0.0,
      "wilson_6x6": 5.0,
      "Q^2": 1.0
    },
    "hot start": {
      "plaquette": 7.0,
      "wilson_2x2": 7.0,
      "wilson_4x4": 1.0,
      "wilson_6x6": 5.0,
      "Q^2": 1.0
    },
    "cold start": {
      "plaquette": 9.0,
      "wilson_2x2": 7.0,
      "wilson_4x4": 3.0,
      "wilson_6x6": 3.0,
      "Q^2": 4.0
    }
  },
  "t_therm_generated_full_batch": {
    "plaquette": 6.0,
    "wilson_2x2": 5.0,
    "wilson_4x4": 0.0,
    "wilson_6x6": 0.0,
    "Q^2": 2.0
  },
  "t_therm_subsample_size": 32,
  "final_abs_z": {
    "diffusion seed": {
      "plaquette": 0.6756675243377686,
      "wilson_2x2": 0.6645877957344055,
      "wilson_4x4": 1.1181542873382568,
      "wilson_6x6": 0.7567275762557983,
      "Q^2": 0.8034096956253052
    },
    "hot start": {
      "plaquette": 1.7481247186660767,
      "wilson_2x2": 0.8025562167167664,
      "wilson_4x4": 0.756571888923645,
      "wilson_6x6": 0.9796504974365234,
      "Q^2": 1.0666307210922241
    },
    "cold start": {
      "plaquette": 0.7963606119155884,
      "wilson_2x2": 0.7623640894889832,
      "wilson_4x4": 0.7851752042770386,
      "wilson_6x6": 1.121124267578125,
      "Q^2": 1.0051472187042236
    }
  },
  "tau_int": {
    "plaquette": {
      "value": 1.5145463473169487,
      "error": 0.07764835115732707
    },
    "wilson_2x2": {
      "value": 0.7658282113864678,
      "error": 0.03594430781936073
    },
    "wilson_4x4": {
      "value": 0.5688272177839241,
      "error": 0.016793467602904174
    },
    "wilson_6x6": {
      "value": 0.563761705327412,
      "error": 0.013659678732926589
    }
  },
  "hmc_interval_trajectories": 3.0290926946338974,
  "q_freezing": {
    "label": "hot-start HMC L=32 beta=1.4892",
    "frozen": false,
    "n_tunnelings": 9221,
    "window_length": 321,
    "n_chains": 32,
    "tau_int_Q": 1.6926436113288692
  }
}