{
  "label": "A_bc0.5_L32_beta2.02441",
  "beta": 2.024407657391736,
  "lattice_size": 32,
  "n_gen_chains": 128,
  "n_baseline_chains": 32,
  "n_traj_gen": 96,
  "n_traj_baseline": 640,
  "hmc": {
    "step_size": 0.2,
    "n_steps": 5,
    "acceptance": {
      "generated": 0.9635416666666666,
      "hot": 0.9638671875,
      "cold": 0.959912109375
    },
    "sec_per_traj_gen_batch": 0.051008629302183785,
    "sec_per_traj_baseline_batch": 0.02182430326938629
  },
  "t_therm": {
    "diffusion seed": {
      "plaquette": 16.0,
      "wilson_2x2": 5.0,
      "wilson_4x4": 0.0,
      "wilson_6x6": 1.0,
      "Q^2": 0.0
    },
    "hot start": {
      "plaquette": 16.0,
      "wilson_2x2": 11.0,
      "wilson_4x4": 7.0,
      "wilson_6x6": 5.0,
      "Q^2": 4.0
    },
    "cold start": {
      "plaquette": 20.0,
      "wilson_2x2": 13.0,
      "wilson_4x4": 3.0,
      "wilson_6x6": 2.0,
      "Q^2": 9.0
    }
  },
  "t_therm_generated_full_batch": {
    "plaquette": 15.0,
    "wilson_2x2": 13.0,
    "wilson_4x4": 0.0,
    "wilson_6x6": 0.0,
    "Q^2": 0.0
  },
  "t_therm_subsample_size": 32,
  "final_abs_z": {
    "diffusion seed": {
      "plaquette": 1.0396361351013184,
      "wilson_2x2": 0.5753310918807983,
      "wilson_4x4": 0.6984714269638062,
      "wilson_6x6": 0.5456728339195251,
      "Q^2": 0.7956279516220093
    },
    "hot start": {
      "plaquette": 1.1970703601837158,
      "wilson_2x2": 0.6109833717346191,
      "wilson_4x4": 0.5925604701042175,
      "wilson_6x6": 1.1072384119033813,
      "Q^2": 1.7101341485977173
    },
    "cold start": {
      "plaquette": 0.5610724091529846,
      "wilson_2x2": 0.4961380362510681,
      "wilson_4x4": 0.9348499178886414,
      "wilson_6x6": 0.5501583218574524,
      "Q^2": 1.135738492012024
    }
  },
  "tau_int": {
    "plaquette": {
      "value": 2.7635257072789567,
      "error": 0.2971168263521031
    },
    "wilson_2x2": {
      "value": 0.9981836991527059,
      "error": 0.06535783915673608
    },
    "wilson_4x4": {
      "value": 0.608274585246116,
      "error": 0.022071986363912072
    },
    "wilson_6x6": {
      "value": 0.578602702308455,
      "error": 0.01497002416055976
    }
  },
  "hmc_interval_trajectories": 5.5270514145579135,
  "q_freezing": {
    "label": "hot-start HMC L=32 beta=2.02441",
    "frozen": false,
    "n_tunnelings": 8779,
    "window_length": 321,
    "n_chains": 32,
    "tau_int_Q": 3.1785505517156842
  }
}