{
  "diffusion seed": {
    "plaquette": {
      "tau": 1.1005593191003782,
      "A": 0.010766099929825704,
      "C": 0.817260800238651,
      "target": 0.8173886556722197,
      "plateau_minus_target": -0.0001278554335687465,
      "status": "ok",
      "tau_error": 0.17259909748070987
    },
    "wilson_2x2": {
      "tau": 2.277623372344259,
      "A": 0.028095898650852477,
      "C": 0.4466249867269675,
      "target": 0.44638996589653174,
      "plateau_minus_target": 0.0002350208304357504,
      "status": "ok",
      "tau_error": 0.2732590890299461
    },
    "wilson_4x4": {
      "tau": 3.319107283328961,
      "A": 0.01099263649532346,
      "C": 0.03915866092708735,
      "target": 0.039706142354809335,
      "plateau_minus_target": -0.0005474814277219853,
      "status": "ok",
      "tau_error": 1.2138592101086432
    },
    "Q^2": {
      "tau": null,
      "A": -3.410106373663099,
      "C": 13.361653731595107,
      "target": 10.80849009529854,
      "plateau_minus_target": 2.553163636296567,
      "status": "unconstrained fit (tau error exceeds tau)"
    }
  },
  "cold start": {
    "plaquette": {
      "tau": 6.170034639735924,
      "A": 0.14996945052800448,
      "C": 0.8177443677032796,
      "target": 0.8173886556722197,
      "plateau_minus_target": 0.0003557120310598849,
      "status": "ok",
      "tau_error": 0.11014999546158726
    },
    "wilson_2x2": {
      "tau": 2.6663539269530707,
      "A": 0.501218909840159,
      "C": 0.447209872769548,
      "target": 0.44638996589653174,
      "plateau_minus_target": 0.0008199068730162518,
      "status": "ok",
      "tau_error": 0.05883717573610778
    },
    "wilson_4x4": {
      "tau": 0.8590511529936374,
      "A": 0.9528847196853686,
      "C": 0.04026584885879112,
      "target": 0.039706142354809335,
      "plateau_minus_target": 0.000559706503981787,
      "status": "ok",
      "tau_error": 0.014943931404335612
    },
    "Q^2": {
      "tau": 11.90317210639405,
      "A": -13.41943948739169,
      "C": 11.338104616793125,
      "target": 10.80849009529854,
      "plateau_minus_target": 0.5296145214945849,
      "status": "ok",
      "tau_error": 1.7856237607679903
    }
  },
  "hot start": {
    "plaquette": {
      "tau": 2.693823522457263,
      "A": -0.7777621997843759,
      "C": 0.8165825853384393,
      "target": 0.8173886556722197,
      "plateau_minus_target": -0.0008060703337804398,
      "status": "ok",
      "tau_error": 0.0282456661878158
    },
    "wilson_2x2": {
      "tau": 4.939968234425586,
      "A": -0.4553423626250243,
      "C": 0.4459054448647439,
      "target": 0.44638996589653174,
      "plateau_minus_target": -0.00048452103178781014,
      "status": "ok",
      "tau_error": 0.06509291798978102
    },
    "wilson_4x4": {
      "tau": 10.895595626984466,
      "A": -0.04515334950143742,
      "C": 0.03988653619116348,
      "target": 0.039706142354809335,
      "plateau_minus_target": 0.00018039383635414658,
      "status": "ok",
      "tau_error": 1.1901004511405053
    },
    "Q^2": {
      "tau": 0.7913255162459154,
      "A": 97.84312432141625,
      "C": 11.412179289445827,
      "target": 10.80849009529854,
      "plateau_minus_target": 0.6036891941472877,
      "status": "ok",
      "tau_error": 0.053470171161422796
    }
  }
}