{
  "label": "E_bc45_L32_beta178.482",
  "beta": 178.48205352136793,
  "lattice_size": 32,
  "n_gen_chains": 128,
  "n_baseline_chains": 32,
  "n_traj_gen": 96,
  "n_traj_baseline": 640,
  "hmc": {
    "step_size": 0.029940752709510368,
    "n_steps": 33,
    "acceptance": {
      "generated": 0.9783528645833334,
      "hot": 0.9740234375,
      "cold": 0.976806640625
    },
    "sec_per_traj_gen_batch": 0.14174249519904455,
    "sec_per_traj_baseline_batch": 0.22481149509549142
  },
  "t_therm": {
    "diffusion seed": {
      "plaquette": 0.0,
      "wilson_2x2": 0.0,
      "wilson_4x4": 0.0,
      "wilson_6x6": 0.0,
      "Q^2": 0.0
    },
    "hot start": {
      "plaquette": Infinity,
      "wilson_2x2": Infinity,
      "wilson_4x4": Infinity,
      "wilson_6x6": Infinity,
      "Q^2": Infinity
    },
    "cold start": {
      "plaquette": 282.0,
      "wilson_2x2": 282.0,
      "wilson_4x4": 120.0,
      "wilson_6x6": 23.0,
      "Q^2": Infinity
    }
  },
  "t_therm_generated_full_batch": {
    "plaquette": 1.0,
    "wilson_2x2": 1.0,
    "wilson_4x4": 0.0,
    "wilson_6x6": 0.0,
    "Q^2": 0.0
  },
  "t_therm_subsample_size": 32,
  "final_abs_z": {
    "diffusion seed": {
      "plaquette": 0.8217191696166992,
      "wilson_2x2": 1.041748285293579,
      "wilson_4x4": 1.0338270664215088,
      "wilson_6x6": 0.8509442210197449,
      "Q^2": 0.629533588886261
    },
    "hot start": {
      "plaquette": 7.679875373840332,
      "wilson_2x2": 5.4449663162231445,
      "wilson_4x4": 4.153807640075684,
      "wilson_6x6": 4.6148681640625,
      "Q^2": 4.076899528503418
    },
    "cold start": {
      "plaquette": 1.600874900817871,
      "wilson_2x2": 0.7606543898582458,
      "wilson_4x4": 0.7013760209083557,
      "wilson_6x6": 0.6120277643203735,
      "Q^2": 60793004032.0
    }
  },
  "tau_int": {
    "plaquette": {
      "value": 23.805161344837526,
      "error": 1.9698822012401065
    },
    "wilson_2x2": {
      "value": 19.59669425185187,
      "error": 1.8583356394158919
    },
    "wilson_4x4": {
      "value": 3.2839410463020613,
      "error": 0.5165635018987905
    },
    "wilson_6x6": {
      "value": 3.600879060785572,
      "error": 0.5945142703598595
    }
  },
  "hmc_interval_trajectories": 47.61032268967505,
  "q_freezing": {
    "label": "hot-start HMC L=32 beta=178.482",
    "frozen": true,
    "n_tunnelings": 0,
    "window_length": 321,
    "n_chains": 32,
    "tau_int_Q": 321.0
  }
}