{
  "label": "E_bc45_L32_beta178.482",
  "beta": 178.48205352136793,
  "lattice_size": 32,
  "n_gen_chains": 128,
  "n_baseline_chains": 32,
  "n_traj_gen": 96,
  "n_traj_baseline": 640,
  "hmc": {
    "step_size": 0.029940752709510368,
    "n_steps": 33,
    "acceptance": {
      "generated": 0.9759928385416666,
      "hot": 0.97158203125,
      "cold": 0.97744140625
    },
    "sec_per_traj_gen_batch": 0.24957569191853204,
    "sec_per_traj_baseline_batch": 0.14408585093915463
  },
  "t_therm": {
    "diffusion seed": {
      "plaquette": 0.0,
      "wilson_2x2": 2.0,
      "wilson_4x4": 0.0,
      "wilson_6x6": 0.0,
      "Q^2": 0.0
    },
    "hot start": {
      "plaquette": Infinity,
      "wilson_2x2": Infinity,
      "wilson_4x4": Infinity,
      "wilson_6x6": Infinity,
      "Q^2": Infinity
    },
    "cold start": {
      "plaquette": 334.0,
      "wilson_2x2": 290.0,
      "wilson_4x4": 82.0,
      "wilson_6x6": 32.0,
      "Q^2": Infinity
    }
  },
  "t_therm_generated_full_batch": {
    "plaquette": 1.0,
    "wilson_2x2": 1.0,
    "wilson_4x4": 0.0,
    "wilson_6x6": 0.0,
    "Q^2": 0.0
  },
  "t_therm_subsample_size": 32,
  "final_abs_z": {
    "diffusion seed": {
      "plaquette": 0.9166327714920044,
      "wilson_2x2": 0.6982053518295288,
      "wilson_4x4": 0.8087237477302551,
      "wilson_6x6": 0.6138887405395508,
      "Q^2": 0.629533588886261
    },
    "hot start": {
      "plaquette": 7.4761457443237305,
      "wilson_2x2": 5.588855743408203,
      "wilson_4x4": 4.1223039627075195,
      "wilson_6x6": 4.472053050994873,
      "Q^2": 4.07338285446167
    },
    "cold start": {
      "plaquette": 1.3123047351837158,
      "wilson_2x2": 0.9457213282585144,
      "wilson_4x4": 0.7901480793952942,
      "wilson_6x6": 1.056165099143982,
      "Q^2": 60793004032.0
    }
  },
  "tau_int": {
    "plaquette": {
      "value": 21.25430198123066,
      "error": 1.9272325535869659
    },
    "wilson_2x2": {
      "value": 18.477188131412,
      "error": 1.9408399815406199
    },
    "wilson_4x4": {
      "value": 4.607095885991551,
      "error": 0.6627297857607437
    },
    "wilson_6x6": {
      "value": 3.705694502561668,
      "error": 0.4380929877589829
    }
  },
  "hmc_interval_trajectories": 42.50860396246132,
  "q_freezing": {
    "label": "hot-start HMC L=32 beta=178.482",
    "frozen": true,
    "n_tunnelings": 0,
    "window_length": 321,
    "n_chains": 32,
    "tau_int_Q": 321.0
  }
}