{
  "diffusion seed": {
    "plaquette": {
      "tau": 4.209314237071053,
      "A": -0.07185303628334129,
      "C": 0.7694052978995384,
      "target": 0.7696473754399804,
      "plateau_minus_target": -0.00024207754044203167,
      "status": "ok",
      "tau_error": 0.0669732723283509
    },
    "wilson_2x2": {
      "tau": 5.900825318445582,
      "A": -0.031526680577910436,
      "C": 0.35066378607317567,
      "target": 0.3508869132135611,
      "plateau_minus_target": -0.00022312714038541515,
      "status": "ok",
      "tau_error": 0.526434741058836
    },
    "wilson_4x4": {
      "tau": 20.516355055275007,
      "A": -0.0030916391459766828,
      "C": 0.015724842406058422,
      "target": 0.015158934755528047,
      "plateau_minus_target": 0.0005659076505303753,
      "status": "ok (amplitude within noise of plateau)",
      "tau_error": 16.392932580344105
    },
    "Q^2": {
      "tau": null,
      "A": 159.57914948920887,
      "C": -143.5455092802692,
      "target": 14.252375460662318,
      "plateau_minus_target": -157.7978847409315,
      "status": "unreliable (tau exceeds window)"
    }
  },
  "cold start": {
    "plaquette": {
      "tau": 4.943661176000778,
      "A": 0.21363430658402688,
      "C": 0.7698541370001617,
      "target": 0.7696473754399804,
      "plateau_minus_target": 0.00020676156018129,
      "status": "ok",
      "tau_error": 0.05618930635576279
    },
    "wilson_2x2": {
      "tau": 1.93890432830129,
      "A": 0.6224326407445492,
      "C": 0.35175746057139706,
      "target": 0.3508869132135611,
      "plateau_minus_target": 0.0008705473578359824,
      "status": "ok",
      "tau_error": 0.03304279668312851
    },
    "wilson_4x4": {
      "tau": 0.8483266024949401,
      "A": 0.9843887290762896,
      "C": 0.015734480920719728,
      "target": 0.015158934755528047,
      "plateau_minus_target": 0.0005755461651916812,
      "status": "ok",
      "tau_error": 0.011359047620497095
    },
    "Q^2": {
      "tau": 6.309111766075689,
      "A": -16.078284614987474,
      "C": 13.528428080292501,
      "target": 14.252375460662318,
      "plateau_minus_target": -0.7239473803698164,
      "status": "ok",
      "tau_error": 1.3886754972881103
    }
  },
  "hot start": {
    "plaquette": {
      "tau": 2.3004866793609806,
      "A": -0.7290579615371723,
      "C": 0.76921880029568,
      "target": 0.7696473754399804,
      "plateau_minus_target": -0.00042857514430039156,
      "status": "ok",
      "tau_error": 0.024529411376790416
    },
    "wilson_2x2": {
      "tau": 3.855907098645771,
      "A": -0.3579473169828445,
      "C": 0.3507117731794767,
      "target": 0.3508869132135611,
      "plateau_minus_target": -0.00017514003408436452,
      "status": "ok",
      "tau_error": 0.06845468737849783
    },
    "wilson_4x4": {
      "tau": 6.337269848117831,
      "A": -0.016597158270482363,
      "C": 0.014792007159934336,
      "target": 0.015158934755528047,
      "plateau_minus_target": -0.00036692759559371103,
      "status": "ok",
      "tau_error": 2.0646373260341417
    },
    "Q^2": {
      "tau": 1.2271065118535531,
      "A": 70.81207041033207,
      "C": 14.362772670127589,
      "target": 14.252375460662318,
      "plateau_minus_target": 0.11039720946527076,
      "status": "ok",
      "tau_error": 0.1285988403047923
    }
  }
}