{
  "run_id": "A_bc0.25",
  "beta": 1.4891950556682911,
  "lattice_size": 32,
  "action_type": "wilson",
  "n_traj": 600,
  "n_chains": 32,
  "hmc": {
    "step_size": 0.1,
    "n_steps": 10,
    "acceptance": {
      "diffusion seed": 0.9925520833333333,
      "cold start": 0.9920833333333333,
      "hot start": 0.99234375
    }
  },
  "targets": {
    "plaquette": 0.5934508432951672,
    "wilson_2x2": 0.12403350181951592,
    "wilson_4x4": 0.00023667698105672545,
    "wilson_6x6": 6.947859814603193e-09,
    "Q^2": 28.522281376703877
  },
  "t_therm": {
    "diffusion seed": {
      "plaquette": 0.0,
      "wilson_2x2": 2.0,
      "wilson_4x4": 2.0,
      "wilson_6x6": 2.0,
      "Q^2": 3.0
    },
    "cold start": {
      "plaquette": 16.0,
      "wilson_2x2": 8.0,
      "wilson_4x4": 8.0,
      "wilson_6x6": 1.0,
      "Q^2": 3.0
    },
    "hot start": {
      "plaquette": 7.0,
      "wilson_2x2": 6.0,
      "wilson_4x4": 0.0,
      "wilson_6x6": 2.0,
      "Q^2": 1.0
    }
  },
  "seed_provenance": "generalization study A_bc0.25: base L=16 beta=0.25, diffusion + 16 retherm sweeps (Q-hops on)"
}