{
  "run_id": "A_bc1",
  "beta": 3.1039934028935163,
  "lattice_size": 32,
  "action_type": "wilson",
  "n_traj": 600,
  "n_chains": 32,
  "hmc": {
    "step_size": 0.1,
    "n_steps": 10,
    "acceptance": {
      "diffusion seed": 0.9899479166666667,
      "cold start": 0.9882291666666667,
      "hot start": 0.9900520833333334
    }
  },
  "targets": {
    "plaquette": 0.8173886556722197,
    "wilson_2x2": 0.44638996589653174,
    "wilson_4x4": 0.039706142354809335,
    "wilson_6x6": 0.0007037684839044752,
    "Q^2": 10.80849009529854
  },
  "t_therm": {
    "diffusion seed": {
      "plaquette": 1.0,
      "wilson_2x2": 0.0,
      "wilson_4x4": 0.0,
      "wilson_6x6": 0.0,
      "Q^2": 0.0
    },
    "cold start": {
      "plaquette": 40.0,
      "wilson_2x2": 24.0,
      "wilson_4x4": 14.0,
      "wilson_6x6": 3.0,
      "Q^2": 15.0
    },
    "hot start": {
      "plaquette": 31.0,
      "wilson_2x2": 27.0,
      "wilson_4x4": 17.0,
      "wilson_6x6": 0.0,
      "Q^2": 5.0
    }
  },
  "seed_provenance": "generalization study A_bc1: base L=16 beta=1, diffusion + 16 retherm sweeps (Q-hops on)"
}