 
======== launch Thu 08/06/2026 14:38:39.50 ======== 
[2026-08-06 14:38:39] CHAIN_START config=u1_2d/configs/v2_gpu_verify.yaml
[2026-08-06 14:38:39] STAGE_DATA_START: C:\Users\ompan\Desktop\Lattice QCD\inverse_rg_testing\.venv\Scripts\python.exe u1_2d/scripts/01_generate_data.py --config u1_2d/configs/v2_gpu_verify.yaml --device cpu
device: cpu | torch 2.11.0+cu128 | 8 threads
skip existing artifacts\gpu_verify\data\wilson_L16_beta14.1464.pt
skip existing artifacts\gpu_verify\data\wilson_L16_beta25.pt
skip existing artifacts\gpu_verify\data\wilson_L16_beta40.pt
skip existing artifacts\gpu_verify\data\wilson_L16_beta55.0237.pt
skip existing artifacts\gpu_verify\data\wilson_L16_beta1.0119.pt
skip existing artifacts\gpu_verify\data\wilson_L16_beta1.0397.pt
skip existing artifacts\gpu_verify\data\wilson_L16_beta1.0743.pt
skip existing artifacts\gpu_verify\data\wilson_L16_beta1.2464.pt
skip existing artifacts\gpu_verify\data\wilson_L16_beta1.2749.pt
skip existing artifacts\gpu_verify\data\wilson_L16_beta1.7484.pt
skip existing artifacts\gpu_verify\data\wilson_L16_beta1.8367.pt
skip existing artifacts\gpu_verify\data\wilson_L16_beta1.8781.pt
skip existing artifacts\gpu_verify\data\wilson_L16_beta2.122.pt
skip existing artifacts\gpu_verify\data\wilson_L16_beta2.1285.pt
skip existing artifacts\gpu_verify\data\wilson_L16_beta2.1757.pt
skip existing artifacts\gpu_verify\data\wilson_L16_beta2.1862.pt
skip existing artifacts\gpu_verify\data\wilson_L16_beta2.2983.pt
skip existing artifacts\gpu_verify\data\wilson_L16_beta2.3046.pt
skip existing artifacts\gpu_verify\data\wilson_L16_beta2.3454.pt
skip existing artifacts\gpu_verify\data\wilson_L16_beta2.7647.pt
skip existing artifacts\gpu_verify\data\wilson_L16_beta3.1518.pt
skip existing artifacts\gpu_verify\data\wilson_L16_beta3.1669.pt
skip existing artifacts\gpu_verify\data\wilson_L16_beta3.2922.pt
skip existing artifacts\gpu_verify\data\wilson_L16_beta3.3842.pt
skip existing artifacts\gpu_verify\data\wilson_L16_beta3.4006.pt
skip existing artifacts\gpu_verify\data\wilson_L16_beta3.6231.pt
skip existing artifacts\gpu_verify\data\wilson_L16_beta3.7225.pt
skip existing artifacts\gpu_verify\data\wilson_L16_beta4.0764.pt
skip existing artifacts\gpu_verify\data\wilson_L16_beta4.7323.pt
skip existing artifacts\gpu_verify\data\wilson_L16_beta4.7632.pt
skip existing artifacts\gpu_verify\data\wilson_L16_beta5.586.pt
skip existing artifacts\gpu_verify\data\wilson_L16_beta6.2411.pt
skip existing artifacts\gpu_verify\data\wilson_L16_beta6.4184.pt
skip existing artifacts\gpu_verify\data\wilson_L16_beta6.8771.pt
skip existing artifacts\gpu_verify\data\wilson_L16_beta8.3946.pt
skip existing artifacts\gpu_verify\data\wilson_L16_beta8.4548.pt
skip existing artifacts\gpu_verify\data\wilson_L16_beta8.7139.pt
skip existing artifacts\gpu_verify\data\wilson_L16_beta9.287.pt
skip existing artifacts\gpu_verify\data\wilson_L16_beta9.571.pt
skip existing artifacts\gpu_verify\data\wilson_L16_beta9.8499.pt
skip existing artifacts\gpu_verify\data\wilson_L16_beta10.2188.pt
skip existing artifacts\gpu_verify\data\wilson_L16_beta11.8501.pt
skip existing artifacts\gpu_verify\data\wilson_L16_beta11.8784.pt
skip existing artifacts\gpu_verify\data\wilson_L16_beta12.9259.pt
skip existing artifacts\gpu_verify\data\wilson_L16_beta14.4687.pt
skip existing artifacts\gpu_verify\data\wilson_L16_beta15.5366.pt
skip existing artifacts\gpu_verify\data\wilson_L16_beta17.502.pt
skip existing artifacts\gpu_verify\data\wilson_L16_beta17.7602.pt
skip existing artifacts\gpu_verify\data\wilson_L16_beta19.403.pt
generating artifacts\gpu_verify\data\wilson_L16_beta20.2412.pt ...
  L=16 beta=20.2412: 128 configs, acceptance 0.988, cold start, burn-in 2000, 46s
  matched coarse beta: 5.4811 (tree level 5.0603)
generating artifacts\gpu_verify\data\wilson_L16_beta21.8857.pt ...
  L=16 beta=21.8857: 128 configs, acceptance 0.997, cold start, burn-in 2000, 46s
  matched coarse beta: 5.8570 (tree level 5.47142)
generating artifacts\gpu_verify\data\wilson_L16_beta27.0442.pt ...
  L=16 beta=27.0442: 128 configs, acceptance 0.991, cold start, burn-in 2000, 48s
  matched coarse beta: 7.0826 (tree level 6.76105)
generating artifacts\gpu_verify\data\wilson_L16_beta27.3387.pt ...
  L=16 beta=27.3387: 128 configs, acceptance 0.989, cold start, burn-in 2000, 47s
  matched coarse beta: 7.0943 (tree level 6.83467)
generating artifacts\gpu_verify\data\wilson_L16_beta27.7875.pt ...
[2026-08-06 14:42:36] STAGE_DATA_FAILED rc=4294967295 (3.9 min)
[2026-08-06 14:42:36] CHAIN_FAILED (critical stage)
 
======== launch Thu 08/06/2026 14:51:21.58 ======== 
[2026-08-06 14:51:21] CHAIN_START config=u1_2d/configs/v2_gpu_verify.yaml
[2026-08-06 14:51:21] STAGE_DATA_START: 8 single-threaded shards
device: cpu | torch 2.11.0+cu128 | 1 threads
device: cpu | torch 2.11.0+cu128 | 1 threadsdevice: cpu | torch 2.11.0+cu128 | 1 threads
device: cpu | torch 2.11.0+cu128 | 1 threadsdevice: cpu | torch 2.11.0+cu128 | 1 threads
device: cpu | torch 2.11.0+cu128 | 1 threadsdevice: cpu | torch 2.11.0+cu128 | 1 threads
device: cpu | torch 2.11.0+cu128 | 1 threads



shard 5/8: 10 rungsshard 1/8: 11 rungs
shard 2/8: 11 rungs
shard 6/8: 10 rungs
shard 4/8: 10 rungs
shard 3/8: 10 rungsskip existing artifacts\gpu_verify\data\wilson_L16_beta1.0397.ptshard 7/8: 10 rungs
skip existing artifacts\gpu_verify\data\wilson_L16_beta1.0743.pt


skip existing artifacts\gpu_verify\data\wilson_L16_beta1.0119.ptshard 0/8: 11 rungs
skip existing artifacts\gpu_verify\data\wilson_L16_beta25.ptskip existing artifacts\gpu_verify\data\wilson_L16_beta40.pt


skip existing artifacts\gpu_verify\data\wilson_L16_beta2.1757.pt

skip existing artifacts\gpu_verify\data\wilson_L16_beta1.7484.ptskip existing artifacts\gpu_verify\data\wilson_L16_beta1.2464.ptskip existing artifacts\gpu_verify\data\wilson_L16_beta1.8367.pt
skip existing artifacts\gpu_verify\data\wilson_L16_beta3.2922.pt

skip existing artifacts\gpu_verify\data\wilson_L16_beta2.122.ptskip existing artifacts\gpu_verify\data\wilson_L16_beta2.1285.pt
skip existing artifacts\gpu_verify\data\wilson_L16_beta55.0237.ptskip existing artifacts\gpu_verify\data\wilson_L16_beta2.3046.ptskip existing artifacts\gpu_verify\data\wilson_L16_beta14.1464.ptskip existing artifacts\gpu_verify\data\wilson_L16_beta2.1862.ptskip existing artifacts\gpu_verify\data\wilson_L16_beta2.3454.pt



skip existing artifacts\gpu_verify\data\wilson_L16_beta3.1518.pt

skip existing artifacts\gpu_verify\data\wilson_L16_beta3.7225.ptskip existing artifacts\gpu_verify\data\wilson_L16_beta5.586.pt


skip existing artifacts\gpu_verify\data\wilson_L16_beta9.571.ptskip existing artifacts\gpu_verify\data\wilson_L16_beta1.8781.pt

skip existing artifacts\gpu_verify\data\wilson_L16_beta4.7323.ptskip existing artifacts\gpu_verify\data\wilson_L16_beta3.6231.ptskip existing artifacts\gpu_verify\data\wilson_L16_beta3.3842.ptskip existing artifacts\gpu_verify\data\wilson_L16_beta1.2749.pt

skip existing artifacts\gpu_verify\data\wilson_L16_beta8.3946.pt
skip existing artifacts\gpu_verify\data\wilson_L16_beta2.2983.ptskip existing artifacts\gpu_verify\data\wilson_L16_beta6.8771.pt
skip existing artifacts\gpu_verify\data\wilson_L16_beta3.1669.pt
skip existing artifacts\gpu_verify\data\wilson_L16_beta6.2411.pt
skip existing artifacts\gpu_verify\data\wilson_L16_beta2.7647.pt
skip existing artifacts\gpu_verify\data\wilson_L16_beta9.8499.pt



skip existing artifacts\gpu_verify\data\wilson_L16_beta8.7139.pt
skip existing artifacts\gpu_verify\data\wilson_L16_beta11.8784.pt
skip existing artifacts\gpu_verify\data\wilson_L16_beta4.7632.ptskip existing artifacts\gpu_verify\data\wilson_L16_beta11.8501.pt

skip existing artifacts\gpu_verify\data\wilson_L16_beta17.502.ptskip existing artifacts\gpu_verify\data\wilson_L16_beta14.4687.pt


skip existing artifacts\gpu_verify\data\wilson_L16_beta21.8857.pt
skip existing artifacts\gpu_verify\data\wilson_L16_beta20.2412.ptskip existing artifacts\gpu_verify\data\wilson_L16_beta9.287.pt

skip existing artifacts\gpu_verify\data\wilson_L16_beta3.4006.ptgenerating artifacts\gpu_verify\data\wilson_L16_beta30.5978.pt ...
skip existing artifacts\gpu_verify\data\wilson_L16_beta17.7602.pt

skip existing artifacts\gpu_verify\data\wilson_L16_beta27.3387.pt
generating artifacts\gpu_verify\data\wilson_L16_beta39.6475.pt ...
skip existing artifacts\gpu_verify\data\wilson_L16_beta4.0764.ptgenerating artifacts\gpu_verify\data\wilson_L16_beta38.5957.pt ...generating artifacts\gpu_verify\data\wilson_L16_beta47.4228.pt ...skip existing artifacts\gpu_verify\data\wilson_L16_beta6.4184.pt

skip existing artifacts\gpu_verify\data\wilson_L16_beta15.5366.pt


skip existing artifacts\gpu_verify\data\wilson_L16_beta10.2188.pt
generating artifacts\gpu_verify\data\wilson_L16_beta27.7875.pt ...
generating artifacts\gpu_verify\data\wilson_L16_beta33.325.pt ...skip existing artifacts\gpu_verify\data\wilson_L16_beta8.4548.pt

skip existing artifacts\gpu_verify\data\wilson_L16_beta19.403.pt
skip existing artifacts\gpu_verify\data\wilson_L16_beta12.9259.pt
skip existing artifacts\gpu_verify\data\wilson_L16_beta27.0442.pt
generating artifacts\gpu_verify\data\wilson_L16_beta34.3422.pt ...
generating artifacts\gpu_verify\data\wilson_L16_beta47.0386.pt ...
  L=16 beta=27.7875: 128 configs, acceptance 0.984, cold start, burn-in 2000, 59s
  matched coarse beta: 7.3691 (tree level 6.94688)
generating artifacts\gpu_verify\data\wilson_L16_beta54.11.pt ...
  L=16 beta=33.325: 128 configs, acceptance 0.991, cold start, burn-in 2000, 62s
  matched coarse beta: 8.8833 (tree level 8.33125)
generating artifacts\gpu_verify\data\wilson_L16_beta57.2189.pt ...
  L=16 beta=30.5978: 128 configs, acceptance 0.992, cold start, burn-in 2000, 63s
  matched coarse beta: 8.1137 (tree level 7.64945)
generating artifacts\gpu_verify\data\wilson_L16_beta56.1944.pt ...
  L=16 beta=34.3422: 128 configs, acceptance 0.988, cold start, burn-in 2000, 67s
  matched coarse beta: 9.1541 (tree level 8.58555)
generating artifacts\gpu_verify\data\wilson_L32_beta2.1926.pt ...
  L=16 beta=38.5957: 128 configs, acceptance 0.983, cold start, burn-in 2000, 70s
  matched coarse beta: 10.0599 (tree level 9.64893)
generating artifacts\gpu_verify\data\wilson_L32_beta2.4697.pt ...
  L=16 beta=39.6475: 128 configs, acceptance 0.983, cold start, burn-in 2000, 71s
  matched coarse beta: 10.3424 (tree level 9.91188)
generating artifacts\gpu_verify\data\wilson_L32_beta2.8622.pt ...
  L=32 beta=2.1926: 128 configs, acceptance 0.955, hot start, burn-in 200, 5s
  matched coarse beta: 0.5846 (tree level 0.54815)
generating artifacts\gpu_verify\data\wilson_L32_beta14.1441.pt ...
  L=16 beta=47.0386: 128 configs, acceptance 0.988, cold start, burn-in 2000, 74s
  matched coarse beta: 12.1519 (tree level 11.7597)
generating artifacts\gpu_verify\data\wilson_L32_beta4.994.pt ...
  L=16 beta=47.4228: 128 configs, acceptance 0.988, cold start, burn-in 2000, 74s
  matched coarse beta: 12.2525 (tree level 11.8557)
generating artifacts\gpu_verify\data\wilson_L32_beta8.069.pt ...
  L=32 beta=2.4697: 128 configs, acceptance 0.955, hot start, burn-in 200, 5s
  matched coarse beta: 0.7107 (tree level 0.617425)
generating artifacts\gpu_verify\data\wilson_L32_beta18.0708.pt ...
  L=32 beta=2.8622: 128 configs, acceptance 0.959, hot start, burn-in 200, 5s
  matched coarse beta: 0.8857 (tree level 0.71555)
generating artifacts\gpu_verify\data\wilson_L32_beta18.6487.pt ...
  L=32 beta=4.994: 128 configs, acceptance 0.975, hot start, burn-in 200, 6s
  matched coarse beta: 1.6732 (tree level 1.2485)
generating artifacts\gpu_verify\data\wilson_L32_beta52.6284.pt ...
  L=32 beta=8.069: 128 configs, acceptance 0.969, cold start, burn-in 600, 17s
  matched coarse beta: 2.5183 (tree level 2.01725)
generating artifacts\gpu_verify\data\wilson_L8_beta1.4347.pt ...
  L=32 beta=14.1441: 128 configs, acceptance 0.986, cold start, burn-in 600, 21s
  matched coarse beta: 4.0698 (tree level 3.53602)
generating artifacts\gpu_verify\data\wilson_L8_beta2.4006.pt ...
  L=8 beta=1.4347: 128 configs, acceptance 0.988, hot start, burn-in 200, 2s
  matched coarse beta: 0.1763 (tree level 0.358675)
wrote matching.shard4.json (3 entries)
  L=8 beta=2.4006: 128 configs, acceptance 0.992, hot start, burn-in 200, 2s
  matched coarse beta: 0.6568 (tree level 0.60015)
wrote matching.shard0.json (4 entries)
  L=32 beta=18.0708: 128 configs, acceptance 0.986, cold start, burn-in 600, 24s
  matched coarse beta: 4.9667 (tree level 4.5177)
generating artifacts\gpu_verify\data\wilson_L8_beta2.4786.pt ...
  L=32 beta=18.6487: 128 configs, acceptance 0.986, cold start, burn-in 600, 25s
  matched coarse beta: 5.1148 (tree level 4.66218)
generating artifacts\gpu_verify\data\wilson_L16_beta20.pt ...
  L=8 beta=2.4786: 128 configs, acceptance 0.998, hot start, burn-in 200, 2s
  matched coarse beta: 0.7275 (tree level 0.61965)
wrote matching.shard1.json (4 entries)
  L=16 beta=54.11: 128 configs, acceptance 0.997, cold start, burn-in 2000, 73s
  matched coarse beta: 13.3863 (tree level 13.5275)
generating artifacts\gpu_verify\data\wilson_L32_beta11.2015.pt ...
  L=16 beta=56.1944: 128 configs, acceptance 0.995, cold start, burn-in 2000, 76s
  matched coarse beta: 14.1863 (tree level 14.0486)
generating artifacts\gpu_verify\data\wilson_L32_beta12.3504.pt ...
  L=16 beta=57.2189: 128 configs, acceptance 0.995, cold start, burn-in 2000, 77s
  matched coarse beta: 14.3863 (tree level 14.3047)
generating artifacts\gpu_verify\data\wilson_L32_beta12.688.pt ...
  L=16 beta=20.0: 128 configs, acceptance 0.995, cold start, burn-in 2000, 44s
  matched coarse beta: 5.4039 (tree level 5)
wrote matching.shard2.json (4 entries)
  L=32 beta=11.2015: 128 configs, acceptance 0.981, cold start, burn-in 600, 17s
  matched coarse beta: 3.2925 (tree level 2.80037)
generating artifacts\gpu_verify\data\wilson_L8_beta1.4977.pt ...
  L=8 beta=1.4977: 128 configs, acceptance 0.991, hot start, burn-in 200, 2s
  matched coarse beta: 0.2265 (tree level 0.374425)
wrote matching.shard5.json (4 entries)
  L=32 beta=12.3504: 128 configs, acceptance 0.988, cold start, burn-in 600, 19s
  matched coarse beta: 3.5475 (tree level 3.0876)
generating artifacts\gpu_verify\data\wilson_L8_beta1.7872.pt ...
  L=32 beta=12.688: 128 configs, acceptance 0.984, cold start, burn-in 600, 19s
  matched coarse beta: 3.6324 (tree level 3.172)
generating artifacts\gpu_verify\data\wilson_L8_beta1.9783.pt ...
  L=8 beta=1.7872: 128 configs, acceptance 0.988, hot start, burn-in 200, 2s
  matched coarse beta: 0.3649 (tree level 0.4468)
wrote matching.shard6.json (4 entries)
  L=8 beta=1.9783: 128 configs, acceptance 0.991, hot start, burn-in 200, 2s
  matched coarse beta: 0.3905 (tree level 0.494575)
wrote matching.shard7.json (4 entries)
  L=32 beta=52.6284: 128 configs, acceptance 0.975, cold start, burn-in 2000, 105s
  matched coarse beta: 13.8491 (tree level 13.1571)
wrote matching.shard3.json (3 entries)
device: cpu | torch 2.11.0+cu128 | 1 threads
skip existing artifacts\gpu_verify\data\wilson_L16_beta14.1464.pt
skip existing artifacts\gpu_verify\data\wilson_L16_beta25.pt
skip existing artifacts\gpu_verify\data\wilson_L16_beta40.pt
skip existing artifacts\gpu_verify\data\wilson_L16_beta55.0237.pt
skip existing artifacts\gpu_verify\data\wilson_L16_beta1.0119.pt
skip existing artifacts\gpu_verify\data\wilson_L16_beta1.0397.pt
skip existing artifacts\gpu_verify\data\wilson_L16_beta1.0743.pt
skip existing artifacts\gpu_verify\data\wilson_L16_beta1.2464.pt
skip existing artifacts\gpu_verify\data\wilson_L16_beta1.2749.pt
skip existing artifacts\gpu_verify\data\wilson_L16_beta1.7484.pt
skip existing artifacts\gpu_verify\data\wilson_L16_beta1.8367.pt
skip existing artifacts\gpu_verify\data\wilson_L16_beta1.8781.pt
skip existing artifacts\gpu_verify\data\wilson_L16_beta2.122.pt
skip existing artifacts\gpu_verify\data\wilson_L16_beta2.1285.pt
skip existing artifacts\gpu_verify\data\wilson_L16_beta2.1757.pt
skip existing artifacts\gpu_verify\data\wilson_L16_beta2.1862.pt
skip existing artifacts\gpu_verify\data\wilson_L16_beta2.2983.pt
skip existing artifacts\gpu_verify\data\wilson_L16_beta2.3046.pt
skip existing artifacts\gpu_verify\data\wilson_L16_beta2.3454.pt
skip existing artifacts\gpu_verify\data\wilson_L16_beta2.7647.pt
skip existing artifacts\gpu_verify\data\wilson_L16_beta3.1518.pt
skip existing artifacts\gpu_verify\data\wilson_L16_beta3.1669.pt
skip existing artifacts\gpu_verify\data\wilson_L16_beta3.2922.pt
skip existing artifacts\gpu_verify\data\wilson_L16_beta3.3842.pt
skip existing artifacts\gpu_verify\data\wilson_L16_beta3.4006.pt
skip existing artifacts\gpu_verify\data\wilson_L16_beta3.6231.pt
skip existing artifacts\gpu_verify\data\wilson_L16_beta3.7225.pt
skip existing artifacts\gpu_verify\data\wilson_L16_beta4.0764.pt
skip existing artifacts\gpu_verify\data\wilson_L16_beta4.7323.pt
skip existing artifacts\gpu_verify\data\wilson_L16_beta4.7632.pt
skip existing artifacts\gpu_verify\data\wilson_L16_beta5.586.pt
skip existing artifacts\gpu_verify\data\wilson_L16_beta6.2411.pt
skip existing artifacts\gpu_verify\data\wilson_L16_beta6.4184.pt
skip existing artifacts\gpu_verify\data\wilson_L16_beta6.8771.pt
skip existing artifacts\gpu_verify\data\wilson_L16_beta8.3946.pt
skip existing artifacts\gpu_verify\data\wilson_L16_beta8.4548.pt
skip existing artifacts\gpu_verify\data\wilson_L16_beta8.7139.pt
skip existing artifacts\gpu_verify\data\wilson_L16_beta9.287.pt
skip existing artifacts\gpu_verify\data\wilson_L16_beta9.571.pt
skip existing artifacts\gpu_verify\data\wilson_L16_beta9.8499.pt
skip existing artifacts\gpu_verify\data\wilson_L16_beta10.2188.pt
skip existing artifacts\gpu_verify\data\wilson_L16_beta11.8501.pt
skip existing artifacts\gpu_verify\data\wilson_L16_beta11.8784.pt
skip existing artifacts\gpu_verify\data\wilson_L16_beta12.9259.pt
skip existing artifacts\gpu_verify\data\wilson_L16_beta14.4687.pt
skip existing artifacts\gpu_verify\data\wilson_L16_beta15.5366.pt
skip existing artifacts\gpu_verify\data\wilson_L16_beta17.502.pt
skip existing artifacts\gpu_verify\data\wilson_L16_beta17.7602.pt
skip existing artifacts\gpu_verify\data\wilson_L16_beta19.403.pt
skip existing artifacts\gpu_verify\data\wilson_L16_beta20.2412.pt
skip existing artifacts\gpu_verify\data\wilson_L16_beta21.8857.pt
skip existing artifacts\gpu_verify\data\wilson_L16_beta27.0442.pt
skip existing artifacts\gpu_verify\data\wilson_L16_beta27.3387.pt
skip existing artifacts\gpu_verify\data\wilson_L16_beta27.7875.pt
skip existing artifacts\gpu_verify\data\wilson_L16_beta30.5978.pt
skip existing artifacts\gpu_verify\data\wilson_L16_beta33.325.pt
skip existing artifacts\gpu_verify\data\wilson_L16_beta34.3422.pt
skip existing artifacts\gpu_verify\data\wilson_L16_beta38.5957.pt
skip existing artifacts\gpu_verify\data\wilson_L16_beta39.6475.pt
skip existing artifacts\gpu_verify\data\wilson_L16_beta47.0386.pt
skip existing artifacts\gpu_verify\data\wilson_L16_beta47.4228.pt
skip existing artifacts\gpu_verify\data\wilson_L16_beta54.11.pt
skip existing artifacts\gpu_verify\data\wilson_L16_beta56.1944.pt
skip existing artifacts\gpu_verify\data\wilson_L16_beta57.2189.pt
skip existing artifacts\gpu_verify\data\wilson_L32_beta2.1926.pt
skip existing artifacts\gpu_verify\data\wilson_L32_beta2.4697.pt
skip existing artifacts\gpu_verify\data\wilson_L32_beta2.8622.pt
skip existing artifacts\gpu_verify\data\wilson_L32_beta4.994.pt
skip existing artifacts\gpu_verify\data\wilson_L32_beta8.069.pt
skip existing artifacts\gpu_verify\data\wilson_L32_beta11.2015.pt
skip existing artifacts\gpu_verify\data\wilson_L32_beta12.3504.pt
skip existing artifacts\gpu_verify\data\wilson_L32_beta12.688.pt
skip existing artifacts\gpu_verify\data\wilson_L32_beta14.1441.pt
skip existing artifacts\gpu_verify\data\wilson_L32_beta18.0708.pt
skip existing artifacts\gpu_verify\data\wilson_L32_beta18.6487.pt
skip existing artifacts\gpu_verify\data\wilson_L32_beta52.6284.pt
skip existing artifacts\gpu_verify\data\wilson_L8_beta1.4347.pt
skip existing artifacts\gpu_verify\data\wilson_L8_beta1.4977.pt
skip existing artifacts\gpu_verify\data\wilson_L8_beta1.7872.pt
skip existing artifacts\gpu_verify\data\wilson_L8_beta1.9783.pt
skip existing artifacts\gpu_verify\data\wilson_L8_beta2.4006.pt
skip existing artifacts\gpu_verify\data\wilson_L8_beta2.4786.pt
skip existing artifacts\gpu_verify\data\wilson_L16_beta20.pt
merged matching.shard0.json
merged matching.shard1.json
merged matching.shard2.json
merged matching.shard3.json
merged matching.shard4.json
merged matching.shard5.json
merged matching.shard6.json
merged matching.shard7.json
wrote artifacts\gpu_verify\data\matching.json (30 entries, 30 new)
[2026-08-06 14:54:37] STAGE_DATA_DONE (3.2 min)
[2026-08-06 14:54:37] STAGE_TRAIN_START: C:\Users\ompan\Desktop\Lattice QCD\inverse_rg_testing\.venv\Scripts\python.exe u1_2d/scripts/02_train.py --config u1_2d/configs/v2_gpu_verify.yaml --device cuda --resume
device: cuda | NVIDIA GeForce RTX 5060 Laptop GPU | sm_120 | 8.0 GiB | torch 2.11.0+cu128/cu12.8 | tf32 off
rung L16_beta14.1464: 605 train / 67 val configs
rung L16_beta25: 605 train / 67 val configs
rung L16_beta40: 605 train / 67 val configs
rung L16_beta55.0237: 605 train / 67 val configs
rung L16_beta1.0119: 116 train / 12 val configs
rung L16_beta1.0397: 116 train / 12 val configs
rung L16_beta1.0743: 116 train / 12 val configs
rung L16_beta1.2464: 116 train / 12 val configs
rung L16_beta1.2749: 116 train / 12 val configs
rung L16_beta1.7484: 116 train / 12 val configs
rung L16_beta1.8367: 116 train / 12 val configs
rung L16_beta1.8781: 116 train / 12 val configs
rung L16_beta2.122: 116 train / 12 val configs
rung L16_beta2.1285: 116 train / 12 val configs
rung L16_beta2.1757: 116 train / 12 val configs
rung L16_beta2.1862: 116 train / 12 val configs
rung L16_beta2.2983: 116 train / 12 val configs
rung L16_beta2.3046: 116 train / 12 val configs
rung L16_beta2.3454: 116 train / 12 val configs
rung L16_beta2.7647: 116 train / 12 val configs
rung L16_beta3.1518: 116 train / 12 val configs
rung L16_beta3.1669: 116 train / 12 val configs
rung L16_beta3.2922: 116 train / 12 val configs
rung L16_beta3.3842: 116 train / 12 val configs
rung L16_beta3.4006: 116 train / 12 val configs
rung L16_beta3.6231: 116 train / 12 val configs
rung L16_beta3.7225: 116 train / 12 val configs
rung L16_beta4.0764: 116 train / 12 val configs
rung L16_beta4.7323: 116 train / 12 val configs
rung L16_beta4.7632: 116 train / 12 val configs
rung L16_beta5.586: 116 train / 12 val configs
rung L16_beta6.2411: 116 train / 12 val configs
rung L16_beta6.4184: 116 train / 12 val configs
rung L16_beta6.8771: 116 train / 12 val configs
rung L16_beta8.3946: 116 train / 12 val configs
rung L16_beta8.4548: 116 train / 12 val configs
rung L16_beta8.7139: 116 train / 12 val configs
rung L16_beta9.287: 116 train / 12 val configs
rung L16_beta9.571: 116 train / 12 val configs
rung L16_beta9.8499: 116 train / 12 val configs
rung L16_beta10.2188: 116 train / 12 val configs
rung L16_beta11.8501: 116 train / 12 val configs
rung L16_beta11.8784: 116 train / 12 val configs
rung L16_beta12.9259: 116 train / 12 val configs
rung L16_beta14.4687: 116 train / 12 val configs
rung L16_beta15.5366: 116 train / 12 val configs
rung L16_beta17.502: 116 train / 12 val configs
rung L16_beta17.7602: 116 train / 12 val configs
rung L16_beta19.403: 116 train / 12 val configs
rung L16_beta20.2412: 116 train / 12 val configs
rung L16_beta21.8857: 116 train / 12 val configs
rung L16_beta27.0442: 116 train / 12 val configs
rung L16_beta27.3387: 116 train / 12 val configs
rung L16_beta27.7875: 116 train / 12 val configs
rung L16_beta30.5978: 116 train / 12 val configs
rung L16_beta33.325: 116 train / 12 val configs
rung L16_beta34.3422: 116 train / 12 val configs
rung L16_beta38.5957: 116 train / 12 val configs
rung L16_beta39.6475: 116 train / 12 val configs
rung L16_beta47.0386: 116 train / 12 val configs
rung L16_beta47.4228: 116 train / 12 val configs
rung L16_beta54.11: 116 train / 12 val configs
rung L16_beta56.1944: 116 train / 12 val configs
rung L16_beta57.2189: 116 train / 12 val configs
rung L32_beta2.1926: 116 train / 12 val configs
rung L32_beta2.4697: 116 train / 12 val configs
rung L32_beta2.8622: 116 train / 12 val configs
rung L32_beta4.994: 116 train / 12 val configs
rung L32_beta8.069: 116 train / 12 val configs
rung L32_beta11.2015: 116 train / 12 val configs
rung L32_beta12.3504: 116 train / 12 val configs
rung L32_beta12.688: 116 train / 12 val configs
rung L32_beta14.1441: 116 train / 12 val configs
rung L32_beta18.0708: 116 train / 12 val configs
rung L32_beta18.6487: 116 train / 12 val configs
rung L32_beta52.6284: 116 train / 12 val configs
rung L8_beta1.4347: 116 train / 12 val configs
rung L8_beta1.4977: 116 train / 12 val configs
rung L8_beta1.7872: 116 train / 12 val configs
rung L8_beta1.9783: 116 train / 12 val configs
rung L8_beta2.4006: 116 train / 12 val configs
rung L8_beta2.4786: 116 train / 12 val configs
epoch   0  train=0.7442  val_L16_beta14.1464=0.6771 val_L16_beta25=0.6709 val_L16_beta40=0.6650 val_L16_beta55.0237=0.6489 val_L16_beta1.0119=0.7577 val_L16_beta1.0397=0.8436 val_L16_beta1.0743=0.6931 val_L16_beta1.2464=0.7195 val_L16_beta1.2749=0.6598 val_L16_beta1.7484=0.5386 val_L16_beta1.8367=0.8699 val_L16_beta1.8781=0.7163 val_L16_beta2.122=0.5749 val_L16_beta2.1285=0.8061 val_L16_beta2.1757=0.7607 val_L16_beta2.1862=0.6695 val_L16_beta2.2983=0.6796 val_L16_beta2.3046=0.8198 val_L16_beta2.3454=0.7685 val_L16_beta2.7647=0.8301 val_L16_beta3.1518=0.7454 val_L16_beta3.1669=0.9290 val_L16_beta3.2922=0.5474 val_L16_beta3.3842=0.7727 val_L16_beta3.4006=0.7136 val_L16_beta3.6231=0.8640 val_L16_beta3.7225=0.8482 val_L16_beta4.0764=0.7858 val_L16_beta4.7323=0.8099 val_L16_beta4.7632=0.6977 val_L16_beta5.586=0.7330 val_L16_beta6.2411=0.5792 val_L16_beta6.4184=0.6065 val_L16_beta6.8771=0.4741 val_L16_beta8.3946=0.6614 val_L16_beta8.4548=0.7238 val_L16_beta8.7139=0.7306 val_L16_beta9.287=0.8801 val_L16_beta9.571=0.5858 val_L16_beta9.8499=0.6087 val_L16_beta10.2188=0.6747 val_L16_beta11.8501=0.7343 val_L16_beta11.8784=0.6913 val_L16_beta12.9259=0.6125 val_L16_beta14.4687=0.7970 val_L16_beta15.5366=0.5680 val_L16_beta17.502=0.5803 val_L16_beta17.7602=0.8193 val_L16_beta19.403=0.7103 val_L16_beta20.2412=0.8040 val_L16_beta21.8857=0.6447 val_L16_beta27.0442=0.7174 val_L16_beta27.3387=0.7729 val_L16_beta27.7875=0.7434 val_L16_beta30.5978=0.7454 val_L16_beta33.325=0.6382 val_L16_beta34.3422=0.6497 val_L16_beta38.5957=0.5683 val_L16_beta39.6475=0.6016 val_L16_beta47.0386=0.6370 val_L16_beta47.4228=0.7275 val_L16_beta54.11=0.4761 val_L16_beta56.1944=0.6129 val_L16_beta57.2189=0.5511 val_L32_beta2.1926=1.1091 val_L32_beta2.4697=1.2025 val_L32_beta2.8622=0.8315 val_L32_beta4.994=0.7703 val_L32_beta8.069=0.7230 val_L32_beta11.2015=0.8663 val_L32_beta12.3504=0.9992 val_L32_beta12.688=0.8362 val_L32_beta14.1441=0.7779 val_L32_beta18.0708=0.5165 val_L32_beta18.6487=0.5386 val_L32_beta52.6284=0.7102 val_L8_beta1.4347=0.5805 val_L8_beta1.4977=0.8121 val_L8_beta1.7872=0.6774 val_L8_beta1.9783=0.6853 val_L8_beta2.4006=0.7454 val_L8_beta2.4786=0.8306 val_total=58.9572
epoch   1  train=0.7096  val_L16_beta14.1464=0.6017 val_L16_beta25=0.5957 val_L16_beta40=0.5942 val_L16_beta55.0237=0.5618 val_L16_beta1.0119=0.7427 val_L16_beta1.0397=0.8421 val_L16_beta1.0743=0.6870 val_L16_beta1.2464=0.7038 val_L16_beta1.2749=0.6487 val_L16_beta1.7484=0.5200 val_L16_beta1.8367=0.8486 val_L16_beta1.8781=0.7159 val_L16_beta2.122=0.5589 val_L16_beta2.1285=0.7887 val_L16_beta2.1757=0.7088 val_L16_beta2.1862=0.6375 val_L16_beta2.2983=0.6496 val_L16_beta2.3046=0.7964 val_L16_beta2.3454=0.7350 val_L16_beta2.7647=0.8081 val_L16_beta3.1518=0.7164 val_L16_beta3.1669=0.8397 val_L16_beta3.2922=0.5111 val_L16_beta3.3842=0.7256 val_L16_beta3.4006=0.6541 val_L16_beta3.6231=0.8213 val_L16_beta3.7225=0.7835 val_L16_beta4.0764=0.7462 val_L16_beta4.7323=0.7619 val_L16_beta4.7632=0.6440 val_L16_beta5.586=0.6879 val_L16_beta6.2411=0.5315 val_L16_beta6.4184=0.5558 val_L16_beta6.8771=0.4395 val_L16_beta8.3946=0.5832 val_L16_beta8.4548=0.6459 val_L16_beta8.7139=0.6788 val_L16_beta9.287=0.7952 val_L16_beta9.571=0.5327 val_L16_beta9.8499=0.5654 val_L16_beta10.2188=0.6350 val_L16_beta11.8501=0.6801 val_L16_beta11.8784=0.6083 val_L16_beta12.9259=0.5680 val_L16_beta14.4687=0.7049 val_L16_beta15.5366=0.5121 val_L16_beta17.502=0.5345 val_L16_beta17.7602=0.7596 val_L16_beta19.403=0.6267 val_L16_beta20.2412=0.7397 val_L16_beta21.8857=0.5949 val_L16_beta27.0442=0.6629 val_L16_beta27.3387=0.6919 val_L16_beta27.7875=0.6712 val_L16_beta30.5978=0.6757 val_L16_beta33.325=0.5793 val_L16_beta34.3422=0.5798 val_L16_beta38.5957=0.4947 val_L16_beta39.6475=0.5288 val_L16_beta47.0386=0.5771 val_L16_beta47.4228=0.6252 val_L16_beta54.11=0.4179 val_L16_beta56.1944=0.5543 val_L16_beta57.2189=0.4910 val_L32_beta2.1926=1.0451 val_L32_beta2.4697=1.2516 val_L32_beta2.8622=0.7901 val_L32_beta4.994=0.6662 val_L32_beta8.069=0.6219 val_L32_beta11.2015=0.7895 val_L32_beta12.3504=0.8431 val_L32_beta12.688=0.8000 val_L32_beta14.1441=0.6914 val_L32_beta18.0708=0.4372 val_L32_beta18.6487=0.4358 val_L32_beta52.6284=0.6315 val_L8_beta1.4347=0.5777 val_L8_beta1.4977=0.8032 val_L8_beta1.7872=0.6688 val_L8_beta1.9783=0.6754 val_L8_beta2.4006=0.7270 val_L8_beta2.4786=0.8115 val_total=54.7456
epoch   2  train=0.6975  val_L16_beta14.1464=0.5803 val_L16_beta25=0.5725 val_L16_beta40=0.5709 val_L16_beta55.0237=0.5378 val_L16_beta1.0119=0.7376 val_L16_beta1.0397=0.8419 val_L16_beta1.0743=0.6807 val_L16_beta1.2464=0.7012 val_L16_beta1.2749=0.6432 val_L16_beta1.7484=0.5147 val_L16_beta1.8367=0.8438 val_L16_beta1.8781=0.7059 val_L16_beta2.122=0.5509 val_L16_beta2.1285=0.7875 val_L16_beta2.1757=0.6864 val_L16_beta2.1862=0.6267 val_L16_beta2.2983=0.6359 val_L16_beta2.3046=0.7920 val_L16_beta2.3454=0.7215 val_L16_beta2.7647=0.7917 val_L16_beta3.1518=0.7050 val_L16_beta3.1669=0.8021 val_L16_beta3.2922=0.4989 val_L16_beta3.3842=0.7034 val_L16_beta3.4006=0.6250 val_L16_beta3.6231=0.7994 val_L16_beta3.7225=0.7615 val_L16_beta4.0764=0.7289 val_L16_beta4.7323=0.7399 val_L16_beta4.7632=0.6240 val_L16_beta5.586=0.6776 val_L16_beta6.2411=0.5198 val_L16_beta6.4184=0.5398 val_L16_beta6.8771=0.4262 val_L16_beta8.3946=0.5513 val_L16_beta8.4548=0.6128 val_L16_beta8.7139=0.6635 val_L16_beta9.287=0.7702 val_L16_beta9.571=0.5150 val_L16_beta9.8499=0.5499 val_L16_beta10.2188=0.6210 val_L16_beta11.8501=0.6668 val_L16_beta11.8784=0.5872 val_L16_beta12.9259=0.5536 val_L16_beta14.4687=0.6731 val_L16_beta15.5366=0.4954 val_L16_beta17.502=0.5202 val_L16_beta17.7602=0.7440 val_L16_beta19.403=0.5952 val_L16_beta20.2412=0.7232 val_L16_beta21.8857=0.5830 val_L16_beta27.0442=0.6447 val_L16_beta27.3387=0.6615 val_L16_beta27.7875=0.6500 val_L16_beta30.5978=0.6553 val_L16_beta33.325=0.5529 val_L16_beta34.3422=0.5599 val_L16_beta38.5957=0.4702 val_L16_beta39.6475=0.5062 val_L16_beta47.0386=0.5543 val_L16_beta47.4228=0.5957 val_L16_beta54.11=0.3986 val_L16_beta56.1944=0.5350 val_L16_beta57.2189=0.4704 val_L32_beta2.1926=1.0587 val_L32_beta2.4697=1.2106 val_L32_beta2.8622=0.7613 val_L32_beta4.994=0.6366 val_L32_beta8.069=0.5974 val_L32_beta11.2015=0.7580 val_L32_beta12.3504=0.7661 val_L32_beta12.688=0.8006 val_L32_beta14.1441=0.6510 val_L32_beta18.0708=0.4069 val_L32_beta18.6487=0.4220 val_L32_beta52.6284=0.5967 val_L8_beta1.4347=0.5769 val_L8_beta1.4977=0.8015 val_L8_beta1.7872=0.6671 val_L8_beta1.9783=0.6733 val_L8_beta2.4006=0.7202 val_L8_beta2.4786=0.8036 val_total=53.2632
epoch   3  train=0.6774  val_L16_beta14.1464=0.5687 val_L16_beta25=0.5586 val_L16_beta40=0.5585 val_L16_beta55.0237=0.5279 val_L16_beta1.0119=0.7351 val_L16_beta1.0397=0.8419 val_L16_beta1.0743=0.6762 val_L16_beta1.2464=0.6987 val_L16_beta1.2749=0.6419 val_L16_beta1.7484=0.5115 val_L16_beta1.8367=0.8460 val_L16_beta1.8781=0.6957 val_L16_beta2.122=0.5446 val_L16_beta2.1285=0.7810 val_L16_beta2.1757=0.6659 val_L16_beta2.1862=0.6171 val_L16_beta2.2983=0.6294 val_L16_beta2.3046=0.7884 val_L16_beta2.3454=0.7055 val_L16_beta2.7647=0.7748 val_L16_beta3.1518=0.6947 val_L16_beta3.1669=0.7803 val_L16_beta3.2922=0.4889 val_L16_beta3.3842=0.6848 val_L16_beta3.4006=0.6057 val_L16_beta3.6231=0.7863 val_L16_beta3.7225=0.7481 val_L16_beta4.0764=0.7151 val_L16_beta4.7323=0.7255 val_L16_beta4.7632=0.6115 val_L16_beta5.586=0.6727 val_L16_beta6.2411=0.5108 val_L16_beta6.4184=0.5293 val_L16_beta6.8771=0.4170 val_L16_beta8.3946=0.5352 val_L16_beta8.4548=0.5889 val_L16_beta8.7139=0.6490 val_L16_beta9.287=0.7556 val_L16_beta9.571=0.5076 val_L16_beta9.8499=0.5398 val_L16_beta10.2188=0.6128 val_L16_beta11.8501=0.6580 val_L16_beta11.8784=0.5779 val_L16_beta12.9259=0.5409 val_L16_beta14.4687=0.6552 val_L16_beta15.5366=0.4852 val_L16_beta17.502=0.5113 val_L16_beta17.7602=0.7332 val_L16_beta19.403=0.5751 val_L16_beta20.2412=0.7107 val_L16_beta21.8857=0.5738 val_L16_beta27.0442=0.6298 val_L16_beta27.3387=0.6425 val_L16_beta27.7875=0.6350 val_L16_beta30.5978=0.6395 val_L16_beta33.325=0.5405 val_L16_beta34.3422=0.5502 val_L16_beta38.5957=0.4572 val_L16_beta39.6475=0.4958 val_L16_beta47.0386=0.5399 val_L16_beta47.4228=0.5838 val_L16_beta54.11=0.3891 val_L16_beta56.1944=0.5250 val_L16_beta57.2189=0.4589 val_L32_beta2.1926=1.0512 val_L32_beta2.4697=1.1563 val_L32_beta2.8622=0.7504 val_L32_beta4.994=0.6221 val_L32_beta8.069=0.5829 val_L32_beta11.2015=0.7354 val_L32_beta12.3504=0.7282 val_L32_beta12.688=0.8019 val_L32_beta14.1441=0.6217 val_L32_beta18.0708=0.3881 val_L32_beta18.6487=0.4094 val_L32_beta52.6284=0.5816 val_L8_beta1.4347=0.5801 val_L8_beta1.4977=0.7979 val_L8_beta1.7872=0.6629 val_L8_beta1.9783=0.6686 val_L8_beta2.4006=0.7150 val_L8_beta2.4786=0.7930 val_total=52.2824
epoch   4  train=0.6649  val_L16_beta14.1464=0.5564 val_L16_beta25=0.5452 val_L16_beta40=0.5491 val_L16_beta55.0237=0.5196 val_L16_beta1.0119=0.7335 val_L16_beta1.0397=0.8373 val_L16_beta1.0743=0.6727 val_L16_beta1.2464=0.6914 val_L16_beta1.2749=0.6350 val_L16_beta1.7484=0.5089 val_L16_beta1.8367=0.8378 val_L16_beta1.8781=0.6826 val_L16_beta2.122=0.5362 val_L16_beta2.1285=0.7712 val_L16_beta2.1757=0.6454 val_L16_beta2.1862=0.6036 val_L16_beta2.2983=0.6175 val_L16_beta2.3046=0.7757 val_L16_beta2.3454=0.6828 val_L16_beta2.7647=0.7558 val_L16_beta3.1518=0.6770 val_L16_beta3.1669=0.7619 val_L16_beta3.2922=0.4750 val_L16_beta3.3842=0.6663 val_L16_beta3.4006=0.5878 val_L16_beta3.6231=0.7657 val_L16_beta3.7225=0.7323 val_L16_beta4.0764=0.6913 val_L16_beta4.7323=0.7117 val_L16_beta4.7632=0.6009 val_L16_beta5.586=0.6538 val_L16_beta6.2411=0.4958 val_L16_beta6.4184=0.5212 val_L16_beta6.8771=0.4019 val_L16_beta8.3946=0.5269 val_L16_beta8.4548=0.5697 val_L16_beta8.7139=0.6309 val_L16_beta9.287=0.7397 val_L16_beta9.571=0.5003 val_L16_beta9.8499=0.5198 val_L16_beta10.2188=0.5985 val_L16_beta11.8501=0.6431 val_L16_beta11.8784=0.5695 val_L16_beta12.9259=0.5212 val_L16_beta14.4687=0.6408 val_L16_beta15.5366=0.4744 val_L16_beta17.502=0.5011 val_L16_beta17.7602=0.7201 val_L16_beta19.403=0.5606 val_L16_beta20.2412=0.6886 val_L16_beta21.8857=0.5607 val_L16_beta27.0442=0.6085 val_L16_beta27.3387=0.6248 val_L16_beta27.7875=0.6198 val_L16_beta30.5978=0.6252 val_L16_beta33.325=0.5331 val_L16_beta34.3422=0.5427 val_L16_beta38.5957=0.4493 val_L16_beta39.6475=0.4903 val_L16_beta47.0386=0.5240 val_L16_beta47.4228=0.5762 val_L16_beta54.11=0.3810 val_L16_beta56.1944=0.5201 val_L16_beta57.2189=0.4516 val_L32_beta2.1926=1.0008 val_L32_beta2.4697=1.0963 val_L32_beta2.8622=0.7301 val_L32_beta4.994=0.5965 val_L32_beta8.069=0.5696 val_L32_beta11.2015=0.7095 val_L32_beta12.3504=0.7311 val_L32_beta12.688=0.7828 val_L32_beta14.1441=0.5987 val_L32_beta18.0708=0.3762 val_L32_beta18.6487=0.3988 val_L32_beta52.6284=0.5617 val_L8_beta1.4347=0.5806 val_L8_beta1.4977=0.7841 val_L8_beta1.7872=0.6554 val_L8_beta1.9783=0.6596 val_L8_beta2.4006=0.7003 val_L8_beta2.4786=0.7716 val_total=51.1167
epoch   5  train=0.6609  val_L16_beta14.1464=0.5502 val_L16_beta25=0.5390 val_L16_beta40=0.5440 val_L16_beta55.0237=0.5150 val_L16_beta1.0119=0.7280 val_L16_beta1.0397=0.8254 val_L16_beta1.0743=0.6670 val_L16_beta1.2464=0.6857 val_L16_beta1.2749=0.6272 val_L16_beta1.7484=0.5039 val_L16_beta1.8367=0.8236 val_L16_beta1.8781=0.6674 val_L16_beta2.122=0.5255 val_L16_beta2.1285=0.7642 val_L16_beta2.1757=0.6230 val_L16_beta2.1862=0.5913 val_L16_beta2.2983=0.6059 val_L16_beta2.3046=0.7654 val_L16_beta2.3454=0.6658 val_L16_beta2.7647=0.7398 val_L16_beta3.1518=0.6654 val_L16_beta3.1669=0.7476 val_L16_beta3.2922=0.4662 val_L16_beta3.3842=0.6548 val_L16_beta3.4006=0.5806 val_L16_beta3.6231=0.7534 val_L16_beta3.7225=0.7218 val_L16_beta4.0764=0.6775 val_L16_beta4.7323=0.7038 val_L16_beta4.7632=0.5949 val_L16_beta5.586=0.6462 val_L16_beta6.2411=0.4874 val_L16_beta6.4184=0.5184 val_L16_beta6.8771=0.3966 val_L16_beta8.3946=0.5227 val_L16_beta8.4548=0.5610 val_L16_beta8.7139=0.6250 val_L16_beta9.287=0.7323 val_L16_beta9.571=0.4960 val_L16_beta9.8499=0.5101 val_L16_beta10.2188=0.5928 val_L16_beta11.8501=0.6358 val_L16_beta11.8784=0.5650 val_L16_beta12.9259=0.5145 val_L16_beta14.4687=0.6343 val_L16_beta15.5366=0.4695 val_L16_beta17.502=0.4960 val_L16_beta17.7602=0.7142 val_L16_beta19.403=0.5547 val_L16_beta20.2412=0.6772 val_L16_beta21.8857=0.5548 val_L16_beta27.0442=0.6007 val_L16_beta27.3387=0.6180 val_L16_beta27.7875=0.6120 val_L16_beta30.5978=0.6167 val_L16_beta33.325=0.5259 val_L16_beta34.3422=0.5383 val_L16_beta38.5957=0.4445 val_L16_beta39.6475=0.4864 val_L16_beta47.0386=0.5177 val_L16_beta47.4228=0.5720 val_L16_beta54.11=0.3766 val_L16_beta56.1944=0.5160 val_L16_beta57.2189=0.4474 val_L32_beta2.1926=0.9688 val_L32_beta2.4697=1.0987 val_L32_beta2.8622=0.7147 val_L32_beta4.994=0.5797 val_L32_beta8.069=0.5646 val_L32_beta11.2015=0.6981 val_L32_beta12.3504=0.7163 val_L32_beta12.688=0.7722 val_L32_beta14.1441=0.5879 val_L32_beta18.0708=0.3668 val_L32_beta18.6487=0.3929 val_L32_beta52.6284=0.5575 val_L8_beta1.4347=0.5735 val_L8_beta1.4977=0.7710 val_L8_beta1.7872=0.6444 val_L8_beta1.9783=0.6519 val_L8_beta2.4006=0.6880 val_L8_beta2.4786=0.7565 val_total=50.4035
epoch   6  train=0.6572  val_L16_beta14.1464=0.5471 val_L16_beta25=0.5374 val_L16_beta40=0.5420 val_L16_beta55.0237=0.5130 val_L16_beta1.0119=0.7227 val_L16_beta1.0397=0.8122 val_L16_beta1.0743=0.6618 val_L16_beta1.2464=0.6818 val_L16_beta1.2749=0.6235 val_L16_beta1.7484=0.5041 val_L16_beta1.8367=0.8194 val_L16_beta1.8781=0.6565 val_L16_beta2.122=0.5173 val_L16_beta2.1285=0.7670 val_L16_beta2.1757=0.6056 val_L16_beta2.1862=0.5859 val_L16_beta2.2983=0.6001 val_L16_beta2.3046=0.7626 val_L16_beta2.3454=0.6606 val_L16_beta2.7647=0.7301 val_L16_beta3.1518=0.6588 val_L16_beta3.1669=0.7401 val_L16_beta3.2922=0.4617 val_L16_beta3.3842=0.6492 val_L16_beta3.4006=0.5797 val_L16_beta3.6231=0.7503 val_L16_beta3.7225=0.7178 val_L16_beta4.0764=0.6734 val_L16_beta4.7323=0.6997 val_L16_beta4.7632=0.5932 val_L16_beta5.586=0.6417 val_L16_beta6.2411=0.4831 val_L16_beta6.4184=0.5184 val_L16_beta6.8771=0.3950 val_L16_beta8.3946=0.5191 val_L16_beta8.4548=0.5558 val_L16_beta8.7139=0.6216 val_L16_beta9.287=0.7304 val_L16_beta9.571=0.4962 val_L16_beta9.8499=0.5069 val_L16_beta10.2188=0.5902 val_L16_beta11.8501=0.6336 val_L16_beta11.8784=0.5635 val_L16_beta12.9259=0.5115 val_L16_beta14.4687=0.6308 val_L16_beta15.5366=0.4672 val_L16_beta17.502=0.4938 val_L16_beta17.7602=0.7107 val_L16_beta19.403=0.5535 val_L16_beta20.2412=0.6735 val_L16_beta21.8857=0.5530 val_L16_beta27.0442=0.5992 val_L16_beta27.3387=0.6126 val_L16_beta27.7875=0.6083 val_L16_beta30.5978=0.6145 val_L16_beta33.325=0.5230 val_L16_beta34.3422=0.5362 val_L16_beta38.5957=0.4458 val_L16_beta39.6475=0.4850 val_L16_beta47.0386=0.5116 val_L16_beta47.4228=0.5703 val_L16_beta54.11=0.3756 val_L16_beta56.1944=0.5154 val_L16_beta57.2189=0.4478 val_L32_beta2.1926=0.9375 val_L32_beta2.4697=1.1119 val_L32_beta2.8622=0.7070 val_L32_beta4.994=0.5718 val_L32_beta8.069=0.5617 val_L32_beta11.2015=0.6956 val_L32_beta12.3504=0.7214 val_L32_beta12.688=0.7554 val_L32_beta14.1441=0.5858 val_L32_beta18.0708=0.3597 val_L32_beta18.6487=0.3898 val_L32_beta52.6284=0.5599 val_L8_beta1.4347=0.5669 val_L8_beta1.4977=0.7619 val_L8_beta1.7872=0.6398 val_L8_beta1.9783=0.6483 val_L8_beta2.4006=0.6828 val_L8_beta2.4786=0.7495 val_total=50.0761
epoch   7  train=0.6607  val_L16_beta14.1464=0.5456 val_L16_beta25=0.5357 val_L16_beta40=0.5408 val_L16_beta55.0237=0.5113 val_L16_beta1.0119=0.7178 val_L16_beta1.0397=0.8053 val_L16_beta1.0743=0.6578 val_L16_beta1.2464=0.6797 val_L16_beta1.2749=0.6224 val_L16_beta1.7484=0.5046 val_L16_beta1.8367=0.8165 val_L16_beta1.8781=0.6522 val_L16_beta2.122=0.5125 val_L16_beta2.1285=0.7675 val_L16_beta2.1757=0.5979 val_L16_beta2.1862=0.5815 val_L16_beta2.2983=0.5944 val_L16_beta2.3046=0.7564 val_L16_beta2.3454=0.6563 val_L16_beta2.7647=0.7273 val_L16_beta3.1518=0.6558 val_L16_beta3.1669=0.7370 val_L16_beta3.2922=0.4593 val_L16_beta3.3842=0.6486 val_L16_beta3.4006=0.5780 val_L16_beta3.6231=0.7471 val_L16_beta3.7225=0.7135 val_L16_beta4.0764=0.6724 val_L16_beta4.7323=0.6988 val_L16_beta4.7632=0.5920 val_L16_beta5.586=0.6384 val_L16_beta6.2411=0.4794 val_L16_beta6.4184=0.5174 val_L16_beta6.8771=0.3936 val_L16_beta8.3946=0.5166 val_L16_beta8.4548=0.5544 val_L16_beta8.7139=0.6203 val_L16_beta9.287=0.7291 val_L16_beta9.571=0.4985 val_L16_beta9.8499=0.5050 val_L16_beta10.2188=0.5898 val_L16_beta11.8501=0.6325 val_L16_beta11.8784=0.5613 val_L16_beta12.9259=0.5101 val_L16_beta14.4687=0.6277 val_L16_beta15.5366=0.4664 val_L16_beta17.502=0.4937 val_L16_beta17.7602=0.7099 val_L16_beta19.403=0.5529 val_L16_beta20.2412=0.6719 val_L16_beta21.8857=0.5527 val_L16_beta27.0442=0.5981 val_L16_beta27.3387=0.6091 val_L16_beta27.7875=0.6062 val_L16_beta30.5978=0.6142 val_L16_beta33.325=0.5211 val_L16_beta34.3422=0.5343 val_L16_beta38.5957=0.4438 val_L16_beta39.6475=0.4845 val_L16_beta47.0386=0.5089 val_L16_beta47.4228=0.5693 val_L16_beta54.11=0.3742 val_L16_beta56.1944=0.5133 val_L16_beta57.2189=0.4457 val_L32_beta2.1926=0.9105 val_L32_beta2.4697=1.0884 val_L32_beta2.8622=0.7070 val_L32_beta4.994=0.5715 val_L32_beta8.069=0.5642 val_L32_beta11.2015=0.6909 val_L32_beta12.3504=0.7256 val_L32_beta12.688=0.7571 val_L32_beta14.1441=0.5831 val_L32_beta18.0708=0.3561 val_L32_beta18.6487=0.3877 val_L32_beta52.6284=0.5534 val_L8_beta1.4347=0.5604 val_L8_beta1.4977=0.7566 val_L8_beta1.7872=0.6382 val_L8_beta1.9783=0.6438 val_L8_beta2.4006=0.6796 val_L8_beta2.4786=0.7469 val_total=49.8511
epoch   8  train=0.6543  val_L16_beta14.1464=0.5446 val_L16_beta25=0.5348 val_L16_beta40=0.5395 val_L16_beta55.0237=0.5103 val_L16_beta1.0119=0.7160 val_L16_beta1.0397=0.8012 val_L16_beta1.0743=0.6558 val_L16_beta1.2464=0.6782 val_L16_beta1.2749=0.6217 val_L16_beta1.7484=0.5007 val_L16_beta1.8367=0.8118 val_L16_beta1.8781=0.6499 val_L16_beta2.122=0.5094 val_L16_beta2.1285=0.7670 val_L16_beta2.1757=0.5968 val_L16_beta2.1862=0.5793 val_L16_beta2.2983=0.5916 val_L16_beta2.3046=0.7596 val_L16_beta2.3454=0.6539 val_L16_beta2.7647=0.7258 val_L16_beta3.1518=0.6546 val_L16_beta3.1669=0.7363 val_L16_beta3.2922=0.4579 val_L16_beta3.3842=0.6470 val_L16_beta3.4006=0.5775 val_L16_beta3.6231=0.7459 val_L16_beta3.7225=0.7116 val_L16_beta4.0764=0.6693 val_L16_beta4.7323=0.6984 val_L16_beta4.7632=0.5887 val_L16_beta5.586=0.6388 val_L16_beta6.2411=0.4784 val_L16_beta6.4184=0.5173 val_L16_beta6.8771=0.3929 val_L16_beta8.3946=0.5183 val_L16_beta8.4548=0.5531 val_L16_beta8.7139=0.6198 val_L16_beta9.287=0.7274 val_L16_beta9.571=0.4964 val_L16_beta9.8499=0.5033 val_L16_beta10.2188=0.5883 val_L16_beta11.8501=0.6313 val_L16_beta11.8784=0.5599 val_L16_beta12.9259=0.5096 val_L16_beta14.4687=0.6248 val_L16_beta15.5366=0.4647 val_L16_beta17.502=0.4932 val_L16_beta17.7602=0.7098 val_L16_beta19.403=0.5506 val_L16_beta20.2412=0.6712 val_L16_beta21.8857=0.5521 val_L16_beta27.0442=0.5974 val_L16_beta27.3387=0.6070 val_L16_beta27.7875=0.6042 val_L16_beta30.5978=0.6136 val_L16_beta33.325=0.5205 val_L16_beta34.3422=0.5325 val_L16_beta38.5957=0.4432 val_L16_beta39.6475=0.4830 val_L16_beta47.0386=0.5073 val_L16_beta47.4228=0.5683 val_L16_beta54.11=0.3731 val_L16_beta56.1944=0.5111 val_L16_beta57.2189=0.4456 val_L32_beta2.1926=0.9014 val_L32_beta2.4697=1.0685 val_L32_beta2.8622=0.7073 val_L32_beta4.994=0.5691 val_L32_beta8.069=0.5615 val_L32_beta11.2015=0.6870 val_L32_beta12.3504=0.7276 val_L32_beta12.688=0.7588 val_L32_beta14.1441=0.5832 val_L32_beta18.0708=0.3554 val_L32_beta18.6487=0.3863 val_L32_beta52.6284=0.5399 val_L8_beta1.4347=0.5546 val_L8_beta1.4977=0.7511 val_L8_beta1.7872=0.6364 val_L8_beta1.9783=0.6405 val_L8_beta2.4006=0.6759 val_L8_beta2.4786=0.7448 val_total=49.6922
epoch   9  train=0.6542  val_L16_beta14.1464=0.5443 val_L16_beta25=0.5340 val_L16_beta40=0.5396 val_L16_beta55.0237=0.5094 val_L16_beta1.0119=0.7160 val_L16_beta1.0397=0.7982 val_L16_beta1.0743=0.6539 val_L16_beta1.2464=0.6742 val_L16_beta1.2749=0.6182 val_L16_beta1.7484=0.4985 val_L16_beta1.8367=0.8129 val_L16_beta1.8781=0.6461 val_L16_beta2.122=0.5081 val_L16_beta2.1285=0.7651 val_L16_beta2.1757=0.5958 val_L16_beta2.1862=0.5757 val_L16_beta2.2983=0.5919 val_L16_beta2.3046=0.7567 val_L16_beta2.3454=0.6513 val_L16_beta2.7647=0.7236 val_L16_beta3.1518=0.6538 val_L16_beta3.1669=0.7349 val_L16_beta3.2922=0.4567 val_L16_beta3.3842=0.6460 val_L16_beta3.4006=0.5754 val_L16_beta3.6231=0.7435 val_L16_beta3.7225=0.7083 val_L16_beta4.0764=0.6682 val_L16_beta4.7323=0.6986 val_L16_beta4.7632=0.5870 val_L16_beta5.586=0.6374 val_L16_beta6.2411=0.4759 val_L16_beta6.4184=0.5169 val_L16_beta6.8771=0.3924 val_L16_beta8.3946=0.5190 val_L16_beta8.4548=0.5523 val_L16_beta8.7139=0.6192 val_L16_beta9.287=0.7263 val_L16_beta9.571=0.4939 val_L16_beta9.8499=0.5018 val_L16_beta10.2188=0.5865 val_L16_beta11.8501=0.6302 val_L16_beta11.8784=0.5590 val_L16_beta12.9259=0.5096 val_L16_beta14.4687=0.6236 val_L16_beta15.5366=0.4646 val_L16_beta17.502=0.4928 val_L16_beta17.7602=0.7087 val_L16_beta19.403=0.5492 val_L16_beta20.2412=0.6708 val_L16_beta21.8857=0.5519 val_L16_beta27.0442=0.5972 val_L16_beta27.3387=0.6062 val_L16_beta27.7875=0.6043 val_L16_beta30.5978=0.6110 val_L16_beta33.325=0.5169 val_L16_beta34.3422=0.5302 val_L16_beta38.5957=0.4412 val_L16_beta39.6475=0.4824 val_L16_beta47.0386=0.5070 val_L16_beta47.4228=0.5676 val_L16_beta54.11=0.3722 val_L16_beta56.1944=0.5113 val_L16_beta57.2189=0.4442 val_L32_beta2.1926=0.8967 val_L32_beta2.4697=1.0477 val_L32_beta2.8622=0.6984 val_L32_beta4.994=0.5667 val_L32_beta8.069=0.5547 val_L32_beta11.2015=0.6839 val_L32_beta12.3504=0.7171 val_L32_beta12.688=0.7575 val_L32_beta14.1441=0.5828 val_L32_beta18.0708=0.3569 val_L32_beta18.6487=0.3855 val_L32_beta52.6284=0.5393 val_L8_beta1.4347=0.5534 val_L8_beta1.4977=0.7466 val_L8_beta1.7872=0.6334 val_L8_beta1.9783=0.6395 val_L8_beta2.4006=0.6729 val_L8_beta2.4786=0.7438 val_total=49.5361
epoch  10  train=0.6530  val_L16_beta14.1464=0.5439 val_L16_beta25=0.5325 val_L16_beta40=0.5396 val_L16_beta55.0237=0.5094 val_L16_beta1.0119=0.7169 val_L16_beta1.0397=0.7984 val_L16_beta1.0743=0.6526 val_L16_beta1.2464=0.6751 val_L16_beta1.2749=0.6192 val_L16_beta1.7484=0.4940 val_L16_beta1.8367=0.8077 val_L16_beta1.8781=0.6430 val_L16_beta2.122=0.5066 val_L16_beta2.1285=0.7614 val_L16_beta2.1757=0.5978 val_L16_beta2.1862=0.5756 val_L16_beta2.2983=0.5919 val_L16_beta2.3046=0.7497 val_L16_beta2.3454=0.6507 val_L16_beta2.7647=0.7230 val_L16_beta3.1518=0.6533 val_L16_beta3.1669=0.7363 val_L16_beta3.2922=0.4553 val_L16_beta3.3842=0.6461 val_L16_beta3.4006=0.5744 val_L16_beta3.6231=0.7419 val_L16_beta3.7225=0.7068 val_L16_beta4.0764=0.6679 val_L16_beta4.7323=0.6979 val_L16_beta4.7632=0.5858 val_L16_beta5.586=0.6343 val_L16_beta6.2411=0.4738 val_L16_beta6.4184=0.5152 val_L16_beta6.8771=0.3919 val_L16_beta8.3946=0.5192 val_L16_beta8.4548=0.5503 val_L16_beta8.7139=0.6187 val_L16_beta9.287=0.7259 val_L16_beta9.571=0.4934 val_L16_beta9.8499=0.5002 val_L16_beta10.2188=0.5856 val_L16_beta11.8501=0.6303 val_L16_beta11.8784=0.5587 val_L16_beta12.9259=0.5096 val_L16_beta14.4687=0.6227 val_L16_beta15.5366=0.4637 val_L16_beta17.502=0.4926 val_L16_beta17.7602=0.7080 val_L16_beta19.403=0.5482 val_L16_beta20.2412=0.6705 val_L16_beta21.8857=0.5514 val_L16_beta27.0442=0.5969 val_L16_beta27.3387=0.6050 val_L16_beta27.7875=0.6040 val_L16_beta30.5978=0.6106 val_L16_beta33.325=0.5161 val_L16_beta34.3422=0.5310 val_L16_beta38.5957=0.4402 val_L16_beta39.6475=0.4826 val_L16_beta47.0386=0.5067 val_L16_beta47.4228=0.5671 val_L16_beta54.11=0.3717 val_L16_beta56.1944=0.5119 val_L16_beta57.2189=0.4453 val_L32_beta2.1926=0.8978 val_L32_beta2.4697=1.0666 val_L32_beta2.8622=0.6902 val_L32_beta4.994=0.5572 val_L32_beta8.069=0.5560 val_L32_beta11.2015=0.6815 val_L32_beta12.3504=0.7104 val_L32_beta12.688=0.7685 val_L32_beta14.1441=0.5833 val_L32_beta18.0708=0.3562 val_L32_beta18.6487=0.3859 val_L32_beta52.6284=0.5389 val_L8_beta1.4347=0.5520 val_L8_beta1.4977=0.7422 val_L8_beta1.7872=0.6313 val_L8_beta1.9783=0.6389 val_L8_beta2.4006=0.6712 val_L8_beta2.4786=0.7409 val_total=49.4771
epoch  11  train=0.6469  val_L16_beta14.1464=0.5430 val_L16_beta25=0.5316 val_L16_beta40=0.5383 val_L16_beta55.0237=0.5086 val_L16_beta1.0119=0.7154 val_L16_beta1.0397=0.7964 val_L16_beta1.0743=0.6506 val_L16_beta1.2464=0.6716 val_L16_beta1.2749=0.6223 val_L16_beta1.7484=0.4927 val_L16_beta1.8367=0.8052 val_L16_beta1.8781=0.6397 val_L16_beta2.122=0.5050 val_L16_beta2.1285=0.7608 val_L16_beta2.1757=0.5952 val_L16_beta2.1862=0.5753 val_L16_beta2.2983=0.5897 val_L16_beta2.3046=0.7544 val_L16_beta2.3454=0.6490 val_L16_beta2.7647=0.7216 val_L16_beta3.1518=0.6527 val_L16_beta3.1669=0.7345 val_L16_beta3.2922=0.4547 val_L16_beta3.3842=0.6442 val_L16_beta3.4006=0.5727 val_L16_beta3.6231=0.7409 val_L16_beta3.7225=0.7059 val_L16_beta4.0764=0.6680 val_L16_beta4.7323=0.6975 val_L16_beta4.7632=0.5848 val_L16_beta5.586=0.6313 val_L16_beta6.2411=0.4715 val_L16_beta6.4184=0.5128 val_L16_beta6.8771=0.3926 val_L16_beta8.3946=0.5195 val_L16_beta8.4548=0.5498 val_L16_beta8.7139=0.6184 val_L16_beta9.287=0.7251 val_L16_beta9.571=0.4926 val_L16_beta9.8499=0.4993 val_L16_beta10.2188=0.5851 val_L16_beta11.8501=0.6297 val_L16_beta11.8784=0.5576 val_L16_beta12.9259=0.5094 val_L16_beta14.4687=0.6212 val_L16_beta15.5366=0.4634 val_L16_beta17.502=0.4913 val_L16_beta17.7602=0.7068 val_L16_beta19.403=0.5461 val_L16_beta20.2412=0.6702 val_L16_beta21.8857=0.5510 val_L16_beta27.0442=0.5964 val_L16_beta27.3387=0.6031 val_L16_beta27.7875=0.6029 val_L16_beta30.5978=0.6096 val_L16_beta33.325=0.5145 val_L16_beta34.3422=0.5308 val_L16_beta38.5957=0.4397 val_L16_beta39.6475=0.4825 val_L16_beta47.0386=0.5067 val_L16_beta47.4228=0.5662 val_L16_beta54.11=0.3712 val_L16_beta56.1944=0.5112 val_L16_beta57.2189=0.4427 val_L32_beta2.1926=0.8936 val_L32_beta2.4697=1.0741 val_L32_beta2.8622=0.6856 val_L32_beta4.994=0.5533 val_L32_beta8.069=0.5579 val_L32_beta11.2015=0.6793 val_L32_beta12.3504=0.6932 val_L32_beta12.688=0.7722 val_L32_beta14.1441=0.5835 val_L32_beta18.0708=0.3558 val_L32_beta18.6487=0.3911 val_L32_beta52.6284=0.5385 val_L8_beta1.4347=0.5496 val_L8_beta1.4977=0.7412 val_L8_beta1.7872=0.6304 val_L8_beta1.9783=0.6384 val_L8_beta2.4006=0.6687 val_L8_beta2.4786=0.7383 val_total=49.3892
epoch  12  train=0.6440  val_L16_beta14.1464=0.5426 val_L16_beta25=0.5311 val_L16_beta40=0.5378 val_L16_beta55.0237=0.5079 val_L16_beta1.0119=0.7152 val_L16_beta1.0397=0.7932 val_L16_beta1.0743=0.6485 val_L16_beta1.2464=0.6686 val_L16_beta1.2749=0.6189 val_L16_beta1.7484=0.4930 val_L16_beta1.8367=0.8032 val_L16_beta1.8781=0.6389 val_L16_beta2.122=0.5065 val_L16_beta2.1285=0.7559 val_L16_beta2.1757=0.5932 val_L16_beta2.1862=0.5754 val_L16_beta2.2983=0.5895 val_L16_beta2.3046=0.7516 val_L16_beta2.3454=0.6486 val_L16_beta2.7647=0.7228 val_L16_beta3.1518=0.6508 val_L16_beta3.1669=0.7341 val_L16_beta3.2922=0.4540 val_L16_beta3.3842=0.6431 val_L16_beta3.4006=0.5711 val_L16_beta3.6231=0.7401 val_L16_beta3.7225=0.7043 val_L16_beta4.0764=0.6680 val_L16_beta4.7323=0.6968 val_L16_beta4.7632=0.5833 val_L16_beta5.586=0.6314 val_L16_beta6.2411=0.4713 val_L16_beta6.4184=0.5105 val_L16_beta6.8771=0.3926 val_L16_beta8.3946=0.5175 val_L16_beta8.4548=0.5499 val_L16_beta8.7139=0.6177 val_L16_beta9.287=0.7244 val_L16_beta9.571=0.4917 val_L16_beta9.8499=0.4984 val_L16_beta10.2188=0.5842 val_L16_beta11.8501=0.6292 val_L16_beta11.8784=0.5571 val_L16_beta12.9259=0.5107 val_L16_beta14.4687=0.6198 val_L16_beta15.5366=0.4629 val_L16_beta17.502=0.4908 val_L16_beta17.7602=0.7063 val_L16_beta19.403=0.5447 val_L16_beta20.2412=0.6704 val_L16_beta21.8857=0.5506 val_L16_beta27.0442=0.5965 val_L16_beta27.3387=0.6034 val_L16_beta27.7875=0.6026 val_L16_beta30.5978=0.6090 val_L16_beta33.325=0.5134 val_L16_beta34.3422=0.5287 val_L16_beta38.5957=0.4397 val_L16_beta39.6475=0.4820 val_L16_beta47.0386=0.5028 val_L16_beta47.4228=0.5658 val_L16_beta54.11=0.3710 val_L16_beta56.1944=0.5107 val_L16_beta57.2189=0.4423 val_L32_beta2.1926=0.9018 val_L32_beta2.4697=1.0798 val_L32_beta2.8622=0.6869 val_L32_beta4.994=0.5535 val_L32_beta8.069=0.5599 val_L32_beta11.2015=0.6779 val_L32_beta12.3504=0.6977 val_L32_beta12.688=0.7699 val_L32_beta14.1441=0.5847 val_L32_beta18.0708=0.3533 val_L32_beta18.6487=0.3950 val_L32_beta52.6284=0.5371 val_L8_beta1.4347=0.5475 val_L8_beta1.4977=0.7415 val_L8_beta1.7872=0.6295 val_L8_beta1.9783=0.6355 val_L8_beta2.4006=0.6671 val_L8_beta2.4786=0.7371 val_total=49.3436
epoch  13  train=0.6517  val_L16_beta14.1464=0.5422 val_L16_beta25=0.5304 val_L16_beta40=0.5366 val_L16_beta55.0237=0.5074 val_L16_beta1.0119=0.7139 val_L16_beta1.0397=0.7918 val_L16_beta1.0743=0.6477 val_L16_beta1.2464=0.6657 val_L16_beta1.2749=0.6163 val_L16_beta1.7484=0.4963 val_L16_beta1.8367=0.8027 val_L16_beta1.8781=0.6383 val_L16_beta2.122=0.5079 val_L16_beta2.1285=0.7570 val_L16_beta2.1757=0.5944 val_L16_beta2.1862=0.5736 val_L16_beta2.2983=0.5895 val_L16_beta2.3046=0.7483 val_L16_beta2.3454=0.6470 val_L16_beta2.7647=0.7216 val_L16_beta3.1518=0.6492 val_L16_beta3.1669=0.7357 val_L16_beta3.2922=0.4535 val_L16_beta3.3842=0.6425 val_L16_beta3.4006=0.5692 val_L16_beta3.6231=0.7394 val_L16_beta3.7225=0.7025 val_L16_beta4.0764=0.6680 val_L16_beta4.7323=0.6981 val_L16_beta4.7632=0.5832 val_L16_beta5.586=0.6292 val_L16_beta6.2411=0.4703 val_L16_beta6.4184=0.5098 val_L16_beta6.8771=0.3923 val_L16_beta8.3946=0.5205 val_L16_beta8.4548=0.5497 val_L16_beta8.7139=0.6175 val_L16_beta9.287=0.7238 val_L16_beta9.571=0.4922 val_L16_beta9.8499=0.4981 val_L16_beta10.2188=0.5857 val_L16_beta11.8501=0.6291 val_L16_beta11.8784=0.5570 val_L16_beta12.9259=0.5112 val_L16_beta14.4687=0.6194 val_L16_beta15.5366=0.4631 val_L16_beta17.502=0.4909 val_L16_beta17.7602=0.7058 val_L16_beta19.403=0.5440 val_L16_beta20.2412=0.6701 val_L16_beta21.8857=0.5504 val_L16_beta27.0442=0.5961 val_L16_beta27.3387=0.6022 val_L16_beta27.7875=0.6023 val_L16_beta30.5978=0.6084 val_L16_beta33.325=0.5127 val_L16_beta34.3422=0.5260 val_L16_beta38.5957=0.4394 val_L16_beta39.6475=0.4809 val_L16_beta47.0386=0.5000 val_L16_beta47.4228=0.5654 val_L16_beta54.11=0.3707 val_L16_beta56.1944=0.5108 val_L16_beta57.2189=0.4429 val_L32_beta2.1926=0.8923 val_L32_beta2.4697=1.0427 val_L32_beta2.8622=0.6887 val_L32_beta4.994=0.5520 val_L32_beta8.069=0.5716 val_L32_beta11.2015=0.6784 val_L32_beta12.3504=0.7075 val_L32_beta12.688=0.7698 val_L32_beta14.1441=0.5849 val_L32_beta18.0708=0.3531 val_L32_beta18.6487=0.3902 val_L32_beta52.6284=0.5394 val_L8_beta1.4347=0.5446 val_L8_beta1.4977=0.7400 val_L8_beta1.7872=0.6293 val_L8_beta1.9783=0.6357 val_L8_beta2.4006=0.6673 val_L8_beta2.4786=0.7368 val_total=49.2816
epoch  14  train=0.6420  val_L16_beta14.1464=0.5426 val_L16_beta25=0.5307 val_L16_beta40=0.5367 val_L16_beta55.0237=0.5075 val_L16_beta1.0119=0.7127 val_L16_beta1.0397=0.7914 val_L16_beta1.0743=0.6462 val_L16_beta1.2464=0.6625 val_L16_beta1.2749=0.6147 val_L16_beta1.7484=0.4959 val_L16_beta1.8367=0.8002 val_L16_beta1.8781=0.6368 val_L16_beta2.122=0.5089 val_L16_beta2.1285=0.7561 val_L16_beta2.1757=0.5926 val_L16_beta2.1862=0.5728 val_L16_beta2.2983=0.5895 val_L16_beta2.3046=0.7426 val_L16_beta2.3454=0.6461 val_L16_beta2.7647=0.7196 val_L16_beta3.1518=0.6490 val_L16_beta3.1669=0.7386 val_L16_beta3.2922=0.4532 val_L16_beta3.3842=0.6430 val_L16_beta3.4006=0.5696 val_L16_beta3.6231=0.7378 val_L16_beta3.7225=0.7017 val_L16_beta4.0764=0.6669 val_L16_beta4.7323=0.6980 val_L16_beta4.7632=0.5829 val_L16_beta5.586=0.6293 val_L16_beta6.2411=0.4704 val_L16_beta6.4184=0.5083 val_L16_beta6.8771=0.3923 val_L16_beta8.3946=0.5205 val_L16_beta8.4548=0.5499 val_L16_beta8.7139=0.6178 val_L16_beta9.287=0.7240 val_L16_beta9.571=0.4929 val_L16_beta9.8499=0.4978 val_L16_beta10.2188=0.5854 val_L16_beta11.8501=0.6287 val_L16_beta11.8784=0.5572 val_L16_beta12.9259=0.5109 val_L16_beta14.4687=0.6185 val_L16_beta15.5366=0.4633 val_L16_beta17.502=0.4906 val_L16_beta17.7602=0.7053 val_L16_beta19.403=0.5443 val_L16_beta20.2412=0.6699 val_L16_beta21.8857=0.5504 val_L16_beta27.0442=0.5960 val_L16_beta27.3387=0.6011 val_L16_beta27.7875=0.6023 val_L16_beta30.5978=0.6092 val_L16_beta33.325=0.5124 val_L16_beta34.3422=0.5250 val_L16_beta38.5957=0.4396 val_L16_beta39.6475=0.4813 val_L16_beta47.0386=0.4981 val_L16_beta47.4228=0.5654 val_L16_beta54.11=0.3707 val_L16_beta56.1944=0.5130 val_L16_beta57.2189=0.4435 val_L32_beta2.1926=0.8907 val_L32_beta2.4697=1.0399 val_L32_beta2.8622=0.6876 val_L32_beta4.994=0.5527 val_L32_beta8.069=0.5811 val_L32_beta11.2015=0.6786 val_L32_beta12.3504=0.7106 val_L32_beta12.688=0.7649 val_L32_beta14.1441=0.5865 val_L32_beta18.0708=0.3534 val_L32_beta18.6487=0.3884 val_L32_beta52.6284=0.5411 val_L8_beta1.4347=0.5416 val_L8_beta1.4977=0.7376 val_L8_beta1.7872=0.6296 val_L8_beta1.9783=0.6332 val_L8_beta2.4006=0.6666 val_L8_beta2.4786=0.7361 val_total=49.2528
epoch  15  train=0.6426  val_L16_beta14.1464=0.5425 val_L16_beta25=0.5300 val_L16_beta40=0.5372 val_L16_beta55.0237=0.5077 val_L16_beta1.0119=0.7097 val_L16_beta1.0397=0.7917 val_L16_beta1.0743=0.6445 val_L16_beta1.2464=0.6614 val_L16_beta1.2749=0.6123 val_L16_beta1.7484=0.4958 val_L16_beta1.8367=0.8008 val_L16_beta1.8781=0.6347 val_L16_beta2.122=0.5088 val_L16_beta2.1285=0.7550 val_L16_beta2.1757=0.5903 val_L16_beta2.1862=0.5717 val_L16_beta2.2983=0.5895 val_L16_beta2.3046=0.7416 val_L16_beta2.3454=0.6444 val_L16_beta2.7647=0.7189 val_L16_beta3.1518=0.6491 val_L16_beta3.1669=0.7372 val_L16_beta3.2922=0.4527 val_L16_beta3.3842=0.6419 val_L16_beta3.4006=0.5682 val_L16_beta3.6231=0.7363 val_L16_beta3.7225=0.7008 val_L16_beta4.0764=0.6659 val_L16_beta4.7323=0.6960 val_L16_beta4.7632=0.5820 val_L16_beta5.586=0.6299 val_L16_beta6.2411=0.4696 val_L16_beta6.4184=0.5069 val_L16_beta6.8771=0.3920 val_L16_beta8.3946=0.5158 val_L16_beta8.4548=0.5503 val_L16_beta8.7139=0.6175 val_L16_beta9.287=0.7242 val_L16_beta9.571=0.4904 val_L16_beta9.8499=0.4977 val_L16_beta10.2188=0.5853 val_L16_beta11.8501=0.6278 val_L16_beta11.8784=0.5565 val_L16_beta12.9259=0.5097 val_L16_beta14.4687=0.6183 val_L16_beta15.5366=0.4635 val_L16_beta17.502=0.4902 val_L16_beta17.7602=0.7050 val_L16_beta19.403=0.5447 val_L16_beta20.2412=0.6696 val_L16_beta21.8857=0.5503 val_L16_beta27.0442=0.5961 val_L16_beta27.3387=0.6005 val_L16_beta27.7875=0.6022 val_L16_beta30.5978=0.6090 val_L16_beta33.325=0.5108 val_L16_beta34.3422=0.5259 val_L16_beta38.5957=0.4396 val_L16_beta39.6475=0.4815 val_L16_beta47.0386=0.4990 val_L16_beta47.4228=0.5651 val_L16_beta54.11=0.3705 val_L16_beta56.1944=0.5130 val_L16_beta57.2189=0.4426 val_L32_beta2.1926=0.8944 val_L32_beta2.4697=1.0493 val_L32_beta2.8622=0.6827 val_L32_beta4.994=0.5477 val_L32_beta8.069=0.5798 val_L32_beta11.2015=0.6801 val_L32_beta12.3504=0.6954 val_L32_beta12.688=0.7694 val_L32_beta14.1441=0.5831 val_L32_beta18.0708=0.3526 val_L32_beta18.6487=0.3894 val_L32_beta52.6284=0.5409 val_L8_beta1.4347=0.5421 val_L8_beta1.4977=0.7378 val_L8_beta1.7872=0.6300 val_L8_beta1.9783=0.6309 val_L8_beta2.4006=0.6665 val_L8_beta2.4786=0.7368 val_total=49.1983
epoch  16  train=0.6457  val_L16_beta14.1464=0.5418 val_L16_beta25=0.5285 val_L16_beta40=0.5369 val_L16_beta55.0237=0.5068 val_L16_beta1.0119=0.7108 val_L16_beta1.0397=0.7899 val_L16_beta1.0743=0.6441 val_L16_beta1.2464=0.6610 val_L16_beta1.2749=0.6157 val_L16_beta1.7484=0.4971 val_L16_beta1.8367=0.8008 val_L16_beta1.8781=0.6340 val_L16_beta2.122=0.5088 val_L16_beta2.1285=0.7567 val_L16_beta2.1757=0.5898 val_L16_beta2.1862=0.5710 val_L16_beta2.2983=0.5879 val_L16_beta2.3046=0.7409 val_L16_beta2.3454=0.6448 val_L16_beta2.7647=0.7204 val_L16_beta3.1518=0.6486 val_L16_beta3.1669=0.7384 val_L16_beta3.2922=0.4522 val_L16_beta3.3842=0.6416 val_L16_beta3.4006=0.5675 val_L16_beta3.6231=0.7360 val_L16_beta3.7225=0.6993 val_L16_beta4.0764=0.6652 val_L16_beta4.7323=0.6946 val_L16_beta4.7632=0.5807 val_L16_beta5.586=0.6282 val_L16_beta6.2411=0.4701 val_L16_beta6.4184=0.5065 val_L16_beta6.8771=0.3919 val_L16_beta8.3946=0.5129 val_L16_beta8.4548=0.5507 val_L16_beta8.7139=0.6162 val_L16_beta9.287=0.7241 val_L16_beta9.571=0.4881 val_L16_beta9.8499=0.4973 val_L16_beta10.2188=0.5855 val_L16_beta11.8501=0.6274 val_L16_beta11.8784=0.5559 val_L16_beta12.9259=0.5077 val_L16_beta14.4687=0.6181 val_L16_beta15.5366=0.4623 val_L16_beta17.502=0.4900 val_L16_beta17.7602=0.7050 val_L16_beta19.403=0.5431 val_L16_beta20.2412=0.6694 val_L16_beta21.8857=0.5502 val_L16_beta27.0442=0.5957 val_L16_beta27.3387=0.6002 val_L16_beta27.7875=0.6023 val_L16_beta30.5978=0.6082 val_L16_beta33.325=0.5112 val_L16_beta34.3422=0.5273 val_L16_beta38.5957=0.4390 val_L16_beta39.6475=0.4814 val_L16_beta47.0386=0.4982 val_L16_beta47.4228=0.5648 val_L16_beta54.11=0.3705 val_L16_beta56.1944=0.5122 val_L16_beta57.2189=0.4398 val_L32_beta2.1926=0.8838 val_L32_beta2.4697=1.0376 val_L32_beta2.8622=0.6831 val_L32_beta4.994=0.5493 val_L32_beta8.069=0.5707 val_L32_beta11.2015=0.6775 val_L32_beta12.3504=0.6791 val_L32_beta12.688=0.7820 val_L32_beta14.1441=0.5830 val_L32_beta18.0708=0.3504 val_L32_beta18.6487=0.3921 val_L32_beta52.6284=0.5428 val_L8_beta1.4347=0.5397 val_L8_beta1.4977=0.7376 val_L8_beta1.7872=0.6290 val_L8_beta1.9783=0.6281 val_L8_beta2.4006=0.6646 val_L8_beta2.4786=0.7365 val_total=49.1296
epoch  17  train=0.6446  val_L16_beta14.1464=0.5412 val_L16_beta25=0.5286 val_L16_beta40=0.5365 val_L16_beta55.0237=0.5067 val_L16_beta1.0119=0.7102 val_L16_beta1.0397=0.7885 val_L16_beta1.0743=0.6446 val_L16_beta1.2464=0.6583 val_L16_beta1.2749=0.6156 val_L16_beta1.7484=0.4932 val_L16_beta1.8367=0.7993 val_L16_beta1.8781=0.6314 val_L16_beta2.122=0.5077 val_L16_beta2.1285=0.7594 val_L16_beta2.1757=0.5861 val_L16_beta2.1862=0.5687 val_L16_beta2.2983=0.5859 val_L16_beta2.3046=0.7356 val_L16_beta2.3454=0.6429 val_L16_beta2.7647=0.7224 val_L16_beta3.1518=0.6486 val_L16_beta3.1669=0.7396 val_L16_beta3.2922=0.4521 val_L16_beta3.3842=0.6406 val_L16_beta3.4006=0.5663 val_L16_beta3.6231=0.7351 val_L16_beta3.7225=0.6990 val_L16_beta4.0764=0.6643 val_L16_beta4.7323=0.6947 val_L16_beta4.7632=0.5804 val_L16_beta5.586=0.6279 val_L16_beta6.2411=0.4700 val_L16_beta6.4184=0.5054 val_L16_beta6.8771=0.3912 val_L16_beta8.3946=0.5120 val_L16_beta8.4548=0.5517 val_L16_beta8.7139=0.6152 val_L16_beta9.287=0.7236 val_L16_beta9.571=0.4871 val_L16_beta9.8499=0.4970 val_L16_beta10.2188=0.5856 val_L16_beta11.8501=0.6273 val_L16_beta11.8784=0.5558 val_L16_beta12.9259=0.5070 val_L16_beta14.4687=0.6176 val_L16_beta15.5366=0.4613 val_L16_beta17.502=0.4897 val_L16_beta17.7602=0.7050 val_L16_beta19.403=0.5420 val_L16_beta20.2412=0.6692 val_L16_beta21.8857=0.5498 val_L16_beta27.0442=0.5957 val_L16_beta27.3387=0.5984 val_L16_beta27.7875=0.6018 val_L16_beta30.5978=0.6085 val_L16_beta33.325=0.5114 val_L16_beta34.3422=0.5258 val_L16_beta38.5957=0.4394 val_L16_beta39.6475=0.4817 val_L16_beta47.0386=0.4976 val_L16_beta47.4228=0.5644 val_L16_beta54.11=0.3700 val_L16_beta56.1944=0.5115 val_L16_beta57.2189=0.4392 val_L32_beta2.1926=0.8761 val_L32_beta2.4697=1.0646 val_L32_beta2.8622=0.6833 val_L32_beta4.994=0.5506 val_L32_beta8.069=0.5659 val_L32_beta11.2015=0.6770 val_L32_beta12.3504=0.6908 val_L32_beta12.688=0.7832 val_L32_beta14.1441=0.5825 val_L32_beta18.0708=0.3489 val_L32_beta18.6487=0.3890 val_L32_beta52.6284=0.5398 val_L8_beta1.4347=0.5403 val_L8_beta1.4977=0.7369 val_L8_beta1.7872=0.6283 val_L8_beta1.9783=0.6275 val_L8_beta2.4006=0.6634 val_L8_beta2.4786=0.7368 val_total=49.1050
epoch  18  train=0.6476  val_L16_beta14.1464=0.5411 val_L16_beta25=0.5282 val_L16_beta40=0.5359 val_L16_beta55.0237=0.5067 val_L16_beta1.0119=0.7097 val_L16_beta1.0397=0.7899 val_L16_beta1.0743=0.6456 val_L16_beta1.2464=0.6610 val_L16_beta1.2749=0.6149 val_L16_beta1.7484=0.4885 val_L16_beta1.8367=0.7970 val_L16_beta1.8781=0.6301 val_L16_beta2.122=0.5056 val_L16_beta2.1285=0.7571 val_L16_beta2.1757=0.5866 val_L16_beta2.1862=0.5677 val_L16_beta2.2983=0.5878 val_L16_beta2.3046=0.7330 val_L16_beta2.3454=0.6421 val_L16_beta2.7647=0.7229 val_L16_beta3.1518=0.6488 val_L16_beta3.1669=0.7380 val_L16_beta3.2922=0.4520 val_L16_beta3.3842=0.6411 val_L16_beta3.4006=0.5666 val_L16_beta3.6231=0.7339 val_L16_beta3.7225=0.6983 val_L16_beta4.0764=0.6645 val_L16_beta4.7323=0.6947 val_L16_beta4.7632=0.5816 val_L16_beta5.586=0.6262 val_L16_beta6.2411=0.4689 val_L16_beta6.4184=0.5036 val_L16_beta6.8771=0.3913 val_L16_beta8.3946=0.5143 val_L16_beta8.4548=0.5519 val_L16_beta8.7139=0.6146 val_L16_beta9.287=0.7230 val_L16_beta9.571=0.4846 val_L16_beta9.8499=0.4965 val_L16_beta10.2188=0.5844 val_L16_beta11.8501=0.6269 val_L16_beta11.8784=0.5556 val_L16_beta12.9259=0.5074 val_L16_beta14.4687=0.6162 val_L16_beta15.5366=0.4610 val_L16_beta17.502=0.4895 val_L16_beta17.7602=0.7038 val_L16_beta19.403=0.5418 val_L16_beta20.2412=0.6694 val_L16_beta21.8857=0.5497 val_L16_beta27.0442=0.5954 val_L16_beta27.3387=0.5979 val_L16_beta27.7875=0.6021 val_L16_beta30.5978=0.6079 val_L16_beta33.325=0.5109 val_L16_beta34.3422=0.5258 val_L16_beta38.5957=0.4385 val_L16_beta39.6475=0.4819 val_L16_beta47.0386=0.4979 val_L16_beta47.4228=0.5637 val_L16_beta54.11=0.3693 val_L16_beta56.1944=0.5109 val_L16_beta57.2189=0.4396 val_L32_beta2.1926=0.8767 val_L32_beta2.4697=1.0611 val_L32_beta2.8622=0.6829 val_L32_beta4.994=0.5488 val_L32_beta8.069=0.5694 val_L32_beta11.2015=0.6769 val_L32_beta12.3504=0.6978 val_L32_beta12.688=0.7775 val_L32_beta14.1441=0.5808 val_L32_beta18.0708=0.3490 val_L32_beta18.6487=0.3883 val_L32_beta52.6284=0.5416 val_L8_beta1.4347=0.5375 val_L8_beta1.4977=0.7347 val_L8_beta1.7872=0.6267 val_L8_beta1.9783=0.6267 val_L8_beta2.4006=0.6632 val_L8_beta2.4786=0.7361 val_total=49.0690
epoch  19  train=0.6483  val_L16_beta14.1464=0.5407 val_L16_beta25=0.5275 val_L16_beta40=0.5358 val_L16_beta55.0237=0.5064 val_L16_beta1.0119=0.7089 val_L16_beta1.0397=0.7869 val_L16_beta1.0743=0.6437 val_L16_beta1.2464=0.6564 val_L16_beta1.2749=0.6102 val_L16_beta1.7484=0.4875 val_L16_beta1.8367=0.7980 val_L16_beta1.8781=0.6297 val_L16_beta2.122=0.5035 val_L16_beta2.1285=0.7561 val_L16_beta2.1757=0.5846 val_L16_beta2.1862=0.5669 val_L16_beta2.2983=0.5895 val_L16_beta2.3046=0.7312 val_L16_beta2.3454=0.6407 val_L16_beta2.7647=0.7217 val_L16_beta3.1518=0.6487 val_L16_beta3.1669=0.7316 val_L16_beta3.2922=0.4519 val_L16_beta3.3842=0.6397 val_L16_beta3.4006=0.5653 val_L16_beta3.6231=0.7347 val_L16_beta3.7225=0.6978 val_L16_beta4.0764=0.6636 val_L16_beta4.7323=0.6941 val_L16_beta4.7632=0.5836 val_L16_beta5.586=0.6240 val_L16_beta6.2411=0.4688 val_L16_beta6.4184=0.5032 val_L16_beta6.8771=0.3915 val_L16_beta8.3946=0.5173 val_L16_beta8.4548=0.5490 val_L16_beta8.7139=0.6151 val_L16_beta9.287=0.7223 val_L16_beta9.571=0.4836 val_L16_beta9.8499=0.4965 val_L16_beta10.2188=0.5829 val_L16_beta11.8501=0.6265 val_L16_beta11.8784=0.5552 val_L16_beta12.9259=0.5080 val_L16_beta14.4687=0.6153 val_L16_beta15.5366=0.4612 val_L16_beta17.502=0.4895 val_L16_beta17.7602=0.7033 val_L16_beta19.403=0.5419 val_L16_beta20.2412=0.6695 val_L16_beta21.8857=0.5497 val_L16_beta27.0442=0.5955 val_L16_beta27.3387=0.5972 val_L16_beta27.7875=0.6018 val_L16_beta30.5978=0.6071 val_L16_beta33.325=0.5111 val_L16_beta34.3422=0.5278 val_L16_beta38.5957=0.4383 val_L16_beta39.6475=0.4812 val_L16_beta47.0386=0.4981 val_L16_beta47.4228=0.5636 val_L16_beta54.11=0.3694 val_L16_beta56.1944=0.5108 val_L16_beta57.2189=0.4399 val_L32_beta2.1926=0.8755 val_L32_beta2.4697=1.0502 val_L32_beta2.8622=0.6800 val_L32_beta4.994=0.5450 val_L32_beta8.069=0.5638 val_L32_beta11.2015=0.6773 val_L32_beta12.3504=0.6945 val_L32_beta12.688=0.7784 val_L32_beta14.1441=0.5815 val_L32_beta18.0708=0.3480 val_L32_beta18.6487=0.3878 val_L32_beta52.6284=0.5412 val_L8_beta1.4347=0.5342 val_L8_beta1.4977=0.7346 val_L8_beta1.7872=0.6268 val_L8_beta1.9783=0.6265 val_L8_beta2.4006=0.6621 val_L8_beta2.4786=0.7361 val_total=48.9968
epoch  20  train=0.6407  val_L16_beta14.1464=0.5408 val_L16_beta25=0.5275 val_L16_beta40=0.5353 val_L16_beta55.0237=0.5065 val_L16_beta1.0119=0.7110 val_L16_beta1.0397=0.7837 val_L16_beta1.0743=0.6441 val_L16_beta1.2464=0.6552 val_L16_beta1.2749=0.6084 val_L16_beta1.7484=0.4879 val_L16_beta1.8367=0.7956 val_L16_beta1.8781=0.6296 val_L16_beta2.122=0.5034 val_L16_beta2.1285=0.7519 val_L16_beta2.1757=0.5863 val_L16_beta2.1862=0.5665 val_L16_beta2.2983=0.5917 val_L16_beta2.3046=0.7290 val_L16_beta2.3454=0.6410 val_L16_beta2.7647=0.7212 val_L16_beta3.1518=0.6486 val_L16_beta3.1669=0.7321 val_L16_beta3.2922=0.4519 val_L16_beta3.3842=0.6387 val_L16_beta3.4006=0.5656 val_L16_beta3.6231=0.7338 val_L16_beta3.7225=0.6973 val_L16_beta4.0764=0.6646 val_L16_beta4.7323=0.6933 val_L16_beta4.7632=0.5840 val_L16_beta5.586=0.6225 val_L16_beta6.2411=0.4679 val_L16_beta6.4184=0.5030 val_L16_beta6.8771=0.3914 val_L16_beta8.3946=0.5174 val_L16_beta8.4548=0.5482 val_L16_beta8.7139=0.6155 val_L16_beta9.287=0.7223 val_L16_beta9.571=0.4849 val_L16_beta9.8499=0.4963 val_L16_beta10.2188=0.5814 val_L16_beta11.8501=0.6260 val_L16_beta11.8784=0.5553 val_L16_beta12.9259=0.5086 val_L16_beta14.4687=0.6157 val_L16_beta15.5366=0.4613 val_L16_beta17.502=0.4893 val_L16_beta17.7602=0.7032 val_L16_beta19.403=0.5417 val_L16_beta20.2412=0.6694 val_L16_beta21.8857=0.5496 val_L16_beta27.0442=0.5955 val_L16_beta27.3387=0.5970 val_L16_beta27.7875=0.6016 val_L16_beta30.5978=0.6068 val_L16_beta33.325=0.5104 val_L16_beta34.3422=0.5269 val_L16_beta38.5957=0.4386 val_L16_beta39.6475=0.4808 val_L16_beta47.0386=0.4983 val_L16_beta47.4228=0.5637 val_L16_beta54.11=0.3703 val_L16_beta56.1944=0.5104 val_L16_beta57.2189=0.4398 val_L32_beta2.1926=0.8785 val_L32_beta2.4697=0.9969 val_L32_beta2.8622=0.6790 val_L32_beta4.994=0.5433 val_L32_beta8.069=0.5606 val_L32_beta11.2015=0.6772 val_L32_beta12.3504=0.6874 val_L32_beta12.688=0.7652 val_L32_beta14.1441=0.5809 val_L32_beta18.0708=0.3482 val_L32_beta18.6487=0.3884 val_L32_beta52.6284=0.5394 val_L8_beta1.4347=0.5327 val_L8_beta1.4977=0.7338 val_L8_beta1.7872=0.6256 val_L8_beta1.9783=0.6254 val_L8_beta2.4006=0.6615 val_L8_beta2.4786=0.7358 val_total=48.8977
epoch  21  train=0.6422  val_L16_beta14.1464=0.5407 val_L16_beta25=0.5275 val_L16_beta40=0.5348 val_L16_beta55.0237=0.5063 val_L16_beta1.0119=0.7095 val_L16_beta1.0397=0.7821 val_L16_beta1.0743=0.6438 val_L16_beta1.2464=0.6550 val_L16_beta1.2749=0.6088 val_L16_beta1.7484=0.4871 val_L16_beta1.8367=0.7906 val_L16_beta1.8781=0.6292 val_L16_beta2.122=0.5029 val_L16_beta2.1285=0.7508 val_L16_beta2.1757=0.5877 val_L16_beta2.1862=0.5663 val_L16_beta2.2983=0.5890 val_L16_beta2.3046=0.7257 val_L16_beta2.3454=0.6404 val_L16_beta2.7647=0.7217 val_L16_beta3.1518=0.6484 val_L16_beta3.1669=0.7308 val_L16_beta3.2922=0.4512 val_L16_beta3.3842=0.6388 val_L16_beta3.4006=0.5662 val_L16_beta3.6231=0.7326 val_L16_beta3.7225=0.6973 val_L16_beta4.0764=0.6638 val_L16_beta4.7323=0.6921 val_L16_beta4.7632=0.5830 val_L16_beta5.586=0.6235 val_L16_beta6.2411=0.4676 val_L16_beta6.4184=0.5034 val_L16_beta6.8771=0.3913 val_L16_beta8.3946=0.5159 val_L16_beta8.4548=0.5479 val_L16_beta8.7139=0.6150 val_L16_beta9.287=0.7215 val_L16_beta9.571=0.4839 val_L16_beta9.8499=0.4964 val_L16_beta10.2188=0.5807 val_L16_beta11.8501=0.6259 val_L16_beta11.8784=0.5555 val_L16_beta12.9259=0.5076 val_L16_beta14.4687=0.6153 val_L16_beta15.5366=0.4614 val_L16_beta17.502=0.4895 val_L16_beta17.7602=0.7032 val_L16_beta19.403=0.5419 val_L16_beta20.2412=0.6692 val_L16_beta21.8857=0.5494 val_L16_beta27.0442=0.5955 val_L16_beta27.3387=0.5966 val_L16_beta27.7875=0.6016 val_L16_beta30.5978=0.6068 val_L16_beta33.325=0.5104 val_L16_beta34.3422=0.5259 val_L16_beta38.5957=0.4386 val_L16_beta39.6475=0.4799 val_L16_beta47.0386=0.4970 val_L16_beta47.4228=0.5635 val_L16_beta54.11=0.3706 val_L16_beta56.1944=0.5099 val_L16_beta57.2189=0.4411 val_L32_beta2.1926=0.8852 val_L32_beta2.4697=1.0203 val_L32_beta2.8622=0.6788 val_L32_beta4.994=0.5393 val_L32_beta8.069=0.5622 val_L32_beta11.2015=0.6774 val_L32_beta12.3504=0.6815 val_L32_beta12.688=0.7639 val_L32_beta14.1441=0.5829 val_L32_beta18.0708=0.3479 val_L32_beta18.6487=0.3864 val_L32_beta52.6284=0.5367 val_L8_beta1.4347=0.5327 val_L8_beta1.4977=0.7331 val_L8_beta1.7872=0.6249 val_L8_beta1.9783=0.6240 val_L8_beta2.4006=0.6616 val_L8_beta2.4786=0.7370 val_total=48.8835
epoch  22  train=0.6409  val_L16_beta14.1464=0.5408 val_L16_beta25=0.5274 val_L16_beta40=0.5345 val_L16_beta55.0237=0.5061 val_L16_beta1.0119=0.7082 val_L16_beta1.0397=0.7835 val_L16_beta1.0743=0.6431 val_L16_beta1.2464=0.6568 val_L16_beta1.2749=0.6079 val_L16_beta1.7484=0.4869 val_L16_beta1.8367=0.7908 val_L16_beta1.8781=0.6289 val_L16_beta2.122=0.5014 val_L16_beta2.1285=0.7497 val_L16_beta2.1757=0.5882 val_L16_beta2.1862=0.5658 val_L16_beta2.2983=0.5879 val_L16_beta2.3046=0.7257 val_L16_beta2.3454=0.6400 val_L16_beta2.7647=0.7218 val_L16_beta3.1518=0.6474 val_L16_beta3.1669=0.7277 val_L16_beta3.2922=0.4507 val_L16_beta3.3842=0.6391 val_L16_beta3.4006=0.5658 val_L16_beta3.6231=0.7319 val_L16_beta3.7225=0.6964 val_L16_beta4.0764=0.6638 val_L16_beta4.7323=0.6917 val_L16_beta4.7632=0.5832 val_L16_beta5.586=0.6247 val_L16_beta6.2411=0.4675 val_L16_beta6.4184=0.5038 val_L16_beta6.8771=0.3911 val_L16_beta8.3946=0.5154 val_L16_beta8.4548=0.5475 val_L16_beta8.7139=0.6142 val_L16_beta9.287=0.7216 val_L16_beta9.571=0.4829 val_L16_beta9.8499=0.4963 val_L16_beta10.2188=0.5811 val_L16_beta11.8501=0.6255 val_L16_beta11.8784=0.5550 val_L16_beta12.9259=0.5075 val_L16_beta14.4687=0.6157 val_L16_beta15.5366=0.4613 val_L16_beta17.502=0.4895 val_L16_beta17.7602=0.7030 val_L16_beta19.403=0.5422 val_L16_beta20.2412=0.6692 val_L16_beta21.8857=0.5495 val_L16_beta27.0442=0.5950 val_L16_beta27.3387=0.5973 val_L16_beta27.7875=0.6015 val_L16_beta30.5978=0.6064 val_L16_beta33.325=0.5099 val_L16_beta34.3422=0.5260 val_L16_beta38.5957=0.4383 val_L16_beta39.6475=0.4796 val_L16_beta47.0386=0.4966 val_L16_beta47.4228=0.5635 val_L16_beta54.11=0.3695 val_L16_beta56.1944=0.5097 val_L16_beta57.2189=0.4416 val_L32_beta2.1926=0.8826 val_L32_beta2.4697=1.0272 val_L32_beta2.8622=0.6774 val_L32_beta4.994=0.5368 val_L32_beta8.069=0.5687 val_L32_beta11.2015=0.6766 val_L32_beta12.3504=0.6879 val_L32_beta12.688=0.7638 val_L32_beta14.1441=0.5833 val_L32_beta18.0708=0.3459 val_L32_beta18.6487=0.3845 val_L32_beta52.6284=0.5362 val_L8_beta1.4347=0.5311 val_L8_beta1.4977=0.7331 val_L8_beta1.7872=0.6249 val_L8_beta1.9783=0.6230 val_L8_beta2.4006=0.6612 val_L8_beta2.4786=0.7373 val_total=48.8740
epoch  23  train=0.6405  val_L16_beta14.1464=0.5404 val_L16_beta25=0.5272 val_L16_beta40=0.5343 val_L16_beta55.0237=0.5055 val_L16_beta1.0119=0.7079 val_L16_beta1.0397=0.7823 val_L16_beta1.0743=0.6432 val_L16_beta1.2464=0.6558 val_L16_beta1.2749=0.6069 val_L16_beta1.7484=0.4856 val_L16_beta1.8367=0.7901 val_L16_beta1.8781=0.6287 val_L16_beta2.122=0.5033 val_L16_beta2.1285=0.7474 val_L16_beta2.1757=0.5877 val_L16_beta2.1862=0.5664 val_L16_beta2.2983=0.5876 val_L16_beta2.3046=0.7228 val_L16_beta2.3454=0.6395 val_L16_beta2.7647=0.7223 val_L16_beta3.1518=0.6467 val_L16_beta3.1669=0.7293 val_L16_beta3.2922=0.4510 val_L16_beta3.3842=0.6389 val_L16_beta3.4006=0.5648 val_L16_beta3.6231=0.7325 val_L16_beta3.7225=0.6965 val_L16_beta4.0764=0.6629 val_L16_beta4.7323=0.6917 val_L16_beta4.7632=0.5818 val_L16_beta5.586=0.6245 val_L16_beta6.2411=0.4669 val_L16_beta6.4184=0.5037 val_L16_beta6.8771=0.3916 val_L16_beta8.3946=0.5138 val_L16_beta8.4548=0.5452 val_L16_beta8.7139=0.6142 val_L16_beta9.287=0.7213 val_L16_beta9.571=0.4820 val_L16_beta9.8499=0.4960 val_L16_beta10.2188=0.5803 val_L16_beta11.8501=0.6253 val_L16_beta11.8784=0.5548 val_L16_beta12.9259=0.5072 val_L16_beta14.4687=0.6148 val_L16_beta15.5366=0.4612 val_L16_beta17.502=0.4892 val_L16_beta17.7602=0.7027 val_L16_beta19.403=0.5419 val_L16_beta20.2412=0.6692 val_L16_beta21.8857=0.5495 val_L16_beta27.0442=0.5949 val_L16_beta27.3387=0.5978 val_L16_beta27.7875=0.6014 val_L16_beta30.5978=0.6052 val_L16_beta33.325=0.5078 val_L16_beta34.3422=0.5257 val_L16_beta38.5957=0.4382 val_L16_beta39.6475=0.4794 val_L16_beta47.0386=0.4983 val_L16_beta47.4228=0.5633 val_L16_beta54.11=0.3688 val_L16_beta56.1944=0.5087 val_L16_beta57.2189=0.4431 val_L32_beta2.1926=0.8793 val_L32_beta2.4697=1.0141 val_L32_beta2.8622=0.6794 val_L32_beta4.994=0.5349 val_L32_beta8.069=0.5605 val_L32_beta11.2015=0.6757 val_L32_beta12.3504=0.6792 val_L32_beta12.688=0.7632 val_L32_beta14.1441=0.5814 val_L32_beta18.0708=0.3450 val_L32_beta18.6487=0.3826 val_L32_beta52.6284=0.5384 val_L8_beta1.4347=0.5275 val_L8_beta1.4977=0.7342 val_L8_beta1.7872=0.6241 val_L8_beta1.9783=0.6222 val_L8_beta2.4006=0.6600 val_L8_beta2.4786=0.7373 val_total=48.8080
epoch  24  train=0.6389  val_L16_beta14.1464=0.5401 val_L16_beta25=0.5264 val_L16_beta40=0.5341 val_L16_beta55.0237=0.5057 val_L16_beta1.0119=0.7091 val_L16_beta1.0397=0.7816 val_L16_beta1.0743=0.6419 val_L16_beta1.2464=0.6532 val_L16_beta1.2749=0.6068 val_L16_beta1.7484=0.4886 val_L16_beta1.8367=0.7940 val_L16_beta1.8781=0.6289 val_L16_beta2.122=0.5051 val_L16_beta2.1285=0.7472 val_L16_beta2.1757=0.5853 val_L16_beta2.1862=0.5657 val_L16_beta2.2983=0.5886 val_L16_beta2.3046=0.7255 val_L16_beta2.3454=0.6391 val_L16_beta2.7647=0.7219 val_L16_beta3.1518=0.6469 val_L16_beta3.1669=0.7277 val_L16_beta3.2922=0.4509 val_L16_beta3.3842=0.6393 val_L16_beta3.4006=0.5644 val_L16_beta3.6231=0.7323 val_L16_beta3.7225=0.6968 val_L16_beta4.0764=0.6638 val_L16_beta4.7323=0.6919 val_L16_beta4.7632=0.5809 val_L16_beta5.586=0.6241 val_L16_beta6.2411=0.4667 val_L16_beta6.4184=0.5033 val_L16_beta6.8771=0.3918 val_L16_beta8.3946=0.5124 val_L16_beta8.4548=0.5442 val_L16_beta8.7139=0.6138 val_L16_beta9.287=0.7208 val_L16_beta9.571=0.4803 val_L16_beta9.8499=0.4959 val_L16_beta10.2188=0.5782 val_L16_beta11.8501=0.6254 val_L16_beta11.8784=0.5549 val_L16_beta12.9259=0.5083 val_L16_beta14.4687=0.6142 val_L16_beta15.5366=0.4605 val_L16_beta17.502=0.4892 val_L16_beta17.7602=0.7019 val_L16_beta19.403=0.5407 val_L16_beta20.2412=0.6691 val_L16_beta21.8857=0.5492 val_L16_beta27.0442=0.5953 val_L16_beta27.3387=0.5970 val_L16_beta27.7875=0.6018 val_L16_beta30.5978=0.6046 val_L16_beta33.325=0.5081 val_L16_beta34.3422=0.5257 val_L16_beta38.5957=0.4384 val_L16_beta39.6475=0.4792 val_L16_beta47.0386=0.4973 val_L16_beta47.4228=0.5635 val_L16_beta54.11=0.3690 val_L16_beta56.1944=0.5082 val_L16_beta57.2189=0.4399 val_L32_beta2.1926=0.8844 val_L32_beta2.4697=0.9813 val_L32_beta2.8622=0.6805 val_L32_beta4.994=0.5369 val_L32_beta8.069=0.5628 val_L32_beta11.2015=0.6760 val_L32_beta12.3504=0.6765 val_L32_beta12.688=0.7662 val_L32_beta14.1441=0.5828 val_L32_beta18.0708=0.3462 val_L32_beta18.6487=0.3828 val_L32_beta52.6284=0.5377 val_L8_beta1.4347=0.5256 val_L8_beta1.4977=0.7326 val_L8_beta1.7872=0.6237 val_L8_beta1.9783=0.6196 val_L8_beta2.4006=0.6587 val_L8_beta2.4786=0.7374 val_total=48.7683
epoch  25  train=0.6429  val_L16_beta14.1464=0.5400 val_L16_beta25=0.5261 val_L16_beta40=0.5336 val_L16_beta55.0237=0.5051 val_L16_beta1.0119=0.7084 val_L16_beta1.0397=0.7797 val_L16_beta1.0743=0.6418 val_L16_beta1.2464=0.6536 val_L16_beta1.2749=0.6060 val_L16_beta1.7484=0.4886 val_L16_beta1.8367=0.7944 val_L16_beta1.8781=0.6278 val_L16_beta2.122=0.5050 val_L16_beta2.1285=0.7480 val_L16_beta2.1757=0.5842 val_L16_beta2.1862=0.5651 val_L16_beta2.2983=0.5880 val_L16_beta2.3046=0.7247 val_L16_beta2.3454=0.6384 val_L16_beta2.7647=0.7221 val_L16_beta3.1518=0.6467 val_L16_beta3.1669=0.7269 val_L16_beta3.2922=0.4509 val_L16_beta3.3842=0.6382 val_L16_beta3.4006=0.5642 val_L16_beta3.6231=0.7322 val_L16_beta3.7225=0.6969 val_L16_beta4.0764=0.6638 val_L16_beta4.7323=0.6917 val_L16_beta4.7632=0.5796 val_L16_beta5.586=0.6259 val_L16_beta6.2411=0.4667 val_L16_beta6.4184=0.5034 val_L16_beta6.8771=0.3915 val_L16_beta8.3946=0.5117 val_L16_beta8.4548=0.5431 val_L16_beta8.7139=0.6135 val_L16_beta9.287=0.7206 val_L16_beta9.571=0.4800 val_L16_beta9.8499=0.4958 val_L16_beta10.2188=0.5762 val_L16_beta11.8501=0.6258 val_L16_beta11.8784=0.5549 val_L16_beta12.9259=0.5075 val_L16_beta14.4687=0.6128 val_L16_beta15.5366=0.4605 val_L16_beta17.502=0.4890 val_L16_beta17.7602=0.7018 val_L16_beta19.403=0.5395 val_L16_beta20.2412=0.6689 val_L16_beta21.8857=0.5491 val_L16_beta27.0442=0.5951 val_L16_beta27.3387=0.5961 val_L16_beta27.7875=0.6011 val_L16_beta30.5978=0.6039 val_L16_beta33.325=0.5072 val_L16_beta34.3422=0.5247 val_L16_beta38.5957=0.4382 val_L16_beta39.6475=0.4789 val_L16_beta47.0386=0.4969 val_L16_beta47.4228=0.5632 val_L16_beta54.11=0.3685 val_L16_beta56.1944=0.5090 val_L16_beta57.2189=0.4371 val_L32_beta2.1926=0.8806 val_L32_beta2.4697=0.9847 val_L32_beta2.8622=0.6780 val_L32_beta4.994=0.5363 val_L32_beta8.069=0.5593 val_L32_beta11.2015=0.6758 val_L32_beta12.3504=0.6724 val_L32_beta12.688=0.7694 val_L32_beta14.1441=0.5816 val_L32_beta18.0708=0.3462 val_L32_beta18.6487=0.3834 val_L32_beta52.6284=0.5382 val_L8_beta1.4347=0.5224 val_L8_beta1.4977=0.7326 val_L8_beta1.7872=0.6236 val_L8_beta1.9783=0.6191 val_L8_beta2.4006=0.6575 val_L8_beta2.4786=0.7377 val_total=48.7284
epoch  26  train=0.6366  val_L16_beta14.1464=0.5402 val_L16_beta25=0.5255 val_L16_beta40=0.5330 val_L16_beta55.0237=0.5049 val_L16_beta1.0119=0.7090 val_L16_beta1.0397=0.7787 val_L16_beta1.0743=0.6404 val_L16_beta1.2464=0.6532 val_L16_beta1.2749=0.6051 val_L16_beta1.7484=0.4928 val_L16_beta1.8367=0.7941 val_L16_beta1.8781=0.6283 val_L16_beta2.122=0.5042 val_L16_beta2.1285=0.7515 val_L16_beta2.1757=0.5831 val_L16_beta2.1862=0.5642 val_L16_beta2.2983=0.5860 val_L16_beta2.3046=0.7290 val_L16_beta2.3454=0.6374 val_L16_beta2.7647=0.7217 val_L16_beta3.1518=0.6469 val_L16_beta3.1669=0.7273 val_L16_beta3.2922=0.4508 val_L16_beta3.3842=0.6380 val_L16_beta3.4006=0.5643 val_L16_beta3.6231=0.7315 val_L16_beta3.7225=0.6973 val_L16_beta4.0764=0.6631 val_L16_beta4.7323=0.6915 val_L16_beta4.7632=0.5793 val_L16_beta5.586=0.6261 val_L16_beta6.2411=0.4665 val_L16_beta6.4184=0.5034 val_L16_beta6.8771=0.3915 val_L16_beta8.3946=0.5101 val_L16_beta8.4548=0.5435 val_L16_beta8.7139=0.6143 val_L16_beta9.287=0.7206 val_L16_beta9.571=0.4794 val_L16_beta9.8499=0.4956 val_L16_beta10.2188=0.5756 val_L16_beta11.8501=0.6255 val_L16_beta11.8784=0.5544 val_L16_beta12.9259=0.5079 val_L16_beta14.4687=0.6120 val_L16_beta15.5366=0.4601 val_L16_beta17.502=0.4890 val_L16_beta17.7602=0.7031 val_L16_beta19.403=0.5393 val_L16_beta20.2412=0.6688 val_L16_beta21.8857=0.5490 val_L16_beta27.0442=0.5953 val_L16_beta27.3387=0.5958 val_L16_beta27.7875=0.6009 val_L16_beta30.5978=0.6035 val_L16_beta33.325=0.5063 val_L16_beta34.3422=0.5246 val_L16_beta38.5957=0.4379 val_L16_beta39.6475=0.4785 val_L16_beta47.0386=0.4975 val_L16_beta47.4228=0.5630 val_L16_beta54.11=0.3682 val_L16_beta56.1944=0.5096 val_L16_beta57.2189=0.4372 val_L32_beta2.1926=0.8758 val_L32_beta2.4697=0.9587 val_L32_beta2.8622=0.6816 val_L32_beta4.994=0.5362 val_L32_beta8.069=0.5554 val_L32_beta11.2015=0.6752 val_L32_beta12.3504=0.6679 val_L32_beta12.688=0.7686 val_L32_beta14.1441=0.5821 val_L32_beta18.0708=0.3456 val_L32_beta18.6487=0.3844 val_L32_beta52.6284=0.5400 val_L8_beta1.4347=0.5214 val_L8_beta1.4977=0.7317 val_L8_beta1.7872=0.6239 val_L8_beta1.9783=0.6193 val_L8_beta2.4006=0.6548 val_L8_beta2.4786=0.7371 val_total=48.6859
epoch  27  train=0.6434  val_L16_beta14.1464=0.5399 val_L16_beta25=0.5253 val_L16_beta40=0.5328 val_L16_beta55.0237=0.5045 val_L16_beta1.0119=0.7114 val_L16_beta1.0397=0.7759 val_L16_beta1.0743=0.6399 val_L16_beta1.2464=0.6536 val_L16_beta1.2749=0.6042 val_L16_beta1.7484=0.4908 val_L16_beta1.8367=0.7899 val_L16_beta1.8781=0.6277 val_L16_beta2.122=0.5054 val_L16_beta2.1285=0.7470 val_L16_beta2.1757=0.5839 val_L16_beta2.1862=0.5646 val_L16_beta2.2983=0.5866 val_L16_beta2.3046=0.7253 val_L16_beta2.3454=0.6381 val_L16_beta2.7647=0.7211 val_L16_beta3.1518=0.6467 val_L16_beta3.1669=0.7273 val_L16_beta3.2922=0.4501 val_L16_beta3.3842=0.6378 val_L16_beta3.4006=0.5641 val_L16_beta3.6231=0.7311 val_L16_beta3.7225=0.6973 val_L16_beta4.0764=0.6634 val_L16_beta4.7323=0.6912 val_L16_beta4.7632=0.5793 val_L16_beta5.586=0.6251 val_L16_beta6.2411=0.4672 val_L16_beta6.4184=0.5019 val_L16_beta6.8771=0.3912 val_L16_beta8.3946=0.5083 val_L16_beta8.4548=0.5437 val_L16_beta8.7139=0.6144 val_L16_beta9.287=0.7203 val_L16_beta9.571=0.4786 val_L16_beta9.8499=0.4955 val_L16_beta10.2188=0.5768 val_L16_beta11.8501=0.6254 val_L16_beta11.8784=0.5543 val_L16_beta12.9259=0.5071 val_L16_beta14.4687=0.6119 val_L16_beta15.5366=0.4595 val_L16_beta17.502=0.4886 val_L16_beta17.7602=0.7034 val_L16_beta19.403=0.5393 val_L16_beta20.2412=0.6688 val_L16_beta21.8857=0.5492 val_L16_beta27.0442=0.5955 val_L16_beta27.3387=0.5961 val_L16_beta27.7875=0.6009 val_L16_beta30.5978=0.6033 val_L16_beta33.325=0.5075 val_L16_beta34.3422=0.5246 val_L16_beta38.5957=0.4375 val_L16_beta39.6475=0.4785 val_L16_beta47.0386=0.4953 val_L16_beta47.4228=0.5626 val_L16_beta54.11=0.3680 val_L16_beta56.1944=0.5096 val_L16_beta57.2189=0.4367 val_L32_beta2.1926=0.8902 val_L32_beta2.4697=0.9854 val_L32_beta2.8622=0.6789 val_L32_beta4.994=0.5330 val_L32_beta8.069=0.5556 val_L32_beta11.2015=0.6750 val_L32_beta12.3504=0.6688 val_L32_beta12.688=0.7669 val_L32_beta14.1441=0.5815 val_L32_beta18.0708=0.3453 val_L32_beta18.6487=0.3853 val_L32_beta52.6284=0.5408 val_L8_beta1.4347=0.5208 val_L8_beta1.4977=0.7292 val_L8_beta1.7872=0.6235 val_L8_beta1.9783=0.6178 val_L8_beta2.4006=0.6534 val_L8_beta2.4786=0.7372 val_total=48.6913
epoch  28  train=0.6413  val_L16_beta14.1464=0.5397 val_L16_beta25=0.5252 val_L16_beta40=0.5330 val_L16_beta55.0237=0.5041 val_L16_beta1.0119=0.7119 val_L16_beta1.0397=0.7756 val_L16_beta1.0743=0.6404 val_L16_beta1.2464=0.6518 val_L16_beta1.2749=0.6021 val_L16_beta1.7484=0.4884 val_L16_beta1.8367=0.7884 val_L16_beta1.8781=0.6286 val_L16_beta2.122=0.5065 val_L16_beta2.1285=0.7454 val_L16_beta2.1757=0.5869 val_L16_beta2.1862=0.5639 val_L16_beta2.2983=0.5861 val_L16_beta2.3046=0.7235 val_L16_beta2.3454=0.6384 val_L16_beta2.7647=0.7206 val_L16_beta3.1518=0.6465 val_L16_beta3.1669=0.7267 val_L16_beta3.2922=0.4502 val_L16_beta3.3842=0.6381 val_L16_beta3.4006=0.5638 val_L16_beta3.6231=0.7314 val_L16_beta3.7225=0.6970 val_L16_beta4.0764=0.6638 val_L16_beta4.7323=0.6909 val_L16_beta4.7632=0.5790 val_L16_beta5.586=0.6254 val_L16_beta6.2411=0.4667 val_L16_beta6.4184=0.5015 val_L16_beta6.8771=0.3908 val_L16_beta8.3946=0.5083 val_L16_beta8.4548=0.5443 val_L16_beta8.7139=0.6143 val_L16_beta9.287=0.7199 val_L16_beta9.571=0.4783 val_L16_beta9.8499=0.4955 val_L16_beta10.2188=0.5772 val_L16_beta11.8501=0.6254 val_L16_beta11.8784=0.5542 val_L16_beta12.9259=0.5062 val_L16_beta14.4687=0.6125 val_L16_beta15.5366=0.4600 val_L16_beta17.502=0.4883 val_L16_beta17.7602=0.7033 val_L16_beta19.403=0.5394 val_L16_beta20.2412=0.6686 val_L16_beta21.8857=0.5491 val_L16_beta27.0442=0.5953 val_L16_beta27.3387=0.5955 val_L16_beta27.7875=0.6003 val_L16_beta30.5978=0.6032 val_L16_beta33.325=0.5070 val_L16_beta34.3422=0.5252 val_L16_beta38.5957=0.4373 val_L16_beta39.6475=0.4785 val_L16_beta47.0386=0.4947 val_L16_beta47.4228=0.5622 val_L16_beta54.11=0.3684 val_L16_beta56.1944=0.5091 val_L16_beta57.2189=0.4365 val_L32_beta2.1926=0.9162 val_L32_beta2.4697=1.0070 val_L32_beta2.8622=0.6763 val_L32_beta4.994=0.5333 val_L32_beta8.069=0.5567 val_L32_beta11.2015=0.6745 val_L32_beta12.3504=0.6750 val_L32_beta12.688=0.7681 val_L32_beta14.1441=0.5826 val_L32_beta18.0708=0.3447 val_L32_beta18.6487=0.3853 val_L32_beta52.6284=0.5375 val_L8_beta1.4347=0.5224 val_L8_beta1.4977=0.7291 val_L8_beta1.7872=0.6236 val_L8_beta1.9783=0.6176 val_L8_beta2.4006=0.6536 val_L8_beta2.4786=0.7364 val_total=48.7307
epoch  29  train=0.6375  val_L16_beta14.1464=0.5397 val_L16_beta25=0.5251 val_L16_beta40=0.5330 val_L16_beta55.0237=0.5043 val_L16_beta1.0119=0.7142 val_L16_beta1.0397=0.7746 val_L16_beta1.0743=0.6388 val_L16_beta1.2464=0.6500 val_L16_beta1.2749=0.6051 val_L16_beta1.7484=0.4918 val_L16_beta1.8367=0.7874 val_L16_beta1.8781=0.6289 val_L16_beta2.122=0.5052 val_L16_beta2.1285=0.7471 val_L16_beta2.1757=0.5874 val_L16_beta2.1862=0.5638 val_L16_beta2.2983=0.5848 val_L16_beta2.3046=0.7241 val_L16_beta2.3454=0.6386 val_L16_beta2.7647=0.7217 val_L16_beta3.1518=0.6464 val_L16_beta3.1669=0.7257 val_L16_beta3.2922=0.4500 val_L16_beta3.3842=0.6372 val_L16_beta3.4006=0.5636 val_L16_beta3.6231=0.7317 val_L16_beta3.7225=0.6970 val_L16_beta4.0764=0.6624 val_L16_beta4.7323=0.6904 val_L16_beta4.7632=0.5795 val_L16_beta5.586=0.6261 val_L16_beta6.2411=0.4673 val_L16_beta6.4184=0.5018 val_L16_beta6.8771=0.3915 val_L16_beta8.3946=0.5100 val_L16_beta8.4548=0.5449 val_L16_beta8.7139=0.6147 val_L16_beta9.287=0.7200 val_L16_beta9.571=0.4791 val_L16_beta9.8499=0.4955 val_L16_beta10.2188=0.5773 val_L16_beta11.8501=0.6256 val_L16_beta11.8784=0.5540 val_L16_beta12.9259=0.5065 val_L16_beta14.4687=0.6115 val_L16_beta15.5366=0.4603 val_L16_beta17.502=0.4884 val_L16_beta17.7602=0.7023 val_L16_beta19.403=0.5388 val_L16_beta20.2412=0.6687 val_L16_beta21.8857=0.5491 val_L16_beta27.0442=0.5954 val_L16_beta27.3387=0.5948 val_L16_beta27.7875=0.6002 val_L16_beta30.5978=0.6034 val_L16_beta33.325=0.5084 val_L16_beta34.3422=0.5254 val_L16_beta38.5957=0.4373 val_L16_beta39.6475=0.4784 val_L16_beta47.0386=0.4941 val_L16_beta47.4228=0.5624 val_L16_beta54.11=0.3688 val_L16_beta56.1944=0.5093 val_L16_beta57.2189=0.4365 val_L32_beta2.1926=0.9141 val_L32_beta2.4697=0.9873 val_L32_beta2.8622=0.6786 val_L32_beta4.994=0.5350 val_L32_beta8.069=0.5561 val_L32_beta11.2015=0.6759 val_L32_beta12.3504=0.6686 val_L32_beta12.688=0.7656 val_L32_beta14.1441=0.5828 val_L32_beta18.0708=0.3451 val_L32_beta18.6487=0.3852 val_L32_beta52.6284=0.5356 val_L8_beta1.4347=0.5206 val_L8_beta1.4977=0.7273 val_L8_beta1.7872=0.6238 val_L8_beta1.9783=0.6183 val_L8_beta2.4006=0.6546 val_L8_beta2.4786=0.7363 val_total=48.7079
epoch  30  train=0.6328  val_L16_beta14.1464=0.5396 val_L16_beta25=0.5249 val_L16_beta40=0.5327 val_L16_beta55.0237=0.5042 val_L16_beta1.0119=0.7147 val_L16_beta1.0397=0.7716 val_L16_beta1.0743=0.6377 val_L16_beta1.2464=0.6466 val_L16_beta1.2749=0.6033 val_L16_beta1.7484=0.4898 val_L16_beta1.8367=0.7891 val_L16_beta1.8781=0.6282 val_L16_beta2.122=0.5042 val_L16_beta2.1285=0.7478 val_L16_beta2.1757=0.5846 val_L16_beta2.1862=0.5629 val_L16_beta2.2983=0.5848 val_L16_beta2.3046=0.7201 val_L16_beta2.3454=0.6372 val_L16_beta2.7647=0.7213 val_L16_beta3.1518=0.6466 val_L16_beta3.1669=0.7247 val_L16_beta3.2922=0.4500 val_L16_beta3.3842=0.6369 val_L16_beta3.4006=0.5642 val_L16_beta3.6231=0.7311 val_L16_beta3.7225=0.6964 val_L16_beta4.0764=0.6617 val_L16_beta4.7323=0.6900 val_L16_beta4.7632=0.5794 val_L16_beta5.586=0.6235 val_L16_beta6.2411=0.4675 val_L16_beta6.4184=0.5018 val_L16_beta6.8771=0.3914 val_L16_beta8.3946=0.5090 val_L16_beta8.4548=0.5437 val_L16_beta8.7139=0.6141 val_L16_beta9.287=0.7205 val_L16_beta9.571=0.4787 val_L16_beta9.8499=0.4954 val_L16_beta10.2188=0.5770 val_L16_beta11.8501=0.6258 val_L16_beta11.8784=0.5538 val_L16_beta12.9259=0.5060 val_L16_beta14.4687=0.6119 val_L16_beta15.5366=0.4612 val_L16_beta17.502=0.4886 val_L16_beta17.7602=0.7021 val_L16_beta19.403=0.5386 val_L16_beta20.2412=0.6687 val_L16_beta21.8857=0.5492 val_L16_beta27.0442=0.5958 val_L16_beta27.3387=0.5930 val_L16_beta27.7875=0.6002 val_L16_beta30.5978=0.6037 val_L16_beta33.325=0.5076 val_L16_beta34.3422=0.5248 val_L16_beta38.5957=0.4373 val_L16_beta39.6475=0.4781 val_L16_beta47.0386=0.4945 val_L16_beta47.4228=0.5625 val_L16_beta54.11=0.3685 val_L16_beta56.1944=0.5093 val_L16_beta57.2189=0.4377 val_L32_beta2.1926=0.9099 val_L32_beta2.4697=1.0077 val_L32_beta2.8622=0.6759 val_L32_beta4.994=0.5346 val_L32_beta8.069=0.5512 val_L32_beta11.2015=0.6758 val_L32_beta12.3504=0.6696 val_L32_beta12.688=0.7717 val_L32_beta14.1441=0.5788 val_L32_beta18.0708=0.3453 val_L32_beta18.6487=0.3846 val_L32_beta52.6284=0.5340 val_L8_beta1.4347=0.5162 val_L8_beta1.4977=0.7276 val_L8_beta1.7872=0.6239 val_L8_beta1.9783=0.6190 val_L8_beta2.4006=0.6562 val_L8_beta2.4786=0.7347 val_total=48.6845
epoch  31  train=0.6372  val_L16_beta14.1464=0.5395 val_L16_beta25=0.5250 val_L16_beta40=0.5325 val_L16_beta55.0237=0.5042 val_L16_beta1.0119=0.7108 val_L16_beta1.0397=0.7723 val_L16_beta1.0743=0.6390 val_L16_beta1.2464=0.6463 val_L16_beta1.2749=0.6009 val_L16_beta1.7484=0.4892 val_L16_beta1.8367=0.7904 val_L16_beta1.8781=0.6276 val_L16_beta2.122=0.5031 val_L16_beta2.1285=0.7457 val_L16_beta2.1757=0.5843 val_L16_beta2.1862=0.5626 val_L16_beta2.2983=0.5843 val_L16_beta2.3046=0.7200 val_L16_beta2.3454=0.6365 val_L16_beta2.7647=0.7216 val_L16_beta3.1518=0.6466 val_L16_beta3.1669=0.7255 val_L16_beta3.2922=0.4498 val_L16_beta3.3842=0.6377 val_L16_beta3.4006=0.5639 val_L16_beta3.6231=0.7300 val_L16_beta3.7225=0.6967 val_L16_beta4.0764=0.6603 val_L16_beta4.7323=0.6903 val_L16_beta4.7632=0.5794 val_L16_beta5.586=0.6240 val_L16_beta6.2411=0.4674 val_L16_beta6.4184=0.5014 val_L16_beta6.8771=0.3914 val_L16_beta8.3946=0.5064 val_L16_beta8.4548=0.5451 val_L16_beta8.7139=0.6134 val_L16_beta9.287=0.7204 val_L16_beta9.571=0.4784 val_L16_beta9.8499=0.4954 val_L16_beta10.2188=0.5776 val_L16_beta11.8501=0.6256 val_L16_beta11.8784=0.5538 val_L16_beta12.9259=0.5058 val_L16_beta14.4687=0.6114 val_L16_beta15.5366=0.4608 val_L16_beta17.502=0.4885 val_L16_beta17.7602=0.7024 val_L16_beta19.403=0.5386 val_L16_beta20.2412=0.6686 val_L16_beta21.8857=0.5492 val_L16_beta27.0442=0.5960 val_L16_beta27.3387=0.5928 val_L16_beta27.7875=0.6002 val_L16_beta30.5978=0.6038 val_L16_beta33.325=0.5085 val_L16_beta34.3422=0.5236 val_L16_beta38.5957=0.4371 val_L16_beta39.6475=0.4783 val_L16_beta47.0386=0.4942 val_L16_beta47.4228=0.5626 val_L16_beta54.11=0.3684 val_L16_beta56.1944=0.5083 val_L16_beta57.2189=0.4374 val_L32_beta2.1926=0.9118 val_L32_beta2.4697=1.0003 val_L32_beta2.8622=0.6766 val_L32_beta4.994=0.5355 val_L32_beta8.069=0.5530 val_L32_beta11.2015=0.6759 val_L32_beta12.3504=0.6696 val_L32_beta12.688=0.7688 val_L32_beta14.1441=0.5785 val_L32_beta18.0708=0.3456 val_L32_beta18.6487=0.3831 val_L32_beta52.6284=0.5357 val_L8_beta1.4347=0.5155 val_L8_beta1.4977=0.7297 val_L8_beta1.7872=0.6236 val_L8_beta1.9783=0.6178 val_L8_beta2.4006=0.6572 val_L8_beta2.4786=0.7343 val_total=48.6654
epoch  32  train=0.6357  val_L16_beta14.1464=0.5394 val_L16_beta25=0.5244 val_L16_beta40=0.5325 val_L16_beta55.0237=0.5041 val_L16_beta1.0119=0.7074 val_L16_beta1.0397=0.7703 val_L16_beta1.0743=0.6388 val_L16_beta1.2464=0.6461 val_L16_beta1.2749=0.6020 val_L16_beta1.7484=0.4931 val_L16_beta1.8367=0.7911 val_L16_beta1.8781=0.6271 val_L16_beta2.122=0.5024 val_L16_beta2.1285=0.7487 val_L16_beta2.1757=0.5816 val_L16_beta2.1862=0.5627 val_L16_beta2.2983=0.5845 val_L16_beta2.3046=0.7233 val_L16_beta2.3454=0.6361 val_L16_beta2.7647=0.7220 val_L16_beta3.1518=0.6470 val_L16_beta3.1669=0.7254 val_L16_beta3.2922=0.4499 val_L16_beta3.3842=0.6366 val_L16_beta3.4006=0.5628 val_L16_beta3.6231=0.7299 val_L16_beta3.7225=0.6966 val_L16_beta4.0764=0.6604 val_L16_beta4.7323=0.6903 val_L16_beta4.7632=0.5802 val_L16_beta5.586=0.6258 val_L16_beta6.2411=0.4678 val_L16_beta6.4184=0.5025 val_L16_beta6.8771=0.3914 val_L16_beta8.3946=0.5041 val_L16_beta8.4548=0.5450 val_L16_beta8.7139=0.6136 val_L16_beta9.287=0.7206 val_L16_beta9.571=0.4775 val_L16_beta9.8499=0.4953 val_L16_beta10.2188=0.5767 val_L16_beta11.8501=0.6258 val_L16_beta11.8784=0.5541 val_L16_beta12.9259=0.5068 val_L16_beta14.4687=0.6111 val_L16_beta15.5366=0.4608 val_L16_beta17.502=0.4886 val_L16_beta17.7602=0.7021 val_L16_beta19.403=0.5389 val_L16_beta20.2412=0.6686 val_L16_beta21.8857=0.5493 val_L16_beta27.0442=0.5956 val_L16_beta27.3387=0.5926 val_L16_beta27.7875=0.6002 val_L16_beta30.5978=0.6041 val_L16_beta33.325=0.5070 val_L16_beta34.3422=0.5235 val_L16_beta38.5957=0.4370 val_L16_beta39.6475=0.4782 val_L16_beta47.0386=0.4943 val_L16_beta47.4228=0.5629 val_L16_beta54.11=0.3685 val_L16_beta56.1944=0.5079 val_L16_beta57.2189=0.4377 val_L32_beta2.1926=0.8939 val_L32_beta2.4697=1.0122 val_L32_beta2.8622=0.6775 val_L32_beta4.994=0.5364 val_L32_beta8.069=0.5504 val_L32_beta11.2015=0.6761 val_L32_beta12.3504=0.6689 val_L32_beta12.688=0.7660 val_L32_beta14.1441=0.5794 val_L32_beta18.0708=0.3454 val_L32_beta18.6487=0.3845 val_L32_beta52.6284=0.5343 val_L8_beta1.4347=0.5155 val_L8_beta1.4977=0.7299 val_L8_beta1.7872=0.6230 val_L8_beta1.9783=0.6176 val_L8_beta2.4006=0.6565 val_L8_beta2.4786=0.7349 val_total=48.6552
epoch  33  train=0.6410  val_L16_beta14.1464=0.5394 val_L16_beta25=0.5246 val_L16_beta40=0.5326 val_L16_beta55.0237=0.5044 val_L16_beta1.0119=0.7074 val_L16_beta1.0397=0.7701 val_L16_beta1.0743=0.6381 val_L16_beta1.2464=0.6462 val_L16_beta1.2749=0.6018 val_L16_beta1.7484=0.4928 val_L16_beta1.8367=0.7923 val_L16_beta1.8781=0.6268 val_L16_beta2.122=0.5022 val_L16_beta2.1285=0.7436 val_L16_beta2.1757=0.5818 val_L16_beta2.1862=0.5638 val_L16_beta2.2983=0.5840 val_L16_beta2.3046=0.7215 val_L16_beta2.3454=0.6368 val_L16_beta2.7647=0.7218 val_L16_beta3.1518=0.6469 val_L16_beta3.1669=0.7249 val_L16_beta3.2922=0.4496 val_L16_beta3.3842=0.6367 val_L16_beta3.4006=0.5618 val_L16_beta3.6231=0.7300 val_L16_beta3.7225=0.6962 val_L16_beta4.0764=0.6613 val_L16_beta4.7323=0.6902 val_L16_beta4.7632=0.5809 val_L16_beta5.586=0.6248 val_L16_beta6.2411=0.4681 val_L16_beta6.4184=0.5013 val_L16_beta6.8771=0.3913 val_L16_beta8.3946=0.5019 val_L16_beta8.4548=0.5455 val_L16_beta8.7139=0.6138 val_L16_beta9.287=0.7201 val_L16_beta9.571=0.4775 val_L16_beta9.8499=0.4953 val_L16_beta10.2188=0.5768 val_L16_beta11.8501=0.6258 val_L16_beta11.8784=0.5541 val_L16_beta12.9259=0.5069 val_L16_beta14.4687=0.6112 val_L16_beta15.5366=0.4605 val_L16_beta17.502=0.4885 val_L16_beta17.7602=0.7018 val_L16_beta19.403=0.5399 val_L16_beta20.2412=0.6686 val_L16_beta21.8857=0.5492 val_L16_beta27.0442=0.5951 val_L16_beta27.3387=0.5931 val_L16_beta27.7875=0.6004 val_L16_beta30.5978=0.6038 val_L16_beta33.325=0.5057 val_L16_beta34.3422=0.5228 val_L16_beta38.5957=0.4374 val_L16_beta39.6475=0.4786 val_L16_beta47.0386=0.4954 val_L16_beta47.4228=0.5626 val_L16_beta54.11=0.3684 val_L16_beta56.1944=0.5075 val_L16_beta57.2189=0.4376 val_L32_beta2.1926=0.9086 val_L32_beta2.4697=1.0280 val_L32_beta2.8622=0.6746 val_L32_beta4.994=0.5348 val_L32_beta8.069=0.5493 val_L32_beta11.2015=0.6766 val_L32_beta12.3504=0.6689 val_L32_beta12.688=0.7709 val_L32_beta14.1441=0.5784 val_L32_beta18.0708=0.3457 val_L32_beta18.6487=0.3840 val_L32_beta52.6284=0.5349 val_L8_beta1.4347=0.5162 val_L8_beta1.4977=0.7288 val_L8_beta1.7872=0.6228 val_L8_beta1.9783=0.6178 val_L8_beta2.4006=0.6572 val_L8_beta2.4786=0.7352 val_total=48.6746
epoch  34  train=0.6326  val_L16_beta14.1464=0.5392 val_L16_beta25=0.5249 val_L16_beta40=0.5326 val_L16_beta55.0237=0.5046 val_L16_beta1.0119=0.7088 val_L16_beta1.0397=0.7687 val_L16_beta1.0743=0.6370 val_L16_beta1.2464=0.6461 val_L16_beta1.2749=0.6001 val_L16_beta1.7484=0.4940 val_L16_beta1.8367=0.7912 val_L16_beta1.8781=0.6270 val_L16_beta2.122=0.5027 val_L16_beta2.1285=0.7444 val_L16_beta2.1757=0.5825 val_L16_beta2.1862=0.5635 val_L16_beta2.2983=0.5841 val_L16_beta2.3046=0.7222 val_L16_beta2.3454=0.6382 val_L16_beta2.7647=0.7206 val_L16_beta3.1518=0.6469 val_L16_beta3.1669=0.7274 val_L16_beta3.2922=0.4498 val_L16_beta3.3842=0.6362 val_L16_beta3.4006=0.5618 val_L16_beta3.6231=0.7301 val_L16_beta3.7225=0.6955 val_L16_beta4.0764=0.6596 val_L16_beta4.7323=0.6903 val_L16_beta4.7632=0.5816 val_L16_beta5.586=0.6224 val_L16_beta6.2411=0.4686 val_L16_beta6.4184=0.4997 val_L16_beta6.8771=0.3912 val_L16_beta8.3946=0.5028 val_L16_beta8.4548=0.5450 val_L16_beta8.7139=0.6134 val_L16_beta9.287=0.7201 val_L16_beta9.571=0.4775 val_L16_beta9.8499=0.4951 val_L16_beta10.2188=0.5767 val_L16_beta11.8501=0.6257 val_L16_beta11.8784=0.5542 val_L16_beta12.9259=0.5071 val_L16_beta14.4687=0.6104 val_L16_beta15.5366=0.4606 val_L16_beta17.502=0.4885 val_L16_beta17.7602=0.7016 val_L16_beta19.403=0.5409 val_L16_beta20.2412=0.6685 val_L16_beta21.8857=0.5495 val_L16_beta27.0442=0.5952 val_L16_beta27.3387=0.5932 val_L16_beta27.7875=0.6004 val_L16_beta30.5978=0.6038 val_L16_beta33.325=0.5058 val_L16_beta34.3422=0.5225 val_L16_beta38.5957=0.4371 val_L16_beta39.6475=0.4789 val_L16_beta47.0386=0.4942 val_L16_beta47.4228=0.5623 val_L16_beta54.11=0.3684 val_L16_beta56.1944=0.5079 val_L16_beta57.2189=0.4371 val_L32_beta2.1926=0.8907 val_L32_beta2.4697=1.0031 val_L32_beta2.8622=0.6763 val_L32_beta4.994=0.5330 val_L32_beta8.069=0.5513 val_L32_beta11.2015=0.6761 val_L32_beta12.3504=0.6685 val_L32_beta12.688=0.7564 val_L32_beta14.1441=0.5780 val_L32_beta18.0708=0.3461 val_L32_beta18.6487=0.3842 val_L32_beta52.6284=0.5330 val_L8_beta1.4347=0.5165 val_L8_beta1.4977=0.7259 val_L8_beta1.7872=0.6235 val_L8_beta1.9783=0.6173 val_L8_beta2.4006=0.6563 val_L8_beta2.4786=0.7348 val_total=48.6090
epoch  35  train=0.6292  val_L16_beta14.1464=0.5390 val_L16_beta25=0.5245 val_L16_beta40=0.5323 val_L16_beta55.0237=0.5044 val_L16_beta1.0119=0.7081 val_L16_beta1.0397=0.7682 val_L16_beta1.0743=0.6373 val_L16_beta1.2464=0.6476 val_L16_beta1.2749=0.6005 val_L16_beta1.7484=0.4934 val_L16_beta1.8367=0.7899 val_L16_beta1.8781=0.6266 val_L16_beta2.122=0.5039 val_L16_beta2.1285=0.7437 val_L16_beta2.1757=0.5811 val_L16_beta2.1862=0.5629 val_L16_beta2.2983=0.5834 val_L16_beta2.3046=0.7203 val_L16_beta2.3454=0.6373 val_L16_beta2.7647=0.7210 val_L16_beta3.1518=0.6467 val_L16_beta3.1669=0.7234 val_L16_beta3.2922=0.4498 val_L16_beta3.3842=0.6361 val_L16_beta3.4006=0.5602 val_L16_beta3.6231=0.7298 val_L16_beta3.7225=0.6953 val_L16_beta4.0764=0.6600 val_L16_beta4.7323=0.6909 val_L16_beta4.7632=0.5810 val_L16_beta5.586=0.6207 val_L16_beta6.2411=0.4682 val_L16_beta6.4184=0.4986 val_L16_beta6.8771=0.3915 val_L16_beta8.3946=0.5034 val_L16_beta8.4548=0.5426 val_L16_beta8.7139=0.6132 val_L16_beta9.287=0.7204 val_L16_beta9.571=0.4773 val_L16_beta9.8499=0.4951 val_L16_beta10.2188=0.5767 val_L16_beta11.8501=0.6259 val_L16_beta11.8784=0.5540 val_L16_beta12.9259=0.5059 val_L16_beta14.4687=0.6104 val_L16_beta15.5366=0.4601 val_L16_beta17.502=0.4882 val_L16_beta17.7602=0.7019 val_L16_beta19.403=0.5419 val_L16_beta20.2412=0.6684 val_L16_beta21.8857=0.5492 val_L16_beta27.0442=0.5952 val_L16_beta27.3387=0.5918 val_L16_beta27.7875=0.6002 val_L16_beta30.5978=0.6032 val_L16_beta33.325=0.5065 val_L16_beta34.3422=0.5212 val_L16_beta38.5957=0.4369 val_L16_beta39.6475=0.4785 val_L16_beta47.0386=0.4934 val_L16_beta47.4228=0.5617 val_L16_beta54.11=0.3688 val_L16_beta56.1944=0.5081 val_L16_beta57.2189=0.4353 val_L32_beta2.1926=0.8935 val_L32_beta2.4697=1.0107 val_L32_beta2.8622=0.6793 val_L32_beta4.994=0.5319 val_L32_beta8.069=0.5507 val_L32_beta11.2015=0.6749 val_L32_beta12.3504=0.6600 val_L32_beta12.688=0.7554 val_L32_beta14.1441=0.5779 val_L32_beta18.0708=0.3451 val_L32_beta18.6487=0.3846 val_L32_beta52.6284=0.5346 val_L8_beta1.4347=0.5179 val_L8_beta1.4977=0.7250 val_L8_beta1.7872=0.6227 val_L8_beta1.9783=0.6158 val_L8_beta2.4006=0.6567 val_L8_beta2.4786=0.7351 val_total=48.5852
epoch  36  train=0.6337  val_L16_beta14.1464=0.5390 val_L16_beta25=0.5248 val_L16_beta40=0.5322 val_L16_beta55.0237=0.5042 val_L16_beta1.0119=0.7062 val_L16_beta1.0397=0.7676 val_L16_beta1.0743=0.6367 val_L16_beta1.2464=0.6471 val_L16_beta1.2749=0.6017 val_L16_beta1.7484=0.4909 val_L16_beta1.8367=0.7919 val_L16_beta1.8781=0.6256 val_L16_beta2.122=0.5038 val_L16_beta2.1285=0.7441 val_L16_beta2.1757=0.5799 val_L16_beta2.1862=0.5620 val_L16_beta2.2983=0.5840 val_L16_beta2.3046=0.7205 val_L16_beta2.3454=0.6352 val_L16_beta2.7647=0.7199 val_L16_beta3.1518=0.6463 val_L16_beta3.1669=0.7250 val_L16_beta3.2922=0.4497 val_L16_beta3.3842=0.6359 val_L16_beta3.4006=0.5599 val_L16_beta3.6231=0.7297 val_L16_beta3.7225=0.6954 val_L16_beta4.0764=0.6596 val_L16_beta4.7323=0.6910 val_L16_beta4.7632=0.5823 val_L16_beta5.586=0.6207 val_L16_beta6.2411=0.4678 val_L16_beta6.4184=0.4987 val_L16_beta6.8771=0.3909 val_L16_beta8.3946=0.5037 val_L16_beta8.4548=0.5425 val_L16_beta8.7139=0.6139 val_L16_beta9.287=0.7206 val_L16_beta9.571=0.4769 val_L16_beta9.8499=0.4951 val_L16_beta10.2188=0.5772 val_L16_beta11.8501=0.6259 val_L16_beta11.8784=0.5538 val_L16_beta12.9259=0.5051 val_L16_beta14.4687=0.6092 val_L16_beta15.5366=0.4599 val_L16_beta17.502=0.4880 val_L16_beta17.7602=0.7015 val_L16_beta19.403=0.5400 val_L16_beta20.2412=0.6686 val_L16_beta21.8857=0.5491 val_L16_beta27.0442=0.5950 val_L16_beta27.3387=0.5918 val_L16_beta27.7875=0.6001 val_L16_beta30.5978=0.6028 val_L16_beta33.325=0.5067 val_L16_beta34.3422=0.5216 val_L16_beta38.5957=0.4369 val_L16_beta39.6475=0.4786 val_L16_beta47.0386=0.4936 val_L16_beta47.4228=0.5615 val_L16_beta54.11=0.3680 val_L16_beta56.1944=0.5086 val_L16_beta57.2189=0.4367 val_L32_beta2.1926=0.8898 val_L32_beta2.4697=0.9942 val_L32_beta2.8622=0.6764 val_L32_beta4.994=0.5310 val_L32_beta8.069=0.5507 val_L32_beta11.2015=0.6755 val_L32_beta12.3504=0.6571 val_L32_beta12.688=0.7613 val_L32_beta14.1441=0.5790 val_L32_beta18.0708=0.3455 val_L32_beta18.6487=0.3840 val_L32_beta52.6284=0.5350 val_L8_beta1.4347=0.5208 val_L8_beta1.4977=0.7249 val_L8_beta1.7872=0.6224 val_L8_beta1.9783=0.6176 val_L8_beta2.4006=0.6582 val_L8_beta2.4786=0.7357 val_total=48.5624
epoch  37  train=0.6337  val_L16_beta14.1464=0.5391 val_L16_beta25=0.5247 val_L16_beta40=0.5320 val_L16_beta55.0237=0.5041 val_L16_beta1.0119=0.7076 val_L16_beta1.0397=0.7667 val_L16_beta1.0743=0.6358 val_L16_beta1.2464=0.6453 val_L16_beta1.2749=0.5996 val_L16_beta1.7484=0.4904 val_L16_beta1.8367=0.7919 val_L16_beta1.8781=0.6265 val_L16_beta2.122=0.5048 val_L16_beta2.1285=0.7428 val_L16_beta2.1757=0.5807 val_L16_beta2.1862=0.5616 val_L16_beta2.2983=0.5847 val_L16_beta2.3046=0.7196 val_L16_beta2.3454=0.6351 val_L16_beta2.7647=0.7199 val_L16_beta3.1518=0.6461 val_L16_beta3.1669=0.7233 val_L16_beta3.2922=0.4495 val_L16_beta3.3842=0.6363 val_L16_beta3.4006=0.5599 val_L16_beta3.6231=0.7299 val_L16_beta3.7225=0.6955 val_L16_beta4.0764=0.6581 val_L16_beta4.7323=0.6909 val_L16_beta4.7632=0.5820 val_L16_beta5.586=0.6216 val_L16_beta6.2411=0.4672 val_L16_beta6.4184=0.5001 val_L16_beta6.8771=0.3909 val_L16_beta8.3946=0.5037 val_L16_beta8.4548=0.5405 val_L16_beta8.7139=0.6140 val_L16_beta9.287=0.7206 val_L16_beta9.571=0.4761 val_L16_beta9.8499=0.4952 val_L16_beta10.2188=0.5779 val_L16_beta11.8501=0.6257 val_L16_beta11.8784=0.5537 val_L16_beta12.9259=0.5051 val_L16_beta14.4687=0.6090 val_L16_beta15.5366=0.4596 val_L16_beta17.502=0.4881 val_L16_beta17.7602=0.7012 val_L16_beta19.403=0.5403 val_L16_beta20.2412=0.6685 val_L16_beta21.8857=0.5491 val_L16_beta27.0442=0.5950 val_L16_beta27.3387=0.5912 val_L16_beta27.7875=0.6004 val_L16_beta30.5978=0.6023 val_L16_beta33.325=0.5057 val_L16_beta34.3422=0.5222 val_L16_beta38.5957=0.4374 val_L16_beta39.6475=0.4784 val_L16_beta47.0386=0.4941 val_L16_beta47.4228=0.5613 val_L16_beta54.11=0.3679 val_L16_beta56.1944=0.5085 val_L16_beta57.2189=0.4372 val_L32_beta2.1926=0.8971 val_L32_beta2.4697=0.9884 val_L32_beta2.8622=0.6772 val_L32_beta4.994=0.5324 val_L32_beta8.069=0.5519 val_L32_beta11.2015=0.6756 val_L32_beta12.3504=0.6542 val_L32_beta12.688=0.7617 val_L32_beta14.1441=0.5777 val_L32_beta18.0708=0.3466 val_L32_beta18.6487=0.3815 val_L32_beta52.6284=0.5354 val_L8_beta1.4347=0.5214 val_L8_beta1.4977=0.7256 val_L8_beta1.7872=0.6216 val_L8_beta1.9783=0.6163 val_L8_beta2.4006=0.6572 val_L8_beta2.4786=0.7366 val_total=48.5529
epoch  38  train=0.6308  val_L16_beta14.1464=0.5391 val_L16_beta25=0.5242 val_L16_beta40=0.5319 val_L16_beta55.0237=0.5039 val_L16_beta1.0119=0.7078 val_L16_beta1.0397=0.7679 val_L16_beta1.0743=0.6376 val_L16_beta1.2464=0.6451 val_L16_beta1.2749=0.5979 val_L16_beta1.7484=0.4859 val_L16_beta1.8367=0.7903 val_L16_beta1.8781=0.6256 val_L16_beta2.122=0.5044 val_L16_beta2.1285=0.7434 val_L16_beta2.1757=0.5807 val_L16_beta2.1862=0.5611 val_L16_beta2.2983=0.5845 val_L16_beta2.3046=0.7214 val_L16_beta2.3454=0.6365 val_L16_beta2.7647=0.7201 val_L16_beta3.1518=0.6458 val_L16_beta3.1669=0.7212 val_L16_beta3.2922=0.4492 val_L16_beta3.3842=0.6358 val_L16_beta3.4006=0.5604 val_L16_beta3.6231=0.7301 val_L16_beta3.7225=0.6957 val_L16_beta4.0764=0.6573 val_L16_beta4.7323=0.6906 val_L16_beta4.7632=0.5820 val_L16_beta5.586=0.6213 val_L16_beta6.2411=0.4676 val_L16_beta6.4184=0.5001 val_L16_beta6.8771=0.3906 val_L16_beta8.3946=0.5066 val_L16_beta8.4548=0.5412 val_L16_beta8.7139=0.6140 val_L16_beta9.287=0.7204 val_L16_beta9.571=0.4763 val_L16_beta9.8499=0.4951 val_L16_beta10.2188=0.5775 val_L16_beta11.8501=0.6255 val_L16_beta11.8784=0.5538 val_L16_beta12.9259=0.5059 val_L16_beta14.4687=0.6088 val_L16_beta15.5366=0.4593 val_L16_beta17.502=0.4879 val_L16_beta17.7602=0.7009 val_L16_beta19.403=0.5400 val_L16_beta20.2412=0.6685 val_L16_beta21.8857=0.5491 val_L16_beta27.0442=0.5949 val_L16_beta27.3387=0.5914 val_L16_beta27.7875=0.6002 val_L16_beta30.5978=0.6019 val_L16_beta33.325=0.5063 val_L16_beta34.3422=0.5231 val_L16_beta38.5957=0.4376 val_L16_beta39.6475=0.4778 val_L16_beta47.0386=0.4931 val_L16_beta47.4228=0.5612 val_L16_beta54.11=0.3682 val_L16_beta56.1944=0.5079 val_L16_beta57.2189=0.4368 val_L32_beta2.1926=0.8939 val_L32_beta2.4697=0.9848 val_L32_beta2.8622=0.6752 val_L32_beta4.994=0.5324 val_L32_beta8.069=0.5519 val_L32_beta11.2015=0.6758 val_L32_beta12.3504=0.6520 val_L32_beta12.688=0.7582 val_L32_beta14.1441=0.5780 val_L32_beta18.0708=0.3459 val_L32_beta18.6487=0.3821 val_L32_beta52.6284=0.5354 val_L8_beta1.4347=0.5197 val_L8_beta1.4977=0.7244 val_L8_beta1.7872=0.6209 val_L8_beta1.9783=0.6155 val_L8_beta2.4006=0.6566 val_L8_beta2.4786=0.7372 val_total=48.5278
epoch  39  train=0.6356  val_L16_beta14.1464=0.5391 val_L16_beta25=0.5238 val_L16_beta40=0.5316 val_L16_beta55.0237=0.5037 val_L16_beta1.0119=0.7074 val_L16_beta1.0397=0.7691 val_L16_beta1.0743=0.6404 val_L16_beta1.2464=0.6433 val_L16_beta1.2749=0.5986 val_L16_beta1.7484=0.4861 val_L16_beta1.8367=0.7906 val_L16_beta1.8781=0.6248 val_L16_beta2.122=0.5048 val_L16_beta2.1285=0.7437 val_L16_beta2.1757=0.5813 val_L16_beta2.1862=0.5607 val_L16_beta2.2983=0.5834 val_L16_beta2.3046=0.7210 val_L16_beta2.3454=0.6363 val_L16_beta2.7647=0.7196 val_L16_beta3.1518=0.6462 val_L16_beta3.1669=0.7215 val_L16_beta3.2922=0.4498 val_L16_beta3.3842=0.6353 val_L16_beta3.4006=0.5604 val_L16_beta3.6231=0.7297 val_L16_beta3.7225=0.6962 val_L16_beta4.0764=0.6571 val_L16_beta4.7323=0.6906 val_L16_beta4.7632=0.5822 val_L16_beta5.586=0.6199 val_L16_beta6.2411=0.4668 val_L16_beta6.4184=0.4995 val_L16_beta6.8771=0.3907 val_L16_beta8.3946=0.5064 val_L16_beta8.4548=0.5422 val_L16_beta8.7139=0.6136 val_L16_beta9.287=0.7203 val_L16_beta9.571=0.4758 val_L16_beta9.8499=0.4951 val_L16_beta10.2188=0.5765 val_L16_beta11.8501=0.6251 val_L16_beta11.8784=0.5537 val_L16_beta12.9259=0.5051 val_L16_beta14.4687=0.6095 val_L16_beta15.5366=0.4590 val_L16_beta17.502=0.4876 val_L16_beta17.7602=0.7014 val_L16_beta19.403=0.5397 val_L16_beta20.2412=0.6685 val_L16_beta21.8857=0.5487 val_L16_beta27.0442=0.5947 val_L16_beta27.3387=0.5909 val_L16_beta27.7875=0.5999 val_L16_beta30.5978=0.6020 val_L16_beta33.325=0.5054 val_L16_beta34.3422=0.5215 val_L16_beta38.5957=0.4372 val_L16_beta39.6475=0.4779 val_L16_beta47.0386=0.4930 val_L16_beta47.4228=0.5608 val_L16_beta54.11=0.3680 val_L16_beta56.1944=0.5082 val_L16_beta57.2189=0.4364 val_L32_beta2.1926=0.8983 val_L32_beta2.4697=0.9887 val_L32_beta2.8622=0.6732 val_L32_beta4.994=0.5320 val_L32_beta8.069=0.5542 val_L32_beta11.2015=0.6767 val_L32_beta12.3504=0.6472 val_L32_beta12.688=0.7538 val_L32_beta14.1441=0.5773 val_L32_beta18.0708=0.3451 val_L32_beta18.6487=0.3833 val_L32_beta52.6284=0.5338 val_L8_beta1.4347=0.5172 val_L8_beta1.4977=0.7240 val_L8_beta1.7872=0.6214 val_L8_beta1.9783=0.6155 val_L8_beta2.4006=0.6550 val_L8_beta2.4786=0.7367 val_total=48.5125
epoch  40  train=0.6325  val_L16_beta14.1464=0.5391 val_L16_beta25=0.5238 val_L16_beta40=0.5317 val_L16_beta55.0237=0.5037 val_L16_beta1.0119=0.7101 val_L16_beta1.0397=0.7679 val_L16_beta1.0743=0.6426 val_L16_beta1.2464=0.6416 val_L16_beta1.2749=0.5974 val_L16_beta1.7484=0.4899 val_L16_beta1.8367=0.7918 val_L16_beta1.8781=0.6249 val_L16_beta2.122=0.5046 val_L16_beta2.1285=0.7423 val_L16_beta2.1757=0.5822 val_L16_beta2.1862=0.5604 val_L16_beta2.2983=0.5812 val_L16_beta2.3046=0.7162 val_L16_beta2.3454=0.6360 val_L16_beta2.7647=0.7198 val_L16_beta3.1518=0.6461 val_L16_beta3.1669=0.7235 val_L16_beta3.2922=0.4497 val_L16_beta3.3842=0.6349 val_L16_beta3.4006=0.5603 val_L16_beta3.6231=0.7292 val_L16_beta3.7225=0.6960 val_L16_beta4.0764=0.6577 val_L16_beta4.7323=0.6899 val_L16_beta4.7632=0.5822 val_L16_beta5.586=0.6213 val_L16_beta6.2411=0.4657 val_L16_beta6.4184=0.4990 val_L16_beta6.8771=0.3907 val_L16_beta8.3946=0.5066 val_L16_beta8.4548=0.5425 val_L16_beta8.7139=0.6129 val_L16_beta9.287=0.7205 val_L16_beta9.571=0.4750 val_L16_beta9.8499=0.4951 val_L16_beta10.2188=0.5772 val_L16_beta11.8501=0.6248 val_L16_beta11.8784=0.5538 val_L16_beta12.9259=0.5046 val_L16_beta14.4687=0.6098 val_L16_beta15.5366=0.4592 val_L16_beta17.502=0.4875 val_L16_beta17.7602=0.7015 val_L16_beta19.403=0.5404 val_L16_beta20.2412=0.6685 val_L16_beta21.8857=0.5487 val_L16_beta27.0442=0.5946 val_L16_beta27.3387=0.5903 val_L16_beta27.7875=0.5998 val_L16_beta30.5978=0.6027 val_L16_beta33.325=0.5051 val_L16_beta34.3422=0.5208 val_L16_beta38.5957=0.4371 val_L16_beta39.6475=0.4780 val_L16_beta47.0386=0.4932 val_L16_beta47.4228=0.5612 val_L16_beta54.11=0.3674 val_L16_beta56.1944=0.5079 val_L16_beta57.2189=0.4359 val_L32_beta2.1926=0.9020 val_L32_beta2.4697=0.9799 val_L32_beta2.8622=0.6738 val_L32_beta4.994=0.5298 val_L32_beta8.069=0.5566 val_L32_beta11.2015=0.6756 val_L32_beta12.3504=0.6468 val_L32_beta12.688=0.7485 val_L32_beta14.1441=0.5770 val_L32_beta18.0708=0.3448 val_L32_beta18.6487=0.3834 val_L32_beta52.6284=0.5339 val_L8_beta1.4347=0.5152 val_L8_beta1.4977=0.7238 val_L8_beta1.7872=0.6209 val_L8_beta1.9783=0.6153 val_L8_beta2.4006=0.6545 val_L8_beta2.4786=0.7364 val_total=48.4942
epoch  41  train=0.6376  val_L16_beta14.1464=0.5390 val_L16_beta25=0.5241 val_L16_beta40=0.5318 val_L16_beta55.0237=0.5036 val_L16_beta1.0119=0.7067 val_L16_beta1.0397=0.7686 val_L16_beta1.0743=0.6430 val_L16_beta1.2464=0.6413 val_L16_beta1.2749=0.5956 val_L16_beta1.7484=0.4887 val_L16_beta1.8367=0.7904 val_L16_beta1.8781=0.6247 val_L16_beta2.122=0.5055 val_L16_beta2.1285=0.7434 val_L16_beta2.1757=0.5820 val_L16_beta2.1862=0.5591 val_L16_beta2.2983=0.5806 val_L16_beta2.3046=0.7177 val_L16_beta2.3454=0.6362 val_L16_beta2.7647=0.7204 val_L16_beta3.1518=0.6456 val_L16_beta3.1669=0.7240 val_L16_beta3.2922=0.4494 val_L16_beta3.3842=0.6344 val_L16_beta3.4006=0.5615 val_L16_beta3.6231=0.7289 val_L16_beta3.7225=0.6955 val_L16_beta4.0764=0.6573 val_L16_beta4.7323=0.6894 val_L16_beta4.7632=0.5837 val_L16_beta5.586=0.6215 val_L16_beta6.2411=0.4662 val_L16_beta6.4184=0.4989 val_L16_beta6.8771=0.3907 val_L16_beta8.3946=0.5065 val_L16_beta8.4548=0.5433 val_L16_beta8.7139=0.6129 val_L16_beta9.287=0.7200 val_L16_beta9.571=0.4747 val_L16_beta9.8499=0.4952 val_L16_beta10.2188=0.5762 val_L16_beta11.8501=0.6246 val_L16_beta11.8784=0.5538 val_L16_beta12.9259=0.5050 val_L16_beta14.4687=0.6094 val_L16_beta15.5366=0.4592 val_L16_beta17.502=0.4875 val_L16_beta17.7602=0.7011 val_L16_beta19.403=0.5407 val_L16_beta20.2412=0.6685 val_L16_beta21.8857=0.5490 val_L16_beta27.0442=0.5950 val_L16_beta27.3387=0.5900 val_L16_beta27.7875=0.5998 val_L16_beta30.5978=0.6024 val_L16_beta33.325=0.5046 val_L16_beta34.3422=0.5211 val_L16_beta38.5957=0.4372 val_L16_beta39.6475=0.4782 val_L16_beta47.0386=0.4926 val_L16_beta47.4228=0.5615 val_L16_beta54.11=0.3676 val_L16_beta56.1944=0.5083 val_L16_beta57.2189=0.4360 val_L32_beta2.1926=0.8961 val_L32_beta2.4697=0.9996 val_L32_beta2.8622=0.6737 val_L32_beta4.994=0.5310 val_L32_beta8.069=0.5540 val_L32_beta11.2015=0.6751 val_L32_beta12.3504=0.6460 val_L32_beta12.688=0.7456 val_L32_beta14.1441=0.5767 val_L32_beta18.0708=0.3444 val_L32_beta18.6487=0.3828 val_L32_beta52.6284=0.5331 val_L8_beta1.4347=0.5156 val_L8_beta1.4977=0.7227 val_L8_beta1.7872=0.6210 val_L8_beta1.9783=0.6144 val_L8_beta2.4006=0.6546 val_L8_beta2.4786=0.7367 val_total=48.4947
epoch  42  train=0.6334  val_L16_beta14.1464=0.5390 val_L16_beta25=0.5240 val_L16_beta40=0.5317 val_L16_beta55.0237=0.5035 val_L16_beta1.0119=0.7061 val_L16_beta1.0397=0.7692 val_L16_beta1.0743=0.6452 val_L16_beta1.2464=0.6435 val_L16_beta1.2749=0.5949 val_L16_beta1.7484=0.4861 val_L16_beta1.8367=0.7881 val_L16_beta1.8781=0.6241 val_L16_beta2.122=0.5056 val_L16_beta2.1285=0.7435 val_L16_beta2.1757=0.5811 val_L16_beta2.1862=0.5591 val_L16_beta2.2983=0.5813 val_L16_beta2.3046=0.7183 val_L16_beta2.3454=0.6357 val_L16_beta2.7647=0.7196 val_L16_beta3.1518=0.6458 val_L16_beta3.1669=0.7222 val_L16_beta3.2922=0.4491 val_L16_beta3.3842=0.6352 val_L16_beta3.4006=0.5606 val_L16_beta3.6231=0.7279 val_L16_beta3.7225=0.6952 val_L16_beta4.0764=0.6574 val_L16_beta4.7323=0.6896 val_L16_beta4.7632=0.5840 val_L16_beta5.586=0.6211 val_L16_beta6.2411=0.4658 val_L16_beta6.4184=0.4989 val_L16_beta6.8771=0.3905 val_L16_beta8.3946=0.5055 val_L16_beta8.4548=0.5427 val_L16_beta8.7139=0.6130 val_L16_beta9.287=0.7199 val_L16_beta9.571=0.4744 val_L16_beta9.8499=0.4951 val_L16_beta10.2188=0.5769 val_L16_beta11.8501=0.6248 val_L16_beta11.8784=0.5537 val_L16_beta12.9259=0.5053 val_L16_beta14.4687=0.6090 val_L16_beta15.5366=0.4589 val_L16_beta17.502=0.4875 val_L16_beta17.7602=0.7008 val_L16_beta19.403=0.5398 val_L16_beta20.2412=0.6685 val_L16_beta21.8857=0.5489 val_L16_beta27.0442=0.5954 val_L16_beta27.3387=0.5898 val_L16_beta27.7875=0.6000 val_L16_beta30.5978=0.6021 val_L16_beta33.325=0.5041 val_L16_beta34.3422=0.5208 val_L16_beta38.5957=0.4370 val_L16_beta39.6475=0.4780 val_L16_beta47.0386=0.4925 val_L16_beta47.4228=0.5617 val_L16_beta54.11=0.3679 val_L16_beta56.1944=0.5077 val_L16_beta57.2189=0.4357 val_L32_beta2.1926=0.8949 val_L32_beta2.4697=1.0111 val_L32_beta2.8622=0.6744 val_L32_beta4.994=0.5311 val_L32_beta8.069=0.5534 val_L32_beta11.2015=0.6748 val_L32_beta12.3504=0.6456 val_L32_beta12.688=0.7414 val_L32_beta14.1441=0.5769 val_L32_beta18.0708=0.3441 val_L32_beta18.6487=0.3825 val_L32_beta52.6284=0.5317 val_L8_beta1.4347=0.5177 val_L8_beta1.4977=0.7222 val_L8_beta1.7872=0.6206 val_L8_beta1.9783=0.6139 val_L8_beta2.4006=0.6538 val_L8_beta2.4786=0.7362 val_total=48.4869
epoch  43  train=0.6309  val_L16_beta14.1464=0.5390 val_L16_beta25=0.5239 val_L16_beta40=0.5315 val_L16_beta55.0237=0.5034 val_L16_beta1.0119=0.7090 val_L16_beta1.0397=0.7687 val_L16_beta1.0743=0.6431 val_L16_beta1.2464=0.6418 val_L16_beta1.2749=0.5915 val_L16_beta1.7484=0.4850 val_L16_beta1.8367=0.7872 val_L16_beta1.8781=0.6244 val_L16_beta2.122=0.5056 val_L16_beta2.1285=0.7431 val_L16_beta2.1757=0.5810 val_L16_beta2.1862=0.5591 val_L16_beta2.2983=0.5825 val_L16_beta2.3046=0.7181 val_L16_beta2.3454=0.6356 val_L16_beta2.7647=0.7204 val_L16_beta3.1518=0.6457 val_L16_beta3.1669=0.7218 val_L16_beta3.2922=0.4491 val_L16_beta3.3842=0.6361 val_L16_beta3.4006=0.5598 val_L16_beta3.6231=0.7282 val_L16_beta3.7225=0.6950 val_L16_beta4.0764=0.6575 val_L16_beta4.7323=0.6899 val_L16_beta4.7632=0.5822 val_L16_beta5.586=0.6204 val_L16_beta6.2411=0.4657 val_L16_beta6.4184=0.4982 val_L16_beta6.8771=0.3901 val_L16_beta8.3946=0.5025 val_L16_beta8.4548=0.5408 val_L16_beta8.7139=0.6128 val_L16_beta9.287=0.7204 val_L16_beta9.571=0.4740 val_L16_beta9.8499=0.4952 val_L16_beta10.2188=0.5778 val_L16_beta11.8501=0.6248 val_L16_beta11.8784=0.5539 val_L16_beta12.9259=0.5052 val_L16_beta14.4687=0.6087 val_L16_beta15.5366=0.4589 val_L16_beta17.502=0.4877 val_L16_beta17.7602=0.7011 val_L16_beta19.403=0.5399 val_L16_beta20.2412=0.6686 val_L16_beta21.8857=0.5487 val_L16_beta27.0442=0.5949 val_L16_beta27.3387=0.5908 val_L16_beta27.7875=0.6002 val_L16_beta30.5978=0.6020 val_L16_beta33.325=0.5041 val_L16_beta34.3422=0.5206 val_L16_beta38.5957=0.4368 val_L16_beta39.6475=0.4780 val_L16_beta47.0386=0.4932 val_L16_beta47.4228=0.5617 val_L16_beta54.11=0.3676 val_L16_beta56.1944=0.5074 val_L16_beta57.2189=0.4360 val_L32_beta2.1926=0.8960 val_L32_beta2.4697=0.9987 val_L32_beta2.8622=0.6761 val_L32_beta4.994=0.5303 val_L32_beta8.069=0.5444 val_L32_beta11.2015=0.6736 val_L32_beta12.3504=0.6422 val_L32_beta12.688=0.7464 val_L32_beta14.1441=0.5765 val_L32_beta18.0708=0.3436 val_L32_beta18.6487=0.3834 val_L32_beta52.6284=0.5329 val_L8_beta1.4347=0.5191 val_L8_beta1.4977=0.7230 val_L8_beta1.7872=0.6206 val_L8_beta1.9783=0.6130 val_L8_beta2.4006=0.6525 val_L8_beta2.4786=0.7352 val_total=48.4556
epoch  44  train=0.6379  val_L16_beta14.1464=0.5391 val_L16_beta25=0.5240 val_L16_beta40=0.5313 val_L16_beta55.0237=0.5033 val_L16_beta1.0119=0.7086 val_L16_beta1.0397=0.7703 val_L16_beta1.0743=0.6437 val_L16_beta1.2464=0.6439 val_L16_beta1.2749=0.5942 val_L16_beta1.7484=0.4857 val_L16_beta1.8367=0.7848 val_L16_beta1.8781=0.6239 val_L16_beta2.122=0.5060 val_L16_beta2.1285=0.7430 val_L16_beta2.1757=0.5809 val_L16_beta2.1862=0.5591 val_L16_beta2.2983=0.5825 val_L16_beta2.3046=0.7169 val_L16_beta2.3454=0.6359 val_L16_beta2.7647=0.7206 val_L16_beta3.1518=0.6461 val_L16_beta3.1669=0.7243 val_L16_beta3.2922=0.4491 val_L16_beta3.3842=0.6365 val_L16_beta3.4006=0.5599 val_L16_beta3.6231=0.7278 val_L16_beta3.7225=0.6953 val_L16_beta4.0764=0.6572 val_L16_beta4.7323=0.6895 val_L16_beta4.7632=0.5814 val_L16_beta5.586=0.6210 val_L16_beta6.2411=0.4658 val_L16_beta6.4184=0.4982 val_L16_beta6.8771=0.3898 val_L16_beta8.3946=0.5023 val_L16_beta8.4548=0.5421 val_L16_beta8.7139=0.6127 val_L16_beta9.287=0.7204 val_L16_beta9.571=0.4740 val_L16_beta9.8499=0.4954 val_L16_beta10.2188=0.5785 val_L16_beta11.8501=0.6249 val_L16_beta11.8784=0.5539 val_L16_beta12.9259=0.5053 val_L16_beta14.4687=0.6095 val_L16_beta15.5366=0.4590 val_L16_beta17.502=0.4876 val_L16_beta17.7602=0.7017 val_L16_beta19.403=0.5403 val_L16_beta20.2412=0.6685 val_L16_beta21.8857=0.5488 val_L16_beta27.0442=0.5947 val_L16_beta27.3387=0.5910 val_L16_beta27.7875=0.6001 val_L16_beta30.5978=0.6010 val_L16_beta33.325=0.5032 val_L16_beta34.3422=0.5201 val_L16_beta38.5957=0.4370 val_L16_beta39.6475=0.4782 val_L16_beta47.0386=0.4928 val_L16_beta47.4228=0.5616 val_L16_beta54.11=0.3677 val_L16_beta56.1944=0.5077 val_L16_beta57.2189=0.4364 val_L32_beta2.1926=0.8858 val_L32_beta2.4697=0.9828 val_L32_beta2.8622=0.6759 val_L32_beta4.994=0.5304 val_L32_beta8.069=0.5419 val_L32_beta11.2015=0.6738 val_L32_beta12.3504=0.6431 val_L32_beta12.688=0.7451 val_L32_beta14.1441=0.5772 val_L32_beta18.0708=0.3440 val_L32_beta18.6487=0.3828 val_L32_beta52.6284=0.5324 val_L8_beta1.4347=0.5171 val_L8_beta1.4977=0.7236 val_L8_beta1.7872=0.6207 val_L8_beta1.9783=0.6125 val_L8_beta2.4006=0.6515 val_L8_beta2.4786=0.7359 val_total=48.4327
epoch  45  train=0.6358  val_L16_beta14.1464=0.5391 val_L16_beta25=0.5243 val_L16_beta40=0.5314 val_L16_beta55.0237=0.5029 val_L16_beta1.0119=0.7097 val_L16_beta1.0397=0.7691 val_L16_beta1.0743=0.6423 val_L16_beta1.2464=0.6421 val_L16_beta1.2749=0.5919 val_L16_beta1.7484=0.4847 val_L16_beta1.8367=0.7846 val_L16_beta1.8781=0.6237 val_L16_beta2.122=0.5058 val_L16_beta2.1285=0.7432 val_L16_beta2.1757=0.5804 val_L16_beta2.1862=0.5596 val_L16_beta2.2983=0.5826 val_L16_beta2.3046=0.7167 val_L16_beta2.3454=0.6353 val_L16_beta2.7647=0.7200 val_L16_beta3.1518=0.6459 val_L16_beta3.1669=0.7262 val_L16_beta3.2922=0.4494 val_L16_beta3.3842=0.6361 val_L16_beta3.4006=0.5601 val_L16_beta3.6231=0.7275 val_L16_beta3.7225=0.6956 val_L16_beta4.0764=0.6574 val_L16_beta4.7323=0.6894 val_L16_beta4.7632=0.5814 val_L16_beta5.586=0.6208 val_L16_beta6.2411=0.4659 val_L16_beta6.4184=0.4988 val_L16_beta6.8771=0.3897 val_L16_beta8.3946=0.5035 val_L16_beta8.4548=0.5421 val_L16_beta8.7139=0.6127 val_L16_beta9.287=0.7208 val_L16_beta9.571=0.4737 val_L16_beta9.8499=0.4956 val_L16_beta10.2188=0.5781 val_L16_beta11.8501=0.6250 val_L16_beta11.8784=0.5537 val_L16_beta12.9259=0.5047 val_L16_beta14.4687=0.6095 val_L16_beta15.5366=0.4591 val_L16_beta17.502=0.4876 val_L16_beta17.7602=0.7016 val_L16_beta19.403=0.5394 val_L16_beta20.2412=0.6686 val_L16_beta21.8857=0.5487 val_L16_beta27.0442=0.5944 val_L16_beta27.3387=0.5910 val_L16_beta27.7875=0.6000 val_L16_beta30.5978=0.6012 val_L16_beta33.325=0.5041 val_L16_beta34.3422=0.5197 val_L16_beta38.5957=0.4369 val_L16_beta39.6475=0.4780 val_L16_beta47.0386=0.4931 val_L16_beta47.4228=0.5610 val_L16_beta54.11=0.3679 val_L16_beta56.1944=0.5079 val_L16_beta57.2189=0.4363 val_L32_beta2.1926=0.8889 val_L32_beta2.4697=0.9806 val_L32_beta2.8622=0.6746 val_L32_beta4.994=0.5311 val_L32_beta8.069=0.5441 val_L32_beta11.2015=0.6735 val_L32_beta12.3504=0.6422 val_L32_beta12.688=0.7424 val_L32_beta14.1441=0.5781 val_L32_beta18.0708=0.3442 val_L32_beta18.6487=0.3820 val_L32_beta52.6284=0.5323 val_L8_beta1.4347=0.5159 val_L8_beta1.4977=0.7228 val_L8_beta1.7872=0.6202 val_L8_beta1.9783=0.6116 val_L8_beta2.4006=0.6505 val_L8_beta2.4786=0.7369 val_total=48.4214
epoch  46  train=0.6336  val_L16_beta14.1464=0.5390 val_L16_beta25=0.5239 val_L16_beta40=0.5312 val_L16_beta55.0237=0.5027 val_L16_beta1.0119=0.7108 val_L16_beta1.0397=0.7687 val_L16_beta1.0743=0.6439 val_L16_beta1.2464=0.6419 val_L16_beta1.2749=0.5943 val_L16_beta1.7484=0.4826 val_L16_beta1.8367=0.7848 val_L16_beta1.8781=0.6233 val_L16_beta2.122=0.5041 val_L16_beta2.1285=0.7439 val_L16_beta2.1757=0.5806 val_L16_beta2.1862=0.5598 val_L16_beta2.2983=0.5837 val_L16_beta2.3046=0.7175 val_L16_beta2.3454=0.6352 val_L16_beta2.7647=0.7201 val_L16_beta3.1518=0.6460 val_L16_beta3.1669=0.7255 val_L16_beta3.2922=0.4492 val_L16_beta3.3842=0.6354 val_L16_beta3.4006=0.5600 val_L16_beta3.6231=0.7277 val_L16_beta3.7225=0.6961 val_L16_beta4.0764=0.6571 val_L16_beta4.7323=0.6896 val_L16_beta4.7632=0.5807 val_L16_beta5.586=0.6198 val_L16_beta6.2411=0.4663 val_L16_beta6.4184=0.4992 val_L16_beta6.8771=0.3897 val_L16_beta8.3946=0.5029 val_L16_beta8.4548=0.5409 val_L16_beta8.7139=0.6127 val_L16_beta9.287=0.7217 val_L16_beta9.571=0.4736 val_L16_beta9.8499=0.4954 val_L16_beta10.2188=0.5756 val_L16_beta11.8501=0.6249 val_L16_beta11.8784=0.5536 val_L16_beta12.9259=0.5044 val_L16_beta14.4687=0.6097 val_L16_beta15.5366=0.4589 val_L16_beta17.502=0.4877 val_L16_beta17.7602=0.7010 val_L16_beta19.403=0.5386 val_L16_beta20.2412=0.6685 val_L16_beta21.8857=0.5485 val_L16_beta27.0442=0.5943 val_L16_beta27.3387=0.5908 val_L16_beta27.7875=0.6000 val_L16_beta30.5978=0.6017 val_L16_beta33.325=0.5041 val_L16_beta34.3422=0.5189 val_L16_beta38.5957=0.4366 val_L16_beta39.6475=0.4774 val_L16_beta47.0386=0.4935 val_L16_beta47.4228=0.5609 val_L16_beta54.11=0.3680 val_L16_beta56.1944=0.5075 val_L16_beta57.2189=0.4350 val_L32_beta2.1926=0.8866 val_L32_beta2.4697=0.9637 val_L32_beta2.8622=0.6742 val_L32_beta4.994=0.5311 val_L32_beta8.069=0.5445 val_L32_beta11.2015=0.6733 val_L32_beta12.3504=0.6369 val_L32_beta12.688=0.7392 val_L32_beta14.1441=0.5784 val_L32_beta18.0708=0.3436 val_L32_beta18.6487=0.3821 val_L32_beta52.6284=0.5325 val_L8_beta1.4347=0.5145 val_L8_beta1.4977=0.7218 val_L8_beta1.7872=0.6206 val_L8_beta1.9783=0.6110 val_L8_beta2.4006=0.6507 val_L8_beta2.4786=0.7363 val_total=48.3827
epoch  47  train=0.6303  val_L16_beta14.1464=0.5390 val_L16_beta25=0.5235 val_L16_beta40=0.5311 val_L16_beta55.0237=0.5028 val_L16_beta1.0119=0.7113 val_L16_beta1.0397=0.7681 val_L16_beta1.0743=0.6421 val_L16_beta1.2464=0.6408 val_L16_beta1.2749=0.5930 val_L16_beta1.7484=0.4831 val_L16_beta1.8367=0.7879 val_L16_beta1.8781=0.6236 val_L16_beta2.122=0.5051 val_L16_beta2.1285=0.7458 val_L16_beta2.1757=0.5790 val_L16_beta2.1862=0.5595 val_L16_beta2.2983=0.5830 val_L16_beta2.3046=0.7201 val_L16_beta2.3454=0.6348 val_L16_beta2.7647=0.7181 val_L16_beta3.1518=0.6454 val_L16_beta3.1669=0.7242 val_L16_beta3.2922=0.4490 val_L16_beta3.3842=0.6365 val_L16_beta3.4006=0.5597 val_L16_beta3.6231=0.7277 val_L16_beta3.7225=0.6959 val_L16_beta4.0764=0.6574 val_L16_beta4.7323=0.6898 val_L16_beta4.7632=0.5817 val_L16_beta5.586=0.6192 val_L16_beta6.2411=0.4661 val_L16_beta6.4184=0.4991 val_L16_beta6.8771=0.3899 val_L16_beta8.3946=0.5030 val_L16_beta8.4548=0.5407 val_L16_beta8.7139=0.6128 val_L16_beta9.287=0.7213 val_L16_beta9.571=0.4733 val_L16_beta9.8499=0.4951 val_L16_beta10.2188=0.5754 val_L16_beta11.8501=0.6247 val_L16_beta11.8784=0.5535 val_L16_beta12.9259=0.5046 val_L16_beta14.4687=0.6092 val_L16_beta15.5366=0.4588 val_L16_beta17.502=0.4875 val_L16_beta17.7602=0.7007 val_L16_beta19.403=0.5376 val_L16_beta20.2412=0.6684 val_L16_beta21.8857=0.5485 val_L16_beta27.0442=0.5942 val_L16_beta27.3387=0.5899 val_L16_beta27.7875=0.5999 val_L16_beta30.5978=0.6018 val_L16_beta33.325=0.5041 val_L16_beta34.3422=0.5193 val_L16_beta38.5957=0.4365 val_L16_beta39.6475=0.4773 val_L16_beta47.0386=0.4938 val_L16_beta47.4228=0.5609 val_L16_beta54.11=0.3677 val_L16_beta56.1944=0.5070 val_L16_beta57.2189=0.4351 val_L32_beta2.1926=0.8880 val_L32_beta2.4697=0.9379 val_L32_beta2.8622=0.6756 val_L32_beta4.994=0.5328 val_L32_beta8.069=0.5414 val_L32_beta11.2015=0.6736 val_L32_beta12.3504=0.6369 val_L32_beta12.688=0.7407 val_L32_beta14.1441=0.5792 val_L32_beta18.0708=0.3437 val_L32_beta18.6487=0.3819 val_L32_beta52.6284=0.5339 val_L8_beta1.4347=0.5121 val_L8_beta1.4977=0.7219 val_L8_beta1.7872=0.6211 val_L8_beta1.9783=0.6114 val_L8_beta2.4006=0.6519 val_L8_beta2.4786=0.7356 val_total=48.3557
epoch  48  train=0.6330  val_L16_beta14.1464=0.5391 val_L16_beta25=0.5235 val_L16_beta40=0.5314 val_L16_beta55.0237=0.5028 val_L16_beta1.0119=0.7101 val_L16_beta1.0397=0.7660 val_L16_beta1.0743=0.6404 val_L16_beta1.2464=0.6384 val_L16_beta1.2749=0.5909 val_L16_beta1.7484=0.4844 val_L16_beta1.8367=0.7904 val_L16_beta1.8781=0.6236 val_L16_beta2.122=0.5048 val_L16_beta2.1285=0.7451 val_L16_beta2.1757=0.5795 val_L16_beta2.1862=0.5598 val_L16_beta2.2983=0.5831 val_L16_beta2.3046=0.7209 val_L16_beta2.3454=0.6347 val_L16_beta2.7647=0.7172 val_L16_beta3.1518=0.6454 val_L16_beta3.1669=0.7217 val_L16_beta3.2922=0.4487 val_L16_beta3.3842=0.6367 val_L16_beta3.4006=0.5597 val_L16_beta3.6231=0.7281 val_L16_beta3.7225=0.6958 val_L16_beta4.0764=0.6567 val_L16_beta4.7323=0.6897 val_L16_beta4.7632=0.5820 val_L16_beta5.586=0.6190 val_L16_beta6.2411=0.4655 val_L16_beta6.4184=0.4998 val_L16_beta6.8771=0.3903 val_L16_beta8.3946=0.5018 val_L16_beta8.4548=0.5404 val_L16_beta8.7139=0.6129 val_L16_beta9.287=0.7211 val_L16_beta9.571=0.4733 val_L16_beta9.8499=0.4952 val_L16_beta10.2188=0.5742 val_L16_beta11.8501=0.6251 val_L16_beta11.8784=0.5535 val_L16_beta12.9259=0.5042 val_L16_beta14.4687=0.6090 val_L16_beta15.5366=0.4590 val_L16_beta17.502=0.4873 val_L16_beta17.7602=0.7011 val_L16_beta19.403=0.5372 val_L16_beta20.2412=0.6687 val_L16_beta21.8857=0.5482 val_L16_beta27.0442=0.5940 val_L16_beta27.3387=0.5897 val_L16_beta27.7875=0.5999 val_L16_beta30.5978=0.6020 val_L16_beta33.325=0.5035 val_L16_beta34.3422=0.5192 val_L16_beta38.5957=0.4365 val_L16_beta39.6475=0.4773 val_L16_beta47.0386=0.4938 val_L16_beta47.4228=0.5607 val_L16_beta54.11=0.3673 val_L16_beta56.1944=0.5074 val_L16_beta57.2189=0.4359 val_L32_beta2.1926=0.8975 val_L32_beta2.4697=0.9430 val_L32_beta2.8622=0.6783 val_L32_beta4.994=0.5329 val_L32_beta8.069=0.5414 val_L32_beta11.2015=0.6737 val_L32_beta12.3504=0.6389 val_L32_beta12.688=0.7427 val_L32_beta14.1441=0.5777 val_L32_beta18.0708=0.3439 val_L32_beta18.6487=0.3824 val_L32_beta52.6284=0.5336 val_L8_beta1.4347=0.5112 val_L8_beta1.4977=0.7212 val_L8_beta1.7872=0.6213 val_L8_beta1.9783=0.6117 val_L8_beta2.4006=0.6511 val_L8_beta2.4786=0.7358 val_total=48.3627
epoch  49  train=0.6310  val_L16_beta14.1464=0.5391 val_L16_beta25=0.5233 val_L16_beta40=0.5314 val_L16_beta55.0237=0.5026 val_L16_beta1.0119=0.7086 val_L16_beta1.0397=0.7653 val_L16_beta1.0743=0.6410 val_L16_beta1.2464=0.6402 val_L16_beta1.2749=0.5900 val_L16_beta1.7484=0.4822 val_L16_beta1.8367=0.7866 val_L16_beta1.8781=0.6236 val_L16_beta2.122=0.5037 val_L16_beta2.1285=0.7419 val_L16_beta2.1757=0.5807 val_L16_beta2.1862=0.5602 val_L16_beta2.2983=0.5836 val_L16_beta2.3046=0.7216 val_L16_beta2.3454=0.6343 val_L16_beta2.7647=0.7168 val_L16_beta3.1518=0.6456 val_L16_beta3.1669=0.7216 val_L16_beta3.2922=0.4486 val_L16_beta3.3842=0.6369 val_L16_beta3.4006=0.5594 val_L16_beta3.6231=0.7286 val_L16_beta3.7225=0.6962 val_L16_beta4.0764=0.6554 val_L16_beta4.7323=0.6894 val_L16_beta4.7632=0.5818 val_L16_beta5.586=0.6203 val_L16_beta6.2411=0.4657 val_L16_beta6.4184=0.4998 val_L16_beta6.8771=0.3900 val_L16_beta8.3946=0.5021 val_L16_beta8.4548=0.5410 val_L16_beta8.7139=0.6132 val_L16_beta9.287=0.7208 val_L16_beta9.571=0.4733 val_L16_beta9.8499=0.4953 val_L16_beta10.2188=0.5754 val_L16_beta11.8501=0.6251 val_L16_beta11.8784=0.5535 val_L16_beta12.9259=0.5043 val_L16_beta14.4687=0.6087 val_L16_beta15.5366=0.4588 val_L16_beta17.502=0.4874 val_L16_beta17.7602=0.7009 val_L16_beta19.403=0.5373 val_L16_beta20.2412=0.6686 val_L16_beta21.8857=0.5483 val_L16_beta27.0442=0.5942 val_L16_beta27.3387=0.5897 val_L16_beta27.7875=0.6000 val_L16_beta30.5978=0.6021 val_L16_beta33.325=0.5037 val_L16_beta34.3422=0.5188 val_L16_beta38.5957=0.4366 val_L16_beta39.6475=0.4772 val_L16_beta47.0386=0.4933 val_L16_beta47.4228=0.5606 val_L16_beta54.11=0.3682 val_L16_beta56.1944=0.5073 val_L16_beta57.2189=0.4351 val_L32_beta2.1926=0.9043 val_L32_beta2.4697=0.9404 val_L32_beta2.8622=0.6760 val_L32_beta4.994=0.5311 val_L32_beta8.069=0.5399 val_L32_beta11.2015=0.6736 val_L32_beta12.3504=0.6357 val_L32_beta12.688=0.7413 val_L32_beta14.1441=0.5776 val_L32_beta18.0708=0.3440 val_L32_beta18.6487=0.3820 val_L32_beta52.6284=0.5341 val_L8_beta1.4347=0.5106 val_L8_beta1.4977=0.7202 val_L8_beta1.7872=0.6205 val_L8_beta1.9783=0.6120 val_L8_beta2.4006=0.6511 val_L8_beta2.4786=0.7354 val_total=48.3465
epoch  50  train=0.6267  val_L16_beta14.1464=0.5389 val_L16_beta25=0.5232 val_L16_beta40=0.5308 val_L16_beta55.0237=0.5025 val_L16_beta1.0119=0.7062 val_L16_beta1.0397=0.7647 val_L16_beta1.0743=0.6394 val_L16_beta1.2464=0.6425 val_L16_beta1.2749=0.5899 val_L16_beta1.7484=0.4832 val_L16_beta1.8367=0.7863 val_L16_beta1.8781=0.6236 val_L16_beta2.122=0.5041 val_L16_beta2.1285=0.7415 val_L16_beta2.1757=0.5796 val_L16_beta2.1862=0.5598 val_L16_beta2.2983=0.5826 val_L16_beta2.3046=0.7235 val_L16_beta2.3454=0.6348 val_L16_beta2.7647=0.7168 val_L16_beta3.1518=0.6455 val_L16_beta3.1669=0.7217 val_L16_beta3.2922=0.4485 val_L16_beta3.3842=0.6371 val_L16_beta3.4006=0.5592 val_L16_beta3.6231=0.7287 val_L16_beta3.7225=0.6958 val_L16_beta4.0764=0.6559 val_L16_beta4.7323=0.6894 val_L16_beta4.7632=0.5822 val_L16_beta5.586=0.6215 val_L16_beta6.2411=0.4658 val_L16_beta6.4184=0.4993 val_L16_beta6.8771=0.3899 val_L16_beta8.3946=0.5036 val_L16_beta8.4548=0.5403 val_L16_beta8.7139=0.6131 val_L16_beta9.287=0.7211 val_L16_beta9.571=0.4734 val_L16_beta9.8499=0.4951 val_L16_beta10.2188=0.5771 val_L16_beta11.8501=0.6251 val_L16_beta11.8784=0.5534 val_L16_beta12.9259=0.5042 val_L16_beta14.4687=0.6087 val_L16_beta15.5366=0.4589 val_L16_beta17.502=0.4875 val_L16_beta17.7602=0.7007 val_L16_beta19.403=0.5373 val_L16_beta20.2412=0.6685 val_L16_beta21.8857=0.5484 val_L16_beta27.0442=0.5939 val_L16_beta27.3387=0.5897 val_L16_beta27.7875=0.5998 val_L16_beta30.5978=0.6016 val_L16_beta33.325=0.5046 val_L16_beta34.3422=0.5188 val_L16_beta38.5957=0.4364 val_L16_beta39.6475=0.4773 val_L16_beta47.0386=0.4929 val_L16_beta47.4228=0.5604 val_L16_beta54.11=0.3677 val_L16_beta56.1944=0.5078 val_L16_beta57.2189=0.4350 val_L32_beta2.1926=0.9068 val_L32_beta2.4697=0.9348 val_L32_beta2.8622=0.6746 val_L32_beta4.994=0.5295 val_L32_beta8.069=0.5409 val_L32_beta11.2015=0.6737 val_L32_beta12.3504=0.6326 val_L32_beta12.688=0.7407 val_L32_beta14.1441=0.5771 val_L32_beta18.0708=0.3445 val_L32_beta18.6487=0.3826 val_L32_beta52.6284=0.5317 val_L8_beta1.4347=0.5112 val_L8_beta1.4977=0.7194 val_L8_beta1.7872=0.6197 val_L8_beta1.9783=0.6115 val_L8_beta2.4006=0.6513 val_L8_beta2.4786=0.7358 val_total=48.3352
epoch  51  train=0.6336  val_L16_beta14.1464=0.5388 val_L16_beta25=0.5235 val_L16_beta40=0.5308 val_L16_beta55.0237=0.5025 val_L16_beta1.0119=0.7088 val_L16_beta1.0397=0.7638 val_L16_beta1.0743=0.6389 val_L16_beta1.2464=0.6426 val_L16_beta1.2749=0.5874 val_L16_beta1.7484=0.4830 val_L16_beta1.8367=0.7879 val_L16_beta1.8781=0.6243 val_L16_beta2.122=0.5041 val_L16_beta2.1285=0.7405 val_L16_beta2.1757=0.5806 val_L16_beta2.1862=0.5591 val_L16_beta2.2983=0.5819 val_L16_beta2.3046=0.7215 val_L16_beta2.3454=0.6359 val_L16_beta2.7647=0.7169 val_L16_beta3.1518=0.6452 val_L16_beta3.1669=0.7224 val_L16_beta3.2922=0.4488 val_L16_beta3.3842=0.6364 val_L16_beta3.4006=0.5594 val_L16_beta3.6231=0.7287 val_L16_beta3.7225=0.6958 val_L16_beta4.0764=0.6554 val_L16_beta4.7323=0.6894 val_L16_beta4.7632=0.5829 val_L16_beta5.586=0.6214 val_L16_beta6.2411=0.4660 val_L16_beta6.4184=0.4991 val_L16_beta6.8771=0.3900 val_L16_beta8.3946=0.5045 val_L16_beta8.4548=0.5403 val_L16_beta8.7139=0.6130 val_L16_beta9.287=0.7218 val_L16_beta9.571=0.4734 val_L16_beta9.8499=0.4951 val_L16_beta10.2188=0.5777 val_L16_beta11.8501=0.6249 val_L16_beta11.8784=0.5534 val_L16_beta12.9259=0.5044 val_L16_beta14.4687=0.6081 val_L16_beta15.5366=0.4589 val_L16_beta17.502=0.4875 val_L16_beta17.7602=0.7005 val_L16_beta19.403=0.5386 val_L16_beta20.2412=0.6685 val_L16_beta21.8857=0.5483 val_L16_beta27.0442=0.5937 val_L16_beta27.3387=0.5904 val_L16_beta27.7875=0.5999 val_L16_beta30.5978=0.6015 val_L16_beta33.325=0.5044 val_L16_beta34.3422=0.5189 val_L16_beta38.5957=0.4365 val_L16_beta39.6475=0.4775 val_L16_beta47.0386=0.4927 val_L16_beta47.4228=0.5608 val_L16_beta54.11=0.3679 val_L16_beta56.1944=0.5076 val_L16_beta57.2189=0.4345 val_L32_beta2.1926=0.9083 val_L32_beta2.4697=0.9279 val_L32_beta2.8622=0.6739 val_L32_beta4.994=0.5318 val_L32_beta8.069=0.5416 val_L32_beta11.2015=0.6737 val_L32_beta12.3504=0.6348 val_L32_beta12.688=0.7380 val_L32_beta14.1441=0.5779 val_L32_beta18.0708=0.3447 val_L32_beta18.6487=0.3827 val_L32_beta52.6284=0.5322 val_L8_beta1.4347=0.5118 val_L8_beta1.4977=0.7193 val_L8_beta1.7872=0.6195 val_L8_beta1.9783=0.6119 val_L8_beta2.4006=0.6511 val_L8_beta2.4786=0.7365 val_total=48.3371
epoch  52  train=0.6393  val_L16_beta14.1464=0.5388 val_L16_beta25=0.5232 val_L16_beta40=0.5308 val_L16_beta55.0237=0.5022 val_L16_beta1.0119=0.7070 val_L16_beta1.0397=0.7654 val_L16_beta1.0743=0.6398 val_L16_beta1.2464=0.6419 val_L16_beta1.2749=0.5871 val_L16_beta1.7484=0.4821 val_L16_beta1.8367=0.7893 val_L16_beta1.8781=0.6239 val_L16_beta2.122=0.5035 val_L16_beta2.1285=0.7391 val_L16_beta2.1757=0.5806 val_L16_beta2.1862=0.5595 val_L16_beta2.2983=0.5826 val_L16_beta2.3046=0.7220 val_L16_beta2.3454=0.6354 val_L16_beta2.7647=0.7170 val_L16_beta3.1518=0.6453 val_L16_beta3.1669=0.7224 val_L16_beta3.2922=0.4488 val_L16_beta3.3842=0.6371 val_L16_beta3.4006=0.5589 val_L16_beta3.6231=0.7283 val_L16_beta3.7225=0.6957 val_L16_beta4.0764=0.6567 val_L16_beta4.7323=0.6894 val_L16_beta4.7632=0.5832 val_L16_beta5.586=0.6216 val_L16_beta6.2411=0.4662 val_L16_beta6.4184=0.4990 val_L16_beta6.8771=0.3900 val_L16_beta8.3946=0.5036 val_L16_beta8.4548=0.5398 val_L16_beta8.7139=0.6129 val_L16_beta9.287=0.7216 val_L16_beta9.571=0.4736 val_L16_beta9.8499=0.4950 val_L16_beta10.2188=0.5779 val_L16_beta11.8501=0.6248 val_L16_beta11.8784=0.5534 val_L16_beta12.9259=0.5036 val_L16_beta14.4687=0.6087 val_L16_beta15.5366=0.4585 val_L16_beta17.502=0.4877 val_L16_beta17.7602=0.7005 val_L16_beta19.403=0.5394 val_L16_beta20.2412=0.6685 val_L16_beta21.8857=0.5483 val_L16_beta27.0442=0.5940 val_L16_beta27.3387=0.5894 val_L16_beta27.7875=0.5999 val_L16_beta30.5978=0.6014 val_L16_beta33.325=0.5044 val_L16_beta34.3422=0.5183 val_L16_beta38.5957=0.4366 val_L16_beta39.6475=0.4778 val_L16_beta47.0386=0.4923 val_L16_beta47.4228=0.5606 val_L16_beta54.11=0.3675 val_L16_beta56.1944=0.5070 val_L16_beta57.2189=0.4342 val_L32_beta2.1926=0.9177 val_L32_beta2.4697=0.9235 val_L32_beta2.8622=0.6750 val_L32_beta4.994=0.5331 val_L32_beta8.069=0.5403 val_L32_beta11.2015=0.6740 val_L32_beta12.3504=0.6315 val_L32_beta12.688=0.7410 val_L32_beta14.1441=0.5779 val_L32_beta18.0708=0.3450 val_L32_beta18.6487=0.3820 val_L32_beta52.6284=0.5329 val_L8_beta1.4347=0.5129 val_L8_beta1.4977=0.7190 val_L8_beta1.7872=0.6201 val_L8_beta1.9783=0.6119 val_L8_beta2.4006=0.6520 val_L8_beta2.4786=0.7370 val_total=48.3416
epoch  53  train=0.6257  val_L16_beta14.1464=0.5388 val_L16_beta25=0.5233 val_L16_beta40=0.5311 val_L16_beta55.0237=0.5023 val_L16_beta1.0119=0.7041 val_L16_beta1.0397=0.7653 val_L16_beta1.0743=0.6385 val_L16_beta1.2464=0.6419 val_L16_beta1.2749=0.5902 val_L16_beta1.7484=0.4839 val_L16_beta1.8367=0.7887 val_L16_beta1.8781=0.6237 val_L16_beta2.122=0.5031 val_L16_beta2.1285=0.7407 val_L16_beta2.1757=0.5818 val_L16_beta2.1862=0.5595 val_L16_beta2.2983=0.5818 val_L16_beta2.3046=0.7233 val_L16_beta2.3454=0.6352 val_L16_beta2.7647=0.7164 val_L16_beta3.1518=0.6449 val_L16_beta3.1669=0.7232 val_L16_beta3.2922=0.4488 val_L16_beta3.3842=0.6363 val_L16_beta3.4006=0.5595 val_L16_beta3.6231=0.7281 val_L16_beta3.7225=0.6952 val_L16_beta4.0764=0.6572 val_L16_beta4.7323=0.6891 val_L16_beta4.7632=0.5821 val_L16_beta5.586=0.6211 val_L16_beta6.2411=0.4658 val_L16_beta6.4184=0.4984 val_L16_beta6.8771=0.3897 val_L16_beta8.3946=0.5037 val_L16_beta8.4548=0.5404 val_L16_beta8.7139=0.6128 val_L16_beta9.287=0.7220 val_L16_beta9.571=0.4733 val_L16_beta9.8499=0.4950 val_L16_beta10.2188=0.5769 val_L16_beta11.8501=0.6248 val_L16_beta11.8784=0.5533 val_L16_beta12.9259=0.5027 val_L16_beta14.4687=0.6093 val_L16_beta15.5366=0.4583 val_L16_beta17.502=0.4875 val_L16_beta17.7602=0.7005 val_L16_beta19.403=0.5397 val_L16_beta20.2412=0.6684 val_L16_beta21.8857=0.5484 val_L16_beta27.0442=0.5939 val_L16_beta27.3387=0.5888 val_L16_beta27.7875=0.5996 val_L16_beta30.5978=0.6014 val_L16_beta33.325=0.5045 val_L16_beta34.3422=0.5175 val_L16_beta38.5957=0.4367 val_L16_beta39.6475=0.4777 val_L16_beta47.0386=0.4923 val_L16_beta47.4228=0.5603 val_L16_beta54.11=0.3671 val_L16_beta56.1944=0.5074 val_L16_beta57.2189=0.4340 val_L32_beta2.1926=0.9046 val_L32_beta2.4697=0.9165 val_L32_beta2.8622=0.6758 val_L32_beta4.994=0.5337 val_L32_beta8.069=0.5383 val_L32_beta11.2015=0.6742 val_L32_beta12.3504=0.6301 val_L32_beta12.688=0.7387 val_L32_beta14.1441=0.5786 val_L32_beta18.0708=0.3449 val_L32_beta18.6487=0.3819 val_L32_beta52.6284=0.5307 val_L8_beta1.4347=0.5122 val_L8_beta1.4977=0.7185 val_L8_beta1.7872=0.6196 val_L8_beta1.9783=0.6126 val_L8_beta2.4006=0.6510 val_L8_beta2.4786=0.7369 val_total=48.3106
epoch  54  train=0.6337  val_L16_beta14.1464=0.5388 val_L16_beta25=0.5230 val_L16_beta40=0.5306 val_L16_beta55.0237=0.5026 val_L16_beta1.0119=0.7032 val_L16_beta1.0397=0.7654 val_L16_beta1.0743=0.6370 val_L16_beta1.2464=0.6422 val_L16_beta1.2749=0.5898 val_L16_beta1.7484=0.4831 val_L16_beta1.8367=0.7877 val_L16_beta1.8781=0.6235 val_L16_beta2.122=0.5026 val_L16_beta2.1285=0.7405 val_L16_beta2.1757=0.5822 val_L16_beta2.1862=0.5596 val_L16_beta2.2983=0.5825 val_L16_beta2.3046=0.7219 val_L16_beta2.3454=0.6351 val_L16_beta2.7647=0.7167 val_L16_beta3.1518=0.6446 val_L16_beta3.1669=0.7205 val_L16_beta3.2922=0.4487 val_L16_beta3.3842=0.6361 val_L16_beta3.4006=0.5595 val_L16_beta3.6231=0.7281 val_L16_beta3.7225=0.6951 val_L16_beta4.0764=0.6574 val_L16_beta4.7323=0.6892 val_L16_beta4.7632=0.5813 val_L16_beta5.586=0.6207 val_L16_beta6.2411=0.4663 val_L16_beta6.4184=0.4985 val_L16_beta6.8771=0.3896 val_L16_beta8.3946=0.5031 val_L16_beta8.4548=0.5404 val_L16_beta8.7139=0.6124 val_L16_beta9.287=0.7218 val_L16_beta9.571=0.4728 val_L16_beta9.8499=0.4950 val_L16_beta10.2188=0.5749 val_L16_beta11.8501=0.6247 val_L16_beta11.8784=0.5533 val_L16_beta12.9259=0.5025 val_L16_beta14.4687=0.6100 val_L16_beta15.5366=0.4584 val_L16_beta17.502=0.4873 val_L16_beta17.7602=0.7003 val_L16_beta19.403=0.5404 val_L16_beta20.2412=0.6684 val_L16_beta21.8857=0.5484 val_L16_beta27.0442=0.5935 val_L16_beta27.3387=0.5883 val_L16_beta27.7875=0.5995 val_L16_beta30.5978=0.6014 val_L16_beta33.325=0.5039 val_L16_beta34.3422=0.5175 val_L16_beta38.5957=0.4367 val_L16_beta39.6475=0.4777 val_L16_beta47.0386=0.4925 val_L16_beta47.4228=0.5601 val_L16_beta54.11=0.3666 val_L16_beta56.1944=0.5082 val_L16_beta57.2189=0.4330 val_L32_beta2.1926=0.9016 val_L32_beta2.4697=0.9263 val_L32_beta2.8622=0.6757 val_L32_beta4.994=0.5322 val_L32_beta8.069=0.5382 val_L32_beta11.2015=0.6743 val_L32_beta12.3504=0.6284 val_L32_beta12.688=0.7388 val_L32_beta14.1441=0.5779 val_L32_beta18.0708=0.3448 val_L32_beta18.6487=0.3811 val_L32_beta52.6284=0.5325 val_L8_beta1.4347=0.5115 val_L8_beta1.4977=0.7187 val_L8_beta1.7872=0.6195 val_L8_beta1.9783=0.6132 val_L8_beta2.4006=0.6497 val_L8_beta2.4786=0.7371 val_total=48.2981
epoch  55  train=0.6274  val_L16_beta14.1464=0.5388 val_L16_beta25=0.5231 val_L16_beta40=0.5305 val_L16_beta55.0237=0.5023 val_L16_beta1.0119=0.7029 val_L16_beta1.0397=0.7661 val_L16_beta1.0743=0.6384 val_L16_beta1.2464=0.6416 val_L16_beta1.2749=0.5873 val_L16_beta1.7484=0.4827 val_L16_beta1.8367=0.7883 val_L16_beta1.8781=0.6230 val_L16_beta2.122=0.5021 val_L16_beta2.1285=0.7394 val_L16_beta2.1757=0.5811 val_L16_beta2.1862=0.5593 val_L16_beta2.2983=0.5813 val_L16_beta2.3046=0.7202 val_L16_beta2.3454=0.6350 val_L16_beta2.7647=0.7159 val_L16_beta3.1518=0.6449 val_L16_beta3.1669=0.7201 val_L16_beta3.2922=0.4485 val_L16_beta3.3842=0.6366 val_L16_beta3.4006=0.5595 val_L16_beta3.6231=0.7277 val_L16_beta3.7225=0.6960 val_L16_beta4.0764=0.6556 val_L16_beta4.7323=0.6894 val_L16_beta4.7632=0.5815 val_L16_beta5.586=0.6207 val_L16_beta6.2411=0.4665 val_L16_beta6.4184=0.4991 val_L16_beta6.8771=0.3894 val_L16_beta8.3946=0.5028 val_L16_beta8.4548=0.5407 val_L16_beta8.7139=0.6122 val_L16_beta9.287=0.7223 val_L16_beta9.571=0.4720 val_L16_beta9.8499=0.4950 val_L16_beta10.2188=0.5760 val_L16_beta11.8501=0.6247 val_L16_beta11.8784=0.5533 val_L16_beta12.9259=0.5023 val_L16_beta14.4687=0.6092 val_L16_beta15.5366=0.4586 val_L16_beta17.502=0.4874 val_L16_beta17.7602=0.7010 val_L16_beta19.403=0.5407 val_L16_beta20.2412=0.6684 val_L16_beta21.8857=0.5483 val_L16_beta27.0442=0.5936 val_L16_beta27.3387=0.5886 val_L16_beta27.7875=0.5996 val_L16_beta30.5978=0.6017 val_L16_beta33.325=0.5034 val_L16_beta34.3422=0.5174 val_L16_beta38.5957=0.4366 val_L16_beta39.6475=0.4774 val_L16_beta47.0386=0.4922 val_L16_beta47.4228=0.5602 val_L16_beta54.11=0.3667 val_L16_beta56.1944=0.5075 val_L16_beta57.2189=0.4332 val_L32_beta2.1926=0.9011 val_L32_beta2.4697=0.9466 val_L32_beta2.8622=0.6749 val_L32_beta4.994=0.5328 val_L32_beta8.069=0.5396 val_L32_beta11.2015=0.6749 val_L32_beta12.3504=0.6315 val_L32_beta12.688=0.7354 val_L32_beta14.1441=0.5789 val_L32_beta18.0708=0.3448 val_L32_beta18.6487=0.3799 val_L32_beta52.6284=0.5329 val_L8_beta1.4347=0.5114 val_L8_beta1.4977=0.7198 val_L8_beta1.7872=0.6193 val_L8_beta1.9783=0.6134 val_L8_beta2.4006=0.6498 val_L8_beta2.4786=0.7372 val_total=48.3122
epoch  56  train=0.6270  val_L16_beta14.1464=0.5389 val_L16_beta25=0.5230 val_L16_beta40=0.5304 val_L16_beta55.0237=0.5022 val_L16_beta1.0119=0.7038 val_L16_beta1.0397=0.7661 val_L16_beta1.0743=0.6410 val_L16_beta1.2464=0.6419 val_L16_beta1.2749=0.5845 val_L16_beta1.7484=0.4820 val_L16_beta1.8367=0.7880 val_L16_beta1.8781=0.6227 val_L16_beta2.122=0.5027 val_L16_beta2.1285=0.7399 val_L16_beta2.1757=0.5807 val_L16_beta2.1862=0.5597 val_L16_beta2.2983=0.5814 val_L16_beta2.3046=0.7193 val_L16_beta2.3454=0.6356 val_L16_beta2.7647=0.7151 val_L16_beta3.1518=0.6445 val_L16_beta3.1669=0.7192 val_L16_beta3.2922=0.4483 val_L16_beta3.3842=0.6375 val_L16_beta3.4006=0.5594 val_L16_beta3.6231=0.7277 val_L16_beta3.7225=0.6960 val_L16_beta4.0764=0.6568 val_L16_beta4.7323=0.6893 val_L16_beta4.7632=0.5818 val_L16_beta5.586=0.6202 val_L16_beta6.2411=0.4657 val_L16_beta6.4184=0.4985 val_L16_beta6.8771=0.3896 val_L16_beta8.3946=0.5015 val_L16_beta8.4548=0.5397 val_L16_beta8.7139=0.6121 val_L16_beta9.287=0.7232 val_L16_beta9.571=0.4719 val_L16_beta9.8499=0.4951 val_L16_beta10.2188=0.5760 val_L16_beta11.8501=0.6245 val_L16_beta11.8784=0.5532 val_L16_beta12.9259=0.5024 val_L16_beta14.4687=0.6087 val_L16_beta15.5366=0.4582 val_L16_beta17.502=0.4874 val_L16_beta17.7602=0.7010 val_L16_beta19.403=0.5403 val_L16_beta20.2412=0.6682 val_L16_beta21.8857=0.5483 val_L16_beta27.0442=0.5934 val_L16_beta27.3387=0.5886 val_L16_beta27.7875=0.5996 val_L16_beta30.5978=0.6012 val_L16_beta33.325=0.5038 val_L16_beta34.3422=0.5173 val_L16_beta38.5957=0.4365 val_L16_beta39.6475=0.4771 val_L16_beta47.0386=0.4921 val_L16_beta47.4228=0.5606 val_L16_beta54.11=0.3668 val_L16_beta56.1944=0.5069 val_L16_beta57.2189=0.4336 val_L32_beta2.1926=0.9111 val_L32_beta2.4697=0.9381 val_L32_beta2.8622=0.6738 val_L32_beta4.994=0.5329 val_L32_beta8.069=0.5388 val_L32_beta11.2015=0.6746 val_L32_beta12.3504=0.6284 val_L32_beta12.688=0.7312 val_L32_beta14.1441=0.5811 val_L32_beta18.0708=0.3447 val_L32_beta18.6487=0.3810 val_L32_beta52.6284=0.5321 val_L8_beta1.4347=0.5122 val_L8_beta1.4977=0.7195 val_L8_beta1.7872=0.6194 val_L8_beta1.9783=0.6115 val_L8_beta2.4006=0.6489 val_L8_beta2.4786=0.7376 val_total=48.2996
epoch  57  train=0.6324  val_L16_beta14.1464=0.5388 val_L16_beta25=0.5228 val_L16_beta40=0.5304 val_L16_beta55.0237=0.5021 val_L16_beta1.0119=0.7050 val_L16_beta1.0397=0.7650 val_L16_beta1.0743=0.6419 val_L16_beta1.2464=0.6428 val_L16_beta1.2749=0.5854 val_L16_beta1.7484=0.4826 val_L16_beta1.8367=0.7885 val_L16_beta1.8781=0.6230 val_L16_beta2.122=0.5027 val_L16_beta2.1285=0.7404 val_L16_beta2.1757=0.5789 val_L16_beta2.1862=0.5601 val_L16_beta2.2983=0.5807 val_L16_beta2.3046=0.7207 val_L16_beta2.3454=0.6368 val_L16_beta2.7647=0.7146 val_L16_beta3.1518=0.6444 val_L16_beta3.1669=0.7199 val_L16_beta3.2922=0.4485 val_L16_beta3.3842=0.6378 val_L16_beta3.4006=0.5589 val_L16_beta3.6231=0.7277 val_L16_beta3.7225=0.6958 val_L16_beta4.0764=0.6570 val_L16_beta4.7323=0.6900 val_L16_beta4.7632=0.5823 val_L16_beta5.586=0.6201 val_L16_beta6.2411=0.4657 val_L16_beta6.4184=0.4976 val_L16_beta6.8771=0.3896 val_L16_beta8.3946=0.5011 val_L16_beta8.4548=0.5390 val_L16_beta8.7139=0.6121 val_L16_beta9.287=0.7224 val_L16_beta9.571=0.4719 val_L16_beta9.8499=0.4951 val_L16_beta10.2188=0.5757 val_L16_beta11.8501=0.6242 val_L16_beta11.8784=0.5532 val_L16_beta12.9259=0.5024 val_L16_beta14.4687=0.6088 val_L16_beta15.5366=0.4584 val_L16_beta17.502=0.4875 val_L16_beta17.7602=0.7013 val_L16_beta19.403=0.5401 val_L16_beta20.2412=0.6682 val_L16_beta21.8857=0.5482 val_L16_beta27.0442=0.5933 val_L16_beta27.3387=0.5885 val_L16_beta27.7875=0.5996 val_L16_beta30.5978=0.6011 val_L16_beta33.325=0.5034 val_L16_beta34.3422=0.5179 val_L16_beta38.5957=0.4365 val_L16_beta39.6475=0.4771 val_L16_beta47.0386=0.4920 val_L16_beta47.4228=0.5607 val_L16_beta54.11=0.3666 val_L16_beta56.1944=0.5062 val_L16_beta57.2189=0.4329 val_L32_beta2.1926=0.9112 val_L32_beta2.4697=0.9232 val_L32_beta2.8622=0.6723 val_L32_beta4.994=0.5327 val_L32_beta8.069=0.5379 val_L32_beta11.2015=0.6748 val_L32_beta12.3504=0.6305 val_L32_beta12.688=0.7326 val_L32_beta14.1441=0.5813 val_L32_beta18.0708=0.3443 val_L32_beta18.6487=0.3804 val_L32_beta52.6284=0.5323 val_L8_beta1.4347=0.5126 val_L8_beta1.4977=0.7186 val_L8_beta1.7872=0.6198 val_L8_beta1.9783=0.6116 val_L8_beta2.4006=0.6499 val_L8_beta2.4786=0.7370 val_total=48.2873
epoch  58  train=0.6296  val_L16_beta14.1464=0.5389 val_L16_beta25=0.5228 val_L16_beta40=0.5303 val_L16_beta55.0237=0.5022 val_L16_beta1.0119=0.7059 val_L16_beta1.0397=0.7650 val_L16_beta1.0743=0.6415 val_L16_beta1.2464=0.6429 val_L16_beta1.2749=0.5861 val_L16_beta1.7484=0.4838 val_L16_beta1.8367=0.7862 val_L16_beta1.8781=0.6227 val_L16_beta2.122=0.5032 val_L16_beta2.1285=0.7407 val_L16_beta2.1757=0.5796 val_L16_beta2.1862=0.5596 val_L16_beta2.2983=0.5806 val_L16_beta2.3046=0.7222 val_L16_beta2.3454=0.6361 val_L16_beta2.7647=0.7150 val_L16_beta3.1518=0.6448 val_L16_beta3.1669=0.7198 val_L16_beta3.2922=0.4487 val_L16_beta3.3842=0.6371 val_L16_beta3.4006=0.5585 val_L16_beta3.6231=0.7274 val_L16_beta3.7225=0.6956 val_L16_beta4.0764=0.6549 val_L16_beta4.7323=0.6898 val_L16_beta4.7632=0.5820 val_L16_beta5.586=0.6189 val_L16_beta6.2411=0.4655 val_L16_beta6.4184=0.4979 val_L16_beta6.8771=0.3896 val_L16_beta8.3946=0.5008 val_L16_beta8.4548=0.5392 val_L16_beta8.7139=0.6123 val_L16_beta9.287=0.7221 val_L16_beta9.571=0.4719 val_L16_beta9.8499=0.4949 val_L16_beta10.2188=0.5739 val_L16_beta11.8501=0.6242 val_L16_beta11.8784=0.5532 val_L16_beta12.9259=0.5024 val_L16_beta14.4687=0.6089 val_L16_beta15.5366=0.4589 val_L16_beta17.502=0.4874 val_L16_beta17.7602=0.7007 val_L16_beta19.403=0.5404 val_L16_beta20.2412=0.6682 val_L16_beta21.8857=0.5483 val_L16_beta27.0442=0.5932 val_L16_beta27.3387=0.5886 val_L16_beta27.7875=0.5996 val_L16_beta30.5978=0.6013 val_L16_beta33.325=0.5036 val_L16_beta34.3422=0.5174 val_L16_beta38.5957=0.4365 val_L16_beta39.6475=0.4771 val_L16_beta47.0386=0.4917 val_L16_beta47.4228=0.5607 val_L16_beta54.11=0.3665 val_L16_beta56.1944=0.5060 val_L16_beta57.2189=0.4322 val_L32_beta2.1926=0.9090 val_L32_beta2.4697=0.9359 val_L32_beta2.8622=0.6734 val_L32_beta4.994=0.5327 val_L32_beta8.069=0.5365 val_L32_beta11.2015=0.6749 val_L32_beta12.3504=0.6319 val_L32_beta12.688=0.7319 val_L32_beta14.1441=0.5820 val_L32_beta18.0708=0.3438 val_L32_beta18.6487=0.3800 val_L32_beta52.6284=0.5340 val_L8_beta1.4347=0.5128 val_L8_beta1.4977=0.7184 val_L8_beta1.7872=0.6195 val_L8_beta1.9783=0.6110 val_L8_beta2.4006=0.6496 val_L8_beta2.4786=0.7370 val_total=48.2921
epoch  59  train=0.6297  val_L16_beta14.1464=0.5389 val_L16_beta25=0.5225 val_L16_beta40=0.5303 val_L16_beta55.0237=0.5020 val_L16_beta1.0119=0.7062 val_L16_beta1.0397=0.7654 val_L16_beta1.0743=0.6404 val_L16_beta1.2464=0.6434 val_L16_beta1.2749=0.5892 val_L16_beta1.7484=0.4852 val_L16_beta1.8367=0.7855 val_L16_beta1.8781=0.6230 val_L16_beta2.122=0.5033 val_L16_beta2.1285=0.7420 val_L16_beta2.1757=0.5803 val_L16_beta2.1862=0.5593 val_L16_beta2.2983=0.5806 val_L16_beta2.3046=0.7232 val_L16_beta2.3454=0.6357 val_L16_beta2.7647=0.7156 val_L16_beta3.1518=0.6447 val_L16_beta3.1669=0.7211 val_L16_beta3.2922=0.4486 val_L16_beta3.3842=0.6368 val_L16_beta3.4006=0.5587 val_L16_beta3.6231=0.7271 val_L16_beta3.7225=0.6957 val_L16_beta4.0764=0.6542 val_L16_beta4.7323=0.6897 val_L16_beta4.7632=0.5818 val_L16_beta5.586=0.6180 val_L16_beta6.2411=0.4657 val_L16_beta6.4184=0.4980 val_L16_beta6.8771=0.3894 val_L16_beta8.3946=0.5004 val_L16_beta8.4548=0.5392 val_L16_beta8.7139=0.6121 val_L16_beta9.287=0.7216 val_L16_beta9.571=0.4717 val_L16_beta9.8499=0.4948 val_L16_beta10.2188=0.5726 val_L16_beta11.8501=0.6242 val_L16_beta11.8784=0.5532 val_L16_beta12.9259=0.5020 val_L16_beta14.4687=0.6091 val_L16_beta15.5366=0.4594 val_L16_beta17.502=0.4873 val_L16_beta17.7602=0.7002 val_L16_beta19.403=0.5396 val_L16_beta20.2412=0.6681 val_L16_beta21.8857=0.5482 val_L16_beta27.0442=0.5931 val_L16_beta27.3387=0.5883 val_L16_beta27.7875=0.5996 val_L16_beta30.5978=0.6012 val_L16_beta33.325=0.5037 val_L16_beta34.3422=0.5170 val_L16_beta38.5957=0.4366 val_L16_beta39.6475=0.4772 val_L16_beta47.0386=0.4919 val_L16_beta47.4228=0.5609 val_L16_beta54.11=0.3665 val_L16_beta56.1944=0.5053 val_L16_beta57.2189=0.4320 val_L32_beta2.1926=0.9029 val_L32_beta2.4697=0.9365 val_L32_beta2.8622=0.6735 val_L32_beta4.994=0.5315 val_L32_beta8.069=0.5362 val_L32_beta11.2015=0.6744 val_L32_beta12.3504=0.6302 val_L32_beta12.688=0.7305 val_L32_beta14.1441=0.5829 val_L32_beta18.0708=0.3437 val_L32_beta18.6487=0.3809 val_L32_beta52.6284=0.5332 val_L8_beta1.4347=0.5111 val_L8_beta1.4977=0.7183 val_L8_beta1.7872=0.6201 val_L8_beta1.9783=0.6106 val_L8_beta2.4006=0.6494 val_L8_beta2.4786=0.7367 val_total=48.2808
epoch  60  train=0.6293  val_L16_beta14.1464=0.5389 val_L16_beta25=0.5224 val_L16_beta40=0.5302 val_L16_beta55.0237=0.5019 val_L16_beta1.0119=0.7054 val_L16_beta1.0397=0.7647 val_L16_beta1.0743=0.6391 val_L16_beta1.2464=0.6427 val_L16_beta1.2749=0.5892 val_L16_beta1.7484=0.4857 val_L16_beta1.8367=0.7858 val_L16_beta1.8781=0.6229 val_L16_beta2.122=0.5034 val_L16_beta2.1285=0.7409 val_L16_beta2.1757=0.5804 val_L16_beta2.1862=0.5593 val_L16_beta2.2983=0.5806 val_L16_beta2.3046=0.7231 val_L16_beta2.3454=0.6352 val_L16_beta2.7647=0.7157 val_L16_beta3.1518=0.6446 val_L16_beta3.1669=0.7218 val_L16_beta3.2922=0.4485 val_L16_beta3.3842=0.6367 val_L16_beta3.4006=0.5585 val_L16_beta3.6231=0.7271 val_L16_beta3.7225=0.6954 val_L16_beta4.0764=0.6537 val_L16_beta4.7323=0.6892 val_L16_beta4.7632=0.5812 val_L16_beta5.586=0.6173 val_L16_beta6.2411=0.4657 val_L16_beta6.4184=0.4971 val_L16_beta6.8771=0.3894 val_L16_beta8.3946=0.4991 val_L16_beta8.4548=0.5386 val_L16_beta8.7139=0.6121 val_L16_beta9.287=0.7220 val_L16_beta9.571=0.4715 val_L16_beta9.8499=0.4948 val_L16_beta10.2188=0.5721 val_L16_beta11.8501=0.6243 val_L16_beta11.8784=0.5532 val_L16_beta12.9259=0.5019 val_L16_beta14.4687=0.6094 val_L16_beta15.5366=0.4592 val_L16_beta17.502=0.4871 val_L16_beta17.7602=0.6999 val_L16_beta19.403=0.5389 val_L16_beta20.2412=0.6682 val_L16_beta21.8857=0.5484 val_L16_beta27.0442=0.5930 val_L16_beta27.3387=0.5881 val_L16_beta27.7875=0.5996 val_L16_beta30.5978=0.6006 val_L16_beta33.325=0.5036 val_L16_beta34.3422=0.5175 val_L16_beta38.5957=0.4365 val_L16_beta39.6475=0.4770 val_L16_beta47.0386=0.4916 val_L16_beta47.4228=0.5612 val_L16_beta54.11=0.3664 val_L16_beta56.1944=0.5050 val_L16_beta57.2189=0.4312 val_L32_beta2.1926=0.9029 val_L32_beta2.4697=0.9315 val_L32_beta2.8622=0.6728 val_L32_beta4.994=0.5305 val_L32_beta8.069=0.5343 val_L32_beta11.2015=0.6751 val_L32_beta12.3504=0.6289 val_L32_beta12.688=0.7330 val_L32_beta14.1441=0.5816 val_L32_beta18.0708=0.3441 val_L32_beta18.6487=0.3809 val_L32_beta52.6284=0.5314 val_L8_beta1.4347=0.5098 val_L8_beta1.4977=0.7182 val_L8_beta1.7872=0.6203 val_L8_beta1.9783=0.6108 val_L8_beta2.4006=0.6486 val_L8_beta2.4786=0.7366 val_total=48.2572
epoch  61  train=0.6319  val_L16_beta14.1464=0.5390 val_L16_beta25=0.5223 val_L16_beta40=0.5299 val_L16_beta55.0237=0.5020 val_L16_beta1.0119=0.7042 val_L16_beta1.0397=0.7663 val_L16_beta1.0743=0.6381 val_L16_beta1.2464=0.6414 val_L16_beta1.2749=0.5872 val_L16_beta1.7484=0.4844 val_L16_beta1.8367=0.7880 val_L16_beta1.8781=0.6222 val_L16_beta2.122=0.5028 val_L16_beta2.1285=0.7396 val_L16_beta2.1757=0.5791 val_L16_beta2.1862=0.5591 val_L16_beta2.2983=0.5806 val_L16_beta2.3046=0.7223 val_L16_beta2.3454=0.6350 val_L16_beta2.7647=0.7151 val_L16_beta3.1518=0.6445 val_L16_beta3.1669=0.7202 val_L16_beta3.2922=0.4486 val_L16_beta3.3842=0.6368 val_L16_beta3.4006=0.5584 val_L16_beta3.6231=0.7272 val_L16_beta3.7225=0.6952 val_L16_beta4.0764=0.6543 val_L16_beta4.7323=0.6893 val_L16_beta4.7632=0.5823 val_L16_beta5.586=0.6184 val_L16_beta6.2411=0.4657 val_L16_beta6.4184=0.4965 val_L16_beta6.8771=0.3893 val_L16_beta8.3946=0.4986 val_L16_beta8.4548=0.5382 val_L16_beta8.7139=0.6123 val_L16_beta9.287=0.7217 val_L16_beta9.571=0.4712 val_L16_beta9.8499=0.4948 val_L16_beta10.2188=0.5731 val_L16_beta11.8501=0.6242 val_L16_beta11.8784=0.5532 val_L16_beta12.9259=0.5021 val_L16_beta14.4687=0.6102 val_L16_beta15.5366=0.4589 val_L16_beta17.502=0.4871 val_L16_beta17.7602=0.6998 val_L16_beta19.403=0.5390 val_L16_beta20.2412=0.6682 val_L16_beta21.8857=0.5485 val_L16_beta27.0442=0.5931 val_L16_beta27.3387=0.5880 val_L16_beta27.7875=0.5996 val_L16_beta30.5978=0.6001 val_L16_beta33.325=0.5042 val_L16_beta34.3422=0.5172 val_L16_beta38.5957=0.4367 val_L16_beta39.6475=0.4771 val_L16_beta47.0386=0.4915 val_L16_beta47.4228=0.5609 val_L16_beta54.11=0.3663 val_L16_beta56.1944=0.5051 val_L16_beta57.2189=0.4313 val_L32_beta2.1926=0.9078 val_L32_beta2.4697=0.9260 val_L32_beta2.8622=0.6725 val_L32_beta4.994=0.5297 val_L32_beta8.069=0.5336 val_L32_beta11.2015=0.6742 val_L32_beta12.3504=0.6262 val_L32_beta12.688=0.7368 val_L32_beta14.1441=0.5820 val_L32_beta18.0708=0.3445 val_L32_beta18.6487=0.3809 val_L32_beta52.6284=0.5308 val_L8_beta1.4347=0.5115 val_L8_beta1.4977=0.7175 val_L8_beta1.7872=0.6205 val_L8_beta1.9783=0.6114 val_L8_beta2.4006=0.6489 val_L8_beta2.4786=0.7363 val_total=48.2485
epoch  62  train=0.6289  val_L16_beta14.1464=0.5389 val_L16_beta25=0.5223 val_L16_beta40=0.5301 val_L16_beta55.0237=0.5020 val_L16_beta1.0119=0.7025 val_L16_beta1.0397=0.7669 val_L16_beta1.0743=0.6387 val_L16_beta1.2464=0.6412 val_L16_beta1.2749=0.5870 val_L16_beta1.7484=0.4840 val_L16_beta1.8367=0.7890 val_L16_beta1.8781=0.6217 val_L16_beta2.122=0.5018 val_L16_beta2.1285=0.7392 val_L16_beta2.1757=0.5777 val_L16_beta2.1862=0.5587 val_L16_beta2.2983=0.5796 val_L16_beta2.3046=0.7219 val_L16_beta2.3454=0.6347 val_L16_beta2.7647=0.7148 val_L16_beta3.1518=0.6443 val_L16_beta3.1669=0.7201 val_L16_beta3.2922=0.4486 val_L16_beta3.3842=0.6364 val_L16_beta3.4006=0.5588 val_L16_beta3.6231=0.7272 val_L16_beta3.7225=0.6950 val_L16_beta4.0764=0.6540 val_L16_beta4.7323=0.6888 val_L16_beta4.7632=0.5819 val_L16_beta5.586=0.6186 val_L16_beta6.2411=0.4657 val_L16_beta6.4184=0.4959 val_L16_beta6.8771=0.3893 val_L16_beta8.3946=0.4986 val_L16_beta8.4548=0.5383 val_L16_beta8.7139=0.6122 val_L16_beta9.287=0.7215 val_L16_beta9.571=0.4713 val_L16_beta9.8499=0.4948 val_L16_beta10.2188=0.5735 val_L16_beta11.8501=0.6242 val_L16_beta11.8784=0.5531 val_L16_beta12.9259=0.5020 val_L16_beta14.4687=0.6103 val_L16_beta15.5366=0.4587 val_L16_beta17.502=0.4870 val_L16_beta17.7602=0.6997 val_L16_beta19.403=0.5384 val_L16_beta20.2412=0.6682 val_L16_beta21.8857=0.5485 val_L16_beta27.0442=0.5934 val_L16_beta27.3387=0.5883 val_L16_beta27.7875=0.5996 val_L16_beta30.5978=0.6001 val_L16_beta33.325=0.5043 val_L16_beta34.3422=0.5165 val_L16_beta38.5957=0.4365 val_L16_beta39.6475=0.4771 val_L16_beta47.0386=0.4914 val_L16_beta47.4228=0.5608 val_L16_beta54.11=0.3661 val_L16_beta56.1944=0.5055 val_L16_beta57.2189=0.4319 val_L32_beta2.1926=0.9056 val_L32_beta2.4697=0.9301 val_L32_beta2.8622=0.6728 val_L32_beta4.994=0.5310 val_L32_beta8.069=0.5336 val_L32_beta11.2015=0.6741 val_L32_beta12.3504=0.6250 val_L32_beta12.688=0.7412 val_L32_beta14.1441=0.5824 val_L32_beta18.0708=0.3442 val_L32_beta18.6487=0.3812 val_L32_beta52.6284=0.5310 val_L8_beta1.4347=0.5126 val_L8_beta1.4977=0.7175 val_L8_beta1.7872=0.6207 val_L8_beta1.9783=0.6106 val_L8_beta2.4006=0.6495 val_L8_beta2.4786=0.7363 val_total=48.2484
epoch  63  train=0.6267  val_L16_beta14.1464=0.5389 val_L16_beta25=0.5221 val_L16_beta40=0.5301 val_L16_beta55.0237=0.5020 val_L16_beta1.0119=0.7026 val_L16_beta1.0397=0.7682 val_L16_beta1.0743=0.6368 val_L16_beta1.2464=0.6411 val_L16_beta1.2749=0.5872 val_L16_beta1.7484=0.4824 val_L16_beta1.8367=0.7888 val_L16_beta1.8781=0.6217 val_L16_beta2.122=0.5015 val_L16_beta2.1285=0.7392 val_L16_beta2.1757=0.5778 val_L16_beta2.1862=0.5583 val_L16_beta2.2983=0.5793 val_L16_beta2.3046=0.7210 val_L16_beta2.3454=0.6344 val_L16_beta2.7647=0.7148 val_L16_beta3.1518=0.6447 val_L16_beta3.1669=0.7198 val_L16_beta3.2922=0.4487 val_L16_beta3.3842=0.6356 val_L16_beta3.4006=0.5585 val_L16_beta3.6231=0.7270 val_L16_beta3.7225=0.6953 val_L16_beta4.0764=0.6528 val_L16_beta4.7323=0.6886 val_L16_beta4.7632=0.5821 val_L16_beta5.586=0.6193 val_L16_beta6.2411=0.4658 val_L16_beta6.4184=0.4958 val_L16_beta6.8771=0.3891 val_L16_beta8.3946=0.4983 val_L16_beta8.4548=0.5377 val_L16_beta8.7139=0.6121 val_L16_beta9.287=0.7215 val_L16_beta9.571=0.4712 val_L16_beta9.8499=0.4948 val_L16_beta10.2188=0.5721 val_L16_beta11.8501=0.6241 val_L16_beta11.8784=0.5531 val_L16_beta12.9259=0.5018 val_L16_beta14.4687=0.6100 val_L16_beta15.5366=0.4588 val_L16_beta17.502=0.4870 val_L16_beta17.7602=0.6995 val_L16_beta19.403=0.5380 val_L16_beta20.2412=0.6683 val_L16_beta21.8857=0.5484 val_L16_beta27.0442=0.5932 val_L16_beta27.3387=0.5879 val_L16_beta27.7875=0.5997 val_L16_beta30.5978=0.6001 val_L16_beta33.325=0.5042 val_L16_beta34.3422=0.5160 val_L16_beta38.5957=0.4365 val_L16_beta39.6475=0.4773 val_L16_beta47.0386=0.4915 val_L16_beta47.4228=0.5607 val_L16_beta54.11=0.3660 val_L16_beta56.1944=0.5056 val_L16_beta57.2189=0.4312 val_L32_beta2.1926=0.9068 val_L32_beta2.4697=0.9353 val_L32_beta2.8622=0.6727 val_L32_beta4.994=0.5314 val_L32_beta8.069=0.5330 val_L32_beta11.2015=0.6748 val_L32_beta12.3504=0.6221 val_L32_beta12.688=0.7388 val_L32_beta14.1441=0.5830 val_L32_beta18.0708=0.3441 val_L32_beta18.6487=0.3806 val_L32_beta52.6284=0.5334 val_L8_beta1.4347=0.5138 val_L8_beta1.4977=0.7176 val_L8_beta1.7872=0.6200 val_L8_beta1.9783=0.6095 val_L8_beta2.4006=0.6490 val_L8_beta2.4786=0.7363 val_total=48.2400
epoch  64  train=0.6343  val_L16_beta14.1464=0.5389 val_L16_beta25=0.5222 val_L16_beta40=0.5300 val_L16_beta55.0237=0.5022 val_L16_beta1.0119=0.7028 val_L16_beta1.0397=0.7656 val_L16_beta1.0743=0.6346 val_L16_beta1.2464=0.6399 val_L16_beta1.2749=0.5859 val_L16_beta1.7484=0.4821 val_L16_beta1.8367=0.7886 val_L16_beta1.8781=0.6214 val_L16_beta2.122=0.5017 val_L16_beta2.1285=0.7387 val_L16_beta2.1757=0.5773 val_L16_beta2.1862=0.5582 val_L16_beta2.2983=0.5804 val_L16_beta2.3046=0.7212 val_L16_beta2.3454=0.6343 val_L16_beta2.7647=0.7148 val_L16_beta3.1518=0.6444 val_L16_beta3.1669=0.7198 val_L16_beta3.2922=0.4487 val_L16_beta3.3842=0.6357 val_L16_beta3.4006=0.5585 val_L16_beta3.6231=0.7268 val_L16_beta3.7225=0.6953 val_L16_beta4.0764=0.6519 val_L16_beta4.7323=0.6886 val_L16_beta4.7632=0.5818 val_L16_beta5.586=0.6198 val_L16_beta6.2411=0.4657 val_L16_beta6.4184=0.4955 val_L16_beta6.8771=0.3891 val_L16_beta8.3946=0.4984 val_L16_beta8.4548=0.5369 val_L16_beta8.7139=0.6120 val_L16_beta9.287=0.7216 val_L16_beta9.571=0.4712 val_L16_beta9.8499=0.4947 val_L16_beta10.2188=0.5715 val_L16_beta11.8501=0.6240 val_L16_beta11.8784=0.5531 val_L16_beta12.9259=0.5018 val_L16_beta14.4687=0.6099 val_L16_beta15.5366=0.4585 val_L16_beta17.502=0.4870 val_L16_beta17.7602=0.6994 val_L16_beta19.403=0.5382 val_L16_beta20.2412=0.6682 val_L16_beta21.8857=0.5483 val_L16_beta27.0442=0.5930 val_L16_beta27.3387=0.5879 val_L16_beta27.7875=0.5996 val_L16_beta30.5978=0.6003 val_L16_beta33.325=0.5034 val_L16_beta34.3422=0.5153 val_L16_beta38.5957=0.4365 val_L16_beta39.6475=0.4772 val_L16_beta47.0386=0.4913 val_L16_beta47.4228=0.5608 val_L16_beta54.11=0.3661 val_L16_beta56.1944=0.5057 val_L16_beta57.2189=0.4311 val_L32_beta2.1926=0.9085 val_L32_beta2.4697=0.9335 val_L32_beta2.8622=0.6724 val_L32_beta4.994=0.5312 val_L32_beta8.069=0.5345 val_L32_beta11.2015=0.6762 val_L32_beta12.3504=0.6221 val_L32_beta12.688=0.7353 val_L32_beta14.1441=0.5827 val_L32_beta18.0708=0.3445 val_L32_beta18.6487=0.3798 val_L32_beta52.6284=0.5310 val_L8_beta1.4347=0.5141 val_L8_beta1.4977=0.7167 val_L8_beta1.7872=0.6201 val_L8_beta1.9783=0.6087 val_L8_beta2.4006=0.6492 val_L8_beta2.4786=0.7365 val_total=48.2225
epoch  65  train=0.6260  val_L16_beta14.1464=0.5388 val_L16_beta25=0.5221 val_L16_beta40=0.5300 val_L16_beta55.0237=0.5020 val_L16_beta1.0119=0.7020 val_L16_beta1.0397=0.7645 val_L16_beta1.0743=0.6352 val_L16_beta1.2464=0.6388 val_L16_beta1.2749=0.5858 val_L16_beta1.7484=0.4812 val_L16_beta1.8367=0.7890 val_L16_beta1.8781=0.6218 val_L16_beta2.122=0.4998 val_L16_beta2.1285=0.7378 val_L16_beta2.1757=0.5773 val_L16_beta2.1862=0.5583 val_L16_beta2.2983=0.5800 val_L16_beta2.3046=0.7213 val_L16_beta2.3454=0.6344 val_L16_beta2.7647=0.7144 val_L16_beta3.1518=0.6444 val_L16_beta3.1669=0.7207 val_L16_beta3.2922=0.4486 val_L16_beta3.3842=0.6355 val_L16_beta3.4006=0.5584 val_L16_beta3.6231=0.7269 val_L16_beta3.7225=0.6951 val_L16_beta4.0764=0.6517 val_L16_beta4.7323=0.6886 val_L16_beta4.7632=0.5818 val_L16_beta5.586=0.6188 val_L16_beta6.2411=0.4652 val_L16_beta6.4184=0.4955 val_L16_beta6.8771=0.3893 val_L16_beta8.3946=0.4977 val_L16_beta8.4548=0.5366 val_L16_beta8.7139=0.6122 val_L16_beta9.287=0.7214 val_L16_beta9.571=0.4710 val_L16_beta9.8499=0.4948 val_L16_beta10.2188=0.5721 val_L16_beta11.8501=0.6240 val_L16_beta11.8784=0.5531 val_L16_beta12.9259=0.5015 val_L16_beta14.4687=0.6097 val_L16_beta15.5366=0.4584 val_L16_beta17.502=0.4870 val_L16_beta17.7602=0.6995 val_L16_beta19.403=0.5379 val_L16_beta20.2412=0.6682 val_L16_beta21.8857=0.5483 val_L16_beta27.0442=0.5931 val_L16_beta27.3387=0.5875 val_L16_beta27.7875=0.5996 val_L16_beta30.5978=0.5998 val_L16_beta33.325=0.5033 val_L16_beta34.3422=0.5155 val_L16_beta38.5957=0.4364 val_L16_beta39.6475=0.4772 val_L16_beta47.0386=0.4912 val_L16_beta47.4228=0.5607 val_L16_beta54.11=0.3659 val_L16_beta56.1944=0.5054 val_L16_beta57.2189=0.4311 val_L32_beta2.1926=0.9099 val_L32_beta2.4697=0.9348 val_L32_beta2.8622=0.6715 val_L32_beta4.994=0.5312 val_L32_beta8.069=0.5354 val_L32_beta11.2015=0.6756 val_L32_beta12.3504=0.6230 val_L32_beta12.688=0.7355 val_L32_beta14.1441=0.5812 val_L32_beta18.0708=0.3441 val_L32_beta18.6487=0.3799 val_L32_beta52.6284=0.5317 val_L8_beta1.4347=0.5134 val_L8_beta1.4977=0.7176 val_L8_beta1.7872=0.6203 val_L8_beta1.9783=0.6088 val_L8_beta2.4006=0.6495 val_L8_beta2.4786=0.7367 val_total=48.2152
epoch  66  train=0.6245  val_L16_beta14.1464=0.5389 val_L16_beta25=0.5219 val_L16_beta40=0.5300 val_L16_beta55.0237=0.5018 val_L16_beta1.0119=0.7026 val_L16_beta1.0397=0.7642 val_L16_beta1.0743=0.6361 val_L16_beta1.2464=0.6374 val_L16_beta1.2749=0.5851 val_L16_beta1.7484=0.4835 val_L16_beta1.8367=0.7917 val_L16_beta1.8781=0.6230 val_L16_beta2.122=0.4983 val_L16_beta2.1285=0.7387 val_L16_beta2.1757=0.5780 val_L16_beta2.1862=0.5587 val_L16_beta2.2983=0.5791 val_L16_beta2.3046=0.7216 val_L16_beta2.3454=0.6354 val_L16_beta2.7647=0.7152 val_L16_beta3.1518=0.6442 val_L16_beta3.1669=0.7210 val_L16_beta3.2922=0.4483 val_L16_beta3.3842=0.6368 val_L16_beta3.4006=0.5586 val_L16_beta3.6231=0.7272 val_L16_beta3.7225=0.6951 val_L16_beta4.0764=0.6529 val_L16_beta4.7323=0.6885 val_L16_beta4.7632=0.5820 val_L16_beta5.586=0.6174 val_L16_beta6.2411=0.4649 val_L16_beta6.4184=0.4951 val_L16_beta6.8771=0.3896 val_L16_beta8.3946=0.4973 val_L16_beta8.4548=0.5369 val_L16_beta8.7139=0.6124 val_L16_beta9.287=0.7213 val_L16_beta9.571=0.4710 val_L16_beta9.8499=0.4947 val_L16_beta10.2188=0.5726 val_L16_beta11.8501=0.6241 val_L16_beta11.8784=0.5531 val_L16_beta12.9259=0.5014 val_L16_beta14.4687=0.6096 val_L16_beta15.5366=0.4583 val_L16_beta17.502=0.4869 val_L16_beta17.7602=0.6993 val_L16_beta19.403=0.5379 val_L16_beta20.2412=0.6682 val_L16_beta21.8857=0.5482 val_L16_beta27.0442=0.5931 val_L16_beta27.3387=0.5870 val_L16_beta27.7875=0.5997 val_L16_beta30.5978=0.5995 val_L16_beta33.325=0.5036 val_L16_beta34.3422=0.5158 val_L16_beta38.5957=0.4364 val_L16_beta39.6475=0.4770 val_L16_beta47.0386=0.4910 val_L16_beta47.4228=0.5607 val_L16_beta54.11=0.3657 val_L16_beta56.1944=0.5054 val_L16_beta57.2189=0.4312 val_L32_beta2.1926=0.9160 val_L32_beta2.4697=0.9155 val_L32_beta2.8622=0.6729 val_L32_beta4.994=0.5306 val_L32_beta8.069=0.5356 val_L32_beta11.2015=0.6753 val_L32_beta12.3504=0.6260 val_L32_beta12.688=0.7383 val_L32_beta14.1441=0.5792 val_L32_beta18.0708=0.3436 val_L32_beta18.6487=0.3795 val_L32_beta52.6284=0.5314 val_L8_beta1.4347=0.5114 val_L8_beta1.4977=0.7184 val_L8_beta1.7872=0.6199 val_L8_beta1.9783=0.6088 val_L8_beta2.4006=0.6495 val_L8_beta2.4786=0.7368 val_total=48.2106
epoch  67  train=0.6215  val_L16_beta14.1464=0.5388 val_L16_beta25=0.5219 val_L16_beta40=0.5300 val_L16_beta55.0237=0.5018 val_L16_beta1.0119=0.7029 val_L16_beta1.0397=0.7648 val_L16_beta1.0743=0.6387 val_L16_beta1.2464=0.6364 val_L16_beta1.2749=0.5841 val_L16_beta1.7484=0.4818 val_L16_beta1.8367=0.7890 val_L16_beta1.8781=0.6232 val_L16_beta2.122=0.4981 val_L16_beta2.1285=0.7377 val_L16_beta2.1757=0.5787 val_L16_beta2.1862=0.5587 val_L16_beta2.2983=0.5790 val_L16_beta2.3046=0.7201 val_L16_beta2.3454=0.6359 val_L16_beta2.7647=0.7158 val_L16_beta3.1518=0.6443 val_L16_beta3.1669=0.7219 val_L16_beta3.2922=0.4481 val_L16_beta3.3842=0.6361 val_L16_beta3.4006=0.5585 val_L16_beta3.6231=0.7275 val_L16_beta3.7225=0.6947 val_L16_beta4.0764=0.6535 val_L16_beta4.7323=0.6879 val_L16_beta4.7632=0.5820 val_L16_beta5.586=0.6176 val_L16_beta6.2411=0.4647 val_L16_beta6.4184=0.4949 val_L16_beta6.8771=0.3893 val_L16_beta8.3946=0.4985 val_L16_beta8.4548=0.5367 val_L16_beta8.7139=0.6123 val_L16_beta9.287=0.7215 val_L16_beta9.571=0.4709 val_L16_beta9.8499=0.4947 val_L16_beta10.2188=0.5728 val_L16_beta11.8501=0.6241 val_L16_beta11.8784=0.5531 val_L16_beta12.9259=0.5014 val_L16_beta14.4687=0.6093 val_L16_beta15.5366=0.4582 val_L16_beta17.502=0.4870 val_L16_beta17.7602=0.6993 val_L16_beta19.403=0.5383 val_L16_beta20.2412=0.6682 val_L16_beta21.8857=0.5481 val_L16_beta27.0442=0.5929 val_L16_beta27.3387=0.5867 val_L16_beta27.7875=0.5996 val_L16_beta30.5978=0.5994 val_L16_beta33.325=0.5039 val_L16_beta34.3422=0.5158 val_L16_beta38.5957=0.4363 val_L16_beta39.6475=0.4770 val_L16_beta47.0386=0.4910 val_L16_beta47.4228=0.5606 val_L16_beta54.11=0.3660 val_L16_beta56.1944=0.5055 val_L16_beta57.2189=0.4311 val_L32_beta2.1926=0.9099 val_L32_beta2.4697=0.9181 val_L32_beta2.8622=0.6720 val_L32_beta4.994=0.5301 val_L32_beta8.069=0.5360 val_L32_beta11.2015=0.6748 val_L32_beta12.3504=0.6258 val_L32_beta12.688=0.7406 val_L32_beta14.1441=0.5795 val_L32_beta18.0708=0.3438 val_L32_beta18.6487=0.3793 val_L32_beta52.6284=0.5310 val_L8_beta1.4347=0.5097 val_L8_beta1.4977=0.7188 val_L8_beta1.7872=0.6199 val_L8_beta1.9783=0.6078 val_L8_beta2.4006=0.6503 val_L8_beta2.4786=0.7370 val_total=48.2026
epoch  68  train=0.6276  val_L16_beta14.1464=0.5388 val_L16_beta25=0.5218 val_L16_beta40=0.5298 val_L16_beta55.0237=0.5017 val_L16_beta1.0119=0.7033 val_L16_beta1.0397=0.7649 val_L16_beta1.0743=0.6396 val_L16_beta1.2464=0.6363 val_L16_beta1.2749=0.5846 val_L16_beta1.7484=0.4801 val_L16_beta1.8367=0.7860 val_L16_beta1.8781=0.6230 val_L16_beta2.122=0.4979 val_L16_beta2.1285=0.7366 val_L16_beta2.1757=0.5791 val_L16_beta2.1862=0.5587 val_L16_beta2.2983=0.5790 val_L16_beta2.3046=0.7188 val_L16_beta2.3454=0.6360 val_L16_beta2.7647=0.7164 val_L16_beta3.1518=0.6443 val_L16_beta3.1669=0.7226 val_L16_beta3.2922=0.4479 val_L16_beta3.3842=0.6360 val_L16_beta3.4006=0.5587 val_L16_beta3.6231=0.7274 val_L16_beta3.7225=0.6944 val_L16_beta4.0764=0.6531 val_L16_beta4.7323=0.6881 val_L16_beta4.7632=0.5818 val_L16_beta5.586=0.6174 val_L16_beta6.2411=0.4650 val_L16_beta6.4184=0.4946 val_L16_beta6.8771=0.3891 val_L16_beta8.3946=0.4986 val_L16_beta8.4548=0.5364 val_L16_beta8.7139=0.6121 val_L16_beta9.287=0.7220 val_L16_beta9.571=0.4709 val_L16_beta9.8499=0.4947 val_L16_beta10.2188=0.5719 val_L16_beta11.8501=0.6239 val_L16_beta11.8784=0.5531 val_L16_beta12.9259=0.5016 val_L16_beta14.4687=0.6093 val_L16_beta15.5366=0.4580 val_L16_beta17.502=0.4870 val_L16_beta17.7602=0.6992 val_L16_beta19.403=0.5388 val_L16_beta20.2412=0.6683 val_L16_beta21.8857=0.5481 val_L16_beta27.0442=0.5927 val_L16_beta27.3387=0.5863 val_L16_beta27.7875=0.5995 val_L16_beta30.5978=0.5993 val_L16_beta33.325=0.5040 val_L16_beta34.3422=0.5158 val_L16_beta38.5957=0.4365 val_L16_beta39.6475=0.4769 val_L16_beta47.0386=0.4913 val_L16_beta47.4228=0.5606 val_L16_beta54.11=0.3660 val_L16_beta56.1944=0.5055 val_L16_beta57.2189=0.4307 val_L32_beta2.1926=0.9101 val_L32_beta2.4697=0.9329 val_L32_beta2.8622=0.6729 val_L32_beta4.994=0.5297 val_L32_beta8.069=0.5348 val_L32_beta11.2015=0.6744 val_L32_beta12.3504=0.6244 val_L32_beta12.688=0.7424 val_L32_beta14.1441=0.5791 val_L32_beta18.0708=0.3435 val_L32_beta18.6487=0.3795 val_L32_beta52.6284=0.5309 val_L8_beta1.4347=0.5098 val_L8_beta1.4977=0.7192 val_L8_beta1.7872=0.6196 val_L8_beta1.9783=0.6065 val_L8_beta2.4006=0.6502 val_L8_beta2.4786=0.7372 val_total=48.2093
epoch  69  train=0.6241  val_L16_beta14.1464=0.5388 val_L16_beta25=0.5217 val_L16_beta40=0.5296 val_L16_beta55.0237=0.5016 val_L16_beta1.0119=0.7017 val_L16_beta1.0397=0.7649 val_L16_beta1.0743=0.6370 val_L16_beta1.2464=0.6359 val_L16_beta1.2749=0.5852 val_L16_beta1.7484=0.4797 val_L16_beta1.8367=0.7856 val_L16_beta1.8781=0.6222 val_L16_beta2.122=0.4986 val_L16_beta2.1285=0.7355 val_L16_beta2.1757=0.5783 val_L16_beta2.1862=0.5585 val_L16_beta2.2983=0.5783 val_L16_beta2.3046=0.7183 val_L16_beta2.3454=0.6357 val_L16_beta2.7647=0.7163 val_L16_beta3.1518=0.6446 val_L16_beta3.1669=0.7225 val_L16_beta3.2922=0.4480 val_L16_beta3.3842=0.6363 val_L16_beta3.4006=0.5583 val_L16_beta3.6231=0.7274 val_L16_beta3.7225=0.6942 val_L16_beta4.0764=0.6518 val_L16_beta4.7323=0.6881 val_L16_beta4.7632=0.5817 val_L16_beta5.586=0.6174 val_L16_beta6.2411=0.4652 val_L16_beta6.4184=0.4947 val_L16_beta6.8771=0.3892 val_L16_beta8.3946=0.4982 val_L16_beta8.4548=0.5365 val_L16_beta8.7139=0.6122 val_L16_beta9.287=0.7220 val_L16_beta9.571=0.4712 val_L16_beta9.8499=0.4947 val_L16_beta10.2188=0.5714 val_L16_beta11.8501=0.6239 val_L16_beta11.8784=0.5531 val_L16_beta12.9259=0.5016 val_L16_beta14.4687=0.6094 val_L16_beta15.5366=0.4581 val_L16_beta17.502=0.4870 val_L16_beta17.7602=0.6995 val_L16_beta19.403=0.5384 val_L16_beta20.2412=0.6684 val_L16_beta21.8857=0.5481 val_L16_beta27.0442=0.5926 val_L16_beta27.3387=0.5861 val_L16_beta27.7875=0.5996 val_L16_beta30.5978=0.5991 val_L16_beta33.325=0.5036 val_L16_beta34.3422=0.5155 val_L16_beta38.5957=0.4364 val_L16_beta39.6475=0.4768 val_L16_beta47.0386=0.4913 val_L16_beta47.4228=0.5605 val_L16_beta54.11=0.3661 val_L16_beta56.1944=0.5053 val_L16_beta57.2189=0.4305 val_L32_beta2.1926=0.9057 val_L32_beta2.4697=0.9505 val_L32_beta2.8622=0.6744 val_L32_beta4.994=0.5305 val_L32_beta8.069=0.5337 val_L32_beta11.2015=0.6741 val_L32_beta12.3504=0.6239 val_L32_beta12.688=0.7421 val_L32_beta14.1441=0.5783 val_L32_beta18.0708=0.3434 val_L32_beta18.6487=0.3799 val_L32_beta52.6284=0.5313 val_L8_beta1.4347=0.5104 val_L8_beta1.4977=0.7188 val_L8_beta1.7872=0.6193 val_L8_beta1.9783=0.6061 val_L8_beta2.4006=0.6497 val_L8_beta2.4786=0.7373 val_total=48.2090
epoch  70  train=0.6275  val_L16_beta14.1464=0.5388 val_L16_beta25=0.5218 val_L16_beta40=0.5296 val_L16_beta55.0237=0.5016 val_L16_beta1.0119=0.7007 val_L16_beta1.0397=0.7644 val_L16_beta1.0743=0.6377 val_L16_beta1.2464=0.6370 val_L16_beta1.2749=0.5864 val_L16_beta1.7484=0.4796 val_L16_beta1.8367=0.7851 val_L16_beta1.8781=0.6221 val_L16_beta2.122=0.4982 val_L16_beta2.1285=0.7357 val_L16_beta2.1757=0.5779 val_L16_beta2.1862=0.5586 val_L16_beta2.2983=0.5780 val_L16_beta2.3046=0.7182 val_L16_beta2.3454=0.6360 val_L16_beta2.7647=0.7158 val_L16_beta3.1518=0.6446 val_L16_beta3.1669=0.7222 val_L16_beta3.2922=0.4481 val_L16_beta3.3842=0.6360 val_L16_beta3.4006=0.5582 val_L16_beta3.6231=0.7276 val_L16_beta3.7225=0.6943 val_L16_beta4.0764=0.6510 val_L16_beta4.7323=0.6881 val_L16_beta4.7632=0.5818 val_L16_beta5.586=0.6179 val_L16_beta6.2411=0.4650 val_L16_beta6.4184=0.4947 val_L16_beta6.8771=0.3891 val_L16_beta8.3946=0.4980 val_L16_beta8.4548=0.5365 val_L16_beta8.7139=0.6123 val_L16_beta9.287=0.7223 val_L16_beta9.571=0.4713 val_L16_beta9.8499=0.4947 val_L16_beta10.2188=0.5712 val_L16_beta11.8501=0.6240 val_L16_beta11.8784=0.5530 val_L16_beta12.9259=0.5017 val_L16_beta14.4687=0.6092 val_L16_beta15.5366=0.4579 val_L16_beta17.502=0.4871 val_L16_beta17.7602=0.6995 val_L16_beta19.403=0.5382 val_L16_beta20.2412=0.6683 val_L16_beta21.8857=0.5481 val_L16_beta27.0442=0.5925 val_L16_beta27.3387=0.5863 val_L16_beta27.7875=0.5995 val_L16_beta30.5978=0.5990 val_L16_beta33.325=0.5034 val_L16_beta34.3422=0.5153 val_L16_beta38.5957=0.4363 val_L16_beta39.6475=0.4767 val_L16_beta47.0386=0.4915 val_L16_beta47.4228=0.5609 val_L16_beta54.11=0.3661 val_L16_beta56.1944=0.5049 val_L16_beta57.2189=0.4309 val_L32_beta2.1926=0.9041 val_L32_beta2.4697=0.9586 val_L32_beta2.8622=0.6763 val_L32_beta4.994=0.5318 val_L32_beta8.069=0.5331 val_L32_beta11.2015=0.6742 val_L32_beta12.3504=0.6225 val_L32_beta12.688=0.7395 val_L32_beta14.1441=0.5789 val_L32_beta18.0708=0.3434 val_L32_beta18.6487=0.3799 val_L32_beta52.6284=0.5301 val_L8_beta1.4347=0.5098 val_L8_beta1.4977=0.7187 val_L8_beta1.7872=0.6197 val_L8_beta1.9783=0.6061 val_L8_beta2.4006=0.6500 val_L8_beta2.4786=0.7373 val_total=48.2121
epoch  71  train=0.6265  val_L16_beta14.1464=0.5388 val_L16_beta25=0.5219 val_L16_beta40=0.5296 val_L16_beta55.0237=0.5015 val_L16_beta1.0119=0.7021 val_L16_beta1.0397=0.7626 val_L16_beta1.0743=0.6388 val_L16_beta1.2464=0.6357 val_L16_beta1.2749=0.5838 val_L16_beta1.7484=0.4796 val_L16_beta1.8367=0.7872 val_L16_beta1.8781=0.6221 val_L16_beta2.122=0.4987 val_L16_beta2.1285=0.7349 val_L16_beta2.1757=0.5778 val_L16_beta2.1862=0.5589 val_L16_beta2.2983=0.5782 val_L16_beta2.3046=0.7164 val_L16_beta2.3454=0.6360 val_L16_beta2.7647=0.7145 val_L16_beta3.1518=0.6446 val_L16_beta3.1669=0.7219 val_L16_beta3.2922=0.4483 val_L16_beta3.3842=0.6368 val_L16_beta3.4006=0.5584 val_L16_beta3.6231=0.7275 val_L16_beta3.7225=0.6943 val_L16_beta4.0764=0.6508 val_L16_beta4.7323=0.6879 val_L16_beta4.7632=0.5819 val_L16_beta5.586=0.6169 val_L16_beta6.2411=0.4650 val_L16_beta6.4184=0.4947 val_L16_beta6.8771=0.3893 val_L16_beta8.3946=0.4985 val_L16_beta8.4548=0.5362 val_L16_beta8.7139=0.6122 val_L16_beta9.287=0.7222 val_L16_beta9.571=0.4712 val_L16_beta9.8499=0.4947 val_L16_beta10.2188=0.5707 val_L16_beta11.8501=0.6241 val_L16_beta11.8784=0.5529 val_L16_beta12.9259=0.5016 val_L16_beta14.4687=0.6093 val_L16_beta15.5366=0.4580 val_L16_beta17.502=0.4871 val_L16_beta17.7602=0.6995 val_L16_beta19.403=0.5376 val_L16_beta20.2412=0.6683 val_L16_beta21.8857=0.5482 val_L16_beta27.0442=0.5923 val_L16_beta27.3387=0.5862 val_L16_beta27.7875=0.5995 val_L16_beta30.5978=0.5991 val_L16_beta33.325=0.5023 val_L16_beta34.3422=0.5154 val_L16_beta38.5957=0.4363 val_L16_beta39.6475=0.4767 val_L16_beta47.0386=0.4914 val_L16_beta47.4228=0.5611 val_L16_beta54.11=0.3661 val_L16_beta56.1944=0.5047 val_L16_beta57.2189=0.4310 val_L32_beta2.1926=0.9085 val_L32_beta2.4697=0.9473 val_L32_beta2.8622=0.6753 val_L32_beta4.994=0.5328 val_L32_beta8.069=0.5337 val_L32_beta11.2015=0.6743 val_L32_beta12.3504=0.6216 val_L32_beta12.688=0.7379 val_L32_beta14.1441=0.5788 val_L32_beta18.0708=0.3434 val_L32_beta18.6487=0.3801 val_L32_beta52.6284=0.5293 val_L8_beta1.4347=0.5089 val_L8_beta1.4977=0.7180 val_L8_beta1.7872=0.6198 val_L8_beta1.9783=0.6061 val_L8_beta2.4006=0.6502 val_L8_beta2.4786=0.7377 val_total=48.1959
epoch  72  train=0.6251  val_L16_beta14.1464=0.5388 val_L16_beta25=0.5218 val_L16_beta40=0.5297 val_L16_beta55.0237=0.5015 val_L16_beta1.0119=0.7020 val_L16_beta1.0397=0.7604 val_L16_beta1.0743=0.6389 val_L16_beta1.2464=0.6357 val_L16_beta1.2749=0.5853 val_L16_beta1.7484=0.4807 val_L16_beta1.8367=0.7880 val_L16_beta1.8781=0.6218 val_L16_beta2.122=0.5001 val_L16_beta2.1285=0.7358 val_L16_beta2.1757=0.5772 val_L16_beta2.1862=0.5589 val_L16_beta2.2983=0.5780 val_L16_beta2.3046=0.7177 val_L16_beta2.3454=0.6357 val_L16_beta2.7647=0.7151 val_L16_beta3.1518=0.6448 val_L16_beta3.1669=0.7214 val_L16_beta3.2922=0.4484 val_L16_beta3.3842=0.6373 val_L16_beta3.4006=0.5583 val_L16_beta3.6231=0.7274 val_L16_beta3.7225=0.6944 val_L16_beta4.0764=0.6513 val_L16_beta4.7323=0.6881 val_L16_beta4.7632=0.5827 val_L16_beta5.586=0.6162 val_L16_beta6.2411=0.4653 val_L16_beta6.4184=0.4949 val_L16_beta6.8771=0.3891 val_L16_beta8.3946=0.4993 val_L16_beta8.4548=0.5359 val_L16_beta8.7139=0.6121 val_L16_beta9.287=0.7223 val_L16_beta9.571=0.4712 val_L16_beta9.8499=0.4948 val_L16_beta10.2188=0.5703 val_L16_beta11.8501=0.6240 val_L16_beta11.8784=0.5530 val_L16_beta12.9259=0.5018 val_L16_beta14.4687=0.6095 val_L16_beta15.5366=0.4581 val_L16_beta17.502=0.4871 val_L16_beta17.7602=0.6995 val_L16_beta19.403=0.5376 val_L16_beta20.2412=0.6683 val_L16_beta21.8857=0.5481 val_L16_beta27.0442=0.5923 val_L16_beta27.3387=0.5864 val_L16_beta27.7875=0.5995 val_L16_beta30.5978=0.5989 val_L16_beta33.325=0.5021 val_L16_beta34.3422=0.5156 val_L16_beta38.5957=0.4364 val_L16_beta39.6475=0.4767 val_L16_beta47.0386=0.4912 val_L16_beta47.4228=0.5613 val_L16_beta54.11=0.3661 val_L16_beta56.1944=0.5048 val_L16_beta57.2189=0.4309 val_L32_beta2.1926=0.9060 val_L32_beta2.4697=0.9345 val_L32_beta2.8622=0.6723 val_L32_beta4.994=0.5345 val_L32_beta8.069=0.5332 val_L32_beta11.2015=0.6743 val_L32_beta12.3504=0.6213 val_L32_beta12.688=0.7375 val_L32_beta14.1441=0.5783 val_L32_beta18.0708=0.3433 val_L32_beta18.6487=0.3798 val_L32_beta52.6284=0.5296 val_L8_beta1.4347=0.5101 val_L8_beta1.4977=0.7178 val_L8_beta1.7872=0.6199 val_L8_beta1.9783=0.6069 val_L8_beta2.4006=0.6503 val_L8_beta2.4786=0.7376 val_total=48.1848
epoch  73  train=0.6314  val_L16_beta14.1464=0.5388 val_L16_beta25=0.5218 val_L16_beta40=0.5297 val_L16_beta55.0237=0.5015 val_L16_beta1.0119=0.7013 val_L16_beta1.0397=0.7611 val_L16_beta1.0743=0.6402 val_L16_beta1.2464=0.6359 val_L16_beta1.2749=0.5855 val_L16_beta1.7484=0.4802 val_L16_beta1.8367=0.7878 val_L16_beta1.8781=0.6217 val_L16_beta2.122=0.5008 val_L16_beta2.1285=0.7359 val_L16_beta2.1757=0.5773 val_L16_beta2.1862=0.5593 val_L16_beta2.2983=0.5777 val_L16_beta2.3046=0.7169 val_L16_beta2.3454=0.6358 val_L16_beta2.7647=0.7154 val_L16_beta3.1518=0.6448 val_L16_beta3.1669=0.7216 val_L16_beta3.2922=0.4483 val_L16_beta3.3842=0.6371 val_L16_beta3.4006=0.5583 val_L16_beta3.6231=0.7274 val_L16_beta3.7225=0.6947 val_L16_beta4.0764=0.6510 val_L16_beta4.7323=0.6880 val_L16_beta4.7632=0.5833 val_L16_beta5.586=0.6163 val_L16_beta6.2411=0.4654 val_L16_beta6.4184=0.4949 val_L16_beta6.8771=0.3892 val_L16_beta8.3946=0.4985 val_L16_beta8.4548=0.5357 val_L16_beta8.7139=0.6120 val_L16_beta9.287=0.7223 val_L16_beta9.571=0.4711 val_L16_beta9.8499=0.4949 val_L16_beta10.2188=0.5694 val_L16_beta11.8501=0.6240 val_L16_beta11.8784=0.5529 val_L16_beta12.9259=0.5018 val_L16_beta14.4687=0.6093 val_L16_beta15.5366=0.4580 val_L16_beta17.502=0.4871 val_L16_beta17.7602=0.6995 val_L16_beta19.403=0.5375 val_L16_beta20.2412=0.6683 val_L16_beta21.8857=0.5480 val_L16_beta27.0442=0.5921 val_L16_beta27.3387=0.5866 val_L16_beta27.7875=0.5995 val_L16_beta30.5978=0.5990 val_L16_beta33.325=0.5021 val_L16_beta34.3422=0.5153 val_L16_beta38.5957=0.4364 val_L16_beta39.6475=0.4767 val_L16_beta47.0386=0.4908 val_L16_beta47.4228=0.5613 val_L16_beta54.11=0.3663 val_L16_beta56.1944=0.5047 val_L16_beta57.2189=0.4306 val_L32_beta2.1926=0.9078 val_L32_beta2.4697=0.9371 val_L32_beta2.8622=0.6717 val_L32_beta4.994=0.5341 val_L32_beta8.069=0.5324 val_L32_beta11.2015=0.6741 val_L32_beta12.3504=0.6216 val_L32_beta12.688=0.7352 val_L32_beta14.1441=0.5785 val_L32_beta18.0708=0.3434 val_L32_beta18.6487=0.3803 val_L32_beta52.6284=0.5293 val_L8_beta1.4347=0.5102 val_L8_beta1.4977=0.7175 val_L8_beta1.7872=0.6200 val_L8_beta1.9783=0.6071 val_L8_beta2.4006=0.6507 val_L8_beta2.4786=0.7378 val_total=48.1854
epoch  74  train=0.6284  val_L16_beta14.1464=0.5387 val_L16_beta25=0.5220 val_L16_beta40=0.5297 val_L16_beta55.0237=0.5016 val_L16_beta1.0119=0.7014 val_L16_beta1.0397=0.7598 val_L16_beta1.0743=0.6392 val_L16_beta1.2464=0.6358 val_L16_beta1.2749=0.5872 val_L16_beta1.7484=0.4811 val_L16_beta1.8367=0.7889 val_L16_beta1.8781=0.6219 val_L16_beta2.122=0.5010 val_L16_beta2.1285=0.7374 val_L16_beta2.1757=0.5776 val_L16_beta2.1862=0.5592 val_L16_beta2.2983=0.5772 val_L16_beta2.3046=0.7179 val_L16_beta2.3454=0.6358 val_L16_beta2.7647=0.7155 val_L16_beta3.1518=0.6444 val_L16_beta3.1669=0.7215 val_L16_beta3.2922=0.4482 val_L16_beta3.3842=0.6370 val_L16_beta3.4006=0.5581 val_L16_beta3.6231=0.7274 val_L16_beta3.7225=0.6949 val_L16_beta4.0764=0.6506 val_L16_beta4.7323=0.6880 val_L16_beta4.7632=0.5835 val_L16_beta5.586=0.6161 val_L16_beta6.2411=0.4654 val_L16_beta6.4184=0.4949 val_L16_beta6.8771=0.3892 val_L16_beta8.3946=0.4980 val_L16_beta8.4548=0.5354 val_L16_beta8.7139=0.6120 val_L16_beta9.287=0.7223 val_L16_beta9.571=0.4711 val_L16_beta9.8499=0.4948 val_L16_beta10.2188=0.5686 val_L16_beta11.8501=0.6240 val_L16_beta11.8784=0.5529 val_L16_beta12.9259=0.5019 val_L16_beta14.4687=0.6094 val_L16_beta15.5366=0.4580 val_L16_beta17.502=0.4869 val_L16_beta17.7602=0.6996 val_L16_beta19.403=0.5375 val_L16_beta20.2412=0.6682 val_L16_beta21.8857=0.5480 val_L16_beta27.0442=0.5922 val_L16_beta27.3387=0.5865 val_L16_beta27.7875=0.5995 val_L16_beta30.5978=0.5993 val_L16_beta33.325=0.5019 val_L16_beta34.3422=0.5150 val_L16_beta38.5957=0.4364 val_L16_beta39.6475=0.4766 val_L16_beta47.0386=0.4907 val_L16_beta47.4228=0.5615 val_L16_beta54.11=0.3661 val_L16_beta56.1944=0.5051 val_L16_beta57.2189=0.4312 val_L32_beta2.1926=0.9025 val_L32_beta2.4697=0.9243 val_L32_beta2.8622=0.6704 val_L32_beta4.994=0.5351 val_L32_beta8.069=0.5346 val_L32_beta11.2015=0.6739 val_L32_beta12.3504=0.6208 val_L32_beta12.688=0.7330 val_L32_beta14.1441=0.5791 val_L32_beta18.0708=0.3434 val_L32_beta18.6487=0.3794 val_L32_beta52.6284=0.5288 val_L8_beta1.4347=0.5101 val_L8_beta1.4977=0.7171 val_L8_beta1.7872=0.6200 val_L8_beta1.9783=0.6072 val_L8_beta2.4006=0.6494 val_L8_beta2.4786=0.7378 val_total=48.1659
epoch  75  train=0.6288  val_L16_beta14.1464=0.5387 val_L16_beta25=0.5221 val_L16_beta40=0.5298 val_L16_beta55.0237=0.5017 val_L16_beta1.0119=0.6996 val_L16_beta1.0397=0.7603 val_L16_beta1.0743=0.6391 val_L16_beta1.2464=0.6361 val_L16_beta1.2749=0.5865 val_L16_beta1.7484=0.4810 val_L16_beta1.8367=0.7893 val_L16_beta1.8781=0.6219 val_L16_beta2.122=0.5002 val_L16_beta2.1285=0.7371 val_L16_beta2.1757=0.5777 val_L16_beta2.1862=0.5588 val_L16_beta2.2983=0.5786 val_L16_beta2.3046=0.7183 val_L16_beta2.3454=0.6351 val_L16_beta2.7647=0.7155 val_L16_beta3.1518=0.6441 val_L16_beta3.1669=0.7208 val_L16_beta3.2922=0.4482 val_L16_beta3.3842=0.6368 val_L16_beta3.4006=0.5582 val_L16_beta3.6231=0.7277 val_L16_beta3.7225=0.6947 val_L16_beta4.0764=0.6504 val_L16_beta4.7323=0.6877 val_L16_beta4.7632=0.5830 val_L16_beta5.586=0.6157 val_L16_beta6.2411=0.4651 val_L16_beta6.4184=0.4951 val_L16_beta6.8771=0.3894 val_L16_beta8.3946=0.4976 val_L16_beta8.4548=0.5353 val_L16_beta8.7139=0.6120 val_L16_beta9.287=0.7223 val_L16_beta9.571=0.4708 val_L16_beta9.8499=0.4949 val_L16_beta10.2188=0.5686 val_L16_beta11.8501=0.6241 val_L16_beta11.8784=0.5528 val_L16_beta12.9259=0.5018 val_L16_beta14.4687=0.6092 val_L16_beta15.5366=0.4581 val_L16_beta17.502=0.4869 val_L16_beta17.7602=0.6998 val_L16_beta19.403=0.5371 val_L16_beta20.2412=0.6682 val_L16_beta21.8857=0.5480 val_L16_beta27.0442=0.5923 val_L16_beta27.3387=0.5869 val_L16_beta27.7875=0.5994 val_L16_beta30.5978=0.5996 val_L16_beta33.325=0.5025 val_L16_beta34.3422=0.5149 val_L16_beta38.5957=0.4364 val_L16_beta39.6475=0.4765 val_L16_beta47.0386=0.4910 val_L16_beta47.4228=0.5614 val_L16_beta54.11=0.3661 val_L16_beta56.1944=0.5053 val_L16_beta57.2189=0.4316 val_L32_beta2.1926=0.8994 val_L32_beta2.4697=0.9197 val_L32_beta2.8622=0.6705 val_L32_beta4.994=0.5331 val_L32_beta8.069=0.5319 val_L32_beta11.2015=0.6738 val_L32_beta12.3504=0.6198 val_L32_beta12.688=0.7328 val_L32_beta14.1441=0.5801 val_L32_beta18.0708=0.3437 val_L32_beta18.6487=0.3789 val_L32_beta52.6284=0.5296 val_L8_beta1.4347=0.5104 val_L8_beta1.4977=0.7173 val_L8_beta1.7872=0.6205 val_L8_beta1.9783=0.6076 val_L8_beta2.4006=0.6494 val_L8_beta2.4786=0.7376 val_total=48.1517
epoch  76  train=0.6290  val_L16_beta14.1464=0.5388 val_L16_beta25=0.5219 val_L16_beta40=0.5298 val_L16_beta55.0237=0.5015 val_L16_beta1.0119=0.6981 val_L16_beta1.0397=0.7608 val_L16_beta1.0743=0.6385 val_L16_beta1.2464=0.6362 val_L16_beta1.2749=0.5877 val_L16_beta1.7484=0.4818 val_L16_beta1.8367=0.7887 val_L16_beta1.8781=0.6220 val_L16_beta2.122=0.4996 val_L16_beta2.1285=0.7389 val_L16_beta2.1757=0.5773 val_L16_beta2.1862=0.5582 val_L16_beta2.2983=0.5781 val_L16_beta2.3046=0.7188 val_L16_beta2.3454=0.6346 val_L16_beta2.7647=0.7157 val_L16_beta3.1518=0.6440 val_L16_beta3.1669=0.7202 val_L16_beta3.2922=0.4482 val_L16_beta3.3842=0.6363 val_L16_beta3.4006=0.5580 val_L16_beta3.6231=0.7276 val_L16_beta3.7225=0.6945 val_L16_beta4.0764=0.6505 val_L16_beta4.7323=0.6877 val_L16_beta4.7632=0.5833 val_L16_beta5.586=0.6164 val_L16_beta6.2411=0.4648 val_L16_beta6.4184=0.4949 val_L16_beta6.8771=0.3895 val_L16_beta8.3946=0.4973 val_L16_beta8.4548=0.5352 val_L16_beta8.7139=0.6119 val_L16_beta9.287=0.7224 val_L16_beta9.571=0.4705 val_L16_beta9.8499=0.4948 val_L16_beta10.2188=0.5690 val_L16_beta11.8501=0.6240 val_L16_beta11.8784=0.5528 val_L16_beta12.9259=0.5016 val_L16_beta14.4687=0.6091 val_L16_beta15.5366=0.4581 val_L16_beta17.502=0.4869 val_L16_beta17.7602=0.6998 val_L16_beta19.403=0.5370 val_L16_beta20.2412=0.6682 val_L16_beta21.8857=0.5481 val_L16_beta27.0442=0.5924 val_L16_beta27.3387=0.5868 val_L16_beta27.7875=0.5994 val_L16_beta30.5978=0.5993 val_L16_beta33.325=0.5024 val_L16_beta34.3422=0.5151 val_L16_beta38.5957=0.4364 val_L16_beta39.6475=0.4764 val_L16_beta47.0386=0.4910 val_L16_beta47.4228=0.5613 val_L16_beta54.11=0.3658 val_L16_beta56.1944=0.5048 val_L16_beta57.2189=0.4312 val_L32_beta2.1926=0.8856 val_L32_beta2.4697=0.9124 val_L32_beta2.8622=0.6708 val_L32_beta4.994=0.5314 val_L32_beta8.069=0.5296 val_L32_beta11.2015=0.6737 val_L32_beta12.3504=0.6193 val_L32_beta12.688=0.7350 val_L32_beta14.1441=0.5806 val_L32_beta18.0708=0.3438 val_L32_beta18.6487=0.3788 val_L32_beta52.6284=0.5290 val_L8_beta1.4347=0.5109 val_L8_beta1.4977=0.7174 val_L8_beta1.7872=0.6208 val_L8_beta1.9783=0.6079 val_L8_beta2.4006=0.6489 val_L8_beta2.4786=0.7374 val_total=48.1249
epoch  77  train=0.6297  val_L16_beta14.1464=0.5387 val_L16_beta25=0.5218 val_L16_beta40=0.5297 val_L16_beta55.0237=0.5016 val_L16_beta1.0119=0.6979 val_L16_beta1.0397=0.7609 val_L16_beta1.0743=0.6406 val_L16_beta1.2464=0.6361 val_L16_beta1.2749=0.5873 val_L16_beta1.7484=0.4815 val_L16_beta1.8367=0.7869 val_L16_beta1.8781=0.6226 val_L16_beta2.122=0.4993 val_L16_beta2.1285=0.7385 val_L16_beta2.1757=0.5774 val_L16_beta2.1862=0.5589 val_L16_beta2.2983=0.5774 val_L16_beta2.3046=0.7187 val_L16_beta2.3454=0.6348 val_L16_beta2.7647=0.7158 val_L16_beta3.1518=0.6444 val_L16_beta3.1669=0.7190 val_L16_beta3.2922=0.4480 val_L16_beta3.3842=0.6362 val_L16_beta3.4006=0.5580 val_L16_beta3.6231=0.7273 val_L16_beta3.7225=0.6945 val_L16_beta4.0764=0.6496 val_L16_beta4.7323=0.6879 val_L16_beta4.7632=0.5833 val_L16_beta5.586=0.6168 val_L16_beta6.2411=0.4651 val_L16_beta6.4184=0.4950 val_L16_beta6.8771=0.3894 val_L16_beta8.3946=0.4973 val_L16_beta8.4548=0.5352 val_L16_beta8.7139=0.6119 val_L16_beta9.287=0.7223 val_L16_beta9.571=0.4706 val_L16_beta9.8499=0.4947 val_L16_beta10.2188=0.5689 val_L16_beta11.8501=0.6240 val_L16_beta11.8784=0.5528 val_L16_beta12.9259=0.5017 val_L16_beta14.4687=0.6092 val_L16_beta15.5366=0.4580 val_L16_beta17.502=0.4868 val_L16_beta17.7602=0.6996 val_L16_beta19.403=0.5380 val_L16_beta20.2412=0.6682 val_L16_beta21.8857=0.5480 val_L16_beta27.0442=0.5923 val_L16_beta27.3387=0.5867 val_L16_beta27.7875=0.5994 val_L16_beta30.5978=0.5991 val_L16_beta33.325=0.5025 val_L16_beta34.3422=0.5150 val_L16_beta38.5957=0.4364 val_L16_beta39.6475=0.4764 val_L16_beta47.0386=0.4910 val_L16_beta47.4228=0.5612 val_L16_beta54.11=0.3656 val_L16_beta56.1944=0.5047 val_L16_beta57.2189=0.4314 val_L32_beta2.1926=0.8864 val_L32_beta2.4697=0.9173 val_L32_beta2.8622=0.6714 val_L32_beta4.994=0.5333 val_L32_beta8.069=0.5293 val_L32_beta11.2015=0.6743 val_L32_beta12.3504=0.6167 val_L32_beta12.688=0.7358 val_L32_beta14.1441=0.5802 val_L32_beta18.0708=0.3434 val_L32_beta18.6487=0.3789 val_L32_beta52.6284=0.5287 val_L8_beta1.4347=0.5099 val_L8_beta1.4977=0.7179 val_L8_beta1.7872=0.6210 val_L8_beta1.9783=0.6075 val_L8_beta2.4006=0.6493 val_L8_beta2.4786=0.7375 val_total=48.1289
epoch  78  train=0.6302  val_L16_beta14.1464=0.5386 val_L16_beta25=0.5216 val_L16_beta40=0.5296 val_L16_beta55.0237=0.5016 val_L16_beta1.0119=0.6983 val_L16_beta1.0397=0.7622 val_L16_beta1.0743=0.6412 val_L16_beta1.2464=0.6364 val_L16_beta1.2749=0.5868 val_L16_beta1.7484=0.4802 val_L16_beta1.8367=0.7854 val_L16_beta1.8781=0.6225 val_L16_beta2.122=0.4991 val_L16_beta2.1285=0.7375 val_L16_beta2.1757=0.5776 val_L16_beta2.1862=0.5589 val_L16_beta2.2983=0.5774 val_L16_beta2.3046=0.7167 val_L16_beta2.3454=0.6351 val_L16_beta2.7647=0.7165 val_L16_beta3.1518=0.6444 val_L16_beta3.1669=0.7201 val_L16_beta3.2922=0.4479 val_L16_beta3.3842=0.6360 val_L16_beta3.4006=0.5580 val_L16_beta3.6231=0.7273 val_L16_beta3.7225=0.6947 val_L16_beta4.0764=0.6492 val_L16_beta4.7323=0.6878 val_L16_beta4.7632=0.5836 val_L16_beta5.586=0.6174 val_L16_beta6.2411=0.4650 val_L16_beta6.4184=0.4946 val_L16_beta6.8771=0.3894 val_L16_beta8.3946=0.4972 val_L16_beta8.4548=0.5355 val_L16_beta8.7139=0.6118 val_L16_beta9.287=0.7224 val_L16_beta9.571=0.4708 val_L16_beta9.8499=0.4947 val_L16_beta10.2188=0.5684 val_L16_beta11.8501=0.6239 val_L16_beta11.8784=0.5529 val_L16_beta12.9259=0.5014 val_L16_beta14.4687=0.6089 val_L16_beta15.5366=0.4579 val_L16_beta17.502=0.4869 val_L16_beta17.7602=0.6993 val_L16_beta19.403=0.5376 val_L16_beta20.2412=0.6682 val_L16_beta21.8857=0.5479 val_L16_beta27.0442=0.5923 val_L16_beta27.3387=0.5864 val_L16_beta27.7875=0.5995 val_L16_beta30.5978=0.5988 val_L16_beta33.325=0.5022 val_L16_beta34.3422=0.5147 val_L16_beta38.5957=0.4364 val_L16_beta39.6475=0.4765 val_L16_beta47.0386=0.4908 val_L16_beta47.4228=0.5613 val_L16_beta54.11=0.3654 val_L16_beta56.1944=0.5045 val_L16_beta57.2189=0.4312 val_L32_beta2.1926=0.8899 val_L32_beta2.4697=0.9229 val_L32_beta2.8622=0.6713 val_L32_beta4.994=0.5350 val_L32_beta8.069=0.5310 val_L32_beta11.2015=0.6743 val_L32_beta12.3504=0.6159 val_L32_beta12.688=0.7372 val_L32_beta14.1441=0.5808 val_L32_beta18.0708=0.3432 val_L32_beta18.6487=0.3790 val_L32_beta52.6284=0.5291 val_L8_beta1.4347=0.5109 val_L8_beta1.4977=0.7179 val_L8_beta1.7872=0.6209 val_L8_beta1.9783=0.6069 val_L8_beta2.4006=0.6498 val_L8_beta2.4786=0.7372 val_total=48.1374
epoch  79  train=0.6273  val_L16_beta14.1464=0.5386 val_L16_beta25=0.5216 val_L16_beta40=0.5296 val_L16_beta55.0237=0.5016 val_L16_beta1.0119=0.6989 val_L16_beta1.0397=0.7622 val_L16_beta1.0743=0.6414 val_L16_beta1.2464=0.6352 val_L16_beta1.2749=0.5850 val_L16_beta1.7484=0.4804 val_L16_beta1.8367=0.7848 val_L16_beta1.8781=0.6226 val_L16_beta2.122=0.4989 val_L16_beta2.1285=0.7368 val_L16_beta2.1757=0.5776 val_L16_beta2.1862=0.5590 val_L16_beta2.2983=0.5767 val_L16_beta2.3046=0.7159 val_L16_beta2.3454=0.6353 val_L16_beta2.7647=0.7170 val_L16_beta3.1518=0.6444 val_L16_beta3.1669=0.7201 val_L16_beta3.2922=0.4478 val_L16_beta3.3842=0.6354 val_L16_beta3.4006=0.5579 val_L16_beta3.6231=0.7272 val_L16_beta3.7225=0.6949 val_L16_beta4.0764=0.6489 val_L16_beta4.7323=0.6878 val_L16_beta4.7632=0.5833 val_L16_beta5.586=0.6181 val_L16_beta6.2411=0.4652 val_L16_beta6.4184=0.4946 val_L16_beta6.8771=0.3893 val_L16_beta8.3946=0.4972 val_L16_beta8.4548=0.5356 val_L16_beta8.7139=0.6117 val_L16_beta9.287=0.7221 val_L16_beta9.571=0.4709 val_L16_beta9.8499=0.4947 val_L16_beta10.2188=0.5681 val_L16_beta11.8501=0.6238 val_L16_beta11.8784=0.5529 val_L16_beta12.9259=0.5012 val_L16_beta14.4687=0.6089 val_L16_beta15.5366=0.4580 val_L16_beta17.502=0.4870 val_L16_beta17.7602=0.6992 val_L16_beta19.403=0.5375 val_L16_beta20.2412=0.6682 val_L16_beta21.8857=0.5479 val_L16_beta27.0442=0.5923 val_L16_beta27.3387=0.5864 val_L16_beta27.7875=0.5995 val_L16_beta30.5978=0.5989 val_L16_beta33.325=0.5020 val_L16_beta34.3422=0.5147 val_L16_beta38.5957=0.4364 val_L16_beta39.6475=0.4764 val_L16_beta47.0386=0.4912 val_L16_beta47.4228=0.5613 val_L16_beta54.11=0.3654 val_L16_beta56.1944=0.5045 val_L16_beta57.2189=0.4313 val_L32_beta2.1926=0.8895 val_L32_beta2.4697=0.9343 val_L32_beta2.8622=0.6705 val_L32_beta4.994=0.5357 val_L32_beta8.069=0.5325 val_L32_beta11.2015=0.6741 val_L32_beta12.3504=0.6168 val_L32_beta12.688=0.7373 val_L32_beta14.1441=0.5810 val_L32_beta18.0708=0.3434 val_L32_beta18.6487=0.3787 val_L32_beta52.6284=0.5294 val_L8_beta1.4347=0.5095 val_L8_beta1.4977=0.7182 val_L8_beta1.7872=0.6210 val_L8_beta1.9783=0.6069 val_L8_beta2.4006=0.6500 val_L8_beta2.4786=0.7374 val_total=48.1458
epoch  80  train=0.6256  val_L16_beta14.1464=0.5386 val_L16_beta25=0.5217 val_L16_beta40=0.5296 val_L16_beta55.0237=0.5016 val_L16_beta1.0119=0.6994 val_L16_beta1.0397=0.7616 val_L16_beta1.0743=0.6407 val_L16_beta1.2464=0.6349 val_L16_beta1.2749=0.5846 val_L16_beta1.7484=0.4808 val_L16_beta1.8367=0.7841 val_L16_beta1.8781=0.6226 val_L16_beta2.122=0.4984 val_L16_beta2.1285=0.7363 val_L16_beta2.1757=0.5783 val_L16_beta2.1862=0.5589 val_L16_beta2.2983=0.5764 val_L16_beta2.3046=0.7159 val_L16_beta2.3454=0.6359 val_L16_beta2.7647=0.7173 val_L16_beta3.1518=0.6440 val_L16_beta3.1669=0.7200 val_L16_beta3.2922=0.4479 val_L16_beta3.3842=0.6349 val_L16_beta3.4006=0.5581 val_L16_beta3.6231=0.7273 val_L16_beta3.7225=0.6947 val_L16_beta4.0764=0.6486 val_L16_beta4.7323=0.6875 val_L16_beta4.7632=0.5829 val_L16_beta5.586=0.6177 val_L16_beta6.2411=0.4651 val_L16_beta6.4184=0.4946 val_L16_beta6.8771=0.3894 val_L16_beta8.3946=0.4972 val_L16_beta8.4548=0.5356 val_L16_beta8.7139=0.6117 val_L16_beta9.287=0.7222 val_L16_beta9.571=0.4709 val_L16_beta9.8499=0.4947 val_L16_beta10.2188=0.5677 val_L16_beta11.8501=0.6238 val_L16_beta11.8784=0.5529 val_L16_beta12.9259=0.5012 val_L16_beta14.4687=0.6089 val_L16_beta15.5366=0.4578 val_L16_beta17.502=0.4870 val_L16_beta17.7602=0.6988 val_L16_beta19.403=0.5374 val_L16_beta20.2412=0.6683 val_L16_beta21.8857=0.5478 val_L16_beta27.0442=0.5923 val_L16_beta27.3387=0.5865 val_L16_beta27.7875=0.5994 val_L16_beta30.5978=0.5991 val_L16_beta33.325=0.5023 val_L16_beta34.3422=0.5146 val_L16_beta38.5957=0.4363 val_L16_beta39.6475=0.4766 val_L16_beta47.0386=0.4912 val_L16_beta47.4228=0.5614 val_L16_beta54.11=0.3653 val_L16_beta56.1944=0.5043 val_L16_beta57.2189=0.4313 val_L32_beta2.1926=0.8913 val_L32_beta2.4697=0.9422 val_L32_beta2.8622=0.6711 val_L32_beta4.994=0.5352 val_L32_beta8.069=0.5323 val_L32_beta11.2015=0.6738 val_L32_beta12.3504=0.6174 val_L32_beta12.688=0.7369 val_L32_beta14.1441=0.5810 val_L32_beta18.0708=0.3435 val_L32_beta18.6487=0.3789 val_L32_beta52.6284=0.5290 val_L8_beta1.4347=0.5100 val_L8_beta1.4977=0.7182 val_L8_beta1.7872=0.6205 val_L8_beta1.9783=0.6072 val_L8_beta2.4006=0.6495 val_L8_beta2.4786=0.7375 val_total=48.1503
epoch  81  train=0.6274  val_L16_beta14.1464=0.5387 val_L16_beta25=0.5217 val_L16_beta40=0.5296 val_L16_beta55.0237=0.5015 val_L16_beta1.0119=0.6990 val_L16_beta1.0397=0.7611 val_L16_beta1.0743=0.6391 val_L16_beta1.2464=0.6343 val_L16_beta1.2749=0.5846 val_L16_beta1.7484=0.4810 val_L16_beta1.8367=0.7855 val_L16_beta1.8781=0.6223 val_L16_beta2.122=0.4986 val_L16_beta2.1285=0.7364 val_L16_beta2.1757=0.5781 val_L16_beta2.1862=0.5586 val_L16_beta2.2983=0.5771 val_L16_beta2.3046=0.7164 val_L16_beta2.3454=0.6353 val_L16_beta2.7647=0.7173 val_L16_beta3.1518=0.6439 val_L16_beta3.1669=0.7200 val_L16_beta3.2922=0.4479 val_L16_beta3.3842=0.6352 val_L16_beta3.4006=0.5577 val_L16_beta3.6231=0.7276 val_L16_beta3.7225=0.6949 val_L16_beta4.0764=0.6488 val_L16_beta4.7323=0.6875 val_L16_beta4.7632=0.5835 val_L16_beta5.586=0.6174 val_L16_beta6.2411=0.4650 val_L16_beta6.4184=0.4945 val_L16_beta6.8771=0.3895 val_L16_beta8.3946=0.4975 val_L16_beta8.4548=0.5352 val_L16_beta8.7139=0.6118 val_L16_beta9.287=0.7224 val_L16_beta9.571=0.4709 val_L16_beta9.8499=0.4947 val_L16_beta10.2188=0.5677 val_L16_beta11.8501=0.6238 val_L16_beta11.8784=0.5529 val_L16_beta12.9259=0.5011 val_L16_beta14.4687=0.6088 val_L16_beta15.5366=0.4579 val_L16_beta17.502=0.4870 val_L16_beta17.7602=0.6986 val_L16_beta19.403=0.5372 val_L16_beta20.2412=0.6683 val_L16_beta21.8857=0.5477 val_L16_beta27.0442=0.5924 val_L16_beta27.3387=0.5865 val_L16_beta27.7875=0.5995 val_L16_beta30.5978=0.5991 val_L16_beta33.325=0.5023 val_L16_beta34.3422=0.5145 val_L16_beta38.5957=0.4363 val_L16_beta39.6475=0.4765 val_L16_beta47.0386=0.4913 val_L16_beta47.4228=0.5614 val_L16_beta54.11=0.3654 val_L16_beta56.1944=0.5043 val_L16_beta57.2189=0.4310 val_L32_beta2.1926=0.8946 val_L32_beta2.4697=0.9307 val_L32_beta2.8622=0.6711 val_L32_beta4.994=0.5348 val_L32_beta8.069=0.5336 val_L32_beta11.2015=0.6741 val_L32_beta12.3504=0.6171 val_L32_beta12.688=0.7365 val_L32_beta14.1441=0.5820 val_L32_beta18.0708=0.3433 val_L32_beta18.6487=0.3792 val_L32_beta52.6284=0.5288 val_L8_beta1.4347=0.5109 val_L8_beta1.4977=0.7179 val_L8_beta1.7872=0.6202 val_L8_beta1.9783=0.6071 val_L8_beta2.4006=0.6492 val_L8_beta2.4786=0.7375 val_total=48.1421
epoch  82  train=0.6264  val_L16_beta14.1464=0.5387 val_L16_beta25=0.5218 val_L16_beta40=0.5296 val_L16_beta55.0237=0.5015 val_L16_beta1.0119=0.6997 val_L16_beta1.0397=0.7610 val_L16_beta1.0743=0.6395 val_L16_beta1.2464=0.6338 val_L16_beta1.2749=0.5837 val_L16_beta1.7484=0.4805 val_L16_beta1.8367=0.7869 val_L16_beta1.8781=0.6225 val_L16_beta2.122=0.4987 val_L16_beta2.1285=0.7348 val_L16_beta2.1757=0.5789 val_L16_beta2.1862=0.5582 val_L16_beta2.2983=0.5777 val_L16_beta2.3046=0.7148 val_L16_beta2.3454=0.6349 val_L16_beta2.7647=0.7165 val_L16_beta3.1518=0.6438 val_L16_beta3.1669=0.7201 val_L16_beta3.2922=0.4479 val_L16_beta3.3842=0.6356 val_L16_beta3.4006=0.5577 val_L16_beta3.6231=0.7280 val_L16_beta3.7225=0.6953 val_L16_beta4.0764=0.6488 val_L16_beta4.7323=0.6877 val_L16_beta4.7632=0.5836 val_L16_beta5.586=0.6174 val_L16_beta6.2411=0.4651 val_L16_beta6.4184=0.4945 val_L16_beta6.8771=0.3896 val_L16_beta8.3946=0.4973 val_L16_beta8.4548=0.5351 val_L16_beta8.7139=0.6117 val_L16_beta9.287=0.7225 val_L16_beta9.571=0.4709 val_L16_beta9.8499=0.4948 val_L16_beta10.2188=0.5675 val_L16_beta11.8501=0.6238 val_L16_beta11.8784=0.5529 val_L16_beta12.9259=0.5010 val_L16_beta14.4687=0.6087 val_L16_beta15.5366=0.4580 val_L16_beta17.502=0.4871 val_L16_beta17.7602=0.6985 val_L16_beta19.403=0.5377 val_L16_beta20.2412=0.6683 val_L16_beta21.8857=0.5477 val_L16_beta27.0442=0.5924 val_L16_beta27.3387=0.5867 val_L16_beta27.7875=0.5995 val_L16_beta30.5978=0.5991 val_L16_beta33.325=0.5021 val_L16_beta34.3422=0.5143 val_L16_beta38.5957=0.4363 val_L16_beta39.6475=0.4764 val_L16_beta47.0386=0.4912 val_L16_beta47.4228=0.5614 val_L16_beta54.11=0.3655 val_L16_beta56.1944=0.5043 val_L16_beta57.2189=0.4311 val_L32_beta2.1926=0.8999 val_L32_beta2.4697=0.9273 val_L32_beta2.8622=0.6705 val_L32_beta4.994=0.5349 val_L32_beta8.069=0.5342 val_L32_beta11.2015=0.6743 val_L32_beta12.3504=0.6168 val_L32_beta12.688=0.7353 val_L32_beta14.1441=0.5822 val_L32_beta18.0708=0.3434 val_L32_beta18.6487=0.3792 val_L32_beta52.6284=0.5288 val_L8_beta1.4347=0.5092 val_L8_beta1.4977=0.7175 val_L8_beta1.7872=0.6201 val_L8_beta1.9783=0.6073 val_L8_beta2.4006=0.6492 val_L8_beta2.4786=0.7377 val_total=48.1406
epoch  83  train=0.6313  val_L16_beta14.1464=0.5387 val_L16_beta25=0.5217 val_L16_beta40=0.5297 val_L16_beta55.0237=0.5015 val_L16_beta1.0119=0.7001 val_L16_beta1.0397=0.7610 val_L16_beta1.0743=0.6396 val_L16_beta1.2464=0.6338 val_L16_beta1.2749=0.5837 val_L16_beta1.7484=0.4813 val_L16_beta1.8367=0.7870 val_L16_beta1.8781=0.6225 val_L16_beta2.122=0.4986 val_L16_beta2.1285=0.7357 val_L16_beta2.1757=0.5790 val_L16_beta2.1862=0.5581 val_L16_beta2.2983=0.5773 val_L16_beta2.3046=0.7151 val_L16_beta2.3454=0.6348 val_L16_beta2.7647=0.7171 val_L16_beta3.1518=0.6438 val_L16_beta3.1669=0.7202 val_L16_beta3.2922=0.4480 val_L16_beta3.3842=0.6361 val_L16_beta3.4006=0.5577 val_L16_beta3.6231=0.7278 val_L16_beta3.7225=0.6952 val_L16_beta4.0764=0.6488 val_L16_beta4.7323=0.6877 val_L16_beta4.7632=0.5834 val_L16_beta5.586=0.6177 val_L16_beta6.2411=0.4651 val_L16_beta6.4184=0.4945 val_L16_beta6.8771=0.3895 val_L16_beta8.3946=0.4971 val_L16_beta8.4548=0.5352 val_L16_beta8.7139=0.6115 val_L16_beta9.287=0.7224 val_L16_beta9.571=0.4708 val_L16_beta9.8499=0.4947 val_L16_beta10.2188=0.5675 val_L16_beta11.8501=0.6238 val_L16_beta11.8784=0.5529 val_L16_beta12.9259=0.5010 val_L16_beta14.4687=0.6087 val_L16_beta15.5366=0.4582 val_L16_beta17.502=0.4871 val_L16_beta17.7602=0.6985 val_L16_beta19.403=0.5374 val_L16_beta20.2412=0.6683 val_L16_beta21.8857=0.5478 val_L16_beta27.0442=0.5925 val_L16_beta27.3387=0.5866 val_L16_beta27.7875=0.5995 val_L16_beta30.5978=0.5991 val_L16_beta33.325=0.5018 val_L16_beta34.3422=0.5144 val_L16_beta38.5957=0.4364 val_L16_beta39.6475=0.4765 val_L16_beta47.0386=0.4910 val_L16_beta47.4228=0.5614 val_L16_beta54.11=0.3654 val_L16_beta56.1944=0.5043 val_L16_beta57.2189=0.4310 val_L32_beta2.1926=0.8979 val_L32_beta2.4697=0.9203 val_L32_beta2.8622=0.6702 val_L32_beta4.994=0.5346 val_L32_beta8.069=0.5328 val_L32_beta11.2015=0.6740 val_L32_beta12.3504=0.6163 val_L32_beta12.688=0.7358 val_L32_beta14.1441=0.5825 val_L32_beta18.0708=0.3434 val_L32_beta18.6487=0.3790 val_L32_beta52.6284=0.5287 val_L8_beta1.4347=0.5089 val_L8_beta1.4977=0.7176 val_L8_beta1.7872=0.6197 val_L8_beta1.9783=0.6072 val_L8_beta2.4006=0.6493 val_L8_beta2.4786=0.7376 val_total=48.1304
epoch  84  train=0.6277  val_L16_beta14.1464=0.5387 val_L16_beta25=0.5218 val_L16_beta40=0.5297 val_L16_beta55.0237=0.5015 val_L16_beta1.0119=0.7003 val_L16_beta1.0397=0.7610 val_L16_beta1.0743=0.6398 val_L16_beta1.2464=0.6336 val_L16_beta1.2749=0.5833 val_L16_beta1.7484=0.4824 val_L16_beta1.8367=0.7873 val_L16_beta1.8781=0.6225 val_L16_beta2.122=0.4981 val_L16_beta2.1285=0.7360 val_L16_beta2.1757=0.5794 val_L16_beta2.1862=0.5579 val_L16_beta2.2983=0.5771 val_L16_beta2.3046=0.7150 val_L16_beta2.3454=0.6345 val_L16_beta2.7647=0.7172 val_L16_beta3.1518=0.6438 val_L16_beta3.1669=0.7210 val_L16_beta3.2922=0.4481 val_L16_beta3.3842=0.6357 val_L16_beta3.4006=0.5577 val_L16_beta3.6231=0.7279 val_L16_beta3.7225=0.6951 val_L16_beta4.0764=0.6491 val_L16_beta4.7323=0.6876 val_L16_beta4.7632=0.5833 val_L16_beta5.586=0.6180 val_L16_beta6.2411=0.4650 val_L16_beta6.4184=0.4942 val_L16_beta6.8771=0.3896 val_L16_beta8.3946=0.4977 val_L16_beta8.4548=0.5356 val_L16_beta8.7139=0.6115 val_L16_beta9.287=0.7225 val_L16_beta9.571=0.4708 val_L16_beta9.8499=0.4947 val_L16_beta10.2188=0.5676 val_L16_beta11.8501=0.6238 val_L16_beta11.8784=0.5529 val_L16_beta12.9259=0.5009 val_L16_beta14.4687=0.6088 val_L16_beta15.5366=0.4580 val_L16_beta17.502=0.4871 val_L16_beta17.7602=0.6986 val_L16_beta19.403=0.5370 val_L16_beta20.2412=0.6683 val_L16_beta21.8857=0.5478 val_L16_beta27.0442=0.5925 val_L16_beta27.3387=0.5866 val_L16_beta27.7875=0.5995 val_L16_beta30.5978=0.5991 val_L16_beta33.325=0.5017 val_L16_beta34.3422=0.5141 val_L16_beta38.5957=0.4364 val_L16_beta39.6475=0.4764 val_L16_beta47.0386=0.4909 val_L16_beta47.4228=0.5612 val_L16_beta54.11=0.3654 val_L16_beta56.1944=0.5043 val_L16_beta57.2189=0.4308 val_L32_beta2.1926=0.8964 val_L32_beta2.4697=0.9168 val_L32_beta2.8622=0.6699 val_L32_beta4.994=0.5350 val_L32_beta8.069=0.5340 val_L32_beta11.2015=0.6739 val_L32_beta12.3504=0.6168 val_L32_beta12.688=0.7356 val_L32_beta14.1441=0.5836 val_L32_beta18.0708=0.3436 val_L32_beta18.6487=0.3789 val_L32_beta52.6284=0.5291 val_L8_beta1.4347=0.5087 val_L8_beta1.4977=0.7173 val_L8_beta1.7872=0.6198 val_L8_beta1.9783=0.6074 val_L8_beta2.4006=0.6496 val_L8_beta2.4786=0.7375 val_total=48.1298
epoch  85  train=0.6273  val_L16_beta14.1464=0.5387 val_L16_beta25=0.5218 val_L16_beta40=0.5296 val_L16_beta55.0237=0.5014 val_L16_beta1.0119=0.6999 val_L16_beta1.0397=0.7617 val_L16_beta1.0743=0.6417 val_L16_beta1.2464=0.6352 val_L16_beta1.2749=0.5833 val_L16_beta1.7484=0.4806 val_L16_beta1.8367=0.7846 val_L16_beta1.8781=0.6225 val_L16_beta2.122=0.4985 val_L16_beta2.1285=0.7360 val_L16_beta2.1757=0.5792 val_L16_beta2.1862=0.5579 val_L16_beta2.2983=0.5778 val_L16_beta2.3046=0.7156 val_L16_beta2.3454=0.6346 val_L16_beta2.7647=0.7174 val_L16_beta3.1518=0.6436 val_L16_beta3.1669=0.7206 val_L16_beta3.2922=0.4480 val_L16_beta3.3842=0.6357 val_L16_beta3.4006=0.5579 val_L16_beta3.6231=0.7275 val_L16_beta3.7225=0.6950 val_L16_beta4.0764=0.6488 val_L16_beta4.7323=0.6876 val_L16_beta4.7632=0.5833 val_L16_beta5.586=0.6181 val_L16_beta6.2411=0.4652 val_L16_beta6.4184=0.4942 val_L16_beta6.8771=0.3895 val_L16_beta8.3946=0.4973 val_L16_beta8.4548=0.5355 val_L16_beta8.7139=0.6114 val_L16_beta9.287=0.7222 val_L16_beta9.571=0.4707 val_L16_beta9.8499=0.4947 val_L16_beta10.2188=0.5676 val_L16_beta11.8501=0.6237 val_L16_beta11.8784=0.5529 val_L16_beta12.9259=0.5008 val_L16_beta14.4687=0.6087 val_L16_beta15.5366=0.4580 val_L16_beta17.502=0.4871 val_L16_beta17.7602=0.6986 val_L16_beta19.403=0.5373 val_L16_beta20.2412=0.6682 val_L16_beta21.8857=0.5478 val_L16_beta27.0442=0.5926 val_L16_beta27.3387=0.5866 val_L16_beta27.7875=0.5996 val_L16_beta30.5978=0.5991 val_L16_beta33.325=0.5017 val_L16_beta34.3422=0.5141 val_L16_beta38.5957=0.4363 val_L16_beta39.6475=0.4765 val_L16_beta47.0386=0.4908 val_L16_beta47.4228=0.5613 val_L16_beta54.11=0.3654 val_L16_beta56.1944=0.5044 val_L16_beta57.2189=0.4308 val_L32_beta2.1926=0.9002 val_L32_beta2.4697=0.9395 val_L32_beta2.8622=0.6713 val_L32_beta4.994=0.5356 val_L32_beta8.069=0.5338 val_L32_beta11.2015=0.6739 val_L32_beta12.3504=0.6165 val_L32_beta12.688=0.7343 val_L32_beta14.1441=0.5835 val_L32_beta18.0708=0.3437 val_L32_beta18.6487=0.3788 val_L32_beta52.6284=0.5292 val_L8_beta1.4347=0.5088 val_L8_beta1.4977=0.7167 val_L8_beta1.7872=0.6199 val_L8_beta1.9783=0.6068 val_L8_beta2.4006=0.6501 val_L8_beta2.4786=0.7378 val_total=48.1553
epoch  86  train=0.6264  val_L16_beta14.1464=0.5388 val_L16_beta25=0.5217 val_L16_beta40=0.5297 val_L16_beta55.0237=0.5015 val_L16_beta1.0119=0.7004 val_L16_beta1.0397=0.7610 val_L16_beta1.0743=0.6415 val_L16_beta1.2464=0.6354 val_L16_beta1.2749=0.5840 val_L16_beta1.7484=0.4818 val_L16_beta1.8367=0.7844 val_L16_beta1.8781=0.6225 val_L16_beta2.122=0.4987 val_L16_beta2.1285=0.7368 val_L16_beta2.1757=0.5789 val_L16_beta2.1862=0.5579 val_L16_beta2.2983=0.5773 val_L16_beta2.3046=0.7167 val_L16_beta2.3454=0.6347 val_L16_beta2.7647=0.7178 val_L16_beta3.1518=0.6437 val_L16_beta3.1669=0.7208 val_L16_beta3.2922=0.4480 val_L16_beta3.3842=0.6358 val_L16_beta3.4006=0.5578 val_L16_beta3.6231=0.7274 val_L16_beta3.7225=0.6949 val_L16_beta4.0764=0.6487 val_L16_beta4.7323=0.6875 val_L16_beta4.7632=0.5832 val_L16_beta5.586=0.6179 val_L16_beta6.2411=0.4650 val_L16_beta6.4184=0.4940 val_L16_beta6.8771=0.3895 val_L16_beta8.3946=0.4970 val_L16_beta8.4548=0.5354 val_L16_beta8.7139=0.6114 val_L16_beta9.287=0.7220 val_L16_beta9.571=0.4707 val_L16_beta9.8499=0.4947 val_L16_beta10.2188=0.5674 val_L16_beta11.8501=0.6238 val_L16_beta11.8784=0.5529 val_L16_beta12.9259=0.5008 val_L16_beta14.4687=0.6087 val_L16_beta15.5366=0.4579 val_L16_beta17.502=0.4871 val_L16_beta17.7602=0.6987 val_L16_beta19.403=0.5367 val_L16_beta20.2412=0.6682 val_L16_beta21.8857=0.5478 val_L16_beta27.0442=0.5925 val_L16_beta27.3387=0.5867 val_L16_beta27.7875=0.5995 val_L16_beta30.5978=0.5991 val_L16_beta33.325=0.5015 val_L16_beta34.3422=0.5141 val_L16_beta38.5957=0.4364 val_L16_beta39.6475=0.4765 val_L16_beta47.0386=0.4907 val_L16_beta47.4228=0.5612 val_L16_beta54.11=0.3654 val_L16_beta56.1944=0.5044 val_L16_beta57.2189=0.4305 val_L32_beta2.1926=0.8998 val_L32_beta2.4697=0.9385 val_L32_beta2.8622=0.6721 val_L32_beta4.994=0.5346 val_L32_beta8.069=0.5340 val_L32_beta11.2015=0.6741 val_L32_beta12.3504=0.6173 val_L32_beta12.688=0.7346 val_L32_beta14.1441=0.5831 val_L32_beta18.0708=0.3437 val_L32_beta18.6487=0.3787 val_L32_beta52.6284=0.5293 val_L8_beta1.4347=0.5097 val_L8_beta1.4977=0.7168 val_L8_beta1.7872=0.6196 val_L8_beta1.9783=0.6066 val_L8_beta2.4006=0.6498 val_L8_beta2.4786=0.7378 val_total=48.1556
epoch  87  train=0.6300  val_L16_beta14.1464=0.5388 val_L16_beta25=0.5217 val_L16_beta40=0.5297 val_L16_beta55.0237=0.5015 val_L16_beta1.0119=0.7013 val_L16_beta1.0397=0.7604 val_L16_beta1.0743=0.6412 val_L16_beta1.2464=0.6345 val_L16_beta1.2749=0.5836 val_L16_beta1.7484=0.4831 val_L16_beta1.8367=0.7845 val_L16_beta1.8781=0.6225 val_L16_beta2.122=0.4989 val_L16_beta2.1285=0.7370 val_L16_beta2.1757=0.5786 val_L16_beta2.1862=0.5580 val_L16_beta2.2983=0.5768 val_L16_beta2.3046=0.7182 val_L16_beta2.3454=0.6347 val_L16_beta2.7647=0.7184 val_L16_beta3.1518=0.6439 val_L16_beta3.1669=0.7210 val_L16_beta3.2922=0.4481 val_L16_beta3.3842=0.6357 val_L16_beta3.4006=0.5578 val_L16_beta3.6231=0.7271 val_L16_beta3.7225=0.6947 val_L16_beta4.0764=0.6482 val_L16_beta4.7323=0.6873 val_L16_beta4.7632=0.5827 val_L16_beta5.586=0.6175 val_L16_beta6.2411=0.4650 val_L16_beta6.4184=0.4942 val_L16_beta6.8771=0.3894 val_L16_beta8.3946=0.4967 val_L16_beta8.4548=0.5355 val_L16_beta8.7139=0.6114 val_L16_beta9.287=0.7219 val_L16_beta9.571=0.4706 val_L16_beta9.8499=0.4946 val_L16_beta10.2188=0.5672 val_L16_beta11.8501=0.6238 val_L16_beta11.8784=0.5528 val_L16_beta12.9259=0.5010 val_L16_beta14.4687=0.6087 val_L16_beta15.5366=0.4580 val_L16_beta17.502=0.4871 val_L16_beta17.7602=0.6988 val_L16_beta19.403=0.5368 val_L16_beta20.2412=0.6683 val_L16_beta21.8857=0.5478 val_L16_beta27.0442=0.5925 val_L16_beta27.3387=0.5867 val_L16_beta27.7875=0.5995 val_L16_beta30.5978=0.5992 val_L16_beta33.325=0.5016 val_L16_beta34.3422=0.5141 val_L16_beta38.5957=0.4363 val_L16_beta39.6475=0.4766 val_L16_beta47.0386=0.4906 val_L16_beta47.4228=0.5612 val_L16_beta54.11=0.3654 val_L16_beta56.1944=0.5044 val_L16_beta57.2189=0.4308 val_L32_beta2.1926=0.8966 val_L32_beta2.4697=0.9408 val_L32_beta2.8622=0.6729 val_L32_beta4.994=0.5340 val_L32_beta8.069=0.5318 val_L32_beta11.2015=0.6738 val_L32_beta12.3504=0.6169 val_L32_beta12.688=0.7341 val_L32_beta14.1441=0.5828 val_L32_beta18.0708=0.3436 val_L32_beta18.6487=0.3788 val_L32_beta52.6284=0.5292 val_L8_beta1.4347=0.5091 val_L8_beta1.4977=0.7166 val_L8_beta1.7872=0.6194 val_L8_beta1.9783=0.6065 val_L8_beta2.4006=0.6494 val_L8_beta2.4786=0.7378 val_total=48.1501
epoch  88  train=0.6217  val_L16_beta14.1464=0.5388 val_L16_beta25=0.5218 val_L16_beta40=0.5297 val_L16_beta55.0237=0.5016 val_L16_beta1.0119=0.7010 val_L16_beta1.0397=0.7607 val_L16_beta1.0743=0.6404 val_L16_beta1.2464=0.6338 val_L16_beta1.2749=0.5837 val_L16_beta1.7484=0.4837 val_L16_beta1.8367=0.7857 val_L16_beta1.8781=0.6222 val_L16_beta2.122=0.4996 val_L16_beta2.1285=0.7377 val_L16_beta2.1757=0.5782 val_L16_beta2.1862=0.5575 val_L16_beta2.2983=0.5771 val_L16_beta2.3046=0.7199 val_L16_beta2.3454=0.6340 val_L16_beta2.7647=0.7187 val_L16_beta3.1518=0.6439 val_L16_beta3.1669=0.7207 val_L16_beta3.2922=0.4481 val_L16_beta3.3842=0.6361 val_L16_beta3.4006=0.5577 val_L16_beta3.6231=0.7273 val_L16_beta3.7225=0.6947 val_L16_beta4.0764=0.6484 val_L16_beta4.7323=0.6874 val_L16_beta4.7632=0.5830 val_L16_beta5.586=0.6175 val_L16_beta6.2411=0.4650 val_L16_beta6.4184=0.4942 val_L16_beta6.8771=0.3894 val_L16_beta8.3946=0.4968 val_L16_beta8.4548=0.5353 val_L16_beta8.7139=0.6115 val_L16_beta9.287=0.7220 val_L16_beta9.571=0.4706 val_L16_beta9.8499=0.4947 val_L16_beta10.2188=0.5672 val_L16_beta11.8501=0.6239 val_L16_beta11.8784=0.5528 val_L16_beta12.9259=0.5010 val_L16_beta14.4687=0.6086 val_L16_beta15.5366=0.4579 val_L16_beta17.502=0.4871 val_L16_beta17.7602=0.6988 val_L16_beta19.403=0.5369 val_L16_beta20.2412=0.6683 val_L16_beta21.8857=0.5478 val_L16_beta27.0442=0.5926 val_L16_beta27.3387=0.5867 val_L16_beta27.7875=0.5995 val_L16_beta30.5978=0.5992 val_L16_beta33.325=0.5016 val_L16_beta34.3422=0.5139 val_L16_beta38.5957=0.4363 val_L16_beta39.6475=0.4765 val_L16_beta47.0386=0.4906 val_L16_beta47.4228=0.5614 val_L16_beta54.11=0.3655 val_L16_beta56.1944=0.5043 val_L16_beta57.2189=0.4309 val_L32_beta2.1926=0.8943 val_L32_beta2.4697=0.9367 val_L32_beta2.8622=0.6738 val_L32_beta4.994=0.5339 val_L32_beta8.069=0.5318 val_L32_beta11.2015=0.6740 val_L32_beta12.3504=0.6160 val_L32_beta12.688=0.7335 val_L32_beta14.1441=0.5833 val_L32_beta18.0708=0.3437 val_L32_beta18.6487=0.3788 val_L32_beta52.6284=0.5296 val_L8_beta1.4347=0.5095 val_L8_beta1.4977=0.7166 val_L8_beta1.7872=0.6196 val_L8_beta1.9783=0.6067 val_L8_beta2.4006=0.6492 val_L8_beta2.4786=0.7379 val_total=48.1481
epoch  89  train=0.6262  val_L16_beta14.1464=0.5388 val_L16_beta25=0.5218 val_L16_beta40=0.5296 val_L16_beta55.0237=0.5016 val_L16_beta1.0119=0.7008 val_L16_beta1.0397=0.7615 val_L16_beta1.0743=0.6415 val_L16_beta1.2464=0.6343 val_L16_beta1.2749=0.5837 val_L16_beta1.7484=0.4829 val_L16_beta1.8367=0.7859 val_L16_beta1.8781=0.6220 val_L16_beta2.122=0.4998 val_L16_beta2.1285=0.7371 val_L16_beta2.1757=0.5782 val_L16_beta2.1862=0.5574 val_L16_beta2.2983=0.5775 val_L16_beta2.3046=0.7198 val_L16_beta2.3454=0.6338 val_L16_beta2.7647=0.7183 val_L16_beta3.1518=0.6439 val_L16_beta3.1669=0.7204 val_L16_beta3.2922=0.4482 val_L16_beta3.3842=0.6363 val_L16_beta3.4006=0.5577 val_L16_beta3.6231=0.7273 val_L16_beta3.7225=0.6948 val_L16_beta4.0764=0.6484 val_L16_beta4.7323=0.6873 val_L16_beta4.7632=0.5832 val_L16_beta5.586=0.6176 val_L16_beta6.2411=0.4651 val_L16_beta6.4184=0.4943 val_L16_beta6.8771=0.3894 val_L16_beta8.3946=0.4969 val_L16_beta8.4548=0.5352 val_L16_beta8.7139=0.6115 val_L16_beta9.287=0.7221 val_L16_beta9.571=0.4705 val_L16_beta9.8499=0.4946 val_L16_beta10.2188=0.5672 val_L16_beta11.8501=0.6238 val_L16_beta11.8784=0.5528 val_L16_beta12.9259=0.5009 val_L16_beta14.4687=0.6087 val_L16_beta15.5366=0.4579 val_L16_beta17.502=0.4870 val_L16_beta17.7602=0.6987 val_L16_beta19.403=0.5373 val_L16_beta20.2412=0.6683 val_L16_beta21.8857=0.5479 val_L16_beta27.0442=0.5925 val_L16_beta27.3387=0.5866 val_L16_beta27.7875=0.5995 val_L16_beta30.5978=0.5991 val_L16_beta33.325=0.5017 val_L16_beta34.3422=0.5137 val_L16_beta38.5957=0.4363 val_L16_beta39.6475=0.4765 val_L16_beta47.0386=0.4907 val_L16_beta47.4228=0.5615 val_L16_beta54.11=0.3655 val_L16_beta56.1944=0.5043 val_L16_beta57.2189=0.4310 val_L32_beta2.1926=0.8962 val_L32_beta2.4697=0.9338 val_L32_beta2.8622=0.6740 val_L32_beta4.994=0.5354 val_L32_beta8.069=0.5316 val_L32_beta11.2015=0.6739 val_L32_beta12.3504=0.6153 val_L32_beta12.688=0.7330 val_L32_beta14.1441=0.5837 val_L32_beta18.0708=0.3436 val_L32_beta18.6487=0.3789 val_L32_beta52.6284=0.5294 val_L8_beta1.4347=0.5086 val_L8_beta1.4977=0.7164 val_L8_beta1.7872=0.6196 val_L8_beta1.9783=0.6066 val_L8_beta2.4006=0.6496 val_L8_beta2.4786=0.7379 val_total=48.1481
epoch  90  train=0.6179  val_L16_beta14.1464=0.5387 val_L16_beta25=0.5218 val_L16_beta40=0.5296 val_L16_beta55.0237=0.5015 val_L16_beta1.0119=0.7002 val_L16_beta1.0397=0.7625 val_L16_beta1.0743=0.6429 val_L16_beta1.2464=0.6351 val_L16_beta1.2749=0.5836 val_L16_beta1.7484=0.4816 val_L16_beta1.8367=0.7850 val_L16_beta1.8781=0.6219 val_L16_beta2.122=0.5002 val_L16_beta2.1285=0.7361 val_L16_beta2.1757=0.5785 val_L16_beta2.1862=0.5575 val_L16_beta2.2983=0.5779 val_L16_beta2.3046=0.7193 val_L16_beta2.3454=0.6339 val_L16_beta2.7647=0.7181 val_L16_beta3.1518=0.6440 val_L16_beta3.1669=0.7202 val_L16_beta3.2922=0.4482 val_L16_beta3.3842=0.6361 val_L16_beta3.4006=0.5578 val_L16_beta3.6231=0.7272 val_L16_beta3.7225=0.6946 val_L16_beta4.0764=0.6484 val_L16_beta4.7323=0.6872 val_L16_beta4.7632=0.5829 val_L16_beta5.586=0.6175 val_L16_beta6.2411=0.4651 val_L16_beta6.4184=0.4945 val_L16_beta6.8771=0.3894 val_L16_beta8.3946=0.4968 val_L16_beta8.4548=0.5352 val_L16_beta8.7139=0.6115 val_L16_beta9.287=0.7220 val_L16_beta9.571=0.4705 val_L16_beta9.8499=0.4946 val_L16_beta10.2188=0.5671 val_L16_beta11.8501=0.6238 val_L16_beta11.8784=0.5528 val_L16_beta12.9259=0.5009 val_L16_beta14.4687=0.6087 val_L16_beta15.5366=0.4581 val_L16_beta17.502=0.4871 val_L16_beta17.7602=0.6987 val_L16_beta19.403=0.5373 val_L16_beta20.2412=0.6683 val_L16_beta21.8857=0.5479 val_L16_beta27.0442=0.5925 val_L16_beta27.3387=0.5865 val_L16_beta27.7875=0.5995 val_L16_beta30.5978=0.5990 val_L16_beta33.325=0.5016 val_L16_beta34.3422=0.5137 val_L16_beta38.5957=0.4363 val_L16_beta39.6475=0.4766 val_L16_beta47.0386=0.4907 val_L16_beta47.4228=0.5614 val_L16_beta54.11=0.3656 val_L16_beta56.1944=0.5044 val_L16_beta57.2189=0.4310 val_L32_beta2.1926=0.8994 val_L32_beta2.4697=0.9428 val_L32_beta2.8622=0.6746 val_L32_beta4.994=0.5350 val_L32_beta8.069=0.5310 val_L32_beta11.2015=0.6738 val_L32_beta12.3504=0.6154 val_L32_beta12.688=0.7330 val_L32_beta14.1441=0.5830 val_L32_beta18.0708=0.3435 val_L32_beta18.6487=0.3790 val_L32_beta52.6284=0.5289 val_L8_beta1.4347=0.5085 val_L8_beta1.4977=0.7162 val_L8_beta1.7872=0.6197 val_L8_beta1.9783=0.6064 val_L8_beta2.4006=0.6499 val_L8_beta2.4786=0.7378 val_total=48.1569
epoch  91  train=0.6235  val_L16_beta14.1464=0.5388 val_L16_beta25=0.5219 val_L16_beta40=0.5296 val_L16_beta55.0237=0.5015 val_L16_beta1.0119=0.6997 val_L16_beta1.0397=0.7622 val_L16_beta1.0743=0.6431 val_L16_beta1.2464=0.6353 val_L16_beta1.2749=0.5841 val_L16_beta1.7484=0.4815 val_L16_beta1.8367=0.7849 val_L16_beta1.8781=0.6219 val_L16_beta2.122=0.5002 val_L16_beta2.1285=0.7356 val_L16_beta2.1757=0.5787 val_L16_beta2.1862=0.5576 val_L16_beta2.2983=0.5779 val_L16_beta2.3046=0.7192 val_L16_beta2.3454=0.6339 val_L16_beta2.7647=0.7180 val_L16_beta3.1518=0.6440 val_L16_beta3.1669=0.7204 val_L16_beta3.2922=0.4483 val_L16_beta3.3842=0.6360 val_L16_beta3.4006=0.5578 val_L16_beta3.6231=0.7274 val_L16_beta3.7225=0.6946 val_L16_beta4.0764=0.6484 val_L16_beta4.7323=0.6871 val_L16_beta4.7632=0.5828 val_L16_beta5.586=0.6175 val_L16_beta6.2411=0.4652 val_L16_beta6.4184=0.4943 val_L16_beta6.8771=0.3893 val_L16_beta8.3946=0.4972 val_L16_beta8.4548=0.5353 val_L16_beta8.7139=0.6115 val_L16_beta9.287=0.7221 val_L16_beta9.571=0.4707 val_L16_beta9.8499=0.4947 val_L16_beta10.2188=0.5671 val_L16_beta11.8501=0.6239 val_L16_beta11.8784=0.5528 val_L16_beta12.9259=0.5010 val_L16_beta14.4687=0.6087 val_L16_beta15.5366=0.4580 val_L16_beta17.502=0.4871 val_L16_beta17.7602=0.6987 val_L16_beta19.403=0.5371 val_L16_beta20.2412=0.6683 val_L16_beta21.8857=0.5479 val_L16_beta27.0442=0.5925 val_L16_beta27.3387=0.5867 val_L16_beta27.7875=0.5995 val_L16_beta30.5978=0.5990 val_L16_beta33.325=0.5016 val_L16_beta34.3422=0.5136 val_L16_beta38.5957=0.4362 val_L16_beta39.6475=0.4766 val_L16_beta47.0386=0.4908 val_L16_beta47.4228=0.5614 val_L16_beta54.11=0.3657 val_L16_beta56.1944=0.5044 val_L16_beta57.2189=0.4310 val_L32_beta2.1926=0.8985 val_L32_beta2.4697=0.9417 val_L32_beta2.8622=0.6742 val_L32_beta4.994=0.5349 val_L32_beta8.069=0.5313 val_L32_beta11.2015=0.6739 val_L32_beta12.3504=0.6152 val_L32_beta12.688=0.7327 val_L32_beta14.1441=0.5836 val_L32_beta18.0708=0.3435 val_L32_beta18.6487=0.3790 val_L32_beta52.6284=0.5291 val_L8_beta1.4347=0.5085 val_L8_beta1.4977=0.7161 val_L8_beta1.7872=0.6198 val_L8_beta1.9783=0.6065 val_L8_beta2.4006=0.6500 val_L8_beta2.4786=0.7377 val_total=48.1559
epoch  92  train=0.6230  val_L16_beta14.1464=0.5388 val_L16_beta25=0.5218 val_L16_beta40=0.5296 val_L16_beta55.0237=0.5015 val_L16_beta1.0119=0.6997 val_L16_beta1.0397=0.7618 val_L16_beta1.0743=0.6425 val_L16_beta1.2464=0.6349 val_L16_beta1.2749=0.5837 val_L16_beta1.7484=0.4818 val_L16_beta1.8367=0.7860 val_L16_beta1.8781=0.6219 val_L16_beta2.122=0.4997 val_L16_beta2.1285=0.7353 val_L16_beta2.1757=0.5787 val_L16_beta2.1862=0.5576 val_L16_beta2.2983=0.5778 val_L16_beta2.3046=0.7187 val_L16_beta2.3454=0.6339 val_L16_beta2.7647=0.7178 val_L16_beta3.1518=0.6440 val_L16_beta3.1669=0.7205 val_L16_beta3.2922=0.4483 val_L16_beta3.3842=0.6360 val_L16_beta3.4006=0.5578 val_L16_beta3.6231=0.7275 val_L16_beta3.7225=0.6947 val_L16_beta4.0764=0.6488 val_L16_beta4.7323=0.6872 val_L16_beta4.7632=0.5831 val_L16_beta5.586=0.6174 val_L16_beta6.2411=0.4651 val_L16_beta6.4184=0.4940 val_L16_beta6.8771=0.3894 val_L16_beta8.3946=0.4971 val_L16_beta8.4548=0.5354 val_L16_beta8.7139=0.6115 val_L16_beta9.287=0.7221 val_L16_beta9.571=0.4707 val_L16_beta9.8499=0.4947 val_L16_beta10.2188=0.5671 val_L16_beta11.8501=0.6239 val_L16_beta11.8784=0.5528 val_L16_beta12.9259=0.5009 val_L16_beta14.4687=0.6088 val_L16_beta15.5366=0.4580 val_L16_beta17.502=0.4871 val_L16_beta17.7602=0.6986 val_L16_beta19.403=0.5365 val_L16_beta20.2412=0.6683 val_L16_beta21.8857=0.5478 val_L16_beta27.0442=0.5925 val_L16_beta27.3387=0.5866 val_L16_beta27.7875=0.5996 val_L16_beta30.5978=0.5988 val_L16_beta33.325=0.5015 val_L16_beta34.3422=0.5137 val_L16_beta38.5957=0.4363 val_L16_beta39.6475=0.4765 val_L16_beta47.0386=0.4906 val_L16_beta47.4228=0.5612 val_L16_beta54.11=0.3656 val_L16_beta56.1944=0.5043 val_L16_beta57.2189=0.4307 val_L32_beta2.1926=0.8993 val_L32_beta2.4697=0.9356 val_L32_beta2.8622=0.6738 val_L32_beta4.994=0.5342 val_L32_beta8.069=0.5315 val_L32_beta11.2015=0.6739 val_L32_beta12.3504=0.6162 val_L32_beta12.688=0.7350 val_L32_beta14.1441=0.5828 val_L32_beta18.0708=0.3434 val_L32_beta18.6487=0.3789 val_L32_beta52.6284=0.5289 val_L8_beta1.4347=0.5084 val_L8_beta1.4977=0.7162 val_L8_beta1.7872=0.6198 val_L8_beta1.9783=0.6066 val_L8_beta2.4006=0.6500 val_L8_beta2.4786=0.7377 val_total=48.1481
epoch  93  train=0.6261  val_L16_beta14.1464=0.5388 val_L16_beta25=0.5218 val_L16_beta40=0.5296 val_L16_beta55.0237=0.5014 val_L16_beta1.0119=0.6997 val_L16_beta1.0397=0.7616 val_L16_beta1.0743=0.6420 val_L16_beta1.2464=0.6346 val_L16_beta1.2749=0.5839 val_L16_beta1.7484=0.4821 val_L16_beta1.8367=0.7862 val_L16_beta1.8781=0.6219 val_L16_beta2.122=0.4994 val_L16_beta2.1285=0.7352 val_L16_beta2.1757=0.5787 val_L16_beta2.1862=0.5576 val_L16_beta2.2983=0.5777 val_L16_beta2.3046=0.7185 val_L16_beta2.3454=0.6340 val_L16_beta2.7647=0.7178 val_L16_beta3.1518=0.6440 val_L16_beta3.1669=0.7207 val_L16_beta3.2922=0.4482 val_L16_beta3.3842=0.6360 val_L16_beta3.4006=0.5578 val_L16_beta3.6231=0.7275 val_L16_beta3.7225=0.6947 val_L16_beta4.0764=0.6488 val_L16_beta4.7323=0.6872 val_L16_beta4.7632=0.5832 val_L16_beta5.586=0.6176 val_L16_beta6.2411=0.4651 val_L16_beta6.4184=0.4939 val_L16_beta6.8771=0.3893 val_L16_beta8.3946=0.4971 val_L16_beta8.4548=0.5355 val_L16_beta8.7139=0.6115 val_L16_beta9.287=0.7221 val_L16_beta9.571=0.4707 val_L16_beta9.8499=0.4946 val_L16_beta10.2188=0.5671 val_L16_beta11.8501=0.6239 val_L16_beta11.8784=0.5527 val_L16_beta12.9259=0.5008 val_L16_beta14.4687=0.6088 val_L16_beta15.5366=0.4580 val_L16_beta17.502=0.4871 val_L16_beta17.7602=0.6987 val_L16_beta19.403=0.5365 val_L16_beta20.2412=0.6682 val_L16_beta21.8857=0.5479 val_L16_beta27.0442=0.5925 val_L16_beta27.3387=0.5866 val_L16_beta27.7875=0.5995 val_L16_beta30.5978=0.5988 val_L16_beta33.325=0.5015 val_L16_beta34.3422=0.5136 val_L16_beta38.5957=0.4362 val_L16_beta39.6475=0.4764 val_L16_beta47.0386=0.4906 val_L16_beta47.4228=0.5613 val_L16_beta54.11=0.3656 val_L16_beta56.1944=0.5043 val_L16_beta57.2189=0.4308 val_L32_beta2.1926=0.8988 val_L32_beta2.4697=0.9326 val_L32_beta2.8622=0.6733 val_L32_beta4.994=0.5346 val_L32_beta8.069=0.5314 val_L32_beta11.2015=0.6738 val_L32_beta12.3504=0.6160 val_L32_beta12.688=0.7346 val_L32_beta14.1441=0.5830 val_L32_beta18.0708=0.3434 val_L32_beta18.6487=0.3789 val_L32_beta52.6284=0.5291 val_L8_beta1.4347=0.5084 val_L8_beta1.4977=0.7164 val_L8_beta1.7872=0.6198 val_L8_beta1.9783=0.6066 val_L8_beta2.4006=0.6498 val_L8_beta2.4786=0.7376 val_total=48.1437
epoch  94  train=0.6183  val_L16_beta14.1464=0.5388 val_L16_beta25=0.5217 val_L16_beta40=0.5296 val_L16_beta55.0237=0.5014 val_L16_beta1.0119=0.6995 val_L16_beta1.0397=0.7613 val_L16_beta1.0743=0.6414 val_L16_beta1.2464=0.6345 val_L16_beta1.2749=0.5839 val_L16_beta1.7484=0.4821 val_L16_beta1.8367=0.7861 val_L16_beta1.8781=0.6219 val_L16_beta2.122=0.4994 val_L16_beta2.1285=0.7353 val_L16_beta2.1757=0.5782 val_L16_beta2.1862=0.5576 val_L16_beta2.2983=0.5775 val_L16_beta2.3046=0.7186 val_L16_beta2.3454=0.6341 val_L16_beta2.7647=0.7181 val_L16_beta3.1518=0.6440 val_L16_beta3.1669=0.7205 val_L16_beta3.2922=0.4482 val_L16_beta3.3842=0.6360 val_L16_beta3.4006=0.5578 val_L16_beta3.6231=0.7275 val_L16_beta3.7225=0.6947 val_L16_beta4.0764=0.6487 val_L16_beta4.7323=0.6873 val_L16_beta4.7632=0.5833 val_L16_beta5.586=0.6176 val_L16_beta6.2411=0.4651 val_L16_beta6.4184=0.4938 val_L16_beta6.8771=0.3893 val_L16_beta8.3946=0.4969 val_L16_beta8.4548=0.5354 val_L16_beta8.7139=0.6114 val_L16_beta9.287=0.7220 val_L16_beta9.571=0.4706 val_L16_beta9.8499=0.4947 val_L16_beta10.2188=0.5671 val_L16_beta11.8501=0.6239 val_L16_beta11.8784=0.5527 val_L16_beta12.9259=0.5008 val_L16_beta14.4687=0.6088 val_L16_beta15.5366=0.4581 val_L16_beta17.502=0.4871 val_L16_beta17.7602=0.6987 val_L16_beta19.403=0.5364 val_L16_beta20.2412=0.6682 val_L16_beta21.8857=0.5479 val_L16_beta27.0442=0.5924 val_L16_beta27.3387=0.5866 val_L16_beta27.7875=0.5995 val_L16_beta30.5978=0.5988 val_L16_beta33.325=0.5014 val_L16_beta34.3422=0.5137 val_L16_beta38.5957=0.4363 val_L16_beta39.6475=0.4765 val_L16_beta47.0386=0.4906 val_L16_beta47.4228=0.5613 val_L16_beta54.11=0.3656 val_L16_beta56.1944=0.5043 val_L16_beta57.2189=0.4309 val_L32_beta2.1926=0.8986 val_L32_beta2.4697=0.9355 val_L32_beta2.8622=0.6737 val_L32_beta4.994=0.5336 val_L32_beta8.069=0.5310 val_L32_beta11.2015=0.6738 val_L32_beta12.3504=0.6158 val_L32_beta12.688=0.7346 val_L32_beta14.1441=0.5824 val_L32_beta18.0708=0.3434 val_L32_beta18.6487=0.3787 val_L32_beta52.6284=0.5291 val_L8_beta1.4347=0.5087 val_L8_beta1.4977=0.7165 val_L8_beta1.7872=0.6198 val_L8_beta1.9783=0.6066 val_L8_beta2.4006=0.6497 val_L8_beta2.4786=0.7376 val_total=48.1423
epoch  95  train=0.6314  val_L16_beta14.1464=0.5388 val_L16_beta25=0.5217 val_L16_beta40=0.5296 val_L16_beta55.0237=0.5014 val_L16_beta1.0119=0.6991 val_L16_beta1.0397=0.7616 val_L16_beta1.0743=0.6413 val_L16_beta1.2464=0.6347 val_L16_beta1.2749=0.5842 val_L16_beta1.7484=0.4817 val_L16_beta1.8367=0.7859 val_L16_beta1.8781=0.6218 val_L16_beta2.122=0.4993 val_L16_beta2.1285=0.7350 val_L16_beta2.1757=0.5781 val_L16_beta2.1862=0.5574 val_L16_beta2.2983=0.5778 val_L16_beta2.3046=0.7183 val_L16_beta2.3454=0.6340 val_L16_beta2.7647=0.7181 val_L16_beta3.1518=0.6440 val_L16_beta3.1669=0.7205 val_L16_beta3.2922=0.4483 val_L16_beta3.3842=0.6362 val_L16_beta3.4006=0.5578 val_L16_beta3.6231=0.7276 val_L16_beta3.7225=0.6948 val_L16_beta4.0764=0.6488 val_L16_beta4.7323=0.6873 val_L16_beta4.7632=0.5835 val_L16_beta5.586=0.6177 val_L16_beta6.2411=0.4650 val_L16_beta6.4184=0.4936 val_L16_beta6.8771=0.3893 val_L16_beta8.3946=0.4970 val_L16_beta8.4548=0.5354 val_L16_beta8.7139=0.6114 val_L16_beta9.287=0.7220 val_L16_beta9.571=0.4708 val_L16_beta9.8499=0.4947 val_L16_beta10.2188=0.5671 val_L16_beta11.8501=0.6239 val_L16_beta11.8784=0.5527 val_L16_beta12.9259=0.5008 val_L16_beta14.4687=0.6088 val_L16_beta15.5366=0.4579 val_L16_beta17.502=0.4871 val_L16_beta17.7602=0.6987 val_L16_beta19.403=0.5363 val_L16_beta20.2412=0.6682 val_L16_beta21.8857=0.5478 val_L16_beta27.0442=0.5924 val_L16_beta27.3387=0.5866 val_L16_beta27.7875=0.5995 val_L16_beta30.5978=0.5989 val_L16_beta33.325=0.5014 val_L16_beta34.3422=0.5136 val_L16_beta38.5957=0.4363 val_L16_beta39.6475=0.4765 val_L16_beta47.0386=0.4906 val_L16_beta47.4228=0.5612 val_L16_beta54.11=0.3655 val_L16_beta56.1944=0.5043 val_L16_beta57.2189=0.4308 val_L32_beta2.1926=0.9002 val_L32_beta2.4697=0.9356 val_L32_beta2.8622=0.6740 val_L32_beta4.994=0.5337 val_L32_beta8.069=0.5323 val_L32_beta11.2015=0.6739 val_L32_beta12.3504=0.6159 val_L32_beta12.688=0.7348 val_L32_beta14.1441=0.5824 val_L32_beta18.0708=0.3434 val_L32_beta18.6487=0.3787 val_L32_beta52.6284=0.5291 val_L8_beta1.4347=0.5090 val_L8_beta1.4977=0.7164 val_L8_beta1.7872=0.6198 val_L8_beta1.9783=0.6066 val_L8_beta2.4006=0.6497 val_L8_beta2.4786=0.7376 val_total=48.1458
epoch  96  train=0.6306  val_L16_beta14.1464=0.5388 val_L16_beta25=0.5217 val_L16_beta40=0.5296 val_L16_beta55.0237=0.5014 val_L16_beta1.0119=0.6991 val_L16_beta1.0397=0.7613 val_L16_beta1.0743=0.6411 val_L16_beta1.2464=0.6347 val_L16_beta1.2749=0.5847 val_L16_beta1.7484=0.4818 val_L16_beta1.8367=0.7858 val_L16_beta1.8781=0.6219 val_L16_beta2.122=0.4992 val_L16_beta2.1285=0.7349 val_L16_beta2.1757=0.5781 val_L16_beta2.1862=0.5575 val_L16_beta2.2983=0.5777 val_L16_beta2.3046=0.7183 val_L16_beta2.3454=0.6340 val_L16_beta2.7647=0.7181 val_L16_beta3.1518=0.6439 val_L16_beta3.1669=0.7204 val_L16_beta3.2922=0.4482 val_L16_beta3.3842=0.6360 val_L16_beta3.4006=0.5578 val_L16_beta3.6231=0.7276 val_L16_beta3.7225=0.6948 val_L16_beta4.0764=0.6488 val_L16_beta4.7323=0.6873 val_L16_beta4.7632=0.5835 val_L16_beta5.586=0.6176 val_L16_beta6.2411=0.4650 val_L16_beta6.4184=0.4936 val_L16_beta6.8771=0.3893 val_L16_beta8.3946=0.4969 val_L16_beta8.4548=0.5354 val_L16_beta8.7139=0.6114 val_L16_beta9.287=0.7220 val_L16_beta9.571=0.4707 val_L16_beta9.8499=0.4947 val_L16_beta10.2188=0.5670 val_L16_beta11.8501=0.6238 val_L16_beta11.8784=0.5527 val_L16_beta12.9259=0.5008 val_L16_beta14.4687=0.6088 val_L16_beta15.5366=0.4579 val_L16_beta17.502=0.4871 val_L16_beta17.7602=0.6986 val_L16_beta19.403=0.5362 val_L16_beta20.2412=0.6682 val_L16_beta21.8857=0.5478 val_L16_beta27.0442=0.5924 val_L16_beta27.3387=0.5866 val_L16_beta27.7875=0.5995 val_L16_beta30.5978=0.5988 val_L16_beta33.325=0.5015 val_L16_beta34.3422=0.5137 val_L16_beta38.5957=0.4363 val_L16_beta39.6475=0.4764 val_L16_beta47.0386=0.4905 val_L16_beta47.4228=0.5612 val_L16_beta54.11=0.3655 val_L16_beta56.1944=0.5042 val_L16_beta57.2189=0.4308 val_L32_beta2.1926=0.9005 val_L32_beta2.4697=0.9359 val_L32_beta2.8622=0.6742 val_L32_beta4.994=0.5335 val_L32_beta8.069=0.5321 val_L32_beta11.2015=0.6739 val_L32_beta12.3504=0.6164 val_L32_beta12.688=0.7356 val_L32_beta14.1441=0.5819 val_L32_beta18.0708=0.3434 val_L32_beta18.6487=0.3789 val_L32_beta52.6284=0.5290 val_L8_beta1.4347=0.5089 val_L8_beta1.4977=0.7164 val_L8_beta1.7872=0.6199 val_L8_beta1.9783=0.6066 val_L8_beta2.4006=0.6497 val_L8_beta2.4786=0.7376 val_total=48.1458
epoch  97  train=0.6284  val_L16_beta14.1464=0.5388 val_L16_beta25=0.5218 val_L16_beta40=0.5296 val_L16_beta55.0237=0.5014 val_L16_beta1.0119=0.6992 val_L16_beta1.0397=0.7609 val_L16_beta1.0743=0.6409 val_L16_beta1.2464=0.6346 val_L16_beta1.2749=0.5850 val_L16_beta1.7484=0.4824 val_L16_beta1.8367=0.7860 val_L16_beta1.8781=0.6220 val_L16_beta2.122=0.4991 val_L16_beta2.1285=0.7353 val_L16_beta2.1757=0.5780 val_L16_beta2.1862=0.5575 val_L16_beta2.2983=0.5774 val_L16_beta2.3046=0.7185 val_L16_beta2.3454=0.6341 val_L16_beta2.7647=0.7181 val_L16_beta3.1518=0.6440 val_L16_beta3.1669=0.7205 val_L16_beta3.2922=0.4482 val_L16_beta3.3842=0.6362 val_L16_beta3.4006=0.5578 val_L16_beta3.6231=0.7275 val_L16_beta3.7225=0.6948 val_L16_beta4.0764=0.6487 val_L16_beta4.7323=0.6874 val_L16_beta4.7632=0.5836 val_L16_beta5.586=0.6178 val_L16_beta6.2411=0.4650 val_L16_beta6.4184=0.4936 val_L16_beta6.8771=0.3893 val_L16_beta8.3946=0.4972 val_L16_beta8.4548=0.5355 val_L16_beta8.7139=0.6114 val_L16_beta9.287=0.7221 val_L16_beta9.571=0.4707 val_L16_beta9.8499=0.4947 val_L16_beta10.2188=0.5671 val_L16_beta11.8501=0.6238 val_L16_beta11.8784=0.5527 val_L16_beta12.9259=0.5008 val_L16_beta14.4687=0.6088 val_L16_beta15.5366=0.4578 val_L16_beta17.502=0.4870 val_L16_beta17.7602=0.6986 val_L16_beta19.403=0.5365 val_L16_beta20.2412=0.6682 val_L16_beta21.8857=0.5478 val_L16_beta27.0442=0.5924 val_L16_beta27.3387=0.5867 val_L16_beta27.7875=0.5995 val_L16_beta30.5978=0.5989 val_L16_beta33.325=0.5015 val_L16_beta34.3422=0.5135 val_L16_beta38.5957=0.4363 val_L16_beta39.6475=0.4764 val_L16_beta47.0386=0.4906 val_L16_beta47.4228=0.5613 val_L16_beta54.11=0.3655 val_L16_beta56.1944=0.5042 val_L16_beta57.2189=0.4310 val_L32_beta2.1926=0.8989 val_L32_beta2.4697=0.9320 val_L32_beta2.8622=0.6734 val_L32_beta4.994=0.5351 val_L32_beta8.069=0.5323 val_L32_beta11.2015=0.6740 val_L32_beta12.3504=0.6156 val_L32_beta12.688=0.7333 val_L32_beta14.1441=0.5830 val_L32_beta18.0708=0.3434 val_L32_beta18.6487=0.3787 val_L32_beta52.6284=0.5292 val_L8_beta1.4347=0.5087 val_L8_beta1.4977=0.7164 val_L8_beta1.7872=0.6198 val_L8_beta1.9783=0.6066 val_L8_beta2.4006=0.6495 val_L8_beta2.4786=0.7376 val_total=48.1414
epoch  98  train=0.6316  val_L16_beta14.1464=0.5388 val_L16_beta25=0.5218 val_L16_beta40=0.5296 val_L16_beta55.0237=0.5014 val_L16_beta1.0119=0.6992 val_L16_beta1.0397=0.7609 val_L16_beta1.0743=0.6410 val_L16_beta1.2464=0.6347 val_L16_beta1.2749=0.5851 val_L16_beta1.7484=0.4825 val_L16_beta1.8367=0.7859 val_L16_beta1.8781=0.6220 val_L16_beta2.122=0.4991 val_L16_beta2.1285=0.7356 val_L16_beta2.1757=0.5779 val_L16_beta2.1862=0.5575 val_L16_beta2.2983=0.5774 val_L16_beta2.3046=0.7188 val_L16_beta2.3454=0.6341 val_L16_beta2.7647=0.7181 val_L16_beta3.1518=0.6440 val_L16_beta3.1669=0.7205 val_L16_beta3.2922=0.4482 val_L16_beta3.3842=0.6361 val_L16_beta3.4006=0.5578 val_L16_beta3.6231=0.7274 val_L16_beta3.7225=0.6947 val_L16_beta4.0764=0.6487 val_L16_beta4.7323=0.6873 val_L16_beta4.7632=0.5836 val_L16_beta5.586=0.6178 val_L16_beta6.2411=0.4650 val_L16_beta6.4184=0.4936 val_L16_beta6.8771=0.3893 val_L16_beta8.3946=0.4971 val_L16_beta8.4548=0.5354 val_L16_beta8.7139=0.6114 val_L16_beta9.287=0.7220 val_L16_beta9.571=0.4707 val_L16_beta9.8499=0.4947 val_L16_beta10.2188=0.5671 val_L16_beta11.8501=0.6238 val_L16_beta11.8784=0.5527 val_L16_beta12.9259=0.5007 val_L16_beta14.4687=0.6088 val_L16_beta15.5366=0.4579 val_L16_beta17.502=0.4871 val_L16_beta17.7602=0.6987 val_L16_beta19.403=0.5364 val_L16_beta20.2412=0.6682 val_L16_beta21.8857=0.5478 val_L16_beta27.0442=0.5924 val_L16_beta27.3387=0.5867 val_L16_beta27.7875=0.5995 val_L16_beta30.5978=0.5989 val_L16_beta33.325=0.5016 val_L16_beta34.3422=0.5135 val_L16_beta38.5957=0.4363 val_L16_beta39.6475=0.4764 val_L16_beta47.0386=0.4906 val_L16_beta47.4228=0.5613 val_L16_beta54.11=0.3655 val_L16_beta56.1944=0.5042 val_L16_beta57.2189=0.4309 val_L32_beta2.1926=0.8982 val_L32_beta2.4697=0.9333 val_L32_beta2.8622=0.6738 val_L32_beta4.994=0.5347 val_L32_beta8.069=0.5316 val_L32_beta11.2015=0.6739 val_L32_beta12.3504=0.6155 val_L32_beta12.688=0.7336 val_L32_beta14.1441=0.5828 val_L32_beta18.0708=0.3434 val_L32_beta18.6487=0.3788 val_L32_beta52.6284=0.5291 val_L8_beta1.4347=0.5087 val_L8_beta1.4977=0.7164 val_L8_beta1.7872=0.6198 val_L8_beta1.9783=0.6066 val_L8_beta2.4006=0.6494 val_L8_beta2.4786=0.7376 val_total=48.1411
epoch  99  train=0.6257  val_L16_beta14.1464=0.5388 val_L16_beta25=0.5218 val_L16_beta40=0.5296 val_L16_beta55.0237=0.5014 val_L16_beta1.0119=0.6993 val_L16_beta1.0397=0.7610 val_L16_beta1.0743=0.6410 val_L16_beta1.2464=0.6347 val_L16_beta1.2749=0.5850 val_L16_beta1.7484=0.4823 val_L16_beta1.8367=0.7858 val_L16_beta1.8781=0.6219 val_L16_beta2.122=0.4991 val_L16_beta2.1285=0.7355 val_L16_beta2.1757=0.5779 val_L16_beta2.1862=0.5575 val_L16_beta2.2983=0.5775 val_L16_beta2.3046=0.7187 val_L16_beta2.3454=0.6340 val_L16_beta2.7647=0.7181 val_L16_beta3.1518=0.6440 val_L16_beta3.1669=0.7205 val_L16_beta3.2922=0.4483 val_L16_beta3.3842=0.6361 val_L16_beta3.4006=0.5578 val_L16_beta3.6231=0.7274 val_L16_beta3.7225=0.6947 val_L16_beta4.0764=0.6487 val_L16_beta4.7323=0.6872 val_L16_beta4.7632=0.5835 val_L16_beta5.586=0.6177 val_L16_beta6.2411=0.4650 val_L16_beta6.4184=0.4936 val_L16_beta6.8771=0.3893 val_L16_beta8.3946=0.4969 val_L16_beta8.4548=0.5354 val_L16_beta8.7139=0.6114 val_L16_beta9.287=0.7220 val_L16_beta9.571=0.4706 val_L16_beta9.8499=0.4947 val_L16_beta10.2188=0.5670 val_L16_beta11.8501=0.6238 val_L16_beta11.8784=0.5527 val_L16_beta12.9259=0.5008 val_L16_beta14.4687=0.6089 val_L16_beta15.5366=0.4580 val_L16_beta17.502=0.4871 val_L16_beta17.7602=0.6987 val_L16_beta19.403=0.5364 val_L16_beta20.2412=0.6682 val_L16_beta21.8857=0.5478 val_L16_beta27.0442=0.5924 val_L16_beta27.3387=0.5866 val_L16_beta27.7875=0.5995 val_L16_beta30.5978=0.5988 val_L16_beta33.325=0.5016 val_L16_beta34.3422=0.5136 val_L16_beta38.5957=0.4363 val_L16_beta39.6475=0.4764 val_L16_beta47.0386=0.4905 val_L16_beta47.4228=0.5612 val_L16_beta54.11=0.3655 val_L16_beta56.1944=0.5042 val_L16_beta57.2189=0.4309 val_L32_beta2.1926=0.8985 val_L32_beta2.4697=0.9350 val_L32_beta2.8622=0.6742 val_L32_beta4.994=0.5343 val_L32_beta8.069=0.5313 val_L32_beta11.2015=0.6739 val_L32_beta12.3504=0.6157 val_L32_beta12.688=0.7343 val_L32_beta14.1441=0.5823 val_L32_beta18.0708=0.3434 val_L32_beta18.6487=0.3789 val_L32_beta52.6284=0.5289 val_L8_beta1.4347=0.5086 val_L8_beta1.4977=0.7163 val_L8_beta1.7872=0.6198 val_L8_beta1.9783=0.6066 val_L8_beta2.4006=0.6495 val_L8_beta2.4786=0.7376 val_total=48.1414
heldout losses: {'heldout_L16_beta20': 0.4850084185600281}
checkpoint: artifacts/gpu_verify/checkpoints/score_net.pt
history:    out/u1_2d/gpu_verification/history.json
[2026-08-06 18:03:30] STAGE_TRAIN_DONE (188.9 min)
[2026-08-06 18:03:30] STAGE_LADDER_START: C:\Users\ompan\Desktop\Lattice QCD\inverse_rg_testing\.venv\Scripts\python.exe u1_2d/scripts/03_run_ladder.py --config u1_2d/configs/v2_gpu_verify.yaml --device cuda
device: cuda | NVIDIA GeForce RTX 5060 Laptop GPU | sm_120 | 8.0 GiB | torch 2.11.0+cu128/cu12.8 | tf32 off
simulating base rung L=8 beta=1.3472 ...
  acceptance 0.991
rung 0: L=16 beta=4.0 plaq=0.8655 (pre-retherm 0.8566) <Q^2>=1.885  [45s]
rung 1: L=32 beta=14.1464 plaq=0.9640 (pre-retherm 0.9635) <Q^2>=1.885  [56s]
rung 2: L=64 beta=55.0237 plaq=0.9909 (pre-retherm 0.9907) <Q^2>=1.885  [138s]
saved artifacts\gpu_verify\generated\ladder_rung0_wilson_L16_beta4.pt
saved artifacts\gpu_verify\generated\ladder_rung0_raw_wilson_L16_beta4.pt
saved artifacts\gpu_verify\generated\ladder_rung1_wilson_L32_beta14.1464.pt
saved artifacts\gpu_verify\generated\ladder_rung1_raw_wilson_L32_beta14.1464.pt
saved artifacts\gpu_verify\generated\ladder_rung2_wilson_L64_beta55.0237.pt
saved artifacts\gpu_verify\generated\ladder_rung2_raw_wilson_L64_beta55.0237.pt
[2026-08-06 18:07:54] STAGE_LADDER_DONE (4.4 min)
[2026-08-06 18:07:54] STAGE_VALIDATE_START: C:\Users\ompan\Desktop\Lattice QCD\inverse_rg_testing\.venv\Scripts\python.exe u1_2d/scripts/04_validate.py --config u1_2d/configs/v2_gpu_verify.yaml --device cpu
device: cpu | torch 2.11.0+cu128 | 8 threads
loaded artifacts\gpu_verify\generated\ladder_rung0_raw_wilson_L16_beta4.pt
loaded artifacts\gpu_verify\generated\ladder_rung0_wilson_L16_beta4.pt
loaded artifacts\gpu_verify\generated\ladder_rung1_raw_wilson_L32_beta14.1464.pt
loaded artifacts\gpu_verify\generated\ladder_rung1_wilson_L32_beta14.1464.pt
loaded artifacts\gpu_verify\generated\ladder_rung2_raw_wilson_L64_beta55.0237.pt
loaded artifacts\gpu_verify\generated\ladder_rung2_wilson_L64_beta55.0237.pt
simulating reference HMC at L=16 beta=4.0 (no Q-hops) ...
  acceptance 0.983, 7s
simulating reference HMC at L=32 beta=14.1464 (no Q-hops) ...
  acceptance 0.987, 9s
simulating reference HMC at L=64 beta=55.0237 (no Q-hops) ...
  acceptance 0.951, 112s
freezing demo: direct HMC time series at L=64 beta=55.0237 ...
  freezing-chain acceptance 0.950
  tau_int(Q) HMC = 300.0 +- nan
report: out\u1_2d\gpu_verification\validation\report.md
{'rung': 0, 'L': 16, 'beta': 4.0, 'plaq_deviation': 0.002008713694838571, 'plaq_z': 2.065137927964168, 'z': {'plaquette': 2.065137927964168, 'wilson_2x2': 1.0099380011499637, 'wilson_4x4': -0.8709559064155172}}
{'rung': 1, 'L': 32, 'beta': 14.1464, 'plaq_deviation': 4.3376046543031066e-05, 'plaq_z': 0.35274399529708766, 'z': {'plaquette': 0.35274399529708766, 'wilson_2x2': 0.7812275851260054, 'wilson_4x4': 0.16505494299273835}}
{'rung': 2, 'L': 64, 'beta': 55.0237, 'plaq_deviation': 1.2866815810363974e-05, 'plaq_z': 0.7984066104425149, 'z': {'plaquette': 0.7984066104425149, 'wilson_2x2': 0.6763870357852344, 'wilson_4x4': 0.32085527604714076}}
[2026-08-06 18:11:13] STAGE_VALIDATE_DONE (3.3 min)
[2026-08-06 18:11:13] STAGE_COMPARE_START: C:\Users\ompan\Desktop\Lattice QCD\inverse_rg_testing\.venv\Scripts\python.exe u1_2d/scripts/31_compare_verification.py

## rung0_L16_beta4
observable                        frozen    z_ex     candidate    z_ex    d(z_ex)
plaquette                         0.8653    2.15        0.8655    2.06      -0.09
wilson_2x2                        0.5571    0.31        0.5595    1.01      +0.70
wilson_4x4                        0.0942   -0.21       0.08981   -0.87      -0.66
wilson_8x8                      0.001792    0.41     -0.001241   -0.34      -0.75
Q^2                                1.823   -0.64         1.885   -0.23      +0.41
chi_top ((<Q^2>-<Q>^2)/V)       0.007106   -0.67      0.007338   -0.27      +0.40

## rung1_L32_beta14.1464
observable                        frozen    z_ex     candidate    z_ex    d(z_ex)
plaquette                         0.9641    0.78         0.964    0.35      -0.43
wilson_2x2                        0.8635   -0.06         0.864    0.78      +0.85
wilson_4x4                        0.5551   -0.28        0.5565    0.17      +0.44
wilson_8x8                        0.0956    0.00       0.09733    0.27      +0.27
Q^2                                1.823   -0.47         1.885   -0.09      +0.38
chi_top ((<Q^2>-<Q>^2)/V)       0.001776   -0.49      0.001834   -0.12      +0.37

## rung2_L64_beta55.0237
observable                        frozen    z_ex     candidate    z_ex    d(z_ex)
plaquette                         0.9909   -0.19        0.9909    0.80      +0.99
wilson_2x2                        0.9641    0.88         0.964    0.68      -0.20
wilson_4x4                        0.8644    1.42        0.8637    0.32      -1.10
wilson_8x8                        0.5594    1.09        0.5571    0.35      -0.74
Q^2                                1.823   -0.46         1.885   -0.08      +0.38
chi_top ((<Q^2>-<Q>^2)/V)      0.0004441   -0.49     0.0004586   -0.12      +0.37

## rung0_L16_beta4_RAW_preenforcement
observable                        frozen    z_ex     candidate    z_ex    d(z_ex)
plaquette                         0.8566   -6.45        0.8566   -6.66      -0.21
wilson_2x2                        0.5477   -2.27        0.5512   -1.34      +0.93
wilson_4x4                        0.1005    0.75       0.09632    0.12      -0.63
wilson_8x8                      0.004936    1.18     -0.001501   -0.40      -1.58
Q^2                                1.885   -0.20         1.854   -0.31      -0.11
chi_top ((<Q^2>-<Q>^2)/V)       0.007338   -0.22      0.007236   -0.38      -0.15

## rung1_L32_beta14.1464_RAW_preenforcement
observable                        frozen    z_ex     candidate    z_ex    d(z_ex)
plaquette                         0.9636   -2.55        0.9635   -3.27      -0.73
wilson_2x2                        0.8612   -3.19        0.8615   -2.58      +0.61
wilson_4x4                        0.5532   -0.91        0.5545   -0.43      +0.49
wilson_8x8                       0.09554   -0.01       0.09401   -0.27      -0.26
Q^2                                1.823   -0.47         1.885   -0.09      +0.38
chi_top ((<Q^2>-<Q>^2)/V)       0.001776   -0.49      0.001834   -0.12      +0.37

## rung2_L64_beta55.0237_RAW_preenforcement
observable                        frozen    z_ex     candidate    z_ex    d(z_ex)
plaquette                         0.9907   -9.07        0.9907   -7.73      +1.34
wilson_2x2                        0.9632   -7.30        0.9633   -7.55      -0.25
wilson_4x4                        0.8597   -5.53        0.8608   -4.53      +1.00
wilson_8x8                        0.5185   -9.67         0.523   -8.49      +1.18
Q^2                                1.823   -0.46         1.885   -0.08      +0.38
chi_top ((<Q^2>-<Q>^2)/V)      0.0004441   -0.49     0.0004586   -0.12      +0.37

largest |z_exact| in the candidate run: 8.49
interpretation: |z_exact| <~ 3 across the key observables means the candidate agrees with exact theory as well as the frozen run does.
[2026-08-06 18:11:13] STAGE_COMPARE_DONE (0.0 min)
[2026-08-06 18:11:13] CHAIN_DONE
======== exit code 0 at Thu 08/06/2026 18:11:13.82 ======== 
