 
======== launch Fri 08/07/2026  9:35:45.59 ======== 
[2026-08-07 09:35:45] PHASE3_START
[2026-08-07 09:35:45] waiting for stage_AUTOCORR.done, timeout 12.0 h
 
======== launch Fri 08/07/2026 18:03:51.24 ======== 
[2026-08-07 18:03:51] PHASE3_START
[2026-08-07 18:03:51] waiting for stage_AUTOCORR.done, timeout 36.0 h
 
======== launch Fri 08/07/2026 18:10:33.80 ======== 
[2026-08-07 18:10:34] PHASE3_START
[2026-08-07 18:10:34] waiting for stage_AUTOCORR.done, timeout 36.0 h
[2026-08-07 18:22:34] stage_AUTOCORR.done present, continuing
[2026-08-07 18:22:34] STAGE_PROMOTE_START
[2026-08-07 18:22:34]   checkpoint -> C:\Users\ompan\Desktop\Lattice QCD\inverse_rg_testing\out\u1_2d\checkpoints\score_net.pt
[2026-08-07 18:22:35]   generalization -> C:\Users\ompan\Desktop\Lattice QCD\inverse_rg_testing\out\u1_2d\generalization
[2026-08-07 18:22:35]   thermalization -> C:\Users\ompan\Desktop\Lattice QCD\inverse_rg_testing\out\u1_2d\thermalization
[2026-08-07 18:22:35]   validation -> C:\Users\ompan\Desktop\Lattice QCD\inverse_rg_testing\out\u1_2d\validation
[2026-08-07 18:22:35] STAGE_PROMOTE_DONE
[2026-08-07 18:22:35] CONCURRENT_START: HEADTOHEAD, ESS, ESS_NOGUIDE, BURNIN_SCAN
beta=55.0237 burn=2000: cached
beta=55.0237 burn=8000: cached
beta=218.58 burn=2000: cached
beta=218.58 burn=8000: cached
report: out\u1_2d\diffusion_vs_instanton\burnin_scan\report.md
case L=32 beta=4.44
case L=16 beta=14.1464 ...
case L=16 beta=14.1464 ...
  instanton HMC: 32 chains, burn 500, prod 640
  diffusion: base L=16 beta=1.4984, 128 configs
  {"n": 64, "ess_per_n": 0.015625, "log_weight_std": 32.729774475097656, "log_weight_range": 201.33447265625, "ess_per_n_fiber": 0.015625, "log_weight_std_fiber": 33.078067779541016, "log_weight_range_fiber": 206.805419921875, "fine_L": 16, "fine_beta": 14.1464, "coarse_L": 8, "coarse_beta": 3.9999887248909847, "seconds_hmc_base": 7.3, "seconds_generate": 24.7, "seconds_ode": 31.2}
case L=16 beta=55.0237 ...
  {"n": 64, "ess_per_n": 0.015628911554813385, "log_weight_std": 46.455780029296875, "log_weight_range": 195.82861328125, "ess_per_n_fiber": 0.017856022343039513, "log_weight_std_fiber": 45.307708740234375, "log_weight_range_fiber": 188.48876953125, "fine_L": 16, "fine_beta": 14.1464, "coarse_L": 8, "coarse_beta": 3.9999887248909847, "seconds_hmc_base": 7.3, "seconds_generate": 26.4, "seconds_ode": 33.1}
case L=16 beta=55.0237 ...
  done in 84s
case L=32 beta=14.1464
  instanton HMC: 32 chains, burn 500, prod 640
  {"n": 64, "ess_per_n": 0.015625, "log_weight_std": 42.695716857910156, "log_weight_range": 233.09765625, "ess_per_n_fiber": 0.015625, "log_weight_std_fiber": 42.4015007019043, "log_weight_range_fiber": 222.5703125, "fine_L": 16, "fine_beta": 55.0237, "coarse_L": 8, "coarse_beta": 14.146404977472109, "seconds_hmc_base": 28.8, "seconds_generate": 21.8, "seconds_ode": 28.6}
case L=32 beta=55.0237 ...
  diffusion: base L=16 beta=4.0000, 128 configs
  {"n": 64, "ess_per_n": 0.02740117721259594, "log_weight_std": 41.024253845214844, "log_weight_range": 164.5673828125, "ess_per_n_fiber": 0.015792958438396454, "log_weight_std_fiber": 41.50708770751953, "log_weight_range_fiber": 169.1298828125, "fine_L": 16, "fine_beta": 55.0237, "coarse_L": 8, "coarse_beta": 14.146404977472109, "seconds_hmc_base": 28.2, "seconds_generate": 22.9, "seconds_ode": 31.1}
case L=32 beta=55.0237 ...
  done in 103s
case L=32 beta=55.0237
  instanton HMC: 32 chains, burn 500, prod 640
  {"n": 64, "ess_per_n": 0.015625, "log_weight_std": 70.22373962402344, "log_weight_range": 326.58984375, "ess_per_n_fiber": 0.015625, "log_weight_std_fiber": 68.76170349121094, "log_weight_range_fiber": 331.76171875, "fine_L": 32, "fine_beta": 55.0237, "coarse_L": 16, "coarse_beta": 14.146404977472109, "seconds_hmc_base": 31.6, "seconds_generate": 25.3, "seconds_ode": 28.9}
case L=32 beta=218.58 ...
  {"n": 64, "ess_per_n": 0.015625, "log_weight_std": 61.93009567260742, "log_weight_range": 271.27734375, "ess_per_n_fiber": 0.015625, "log_weight_std_fiber": 62.38247299194336, "log_weight_range_fiber": 282.51953125, "fine_L": 32, "fine_beta": 55.0237, "coarse_L": 16, "coarse_beta": 14.146404977472109, "seconds_hmc_base": 32.3, "seconds_generate": 26.1, "seconds_ode": 31.1}
case L=32 beta=218.58 ...
  diffusion: base L=16 beta=14.1464, 128 configs
  done in 181s
case L=32 beta=118.5
  instanton HMC: 32 chains, burn 500, prod 640
  {"n": 64, "ess_per_n": 0.016376450657844543, "log_weight_std": 66.63797760009766, "log_weight_range": 305.03125, "ess_per_n_fiber": 0.01562591642141342, "log_weight_std_fiber": 67.22994232177734, "log_weight_range_fiber": 322.703125, "fine_L": 32, "fine_beta": 218.58, "coarse_L": 16, "coarse_beta": 55.02364659738549, "seconds_hmc_base": 192.3, "seconds_generate": 24.5, "seconds_ode": 29.3}
wrote C:\Users\ompan\Desktop\Lattice QCD\inverse_rg_testing\out\u1_2d\model_ess_noguide\report.md
  {"n": 64, "ess_per_n": 0.015951087698340416, "log_weight_std": 117.47593688964844, "log_weight_range": 482.140625, "ess_per_n_fiber": 0.0156250037252903, "log_weight_std_fiber": 114.50265502929688, "log_weight_range_fiber": 471.046875, "fine_L": 32, "fine_beta": 218.58, "coarse_L": 16, "coarse_beta": 55.02364659738549, "seconds_hmc_base": 191.5, "seconds_generate": 27.0, "seconds_ode": 30.0}
wrote out\u1_2d\gpu_verification\model_ess\report.md
  diffusion: base L=16 beta=30.0068, 128 configs
 
======== launch Fri 08/07/2026 18:37:46.54 ======== 
[2026-08-07 18:37:46] PHASE3_START
[2026-08-07 18:37:46] stage_AUTOCORR.done already present
[2026-08-07 18:37:46] STAGE_PROMOTE: sentinel present, skipping
[2026-08-07 18:37:46] CONCURRENT_START: HEADTOHEAD, ESS, ESS_NOGUIDE, ODE_BASELINE
beta=4.44: cached, skipping
beta=14.1464: cached, skipping
beta=55.0237: cached, skipping
beta=118.5: cached, skipping
beta=218.58: cached, skipping
case L=16 beta=14.1464 ...case L=16 beta=14.1464 ...

report: C:\Users\ompan\Desktop\Lattice QCD\inverse_rg_testing\out\u1_2d\diffusion_vs_instanton\report.md
case L=16 beta=14.1464 ...
[2026-08-07 18:38:01] STAGE_HEADTOHEAD_DONE
  {"n": 64, "ess_per_n": 0.015625, "log_weight_std": 32.729774475097656, "log_weight_range": 201.33447265625, "ess_per_n_fiber": 0.015625, "log_weight_std_fiber": 33.078067779541016, "log_weight_range_fiber": 206.805419921875, "fine_L": 16, "fine_beta": 14.1464, "coarse_L": 8, "coarse_beta": 3.9999887248909847, "seconds_hmc_base": 8.3, "seconds_generate": 25.5, "seconds_ode": 29.9}
case L=16 beta=55.0237 ...
  {"n": 64, "ess_per_n": 0.015628911554813385, "log_weight_std": 46.45578384399414, "log_weight_range": 195.82861328125, "ess_per_n_fiber": 0.017856022343039513, "log_weight_std_fiber": 45.30771255493164, "log_weight_range_fiber": 188.48876953125, "fine_L": 16, "fine_beta": 14.1464, "coarse_L": 8, "coarse_beta": 3.9999887248909847, "seconds_hmc_base": 8.4, "seconds_generate": 27.4, "seconds_ode": 32.0}
case L=16 beta=55.0237 ...
  {"n": 64, "ess_per_n": 0.030222702771425247, "log_weight_std": 18.5612735748291, "log_weight_range": 86.0185546875, "ess_per_n_fiber": 0.015753649175167084, "log_weight_std_fiber": 17.49568748474121, "log_weight_range_fiber": 81.49609375, "free_energy_certificate": {"log_mean_w": 3377.3613330306734, "exact_delta_F": 3835.243320031347, "gap": -457.8819870006737, "sem": 0.9958434388901723, "n": 64, "kl_from_mean_log_w": 483.43269304770456, "kl_sem": 2.1869609964385295, "kl_per_site": 0.944204478608798}, "fine_L": 16, "fine_beta": 14.1464, "coarse_L": 8, "coarse_beta": 3.9999887248909847, "imh_acceptance": 0.015873015873015872, "seconds_hmc_base": 8.4, "seconds_ode_sample": 112.0, "ode_steps": 120, "n_probes": 2}
case L=16 beta=55.0237 ...
  {"n": 64, "ess_per_n": 0.015625, "log_weight_std": 42.695716857910156, "log_weight_range": 233.09765625, "ess_per_n_fiber": 0.015625, "log_weight_std_fiber": 42.4015007019043, "log_weight_range_fiber": 222.5703125, "fine_L": 16, "fine_beta": 55.0237, "coarse_L": 8, "coarse_beta": 14.146404977472109, "seconds_hmc_base": 30.4, "seconds_generate": 25.2, "seconds_ode": 28.5}
case L=32 beta=55.0237 ...
  {"n": 64, "ess_per_n": 0.02740117721259594, "log_weight_std": 41.024253845214844, "log_weight_range": 164.5673828125, "ess_per_n_fiber": 0.015792958438396454, "log_weight_std_fiber": 41.50708770751953, "log_weight_range_fiber": 169.1298828125, "fine_L": 16, "fine_beta": 55.0237, "coarse_L": 8, "coarse_beta": 14.146404977472109, "seconds_hmc_base": 30.4, "seconds_generate": 27.0, "seconds_ode": 30.6}
case L=32 beta=55.0237 ...
  {"n": 64, "ess_per_n": 0.015625, "log_weight_std": 70.22373962402344, "log_weight_range": 326.58984375, "ess_per_n_fiber": 0.015625, "log_weight_std_fiber": 68.76170349121094, "log_weight_range_fiber": 331.76171875, "fine_L": 32, "fine_beta": 55.0237, "coarse_L": 16, "coarse_beta": 14.146404977472109, "seconds_hmc_base": 30.5, "seconds_generate": 26.0, "seconds_ode": 30.5}
case L=32 beta=218.58 ...
  {"n": 64, "ess_per_n": 0.015625, "log_weight_std": 61.93009567260742, "log_weight_range": 271.27734375, "ess_per_n_fiber": 0.015625, "log_weight_std_fiber": 62.38247299194336, "log_weight_range_fiber": 282.51953125, "fine_L": 32, "fine_beta": 55.0237, "coarse_L": 16, "coarse_beta": 14.146404977472109, "seconds_hmc_base": 30.8, "seconds_generate": 28.4, "seconds_ode": 32.3}
case L=32 beta=218.58 ...
  {"n": 64, "ess_per_n": 0.020667649805545807, "log_weight_std": 42.566619873046875, "log_weight_range": 259.7724609375, "ess_per_n_fiber": 0.01633932814002037, "log_weight_std_fiber": 41.98208999633789, "log_weight_range_fiber": 260.6484375, "free_energy_certificate": {"log_mean_w": 12983.642888150123, "exact_delta_F": 13517.04287315473, "gap": -533.3999850046075, "sem": 0.9775415781970733, "n": 64, "kl_from_mean_log_w": 564.5581014262152, "kl_sem": 5.247761222215072, "kl_per_site": 1.1026525418480766}, "fine_L": 16, "fine_beta": 55.0237, "coarse_L": 8, "coarse_beta": 14.146404977472109, "imh_acceptance": 0.047619047619047616, "seconds_hmc_base": 31.1, "seconds_ode_sample": 112.4, "ode_steps": 120, "n_probes": 2}
case L=32 beta=55.0237 ...
  {"n": 64, "ess_per_n": 0.0312667042016983, "log_weight_std": 64.06470489501953, "log_weight_range": 298.9453125, "ess_per_n_fiber": 0.015625, "log_weight_std_fiber": 63.156654357910156, "log_weight_range_fiber": 279.34765625, "free_energy_certificate": {"log_mean_w": 51906.54424193047, "exact_delta_F": 54068.17150017254, "gap": -2161.6272582420715, "sem": 0.9999999859532523, "n": 64, "kl_from_mean_log_w": 2251.2590245866013, "kl_sem": 7.894581865695926, "kl_per_site": 1.0992475705989264}, "fine_L": 32, "fine_beta": 55.0237, "coarse_L": 16, "coarse_beta": 14.146404977472109, "imh_acceptance": 0.1111111111111111, "seconds_hmc_base": 31.1, "seconds_ode_sample": 112.8, "ode_steps": 120, "n_probes": 2}
case L=32 beta=218.58 ...
  {"n": 64, "ess_per_n": 0.016376450657844543, "log_weight_std": 66.63797760009766, "log_weight_range": 305.03125, "ess_per_n_fiber": 0.01562591642141342, "log_weight_std_fiber": 67.22994232177734, "log_weight_range_fiber": 322.703125, "fine_L": 32, "fine_beta": 218.58, "coarse_L": 16, "coarse_beta": 55.02364659738549, "seconds_hmc_base": 199.6, "seconds_generate": 24.9, "seconds_ode": 29.8}
wrote C:\Users\ompan\Desktop\Lattice QCD\inverse_rg_testing\out\u1_2d\model_ess_noguide\report.md
  {"n": 64, "ess_per_n": 0.015951087698340416, "log_weight_std": 117.47593688964844, "log_weight_range": 482.140625, "ess_per_n_fiber": 0.0156250037252903, "log_weight_std_fiber": 114.50265502929688, "log_weight_range_fiber": 471.046875, "fine_L": 32, "fine_beta": 218.58, "coarse_L": 16, "coarse_beta": 55.02364659738549, "seconds_hmc_base": 197.8, "seconds_generate": 27.3, "seconds_ode": 29.7}
wrote C:\Users\ompan\Desktop\Lattice QCD\inverse_rg_testing\out\u1_2d\model_ess\report.md
[2026-08-07 18:46:21] STAGE_ESS_DONE
[2026-08-07 18:46:21] STAGE_ESS_NOGUIDE_DONE
  {"n": 64, "ess_per_n": 0.015625, "log_weight_std": 162.18247985839844, "log_weight_range": 976.375, "ess_per_n_fiber": 0.015625, "log_weight_std_fiber": 161.0646209716797, "log_weight_range_fiber": 950.25, "free_energy_certificate": {"log_mean_w": 207326.46611691665, "exact_delta_F": 210552.8657004265, "gap": -3226.3995835098613, "sem": 1.0, "n": 64, "kl_from_mean_log_w": 3473.0302512077615, "kl_sem": 20.133077215049394, "kl_per_site": 1.6958155523475398}, "fine_L": 32, "fine_beta": 218.58, "coarse_L": 16, "coarse_beta": 55.02364659738549, "imh_acceptance": 0.06349206349206349, "seconds_hmc_base": 195.3, "seconds_ode_sample": 98.8, "ode_steps": 120, "n_probes": 2}
wrote C:\Users\ompan\Desktop\Lattice QCD\inverse_rg_testing\out\u1_2d\ode_reweighting\report.md
[2026-08-07 18:49:42] STAGE_ODE_BASELINE_DONE
[2026-08-07 18:49:42] CONCURRENT_DONE (11.9 min)
[2026-08-07 18:49:42] STAGE_BURNIN_SCAN_START
beta=55.0237 burn=2000: cached
beta=55.0237 burn=8000: cached
beta=218.58 burn=2000: cached
beta=218.58 burn=8000: cached
report: out\u1_2d\diffusion_vs_instanton\burnin_scan\report.md
[2026-08-07 18:49:57] STAGE_BURNIN_SCAN_DONE (0.2 min)
[2026-08-07 18:49:57] STAGE_SECTOR_STUDY_START: 4 shards
device: cuda | NVIDIA GeForce RTX 5060 Laptop GPU | sm_120 | 8.0 GiB | torch 2.11.0+cu128/cu12.8 | tf32 off
device: cuda | NVIDIA GeForce RTX 5060 Laptop GPU | sm_120 | 8.0 GiB | torch 2.11.0+cu128/cu12.8 | tf32 offdevice: cuda | NVIDIA GeForce RTX 5060 Laptop GPU | sm_120 | 8.0 GiB | torch 2.11.0+cu128/cu12.8 | tf32 off

shard 0/4: 10 cases
shard 2/4: 9 cases
10 cases, output -> C:\Users\ompan\Desktop\Lattice QCD\inverse_rg_testing\out\u1_2d\generalization_exact_sectors
9 cases, output -> C:\Users\ompan\Desktop\Lattice QCD\inverse_rg_testing\out\u1_2d\generalization_exact_sectorsshard 1/4: 10 cases
[1/10] A_bc0.25: already done, skipping[1/9] A_bc0.75: already done, skipping
[2/10] A_bc1.5: already done, skipping

[3/10] A_bc5: already done, skipping
10 cases, output -> C:\Users\ompan\Desktop\Lattice QCD\inverse_rg_testing\out\u1_2d\generalization_exact_sectors[4/10] D_bc20: already done, skipping


[5/10] E_bc1.2: already done, skipping[1/10] A_bc0.5: already done, skipping[2/9] A_bc3: already done, skipping
[2/10] A_bc2: already done, skipping


[6/10] E_bc5.8: already done, skipping
[7/10] E_bc35: already done, skipping
[3/9] A_bc8: already done, skipping[3/10] A_bc6: already done, skipping
[8/10] F_L64_bc55.0237: already done, skipping
[4/9] D_bc40: already done, skipping
[5/9] E_bc3.4: already done, skipping

[6/9] E_bc11.8: already done, skipping
[9/10] B_bt20: already done, skipping[7/9] F_L32_bc100: already done, skipping[4/10] D_bc30: already done, skipping


[5/10] E_bc2.7: already done, skipping[10/10] C_L64: already done, skipping
[6/10] E_bc9: already done, skipping[8/9] B_bt10: already done, skipping


[9/9] B_bt55.0237: already done, skippingshard summary: C:\Users\ompan\Desktop\Lattice QCD\inverse_rg_testing\out\u1_2d\generalization_exact_sectors\summary.shard0.json[7/10] E_bc45: already done, skipping

[8/10] B_bt6: already done, skipping

shard summary: C:\Users\ompan\Desktop\Lattice QCD\inverse_rg_testing\out\u1_2d\generalization_exact_sectors\summary.shard2.json
figures/tables deferred -- rerun with --merge-shardsfigures/tables deferred -- rerun with --merge-shards
[9/10] B_bt30: already done, skipping

[10/10] C_L128: already done, skipping
shard summary: C:\Users\ompan\Desktop\Lattice QCD\inverse_rg_testing\out\u1_2d\generalization_exact_sectors\summary.shard1.json
figures/tables deferred -- rerun with --merge-shards
device: cuda | NVIDIA GeForce RTX 5060 Laptop GPU | sm_120 | 8.0 GiB | torch 2.11.0+cu128/cu12.8 | tf32 off
shard 3/4: 9 cases
9 cases, output -> C:\Users\ompan\Desktop\Lattice QCD\inverse_rg_testing\out\u1_2d\generalization_exact_sectors
[1/9] A_bc1: already done, skipping
[2/9] A_bc4: already done, skipping
[3/9] D_bc14.1464: already done, skipping
[4/9] D_bc55.0237: already done, skipping
[5/9] E_bc4.5: already done, skipping
[6/9] E_bc18: already done, skipping
[7/9] F_L32_bc218.58: already done, skipping
[8/9] B_bt16: already done, skipping
[9/9] B_bc2_bt8: already done, skipping
shard summary: C:\Users\ompan\Desktop\Lattice QCD\inverse_rg_testing\out\u1_2d\generalization_exact_sectors\summary.shard3.json
figures/tables deferred -- rerun with --merge-shards
device: cuda | NVIDIA GeForce RTX 5060 Laptop GPU | sm_120 | 8.0 GiB | torch 2.11.0+cu128/cu12.8 | tf32 off
38 cases, output -> C:\Users\ompan\Desktop\Lattice QCD\inverse_rg_testing\out\u1_2d\generalization_exact_sectors
[1/38] A_bc0.25: already done, skipping
[2/38] A_bc0.5: already done, skipping
[3/38] A_bc0.75: already done, skipping
[4/38] A_bc1: already done, skipping
[5/38] A_bc1.5: already done, skipping
[6/38] A_bc2: already done, skipping
[7/38] A_bc3: already done, skipping
[8/38] A_bc4: already done, skipping
[9/38] A_bc5: already done, skipping
[10/38] A_bc6: already done, skipping
[11/38] A_bc8: already done, skipping
[12/38] D_bc14.1464: already done, skipping
[13/38] D_bc20: already done, skipping
[14/38] D_bc30: already done, skipping
[15/38] D_bc40: already done, skipping
[16/38] D_bc55.0237: already done, skipping
[17/38] E_bc1.2: already done, skipping
[18/38] E_bc2.7: already done, skipping
[19/38] E_bc3.4: already done, skipping
[20/38] E_bc4.5: already done, skipping
[21/38] E_bc5.8: already done, skipping
[22/38] E_bc9: already done, skipping
[23/38] E_bc11.8: already done, skipping
[24/38] E_bc18: already done, skipping
[25/38] E_bc35: already done, skipping
[26/38] E_bc45: already done, skipping
[27/38] F_L32_bc100: already done, skipping
[28/38] F_L32_bc218.58: already done, skipping
[29/38] F_L64_bc55.0237: already done, skipping
[30/38] B_bt6: already done, skipping
[31/38] B_bt10: already done, skipping
[32/38] B_bt16: already done, skipping
[33/38] B_bt20: already done, skipping
[34/38] B_bt30: already done, skipping
[35/38] B_bt55.0237: already done, skipping
[36/38] B_bc2_bt8: already done, skipping
[37/38] C_L64: already done, skipping
[38/38] C_L128: already done, skipping
summary: C:\Users\ompan\Desktop\Lattice QCD\inverse_rg_testing\out\u1_2d\generalization_exact_sectors\summary.json
tables:  C:\Users\ompan\Desktop\Lattice QCD\inverse_rg_testing\out\u1_2d\generalization_exact_sectors\summary_tables.md
[2026-08-07 18:50:19] STAGE_SECTOR_STUDY_DONE (0.4 min)
[2026-08-07 18:50:19] STAGE_PQ_TAIL_START
case B_bt6
  B_bt6: Q^2 1.88 -> 4.92 (exact 4.78); chi2 p 5.730535841600657e-05 -> 0.3797751940989854; 200 traj; 9s
case A_bc1.5
  A_bc1.5: Q^2 7.83 -> 7.04 (exact 6.79); chi2 p 0.5111293299719569 -> 0.8616661199741596; 200 traj; 6s
case E_bc11.8
  E_bc11.8: Q^2 0.57 -> 0.461 (exact 0.575); chi2 p 0.9108465147128673 -> 0.09555539526296795; 200 traj; 17s
case D_bc55.0237
  D_bc55.0237: Q^2 0.0156 -> 0.0312 (exact 0.029); chi2 p None -> None; 200 traj; 34s
case C_L64
  C_L64: Q^2 6.22 -> 7.42 (exact 7.62); chi2 p 0.24366694281986767 -> 0.9982429464313664; 200 traj; 11s
report: C:\Users\ompan\Desktop\Lattice QCD\inverse_rg_testing\out\u1_2d\pq_hmc_tail\report.md
[2026-08-07 18:51:48] STAGE_PQ_TAIL_DONE (1.5 min)
[2026-08-07 18:51:48] STAGE_ODE_SWEEP_START
[sweep] wrote C:\Users\ompan\Desktop\Lattice QCD\inverse_rg_testing\out\u1_2d\ode_reweighting_sweep\sweep_summary.md
[2026-08-07 18:51:51] STAGE_ODE_SWEEP_DONE (0.0 min)
[2026-08-07 18:51:51] STAGE_ESS_CHAIN_START
[2026-08-07 18:51:51] sweep summary present: C:\Users\ompan\Desktop\Lattice QCD\inverse_rg_testing\out\u1_2d\ode_reweighting_sweep\sweep_summary.md
[2026-08-07 18:51:51] best sweep point: sigmin0.03 (ESS/N fiber 0.0309, log-w std 23.99)
[2026-08-07 18:51:51] STAGE_MLFT: sentinel present, skipping
[2026-08-07 18:51:51] STAGE_VERIFY_MLFT: sentinel present, skipping
[2026-08-07 18:51:51] STAGE_RKLFT: sentinel present, skipping
[2026-08-07 18:51:51] Tier 3 never improved eval ESS (no rklft checkpoint); skipping its verification
[2026-08-07 18:51:51] report: C:\Users\ompan\Desktop\Lattice QCD\inverse_rg_testing\out\u1_2d\ess_chain\chain_report.md
[2026-08-07 18:51:51] CHAIN_DONE
[2026-08-07 18:51:51] STAGE_ESS_CHAIN_DONE (0.0 min)
[2026-08-07 18:51:51] STAGE_VERDICT_START
verdict: C:\Users\ompan\Desktop\Lattice QCD\inverse_rg_testing\out\u1_2d\verdict\verdict.md
figure:  C:\Users\ompan\Desktop\Lattice QCD\inverse_rg_testing\out\u1_2d\verdict\showcase.png
[2026-08-07 18:52:02] STAGE_VERDICT_DONE (0.2 min)
[2026-08-07 18:52:02] STAGE_FIG_17_START
wrote out\u1_2d\paper_appendix\figures\17_headtohead_cost.png
wrote out\u1_2d\paper_appendix\figures\18_entry_cost.png
wrote out\u1_2d\paper_appendix\figures\19_ess_weights.png
[2026-08-07 18:52:05] STAGE_FIG_17_DONE (0.0 min)
[2026-08-07 18:52:05] STAGE_FIG_23_START
wrote out\u1_2d\paper_appendix\figures\23_ess_progress.png
wrote out\u1_2d\paper_appendix\figures\24_proposal_sweep.png
wrote out\u1_2d\paper_appendix\figures\25_finetune_dynamics.png
[2026-08-07 18:52:10] STAGE_FIG_23_DONE (0.1 min)
[2026-08-07 18:52:10] STAGE_FIG_26_START
wrote out\u1_2d\paper_appendix\figures\26_three_way.png
wrote out\u1_2d\paper_appendix\figures\27_program_optimum.png
[2026-08-07 18:52:13] STAGE_FIG_26_DONE (0.1 min)
[2026-08-07 18:52:13] STAGE_ASSEMBLE_START
[rebuild] 01_ladder_drift.png  <- rebuilt from out\u1_2d\validation\report.md (3 rungs)
[rebuild] 02_ladder_topology.png  <- rebuilt from out\u1_2d\validation\report.md (3 rungs)
[copied ] 03_ladder_rung_L64.png  <- validation/rung2_L64_beta55.0237.png
[copied ] 04_matched_scan.png  <- generalization/fig_matched_scan.png
[copied ] 05_mismatch_scan.png  <- generalization/fig_mismatch_scan.png
[copied ] 06_size_scan.png  <- generalization/fig_size_scan.png
[copied ] 07_raw_topology.png  <- generalization/fig_raw_topology.png
[copied ] 08_case_low.png  <- generalization/figures/A_bc1.png
[copied ] 09_case_high.png  <- generalization/figures/D_bc55.0237.png
[copied ] 10_case_extrapolation.png  <- generalization/figures/F_L32_bc218.58.png
[copied ] 11_case_L64.png  <- generalization/figures/F_L64_bc55.0237.png
[copied ] 12_timescales.png  <- thermalization/timescales.png
[copied ] 13_beta_scan.png  <- thermalization/beta_scan.png
[copied ] 14_relaxation_mid.png  <- thermalization/L32_beta55.0237/D_bc14.1464_L32_beta55.0237_relaxation.png
[copied ] 15_relaxation_high.png  <- thermalization/L32_beta218.58/D_bc55.0237_L32_beta218.58_relaxation.png
[copied ] 16_autocorrelation_modes.png  <- thermalization/autocorrelation_modes.png
[script ] 17_headtohead_cost.png  <- u1_2d/scripts/17_appendix_figures.py
[script ] 18_entry_cost.png  <- u1_2d/scripts/17_appendix_figures.py
[script ] 19_ess_weights.png  <- u1_2d/scripts/17_appendix_figures.py
[copied ] 20_mismatch_exact_sectors.png  <- generalization_exact_sectors/fig_mismatch_scan.png
[copied ] 21_pq_tail_mismatch.png  <- pq_hmc_tail/B_bt6_pq_tail.png
[copied ] 22_pq_tail_L64.png  <- pq_hmc_tail/C_L64_pq_tail.png
[script ] 23_ess_progress.png  <- u1_2d/scripts/23_ess_progress_figures.py
[script ] 24_proposal_sweep.png  <- u1_2d/scripts/23_ess_progress_figures.py
[script ] 25_finetune_dynamics.png  <- u1_2d/scripts/23_ess_progress_figures.py
[script ] 26_three_way.png  <- u1_2d/scripts/26_final_results_figures.py
[script ] 27_program_optimum.png  <- u1_2d/scripts/26_final_results_figures.py

wrote out\u1_2d\paper_appendix\figures\MANIFEST.md

27 figures tracked; 17 stale, 0 missing, 0 untracked on disk

figure directory is consistent
[2026-08-07 18:52:22] STAGE_ASSEMBLE_DONE (0.1 min)
[2026-08-07 18:52:22] PHASE3_DONE
======== exit code 0 at Fri 08/07/2026 18:52:22.10 ======== 
 
======== launch Fri 08/07/2026 19:18:02.60 ======== 
[2026-08-07 19:18:02] PHASE3_START
[2026-08-07 19:18:02] stage_AUTOCORR.done already present
[2026-08-07 19:18:02] STAGE_PROMOTE_START
[2026-08-07 19:18:02]   checkpoint -> C:\Users\ompan\Desktop\Lattice QCD\inverse_rg_testing\out\u1_2d\checkpoints\score_net.pt
[2026-08-07 19:18:03]   generalization -> C:\Users\ompan\Desktop\Lattice QCD\inverse_rg_testing\out\u1_2d\generalization
[2026-08-07 19:18:04]   thermalization -> C:\Users\ompan\Desktop\Lattice QCD\inverse_rg_testing\out\u1_2d\thermalization
[2026-08-07 19:18:04]   validation -> C:\Users\ompan\Desktop\Lattice QCD\inverse_rg_testing\out\u1_2d\validation
[2026-08-07 19:18:04]   invalidating caches derived from the previous checkpoint
[2026-08-07 19:18:04]     removed ess_chain
[2026-08-07 19:18:04]     removed diffusion_vs_instanton/burnin_scan
[2026-08-07 19:18:04]     cleared ode_reweighting_sweep point results
[2026-08-07 19:18:04]     removed generalization_exact_sectors/summary.json
[2026-08-07 19:18:04] STAGE_PROMOTE_DONE
[2026-08-07 19:18:04] STAGE_HEADTOHEAD: sentinel present, skipping
[2026-08-07 19:18:04] STAGE_ESS: sentinel present, skipping
[2026-08-07 19:18:04] STAGE_ESS_NOGUIDE: sentinel present, skipping
[2026-08-07 19:18:04] STAGE_ODE_BASELINE: sentinel present, skipping
[2026-08-07 19:18:04] STAGE_BURNIN_SCAN_START
beta=55.0237 burn-in=2000 ...
  max wilson |z|=3.6, Q^2 z=+1.5, 236s
beta=55.0237 burn-in=8000 ...
  max wilson |z|=0.3, Q^2 z=-0.7, 663s
beta=218.58 burn-in=2000 ...
  max wilson |z|=8.5, Q^2 z=-0.8, 392s
beta=218.58 burn-in=8000 ...
  max wilson |z|=3.2, Q^2 z=-0.1, 1231s
report: out\u1_2d\diffusion_vs_instanton\burnin_scan\report.md
[2026-08-07 20:00:23] STAGE_BURNIN_SCAN_DONE (42.3 min)
[2026-08-07 20:00:23] STAGE_SECTOR_STUDY_START: 4 shards
device: cuda | NVIDIA GeForce RTX 5060 Laptop GPU | sm_120 | 8.0 GiB | torch 2.11.0+cu128/cu12.8 | tf32 off
device: cuda | NVIDIA GeForce RTX 5060 Laptop GPU | sm_120 | 8.0 GiB | torch 2.11.0+cu128/cu12.8 | tf32 off
device: cuda | NVIDIA GeForce RTX 5060 Laptop GPU | sm_120 | 8.0 GiB | torch 2.11.0+cu128/cu12.8 | tf32 off
device: cuda | NVIDIA GeForce RTX 5060 Laptop GPU | sm_120 | 8.0 GiB | torch 2.11.0+cu128/cu12.8 | tf32 off
shard 1/4: 10 cases
shard 2/4: 9 casesshard 0/4: 10 cases10 cases, output -> C:\Users\ompan\Desktop\Lattice QCD\inverse_rg_testing\out\u1_2d\generalization_exact_sectors
[1/10] A_bc0.5: base L=16 beta=0.5 -> L=32 beta=2.02441 (matched pair 0.5 -> 2.0244)


10 cases, output -> C:\Users\ompan\Desktop\Lattice QCD\inverse_rg_testing\out\u1_2d\generalization_exact_sectors
9 cases, output -> C:\Users\ompan\Desktop\Lattice QCD\inverse_rg_testing\out\u1_2d\generalization_exact_sectors[1/10] A_bc0.25: base L=16 beta=0.25 -> L=32 beta=1.4892 (matched pair 0.25 -> 1.4892)

[1/9] A_bc0.75: base L=16 beta=0.75 -> L=32 beta=2.5435 (matched pair 0.75 -> 2.5435)
shard 3/4: 9 cases
9 cases, output -> C:\Users\ompan\Desktop\Lattice QCD\inverse_rg_testing\out\u1_2d\generalization_exact_sectors
[1/9] A_bc1: base L=16 beta=1 -> L=32 beta=3.10399 (matched pair 1 -> 3.1040)
    HMC L=16 beta=0.25: 128 configs, acc 1.000, hot start, burn 200, 7s
    HMC L=16 beta=1: 128 configs, acc 0.994, hot start, burn 200, 7s
    HMC L=16 beta=0.75: 128 configs, acc 0.994, hot start, burn 200, 7s
    HMC L=16 beta=0.5: 128 configs, acc 0.995, hot start, burn 200, 7s
    generated 128 configs L=32 beta=3.10399 in 45s
    generated 128 configs L=32 beta=1.4892 in 47s
    generated 128 configs L=32 beta=2.02441 in 46s
    generated 128 configs L=32 beta=2.5435 in 47s
    HMC L=32 beta=3.10399: 192 configs, acc 0.961, hot start, burn 200, 7s
    HMC L=32 beta=1.4892: 192 configs, acc 0.978, hot start, burn 200, 7s
    HMC L=32 beta=2.02441: 192 configs, acc 0.969, hot start, burn 200, 7s
    HMC L=32 beta=2.5435: 192 configs, acc 0.964, hot start, burn 200, 7s
    case done in 72s
[2/9] A_bc4: base L=16 beta=4 -> L=32 beta=14.1464 (matched pair 4 -> 14.1464)
    case done in 72s
[2/10] A_bc1.5: base L=16 beta=1.5 -> L=32 beta=4.44493 (matched pair 1.5 -> 4.4449)
    case done in 73s
[2/10] A_bc2: base L=16 beta=2 -> L=32 beta=6.10518 (matched pair 2 -> 6.1052)
    case done in 73s
[2/9] A_bc3: base L=16 beta=3 -> L=32 beta=10.015 (matched pair 3 -> 10.0150)
    HMC L=16 beta=4: 128 configs, acc 0.978, hot start, burn 200, 6s
    HMC L=16 beta=1.5: 128 configs, acc 0.994, hot start, burn 200, 7s
    HMC L=16 beta=2: 128 configs, acc 0.981, hot start, burn 200, 7s
    HMC L=16 beta=3: 128 configs, acc 0.981, hot start, burn 200, 7s
    generated 128 configs L=32 beta=14.1464 in 44s
    generated 128 configs L=32 beta=4.44493 in 44s
    generated 128 configs L=32 beta=6.10518 in 44s
    generated 128 configs L=32 beta=10.015 in 44s
    HMC L=32 beta=4.44493: 192 configs, acc 0.958, hot start, burn 200, 7s
    HMC L=32 beta=6.10518: 192 configs, acc 0.980, hot start, burn 200, 8s
    case done in 70s
[3/10] A_bc5: base L=16 beta=5 -> L=32 beta=18.2524 (matched pair 5 -> 18.2524)
    case done in 71s
[3/10] A_bc6: base L=16 beta=6 -> L=32 beta=22.3151 (matched pair 6 -> 22.3151)
    HMC L=16 beta=5: 128 configs, acc 0.983, hot start, burn 200, 8s
    HMC L=16 beta=6: 128 configs, acc 0.984, hot start, burn 200, 8s
    HMC L=32 beta=14.1464: 192 configs, acc 0.989, cold start, burn 600, 32s
    HMC L=32 beta=10.015: 192 configs, acc 0.978, cold start, burn 600, 30s
    case done in 93s
[3/9] A_bc8: base L=16 beta=8 -> L=32 beta=30.3772 (matched pair 8 -> 30.3772)
    case done in 95s
[3/9] D_bc14.1464: base L=16 beta=14.1464 -> L=32 beta=55.0237 (matched pair 14.1464 -> 55.0237)
    generated 128 configs L=32 beta=18.2524 in 34s
    HMC L=16 beta=8: 128 configs, acc 0.984, cold start, burn 600, 26s
    generated 128 configs L=32 beta=22.3151 in 32s
    HMC L=16 beta=14.1464: 128 configs, acc 0.992, cold start, burn 600, 31s
    HMC L=32 beta=18.2524: 192 configs, acc 0.974, cold start, burn 600, 41s
    generated 128 configs L=32 beta=30.3772 in 35s
    case done in 94s
[4/10] D_bc20: base L=16 beta=20 -> L=32 beta=78.4578 (matched pair 20 -> 78.4578 (beyond training range))
    generated 128 configs L=32 beta=55.0237 in 33s
    HMC L=32 beta=22.3151: 192 configs, acc 0.983, cold start, burn 2000, 126s
    case done in 179s
[4/10] D_bc30: base L=16 beta=30 -> L=32 beta=118.473 (matched pair 30 -> 118.4726 (beyond training range))
    HMC L=16 beta=20: 128 configs, acc 0.992, cold start, burn 2000, 108s
    HMC L=32 beta=30.3772: 192 configs, acc 0.974, cold start, burn 2000, 140s
    case done in 214s
[4/9] D_bc40: base L=16 beta=40 -> L=32 beta=158.48 (matched pair 40 -> 158.4797 (beyond training range))
    generated 128 configs L=32 beta=78.4578 in 28s
    HMC L=32 beta=55.0237: 192 configs, acc 0.984, cold start, burn 2000, 185s
    case done in 262s
[4/9] D_bc55.0237: base L=16 beta=55.0237 -> L=32 beta=218.58 (matched pair 55.0237 -> 218.5802 (beyond training range))
    HMC L=16 beta=30: 128 configs, acc 0.991, cold start, burn 2000, 139s
    generated 128 configs L=32 beta=118.473 in 28s
    HMC L=16 beta=40: 128 configs, acc 0.983, cold start, burn 2000, 154s
    generated 128 configs L=32 beta=158.48 in 28s
    HMC L=32 beta=78.4578: 192 configs, acc 0.983, cold start, burn 2000, 207s
    case done in 358s
[5/10] E_bc1.2: base L=16 beta=1.2 -> L=32 beta=3.6012 (out-of-sample matched pair 1.2 -> 3.6012)
    HMC L=16 beta=1.2: 128 configs, acc 0.986, hot start, burn 200, 7s
    HMC L=16 beta=55.0237: 128 configs, acc 0.991, cold start, burn 2000, 185s
    generated 128 configs L=32 beta=3.6012 in 31s
    HMC L=32 beta=3.6012: 192 configs, acc 0.970, hot start, burn 200, 6s
    case done in 57s
[6/10] E_bc5.8: base L=16 beta=5.8 -> L=32 beta=21.5051 (out-of-sample matched pair 5.8 -> 21.5051)
    generated 128 configs L=32 beta=218.58 in 30s
    HMC L=16 beta=5.8: 128 configs, acc 0.991, hot start, burn 200, 7s
    generated 128 configs L=32 beta=21.5051 in 27s
    HMC L=32 beta=118.473: 192 configs, acc 0.975, cold start, burn 2000, 257s
    case done in 440s
[5/10] E_bc2.7: base L=16 beta=2.7 -> L=32 beta=8.79549 (out-of-sample matched pair 2.7 -> 8.7955)
    HMC L=16 beta=2.7: 128 configs, acc 0.969, hot start, burn 200, 7s
    generated 128 configs L=32 beta=8.79549 in 27s
    HMC L=32 beta=21.5051: 192 configs, acc 0.977, cold start, burn 2000, 115s
    case done in 163s
[7/10] E_bc35: base L=16 beta=35 -> L=32 beta=138.477 (out-of-sample matched pair 35 -> 138.4767)
    HMC L=32 beta=8.79549: 192 configs, acc 0.978, cold start, burn 600, 23s
    case done in 70s
[6/10] E_bc9: base L=16 beta=9 -> L=32 beta=34.3944 (out-of-sample matched pair 9 -> 34.3944)
    HMC L=16 beta=9: 128 configs, acc 0.992, cold start, burn 600, 26s
    HMC L=32 beta=158.48: 192 configs, acc 0.981, cold start, burn 2000, 286s
    case done in 484s
[5/9] E_bc3.4: base L=16 beta=3.4 -> L=32 beta=11.6638 (out-of-sample matched pair 3.4 -> 11.6638)
    HMC L=16 beta=3.4: 128 configs, acc 0.980, hot start, burn 200, 7s
    generated 128 configs L=32 beta=34.3944 in 30s
    generated 128 configs L=32 beta=11.6638 in 30s
    HMC L=32 beta=11.6638: 192 configs, acc 0.989, cold start, burn 600, 30s
    case done in 82s
[6/9] E_bc11.8: base L=16 beta=11.8 -> L=32 beta=45.6238 (out-of-sample matched pair 11.8 -> 45.6238)
    HMC L=16 beta=35: 128 configs, acc 0.989, cold start, burn 2000, 145s
    HMC L=16 beta=11.8: 128 configs, acc 0.994, cold start, burn 600, 31s
    generated 128 configs L=32 beta=138.477 in 31s
    HMC L=32 beta=218.58: 192 configs, acc 0.976, cold start, burn 2000, 347s
    case done in 577s
[5/9] E_bc4.5: base L=16 beta=4.5 -> L=32 beta=16.2057 (out-of-sample matched pair 4.5 -> 16.2057)
    HMC L=16 beta=4.5: 128 configs, acc 0.984, hot start, burn 200, 6s
    generated 128 configs L=32 beta=45.6238 in 27s
    generated 128 configs L=32 beta=16.2057 in 27s
    HMC L=32 beta=34.3944: 192 configs, acc 0.979, cold start, burn 2000, 150s
    case done in 219s
[7/10] E_bc45: base L=16 beta=45 -> L=32 beta=178.482 (out-of-sample matched pair 45 -> 178.4821)
    HMC L=32 beta=16.2057: 192 configs, acc 0.968, cold start, burn 600, 34s
    case done in 81s
[6/9] E_bc18: base L=16 beta=18 -> L=32 beta=70.4526 (out-of-sample matched pair 18 -> 70.4526)
    HMC L=16 beta=18: 128 configs, acc 0.992, cold start, burn 600, 35s
    generated 128 configs L=32 beta=70.4526 in 28s
    HMC L=32 beta=45.6238: 192 configs, acc 0.979, cold start, burn 2000, 168s
    case done in 241s
[7/9] F_L32_bc100: base L=16 beta=100 -> L=32 beta=398.492 (extrapolation demo 100 -> 398.4921 at L=32)
    HMC L=16 beta=45: 128 configs, acc 0.989, cold start, burn 2000, 165s
    generated 128 configs L=32 beta=178.482 in 27s
    HMC L=32 beta=138.477: 192 configs, acc 0.976, cold start, burn 2000, 266s
    case done in 456s
[8/10] F_L64_bc55.0237: base L=32 beta=55.0237 -> L=64 beta=218.58 (extrapolation demo 55.0237 -> 218.5802 at L=64)
    HMC L=32 beta=70.4526: 192 configs, acc 0.976, cold start, burn 2000, 203s
    case done in 280s
[7/9] F_L32_bc218.58: base L=16 beta=218.58 -> L=32 beta=872.816 (extrapolation demo 218.58 -> 872.8164 at L=32)
    HMC L=16 beta=100: 64 configs, acc 0.984, cold start, burn 2000, 226s
    generated 64 configs L=32 beta=398.492 in 14s
    HMC L=32 beta=55.0237: 64 configs, acc 0.981, cold start, burn 2000, 171s
    generated 64 configs L=64 beta=218.58 in 58s
    HMC L=32 beta=178.482: 192 configs, acc 0.966, cold start, burn 2000, 320s
    case done in 526s
[8/10] B_bt6: base L=16 beta=4 -> L=32 beta=6 (mismatch: matched target is 14.1464)
    generated 128 configs L=32 beta=6 in 29s
    HMC L=32 beta=6: 192 configs, acc 0.966, hot start, burn 200, 9s
    case done in 52s
[9/10] B_bt30: base L=16 beta=4 -> L=32 beta=30 (mismatch: matched target is 14.1464)
    generated 128 configs L=32 beta=30 in 28s
    HMC L=16 beta=218.58: 64 configs, acc 0.994, cold start, burn 2000, 355s
    generated 64 configs L=32 beta=872.816 in 14s
    HMC L=32 beta=30: 192 configs, acc 0.986, cold start, burn 2000, 140s
    case done in 182s
[10/10] C_L128: base L=64 beta=4 -> L=128 beta=14.1464 (size scan rung)
    HMC L=64 beta=4: 64 configs, acc 0.919, hot start, burn 200, 7s
    HMC L=64 beta=218.58: 96 configs, acc 0.981, cold start, burn 2000, 356s
    case done in 607s
[9/10] B_bt20: base L=16 beta=4 -> L=32 beta=20 (mismatch: matched target is 14.1464)
    generated 128 configs L=32 beta=20 in 42s
    HMC L=32 beta=398.492: 96 configs, acc 0.977, cold start, burn 2000, 523s
    case done in 774s
[8/9] B_bt10: base L=16 beta=4 -> L=32 beta=10 (mismatch: matched target is 14.1464)
    generated 128 configs L=32 beta=10 in 42s
    HMC L=32 beta=10: 192 configs, acc 0.977, cold start, burn 600, 37s
    case done in 90s
[9/9] B_bt55.0237: base L=16 beta=4 -> L=32 beta=55.0237 (mismatch: matched target is 14.1464)
    HMC L=32 beta=20: 192 configs, acc 0.984, cold start, burn 2000, 156s
    case done in 211s
[10/10] C_L64: base L=32 beta=4 -> L=64 beta=14.1464 (size scan rung)
    generated 128 configs L=32 beta=55.0237 in 28s
    case done in 43s
shard summary: C:\Users\ompan\Desktop\Lattice QCD\inverse_rg_testing\out\u1_2d\generalization_exact_sectors\summary.shard2.json
figures/tables deferred -- rerun with --merge-shards
    HMC L=32 beta=4: 96 configs, acc 0.965, hot start, burn 200, 6s
    generated 64 configs L=128 beta=14.1464 in 219s
    HMC L=128 beta=14.1464: 64 configs, acc 0.944, cold start, burn 600, 35s
    case done in 341s
shard summary: C:\Users\ompan\Desktop\Lattice QCD\inverse_rg_testing\out\u1_2d\generalization_exact_sectors\summary.shard1.json
figures/tables deferred -- rerun with --merge-shards
    generated 96 configs L=64 beta=14.1464 in 65s
    HMC L=64 beta=14.1464: 96 configs, acc 0.967, cold start, burn 600, 24s
    case done in 120s
shard summary: C:\Users\ompan\Desktop\Lattice QCD\inverse_rg_testing\out\u1_2d\generalization_exact_sectors\summary.shard0.json
figures/tables deferred -- rerun with --merge-shards
    HMC L=32 beta=872.816: 96 configs, acc 0.981, cold start, burn 2000, 718s
    case done in 1097s
[8/9] B_bt16: base L=16 beta=4 -> L=32 beta=16 (mismatch: matched target is 14.1464)
    generated 128 configs L=32 beta=16 in 17s
    HMC L=32 beta=16: 192 configs, acc 0.976, cold start, burn 600, 26s
    case done in 50s
[9/9] B_bc2_bt8: base L=16 beta=2 -> L=32 beta=8 (tree-level beta_f = 4 beta_c; matched target is 6.1052)
    generated 128 configs L=32 beta=8 in 17s
    HMC L=32 beta=8: 192 configs, acc 0.975, cold start, burn 600, 20s
    case done in 45s
shard summary: C:\Users\ompan\Desktop\Lattice QCD\inverse_rg_testing\out\u1_2d\generalization_exact_sectors\summary.shard3.json
figures/tables deferred -- rerun with --merge-shards
merged summary.shard0.json
merged summary.shard1.json
merged summary.shard2.json
merged summary.shard3.json
device: cuda | NVIDIA GeForce RTX 5060 Laptop GPU | sm_120 | 8.0 GiB | torch 2.11.0+cu128/cu12.8 | tf32 off
38 cases, output -> C:\Users\ompan\Desktop\Lattice QCD\inverse_rg_testing\out\u1_2d\generalization_exact_sectors
[1/38] A_bc0.25: already done, skipping
[2/38] A_bc0.5: already done, skipping
[3/38] A_bc0.75: already done, skipping
[4/38] A_bc1: already done, skipping
[5/38] A_bc1.5: already done, skipping
[6/38] A_bc2: already done, skipping
[7/38] A_bc3: already done, skipping
[8/38] A_bc4: already done, skipping
[9/38] A_bc5: already done, skipping
[10/38] A_bc6: already done, skipping
[11/38] A_bc8: already done, skipping
[12/38] D_bc14.1464: already done, skipping
[13/38] D_bc20: already done, skipping
[14/38] D_bc30: already done, skipping
[15/38] D_bc40: already done, skipping
[16/38] D_bc55.0237: already done, skipping
[17/38] E_bc1.2: already done, skipping
[18/38] E_bc2.7: already done, skipping
[19/38] E_bc3.4: already done, skipping
[20/38] E_bc4.5: already done, skipping
[21/38] E_bc5.8: already done, skipping
[22/38] E_bc9: already done, skipping
[23/38] E_bc11.8: already done, skipping
[24/38] E_bc18: already done, skipping
[25/38] E_bc35: already done, skipping
[26/38] E_bc45: already done, skipping
[27/38] F_L32_bc100: already done, skipping
[28/38] F_L32_bc218.58: already done, skipping
[29/38] F_L64_bc55.0237: already done, skipping
[30/38] B_bt6: already done, skipping
[31/38] B_bt10: already done, skipping
[32/38] B_bt16: already done, skipping
[33/38] B_bt20: already done, skipping
[34/38] B_bt30: already done, skipping
[35/38] B_bt55.0237: already done, skipping
[36/38] B_bc2_bt8: already done, skipping
[37/38] C_L64: already done, skipping
[38/38] C_L128: already done, skipping
summary: C:\Users\ompan\Desktop\Lattice QCD\inverse_rg_testing\out\u1_2d\generalization_exact_sectors\summary.json
tables:  C:\Users\ompan\Desktop\Lattice QCD\inverse_rg_testing\out\u1_2d\generalization_exact_sectors\summary_tables.md
[2026-08-07 20:43:28] STAGE_SECTOR_STUDY_DONE (43.1 min)
[2026-08-07 20:43:28] STAGE_PQ_TAIL_START
case B_bt6
  B_bt6: Q^2 1.88 -> 4.92 (exact 4.78); chi2 p 5.730535841600657e-05 -> 0.3797751940989854; 200 traj; 7s
case A_bc1.5
  A_bc1.5: Q^2 7.83 -> 7.04 (exact 6.79); chi2 p 0.5111293299719569 -> 0.8616661199741596; 200 traj; 5s
case E_bc11.8
  E_bc11.8: Q^2 0.57 -> 0.461 (exact 0.575); chi2 p 0.9108465147128673 -> 0.09555539526296795; 200 traj; 13s
case D_bc55.0237
  D_bc55.0237: Q^2 0.0156 -> 0.0312 (exact 0.029); chi2 p None -> None; 200 traj; 28s
case C_L64
  C_L64: Q^2 6.22 -> 7.42 (exact 7.62); chi2 p 0.24366694281986767 -> 0.9982429464313664; 200 traj; 7s
report: C:\Users\ompan\Desktop\Lattice QCD\inverse_rg_testing\out\u1_2d\pq_hmc_tail\report.md
[2026-08-07 20:44:34] STAGE_PQ_TAIL_DONE (1.1 min)
[2026-08-07 20:44:34] STAGE_ODE_SWEEP_START
[sweep] baseline: (defaults)
[sweep] sigmin0.03: --sigma-min-coef 0.03
[sweep] sigmin0.01: --sigma-min-coef 0.01
[sweep] blend2: --physics-blend 2
case L=16 beta=55.0237 ...
case L=16 beta=55.0237 ...
case L=16 beta=55.0237 ...
case L=16 beta=55.0237 ...
  {"n": 64, "ess_per_n": 0.01614001765847206, "log_weight_std": 52.67245101928711, "log_weight_range": 267.146484375, "ess_per_n_fiber": 0.016683103516697884, "log_weight_std_fiber": 52.573097229003906, "log_weight_range_fiber": 261.7734375, "free_energy_certificate": {"log_mean_w": 12960.969922287366, "exact_delta_F": 13517.04287315473, "gap": -556.0729508673649, "sem": 0.9672486464396236, "n": 64, "kl_from_mean_log_w": 612.2741353617621, "kl_sem": 6.571637360905148, "kl_per_site": 1.1958479206284416}, "fine_L": 16, "fine_beta": 55.0237, "coarse_L": 8, "coarse_beta": 14.146404977472109, "imh_acceptance": 0.047619047619047616, "seconds_hmc_base": 27.0, "seconds_ode_sample": 110.5, "ode_steps": 120, "n_probes": 2}
wrote C:\Users\ompan\Desktop\Lattice QCD\inverse_rg_testing\out\u1_2d\ode_reweighting_sweep\blend2\report.md
  {"n": 64, "ess_per_n": 0.018439818173646927, "log_weight_std": 41.841217041015625, "log_weight_range": 213.8984375, "ess_per_n_fiber": 0.02824598178267479, "log_weight_std_fiber": 41.666831970214844, "log_weight_range_fiber": 216.6279296875, "free_energy_certificate": {"log_mean_w": 12960.363370013209, "exact_delta_F": 13517.04287315473, "gap": -556.6795031415222, "sem": 0.7389745945316375, "n": 64, "kl_from_mean_log_w": 598.1700399027777, "kl_sem": 5.20835409103384, "kl_per_site": 1.1683008591851127}, "fine_L": 16, "fine_beta": 55.0237, "coarse_L": 8, "coarse_beta": 14.146404977472109, "imh_acceptance": 0.1111111111111111, "seconds_hmc_base": 27.6, "seconds_ode_sample": 111.8, "ode_steps": 120, "n_probes": 2}
wrote C:\Users\ompan\Desktop\Lattice QCD\inverse_rg_testing\out\u1_2d\ode_reweighting_sweep\sigmin0.01\report.md
[sweep] blend2: rc=0 (144s)
  {"n": 64, "ess_per_n": 0.02638179063796997, "log_weight_std": 35.5223274230957, "log_weight_range": 197.8798828125, "ess_per_n_fiber": 0.017061909660696983, "log_weight_std_fiber": 35.10669708251953, "log_weight_range_fiber": 192.1884765625, "free_energy_certificate": {"log_mean_w": 12960.874667729424, "exact_delta_F": 13517.04287315473, "gap": -556.168205425307, "sem": 0.9562665823132712, "n": 64, "kl_from_mean_log_w": 589.7894094096137, "kl_sem": 4.388337258254872, "kl_per_site": 1.1519324402531517}, "fine_L": 16, "fine_beta": 55.0237, "coarse_L": 8, "coarse_beta": 14.146404977472109, "imh_acceptance": 0.09523809523809523, "seconds_hmc_base": 27.7, "seconds_ode_sample": 113.1, "ode_steps": 120, "n_probes": 2}
wrote C:\Users\ompan\Desktop\Lattice QCD\inverse_rg_testing\out\u1_2d\ode_reweighting_sweep\baseline\report.md
  {"n": 64, "ess_per_n": 0.02638179063796997, "log_weight_std": 35.5223274230957, "log_weight_range": 197.8798828125, "ess_per_n_fiber": 0.017061909660696983, "log_weight_std_fiber": 35.10669708251953, "log_weight_range_fiber": 192.1884765625, "free_energy_certificate": {"log_mean_w": 12960.874667729424, "exact_delta_F": 13517.04287315473, "gap": -556.168205425307, "sem": 0.9562665823132712, "n": 64, "kl_from_mean_log_w": 589.7894094096137, "kl_sem": 4.388337258254872, "kl_per_site": 1.1519324402531517}, "fine_L": 16, "fine_beta": 55.0237, "coarse_L": 8, "coarse_beta": 14.146404977472109, "imh_acceptance": 0.09523809523809523, "seconds_hmc_base": 28.5, "seconds_ode_sample": 112.4, "ode_steps": 120, "n_probes": 2}
wrote C:\Users\ompan\Desktop\Lattice QCD\inverse_rg_testing\out\u1_2d\ode_reweighting_sweep\sigmin0.03\report.md
[sweep] blend4: --physics-blend 4
[sweep] baseline: rc=0 (148s)
[sweep] sigmin0.03: rc=0 (148s)
[sweep] sigmin0.01: rc=0 (147s)
[sweep] cw0: --consistency-weight 0
[sweep] cw0.5: --consistency-weight 0.5
[sweep] cw2: --consistency-weight 2
case L=16 beta=55.0237 ...case L=16 beta=55.0237 ...

case L=16 beta=55.0237 ...
case L=16 beta=55.0237 ...
  {"n": 64, "ess_per_n": 0.015625, "log_weight_std": 42.34648132324219, "log_weight_range": 235.4931640625, "ess_per_n_fiber": 0.015625, "log_weight_std_fiber": 41.40009689331055, "log_weight_range_fiber": 233.751953125, "free_energy_certificate": {"log_mean_w": 13384.893851292132, "exact_delta_F": 13517.04287315473, "gap": -132.1490218625986, "sem": 0.9999999995008773, "n": 64, "kl_from_mean_log_w": 185.17541099652772, "kl_sem": 5.1750120263225, "kl_per_site": 0.3616707246025932}, "fine_L": 16, "fine_beta": 55.0237, "coarse_L": 8, "coarse_beta": 14.146404977472109, "imh_acceptance": 0.031746031746031744, "seconds_hmc_base": 28.3, "seconds_ode_sample": 105.9, "ode_steps": 120, "n_probes": 2}
wrote C:\Users\ompan\Desktop\Lattice QCD\inverse_rg_testing\out\u1_2d\ode_reweighting_sweep\cw0\report.md
[sweep] cw0: rc=0 (143s)
[sweep] sigmin0.03_blend2: --sigma-min-coef 0.03 --physics-blend 2
  {"n": 64, "ess_per_n": 0.015625014901161194, "log_weight_std": 99.66708374023438, "log_weight_range": 501.36328125, "ess_per_n_fiber": 0.015625108033418655, "log_weight_std_fiber": 100.37278747558594, "log_weight_range_fiber": 512.3828125, "free_energy_certificate": {"log_mean_w": 12931.613581377242, "exact_delta_F": 13517.04287315473, "gap": -585.4292917774892, "sem": 0.9999964209893241, "n": 64, "kl_from_mean_log_w": 720.6158406840277, "kl_sem": 12.546598277295173, "kl_per_site": 1.4074528138359916}, "fine_L": 16, "fine_beta": 55.0237, "coarse_L": 8, "coarse_beta": 14.146404977472109, "imh_acceptance": 0.047619047619047616, "seconds_hmc_base": 28.1, "seconds_ode_sample": 111.8, "ode_steps": 120, "n_probes": 2}
wrote C:\Users\ompan\Desktop\Lattice QCD\inverse_rg_testing\out\u1_2d\ode_reweighting_sweep\blend4\report.md
  {"n": 64, "ess_per_n": 0.016248492524027824, "log_weight_std": 31.909183502197266, "log_weight_range": 151.0771484375, "ess_per_n_fiber": 0.03403608128428459, "log_weight_std_fiber": 30.999616622924805, "log_weight_range_fiber": 143.6650390625, "free_energy_certificate": {"log_mean_w": 13170.365053004854, "exact_delta_F": 13517.04287315473, "gap": -346.6778201498764, "sem": 0.6711820695295784, "n": 64, "kl_from_mean_log_w": 377.4562642680121, "kl_sem": 3.8749521708304804, "kl_per_site": 0.7372192661484611}, "fine_L": 16, "fine_beta": 55.0237, "coarse_L": 8, "coarse_beta": 14.146404977472109, "imh_acceptance": 0.07936507936507936, "seconds_hmc_base": 28.5, "seconds_ode_sample": 112.6, "ode_steps": 120, "n_probes": 2}
wrote C:\Users\ompan\Desktop\Lattice QCD\inverse_rg_testing\out\u1_2d\ode_reweighting_sweep\cw0.5\report.md
  {"n": 64, "ess_per_n": 0.02216351591050625, "log_weight_std": 36.84206771850586, "log_weight_range": 172.0146484375, "ess_per_n_fiber": 0.03612283244729042, "log_weight_std_fiber": 37.36626052856445, "log_weight_range_fiber": 172.95703125, "free_energy_certificate": {"log_mean_w": 12551.078937042786, "exact_delta_F": 13517.04287315473, "gap": -965.9639361119443, "sem": 0.6508031297286841, "n": 64, "kl_from_mean_log_w": 1001.1720998393012, "kl_sem": 4.670782427407614, "kl_per_site": 1.955414257498635}, "fine_L": 16, "fine_beta": 55.0237, "coarse_L": 8, "coarse_beta": 14.146404977472109, "imh_acceptance": 0.031746031746031744, "seconds_hmc_base": 28.8, "seconds_ode_sample": 113.6, "ode_steps": 120, "n_probes": 2}
wrote C:\Users\ompan\Desktop\Lattice QCD\inverse_rg_testing\out\u1_2d\ode_reweighting_sweep\cw2\report.md
[sweep] blend4: rc=0 (152s)
[sweep] cw0.5: rc=0 (149s)
[sweep] sigmin0.03_blend4_cw0.5: --sigma-min-coef 0.03 --physics-blend 4 --consistency-weight 0.5
[sweep] sigmin0.01_blend4: --sigma-min-coef 0.01 --physics-blend 4
[sweep] cw2: rc=0 (151s)
case L=16 beta=55.0237 ...
[sweep] probes8: --n-probes 8
case L=16 beta=55.0237 ...
case L=16 beta=55.0237 ...
case L=16 beta=55.0237 ...
  {"n": 64, "ess_per_n": 0.01563315838575363, "log_weight_std": 99.26358032226562, "log_weight_range": 485.544921875, "ess_per_n_fiber": 0.01562533900141716, "log_weight_std_fiber": 100.51994323730469, "log_weight_range_fiber": 499.7451171875, "free_energy_certificate": {"log_mean_w": 12934.40655745128, "exact_delta_F": 13517.04287315473, "gap": -582.6363157034502, "sem": 0.9999889808017663, "n": 64, "kl_from_mean_log_w": 721.0222890482855, "kl_sem": 12.564992830780524, "kl_per_site": 1.4082466582974327}, "fine_L": 16, "fine_beta": 55.0237, "coarse_L": 8, "coarse_beta": 14.146404977472109, "imh_acceptance": 0.06349206349206349, "seconds_hmc_base": 28.4, "seconds_ode_sample": 115.9, "ode_steps": 120, "n_probes": 2}
wrote C:\Users\ompan\Desktop\Lattice QCD\inverse_rg_testing\out\u1_2d\ode_reweighting_sweep\sigmin0.01_blend4\report.md
  {"n": 64, "ess_per_n": 0.01614001765847206, "log_weight_std": 52.67245101928711, "log_weight_range": 267.146484375, "ess_per_n_fiber": 0.016683103516697884, "log_weight_std_fiber": 52.573097229003906, "log_weight_range_fiber": 261.7734375, "free_energy_certificate": {"log_mean_w": 12960.969922287366, "exact_delta_F": 13517.04287315473, "gap": -556.0729508673649, "sem": 0.9672486464396236, "n": 64, "kl_from_mean_log_w": 612.2741353617621, "kl_sem": 6.571637360905148, "kl_per_site": 1.1958479206284416}, "fine_L": 16, "fine_beta": 55.0237, "coarse_L": 8, "coarse_beta": 14.146404977472109, "imh_acceptance": 0.047619047619047616, "seconds_hmc_base": 29.4, "seconds_ode_sample": 119.5, "ode_steps": 120, "n_probes": 2}
wrote C:\Users\ompan\Desktop\Lattice QCD\inverse_rg_testing\out\u1_2d\ode_reweighting_sweep\sigmin0.03_blend2\report.md
  {"n": 64, "ess_per_n": 0.015625, "log_weight_std": 89.51316833496094, "log_weight_range": 383.5859375, "ess_per_n_fiber": 0.015625, "log_weight_std_fiber": 90.533203125, "log_weight_range_fiber": 378.3330078125, "free_energy_certificate": {"log_mean_w": 13143.313773176189, "exact_delta_F": 13517.04287315473, "gap": -373.72909997854185, "sem": 0.9999999902997182, "n": 64, "kl_from_mean_log_w": 508.50213218793397, "kl_sem": 11.316650120764438, "kl_per_site": 0.9931682269295585}, "fine_L": 16, "fine_beta": 55.0237, "coarse_L": 8, "coarse_beta": 14.146404977472109, "imh_acceptance": 0.07936507936507936, "seconds_hmc_base": 28.7, "seconds_ode_sample": 117.6, "ode_steps": 120, "n_probes": 2}
wrote C:\Users\ompan\Desktop\Lattice QCD\inverse_rg_testing\out\u1_2d\ode_reweighting_sweep\sigmin0.03_blend4_cw0.5\report.md
[sweep] sigmin0.03_blend2: rc=0 (159s)
[sweep] sigmin0.03_blend4_cw0.5: rc=0 (153s)
[sweep] sigmin0.01_blend4: rc=0 (153s)
[sweep] steps240: --ode-steps 240
case L=16 beta=55.0237 ...
  {"n": 64, "ess_per_n": 0.016369692981243134, "log_weight_std": 35.63882064819336, "log_weight_range": 172.0244140625, "ess_per_n_fiber": 0.01562502607703209, "log_weight_std_fiber": 35.39104080200195, "log_weight_range_fiber": 173.9716796875, "free_energy_certificate": {"log_mean_w": 12972.336234884304, "exact_delta_F": 13517.04287315473, "gap": -544.706638270427, "sem": 0.9999992074538493, "n": 64, "kl_from_mean_log_w": 592.6997640238715, "kl_sem": 4.423879991009986, "kl_per_site": 1.157616726609124}, "fine_L": 16, "fine_beta": 55.0237, "coarse_L": 8, "coarse_beta": 14.146404977472109, "imh_acceptance": 0.06349206349206349, "seconds_hmc_base": 25.1, "seconds_ode_sample": 175.7, "ode_steps": 240, "n_probes": 2}
wrote C:\Users\ompan\Desktop\Lattice QCD\inverse_rg_testing\out\u1_2d\ode_reweighting_sweep\steps240\report.md
[sweep] steps240: rc=0 (210s)
  {"n": 64, "ess_per_n": 0.015650898218154907, "log_weight_std": 35.86604690551758, "log_weight_range": 207.8896484375, "ess_per_n_fiber": 0.024217592552304268, "log_weight_std_fiber": 35.27076721191406, "log_weight_range_fiber": 197.53515625, "free_energy_certificate": {"log_mean_w": 12960.647799962499, "exact_delta_F": 13517.04287315473, "gap": -556.3950731922323, "sem": 0.799725112659404, "n": 64, "kl_from_mean_log_w": 590.0836293803168, "kl_sem": 4.4088458884043575, "kl_per_site": 1.1525070886334312}, "fine_L": 16, "fine_beta": 55.0237, "coarse_L": 8, "coarse_beta": 14.146404977472109, "imh_acceptance": 0.07936507936507936, "seconds_hmc_base": 29.3, "seconds_ode_sample": 339.5, "ode_steps": 120, "n_probes": 8}
wrote C:\Users\ompan\Desktop\Lattice QCD\inverse_rg_testing\out\u1_2d\ode_reweighting_sweep\probes8\report.md
[sweep] probes8: rc=0 (377s)
[sweep] all points done in 11.4 min
[sweep] wrote C:\Users\ompan\Desktop\Lattice QCD\inverse_rg_testing\out\u1_2d\ode_reweighting_sweep\sweep_summary.md
[2026-08-07 20:55:58] STAGE_ODE_SWEEP_DONE (11.4 min)
[2026-08-07 20:55:58] STAGE_ESS_CHAIN_START
[2026-08-07 20:55:59] sweep summary present: C:\Users\ompan\Desktop\Lattice QCD\inverse_rg_testing\out\u1_2d\ode_reweighting_sweep\sweep_summary.md
[2026-08-07 20:55:59] best sweep point: cw2 (ESS/N fiber 0.0361, log-w std 37.37)
[2026-08-07 20:55:59] STAGE_MLFT_START: C:\Users\ompan\Desktop\Lattice QCD\inverse_rg_testing\.venv\Scripts\python.exe C:\Users\ompan\Desktop\Lattice QCD\inverse_rg_testing\u1_2d\scripts\20_likelihood_finetune.py --steps 300 --eval-every 50 --out-checkpoint C:\Users\ompan\Desktop\Lattice QCD\inverse_rg_testing\out\u1_2d\checkpoints\score_net_mlft.pt --consistency-weight 2
no rungs with beta >= 10.0 under out\u1_2d\data
[2026-08-07 20:56:03] STAGE_MLFT_FAILED rc=1 (0.1 min)
[2026-08-07 20:56:03] CHAIN_FAILED (critical stage)
[2026-08-07 20:56:03] STAGE_ESS_CHAIN_FAILED rc=1 (0.1 min)
[2026-08-07 20:56:03] STAGE_VERDICT_START
verdict: C:\Users\ompan\Desktop\Lattice QCD\inverse_rg_testing\out\u1_2d\verdict\verdict.md
figure:  C:\Users\ompan\Desktop\Lattice QCD\inverse_rg_testing\out\u1_2d\verdict\showcase.png
[2026-08-07 20:56:09] STAGE_VERDICT_DONE (0.1 min)
[2026-08-07 20:56:09] STAGE_FIG_17_START
wrote out\u1_2d\paper_appendix\figures\17_headtohead_cost.png
wrote out\u1_2d\paper_appendix\figures\18_entry_cost.png
wrote out\u1_2d\paper_appendix\figures\19_ess_weights.png
[2026-08-07 20:56:11] STAGE_FIG_17_DONE (0.0 min)
[2026-08-07 20:56:11] STAGE_FIG_23_START
Traceback (most recent call last):
  File "C:\Users\ompan\Desktop\Lattice QCD\inverse_rg_testing\u1_2d\scripts\23_ess_progress_figures.py", line 233, in <module>
    main()
    ~~~~^^
  File "C:\Users\ompan\Desktop\Lattice QCD\inverse_rg_testing\u1_2d\scripts\23_ess_progress_figures.py", line 224, in main
    fig_progress()
    ~~~~~~~~~~~~^^
  File "C:\Users\ompan\Desktop\Lattice QCD\inverse_rg_testing\u1_2d\scripts\23_ess_progress_figures.py", line 60, in fig_progress
    _by_case(OUT / "ess_chain" / "verify_mlft" / "reweighting_results.json")),
    ~~~~~~~~^^^^^^^^^^^^^^^^^^^^^^^^^^^^^^^^^^^^^^^^^^^^^^^^^^^^^^^^^^^^^^^^
  File "C:\Users\ompan\Desktop\Lattice QCD\inverse_rg_testing\u1_2d\scripts\23_ess_progress_figures.py", line 47, in _by_case
    for r in _load(path):
             ~~~~~^^^^^^
  File "C:\Users\ompan\Desktop\Lattice QCD\inverse_rg_testing\u1_2d\scripts\23_ess_progress_figures.py", line 42, in _load
    return json.loads(Path(path).read_text(encoding="utf-8"))
                      ~~~~~~~~~~~~~~~~~~~~^^^^^^^^^^^^^^^^^^
  File "C:\Users\ompan\AppData\Local\Programs\Python\Python313\Lib\pathlib\_local.py", line 546, in read_text
    return PathBase.read_text(self, encoding, errors, newline)
           ~~~~~~~~~~~~~~~~~~^^^^^^^^^^^^^^^^^^^^^^^^^^^^^^^^^
  File "C:\Users\ompan\AppData\Local\Programs\Python\Python313\Lib\pathlib\_abc.py", line 632, in read_text
    with self.open(mode='r', encoding=encoding, errors=errors, newline=newline) as f:
         ~~~~~~~~~^^^^^^^^^^^^^^^^^^^^^^^^^^^^^^^^^^^^^^^^^^^^^^^^^^^^^^^^^^^^^
  File "C:\Users\ompan\AppData\Local\Programs\Python\Python313\Lib\pathlib\_local.py", line 537, in open
    return io.open(self, mode, buffering, encoding, errors, newline)
           ~~~~~~~^^^^^^^^^^^^^^^^^^^^^^^^^^^^^^^^^^^^^^^^^^^^^^^^^^
FileNotFoundError: [Errno 2] No such file or directory: 'out\\u1_2d\\ess_chain\\verify_mlft\\reweighting_results.json'
[2026-08-07 20:56:13] STAGE_FIG_23_FAILED rc=1 (0.0 min)
[2026-08-07 20:56:13] STAGE_FIG_26_START
Traceback (most recent call last):
  File "C:\Users\ompan\Desktop\Lattice QCD\inverse_rg_testing\u1_2d\scripts\26_final_results_figures.py", line 202, in <module>
    main()
    ~~~~^^
  File "C:\Users\ompan\Desktop\Lattice QCD\inverse_rg_testing\u1_2d\scripts\26_final_results_figures.py", line 196, in main
    fig_program_optimum()
    ~~~~~~~~~~~~~~~~~~~^^
  File "C:\Users\ompan\Desktop\Lattice QCD\inverse_rg_testing\u1_2d\scripts\26_final_results_figures.py", line 145, in fig_program_optimum
    std = _std_at(path, 16, 55.0237)
  File "C:\Users\ompan\Desktop\Lattice QCD\inverse_rg_testing\u1_2d\scripts\26_final_results_figures.py", line 128, in _std_at
    for r in _load(path):
             ~~~~~^^^^^^
  File "C:\Users\ompan\Desktop\Lattice QCD\inverse_rg_testing\u1_2d\scripts\26_final_results_figures.py", line 37, in _load
    return json.loads(Path(path).read_text(encoding="utf-8"))
                      ~~~~~~~~~~~~~~~~~~~~^^^^^^^^^^^^^^^^^^
  File "C:\Users\ompan\AppData\Local\Programs\Python\Python313\Lib\pathlib\_local.py", line 546, in read_text
    return PathBase.read_text(self, encoding, errors, newline)
           ~~~~~~~~~~~~~~~~~~^^^^^^^^^^^^^^^^^^^^^^^^^^^^^^^^^
  File "C:\Users\ompan\AppData\Local\Programs\Python\Python313\Lib\pathlib\_abc.py", line 632, in read_text
    with self.open(mode='r', encoding=encoding, errors=errors, newline=newline) as f:
         ~~~~~~~~~^^^^^^^^^^^^^^^^^^^^^^^^^^^^^^^^^^^^^^^^^^^^^^^^^^^^^^^^^^^^^
  File "C:\Users\ompan\AppData\Local\Programs\Python\Python313\Lib\pathlib\_local.py", line 537, in open
    return io.open(self, mode, buffering, encoding, errors, newline)
           ~~~~~~~^^^^^^^^^^^^^^^^^^^^^^^^^^^^^^^^^^^^^^^^^^^^^^^^^^
FileNotFoundError: [Errno 2] No such file or directory: 'out\\u1_2d\\ess_chain\\verify_mlft\\reweighting_results.json'
[2026-08-07 20:56:15] STAGE_FIG_26_FAILED rc=1 (0.0 min)
[2026-08-07 20:56:15] STAGE_ASSEMBLE_START
[rebuild] 01_ladder_drift.png  <- rebuilt from out\u1_2d\validation\report.md (3 rungs)
[rebuild] 02_ladder_topology.png  <- rebuilt from out\u1_2d\validation\report.md (3 rungs)
[ok     ] 03_ladder_rung_L64.png  <- validation/rung2_L64_beta55.0237.png
[ok     ] 04_matched_scan.png  <- generalization/fig_matched_scan.png
[ok     ] 05_mismatch_scan.png  <- generalization/fig_mismatch_scan.png
[ok     ] 06_size_scan.png  <- generalization/fig_size_scan.png
[ok     ] 07_raw_topology.png  <- generalization/fig_raw_topology.png
[ok     ] 08_case_low.png  <- generalization/figures/A_bc1.png
[ok     ] 09_case_high.png  <- generalization/figures/D_bc55.0237.png
[ok     ] 10_case_extrapolation.png  <- generalization/figures/F_L32_bc218.58.png
[ok     ] 11_case_L64.png  <- generalization/figures/F_L64_bc55.0237.png
[ok     ] 12_timescales.png  <- thermalization/timescales.png
[ok     ] 13_beta_scan.png  <- thermalization/beta_scan.png
[ok     ] 14_relaxation_mid.png  <- thermalization/L32_beta55.0237/D_bc14.1464_L32_beta55.0237_relaxation.png
[ok     ] 15_relaxation_high.png  <- thermalization/L32_beta218.58/D_bc55.0237_L32_beta218.58_relaxation.png
[ok     ] 16_autocorrelation_modes.png  <- thermalization/autocorrelation_modes.png
[script ] 17_headtohead_cost.png  <- u1_2d/scripts/17_appendix_figures.py
[script ] 18_entry_cost.png  <- u1_2d/scripts/17_appendix_figures.py
[script ] 19_ess_weights.png  <- u1_2d/scripts/17_appendix_figures.py
[copied ] 20_mismatch_exact_sectors.png  <- generalization_exact_sectors/fig_mismatch_scan.png
[ok     ] 21_pq_tail_mismatch.png  <- pq_hmc_tail/B_bt6_pq_tail.png
[ok     ] 22_pq_tail_L64.png  <- pq_hmc_tail/C_L64_pq_tail.png
[script ] 23_ess_progress.png  <- u1_2d/scripts/23_ess_progress_figures.py
[script ] 24_proposal_sweep.png  <- u1_2d/scripts/23_ess_progress_figures.py
[script ] 25_finetune_dynamics.png  <- u1_2d/scripts/23_ess_progress_figures.py
[script ] 26_three_way.png  <- u1_2d/scripts/26_final_results_figures.py
[script ] 27_program_optimum.png  <- u1_2d/scripts/26_final_results_figures.py

wrote out\u1_2d\paper_appendix\figures\MANIFEST.md

27 figures tracked; 1 stale, 0 missing, 0 untracked on disk

figure directory is consistent
[2026-08-07 20:56:21] STAGE_ASSEMBLE_DONE (0.1 min)
[2026-08-07 20:56:21] PHASE3_DONE_WITH_ERRORS: ['ESS_CHAIN', 'FIG_23', 'FIG_26']
======== exit code 0 at Fri 08/07/2026 20:56:21.47 ======== 
 
======== launch Fri 08/07/2026 21:03:09.61 ======== 
[2026-08-07 21:03:09] PHASE3_START
[2026-08-07 21:03:09] stage_AUTOCORR.done already present
[2026-08-07 21:03:09] STAGE_PROMOTE: sentinel present, skipping
[2026-08-07 21:03:09] STAGE_HEADTOHEAD: sentinel present, skipping
[2026-08-07 21:03:09] STAGE_ESS: sentinel present, skipping
[2026-08-07 21:03:09] STAGE_ESS_NOGUIDE: sentinel present, skipping
[2026-08-07 21:03:09] STAGE_ODE_BASELINE: sentinel present, skipping
[2026-08-07 21:03:09] STAGE_BURNIN_SCAN: sentinel present, skipping
[2026-08-07 21:03:09] STAGE_SECTOR_STUDY: sentinel present, skipping
[2026-08-07 21:03:09] STAGE_PQ_TAIL: sentinel present, skipping
[2026-08-07 21:03:09] STAGE_ODE_SWEEP: sentinel present, skipping
[2026-08-07 21:03:09] STAGE_ESS_CHAIN_START
[2026-08-07 21:03:10] sweep summary present: C:\Users\ompan\Desktop\Lattice QCD\inverse_rg_testing\out\u1_2d\ode_reweighting_sweep\sweep_summary.md
[2026-08-07 21:03:10] best sweep point: cw2 (ESS/N fiber 0.0361, log-w std 37.37)
[2026-08-07 21:03:10] STAGE_MLFT_START: C:\Users\ompan\Desktop\Lattice QCD\inverse_rg_testing\.venv\Scripts\python.exe C:\Users\ompan\Desktop\Lattice QCD\inverse_rg_testing\u1_2d\scripts\20_likelihood_finetune.py --steps 300 --eval-every 50 --out-checkpoint C:\Users\ompan\Desktop\Lattice QCD\inverse_rg_testing\out\u1_2d\checkpoints\score_net_mlft.pt --consistency-weight 2
rungs: ['L16_beta14.1464', 'L16_beta25', 'L16_beta40', 'L16_beta55.0237', 'L16_beta10.2188', 'L16_beta11.8501', 'L16_beta11.8784', 'L16_beta12.9259', 'L16_beta14.4687', 'L16_beta15.5366', 'L16_beta17.502', 'L16_beta17.7602', 'L16_beta19.403', 'L16_beta20.2412', 'L16_beta21.8857', 'L16_beta27.0442', 'L16_beta27.3387', 'L16_beta27.7875', 'L16_beta30.5978', 'L16_beta33.325', 'L16_beta34.3422', 'L16_beta38.5957', 'L16_beta39.6475', 'L16_beta47.0386', 'L16_beta47.4228', 'L16_beta54.11', 'L16_beta56.1944', 'L16_beta57.2189', 'L32_beta11.2015', 'L32_beta12.3504', 'L32_beta12.688', 'L32_beta14.1441', 'L32_beta18.0708', 'L32_beta18.6487', 'L32_beta52.6284']
initial val log q/dof: -0.8066
C:\Users\ompan\Desktop\Lattice QCD\inverse_rg_testing\u1_2d\scripts\20_likelihood_finetune.py:187: UserWarning: Converting a tensor with requires_grad=True to a scalar may lead to unexpected behavior.
Consider using tensor.detach() first. (Triggered internally at C:\actions-runner\_work\pytorch\pytorch\pytorch\torch\csrc\autograd\generated\python_variable_methods.cpp:837.)
  "loss_ml_per_dof": float(loss_ml),
{'step': 1, 'rung': 'L16_beta54.11', 'loss_ml_per_dof': 0.4470319449901581, 'loss_dsm': 0.5518298149108887, 'seconds': 7.3}
{'step': 2, 'rung': 'L16_beta34.3422', 'loss_ml_per_dof': 0.47104084491729736, 'loss_dsm': 0.36481860280036926, 'seconds': 6.2}
{'step': 3, 'rung': 'L32_beta12.3504', 'loss_ml_per_dof': 0.5844591856002808, 'loss_dsm': 0.5186076760292053, 'seconds': 6.3}
{'step': 4, 'rung': 'L32_beta12.688', 'loss_ml_per_dof': 0.5944175720214844, 'loss_dsm': 0.5316543579101562, 'seconds': 5.3}
{'step': 5, 'rung': 'L16_beta56.1944', 'loss_ml_per_dof': 0.3799501061439514, 'loss_dsm': 0.5098832249641418, 'seconds': 5.4}
{'step': 6, 'rung': 'L16_beta47.0386', 'loss_ml_per_dof': 0.33675843477249146, 'loss_dsm': 0.5302565693855286, 'seconds': 5.4}
{'step': 7, 'rung': 'L16_beta33.325', 'loss_ml_per_dof': 0.47502848505973816, 'loss_dsm': 0.529361367225647, 'seconds': 5.6}
{'step': 8, 'rung': 'L16_beta57.2189', 'loss_ml_per_dof': 0.3014867305755615, 'loss_dsm': 0.517197847366333, 'seconds': 5.6}
{'step': 9, 'rung': 'L16_beta30.5978', 'loss_ml_per_dof': 0.39161765575408936, 'loss_dsm': 0.5430023074150085, 'seconds': 5.6}
{'step': 10, 'rung': 'L16_beta34.3422', 'loss_ml_per_dof': 0.3360288143157959, 'loss_dsm': 0.5897383093833923, 'seconds': 5.6}
{'step': 11, 'rung': 'L16_beta47.4228', 'loss_ml_per_dof': 0.26472705602645874, 'loss_dsm': 0.522252082824707, 'seconds': 5.7}
{'step': 12, 'rung': 'L16_beta12.9259', 'loss_ml_per_dof': 0.5332291126251221, 'loss_dsm': 0.45834773778915405, 'seconds': 5.8}
{'step': 13, 'rung': 'L16_beta40', 'loss_ml_per_dof': 0.35260406136512756, 'loss_dsm': 0.6406443119049072, 'seconds': 5.7}
{'step': 14, 'rung': 'L16_beta10.2188', 'loss_ml_per_dof': 0.5575476884841919, 'loss_dsm': 0.5477861166000366, 'seconds': 5.6}
{'step': 15, 'rung': 'L16_beta21.8857', 'loss_ml_per_dof': 0.4488825798034668, 'loss_dsm': 0.5356906056404114, 'seconds': 5.6}
{'step': 16, 'rung': 'L16_beta19.403', 'loss_ml_per_dof': 0.46073687076568604, 'loss_dsm': 0.3515753149986267, 'seconds': 5.6}
{'step': 17, 'rung': 'L32_beta52.6284', 'loss_ml_per_dof': 0.17054295539855957, 'loss_dsm': 0.6152704954147339, 'seconds': 6.2}
{'step': 18, 'rung': 'L16_beta30.5978', 'loss_ml_per_dof': 0.3060935139656067, 'loss_dsm': 0.5554637908935547, 'seconds': 6.1}
{'step': 19, 'rung': 'L16_beta14.4687', 'loss_ml_per_dof': 0.49873805046081543, 'loss_dsm': 0.4694924056529999, 'seconds': 5.8}
{'step': 20, 'rung': 'L16_beta57.2189', 'loss_ml_per_dof': 0.10929128527641296, 'loss_dsm': 0.4281558394432068, 'seconds': 6.2}
{'step': 21, 'rung': 'L16_beta27.0442', 'loss_ml_per_dof': 0.3958972692489624, 'loss_dsm': 0.571725606918335, 'seconds': 5.8}
{'step': 22, 'rung': 'L32_beta18.0708', 'loss_ml_per_dof': 0.385514497756958, 'loss_dsm': 0.5558085441589355, 'seconds': 6.3}
{'step': 23, 'rung': 'L16_beta47.4228', 'loss_ml_per_dof': 0.15199756622314453, 'loss_dsm': 0.46799445152282715, 'seconds': 5.9}
{'step': 24, 'rung': 'L16_beta17.502', 'loss_ml_per_dof': 0.42505478858947754, 'loss_dsm': 0.5313037633895874, 'seconds': 5.5}
{'step': 25, 'rung': 'L16_beta39.6475', 'loss_ml_per_dof': 0.1973121166229248, 'loss_dsm': 0.5135538578033447, 'seconds': 5.6}
{'step': 26, 'rung': 'L16_beta10.2188', 'loss_ml_per_dof': 0.5852413177490234, 'loss_dsm': 0.635830283164978, 'seconds': 6.6}
{'step': 27, 'rung': 'L32_beta18.6487', 'loss_ml_per_dof': 0.39867526292800903, 'loss_dsm': 0.372784823179245, 'seconds': 6.4}
{'step': 28, 'rung': 'L32_beta18.0708', 'loss_ml_per_dof': 0.4196932911872864, 'loss_dsm': 0.6397397518157959, 'seconds': 6.9}
{'step': 29, 'rung': 'L16_beta54.11', 'loss_ml_per_dof': 0.04597419500350952, 'loss_dsm': 0.5381700992584229, 'seconds': 6.3}
{'step': 30, 'rung': 'L16_beta27.3387', 'loss_ml_per_dof': 0.33941662311553955, 'loss_dsm': 0.5679057836532593, 'seconds': 6.4}
{'step': 31, 'rung': 'L32_beta52.6284', 'loss_ml_per_dof': 0.023052215576171875, 'loss_dsm': 0.6480764150619507, 'seconds': 6.5}
{'step': 32, 'rung': 'L16_beta34.3422', 'loss_ml_per_dof': 0.154148131608963, 'loss_dsm': 0.4372209310531616, 'seconds': 5.4}
{'step': 33, 'rung': 'L16_beta57.2189', 'loss_ml_per_dof': 0.06649351119995117, 'loss_dsm': 0.5546149015426636, 'seconds': 6.0}
{'step': 34, 'rung': 'L16_beta54.11', 'loss_ml_per_dof': 0.05792537331581116, 'loss_dsm': 0.4665151834487915, 'seconds': 5.8}
{'step': 35, 'rung': 'L16_beta14.1464', 'loss_ml_per_dof': 0.48186659812927246, 'loss_dsm': 0.6231920719146729, 'seconds': 5.6}
{'step': 36, 'rung': 'L32_beta18.0708', 'loss_ml_per_dof': 0.38059476017951965, 'loss_dsm': 0.4395850598812103, 'seconds': 5.7}
{'step': 37, 'rung': 'L32_beta18.0708', 'loss_ml_per_dof': 0.3789026737213135, 'loss_dsm': 0.4577546715736389, 'seconds': 6.0}
{'step': 38, 'rung': 'L32_beta52.6284', 'loss_ml_per_dof': 0.03259989619255066, 'loss_dsm': 0.6303435564041138, 'seconds': 5.9}
{'step': 39, 'rung': 'L16_beta10.2188', 'loss_ml_per_dof': 0.5170722007751465, 'loss_dsm': 0.5680540204048157, 'seconds': 6.0}
{'step': 40, 'rung': 'L16_beta12.9259', 'loss_ml_per_dof': 0.42569753527641296, 'loss_dsm': 0.629719614982605, 'seconds': 5.7}
{'step': 41, 'rung': 'L16_beta17.7602', 'loss_ml_per_dof': 0.42266860604286194, 'loss_dsm': 0.612468957901001, 'seconds': 5.9}
{'step': 42, 'rung': 'L16_beta19.403', 'loss_ml_per_dof': 0.37795719504356384, 'loss_dsm': 0.4571395218372345, 'seconds': 5.7}
{'step': 43, 'rung': 'L16_beta11.8784', 'loss_ml_per_dof': 0.49654075503349304, 'loss_dsm': 0.4599122405052185, 'seconds': 5.6}
{'step': 44, 'rung': 'L16_beta17.502', 'loss_ml_per_dof': 0.31246644258499146, 'loss_dsm': 0.4483907222747803, 'seconds': 5.7}
{'step': 45, 'rung': 'L32_beta12.3504', 'loss_ml_per_dof': 0.45203933119773865, 'loss_dsm': 0.5027570724487305, 'seconds': 6.1}
{'step': 46, 'rung': 'L16_beta27.0442', 'loss_ml_per_dof': 0.3051193654537201, 'loss_dsm': 0.5463894605636597, 'seconds': 6.1}
{'step': 47, 'rung': 'L16_beta33.325', 'loss_ml_per_dof': 0.23561152815818787, 'loss_dsm': 0.48193252086639404, 'seconds': 6.1}
{'step': 48, 'rung': 'L16_beta55.0237', 'loss_ml_per_dof': 0.004939526319503784, 'loss_dsm': 0.5256550908088684, 'seconds': 6.1}
{'step': 49, 'rung': 'L16_beta14.1464', 'loss_ml_per_dof': 0.38679853081703186, 'loss_dsm': 0.5484286546707153, 'seconds': 6.0}
{'step': 50, 'rung': 'L16_beta15.5366', 'loss_ml_per_dof': 0.37451136112213135, 'loss_dsm': 0.5622865557670593, 'seconds': 5.9, 'val_logq_per_dof': -0.4402956826346261, 'saved': 'C:\\Users\\ompan\\Desktop\\Lattice QCD\\inverse_rg_testing\\out\\u1_2d\\checkpoints\\score_net_mlft.pt'}
{'step': 51, 'rung': 'L16_beta14.1464', 'loss_ml_per_dof': 0.3770652413368225, 'loss_dsm': 0.5085790157318115, 'seconds': 5.6}
{'step': 52, 'rung': 'L16_beta27.3387', 'loss_ml_per_dof': 0.20147761702537537, 'loss_dsm': 0.7366900444030762, 'seconds': 5.5}
{'step': 53, 'rung': 'L16_beta30.5978', 'loss_ml_per_dof': 0.15902262926101685, 'loss_dsm': 0.5802372694015503, 'seconds': 5.5}
{'step': 54, 'rung': 'L16_beta11.8501', 'loss_ml_per_dof': 0.45407289266586304, 'loss_dsm': 0.6225051879882812, 'seconds': 5.6}
{'step': 55, 'rung': 'L16_beta47.0386', 'loss_ml_per_dof': -0.07719725370407104, 'loss_dsm': 0.6359270811080933, 'seconds': 5.6}
{'step': 56, 'rung': 'L16_beta20.2412', 'loss_ml_per_dof': 0.3241678774356842, 'loss_dsm': 0.5664970874786377, 'seconds': 6.0}
{'step': 57, 'rung': 'L16_beta38.5957', 'loss_ml_per_dof': 0.05668118596076965, 'loss_dsm': 0.47597548365592957, 'seconds': 5.8}
{'step': 58, 'rung': 'L16_beta27.3387', 'loss_ml_per_dof': 0.25581231713294983, 'loss_dsm': 0.6757632493972778, 'seconds': 6.4}
{'step': 59, 'rung': 'L16_beta27.7875', 'loss_ml_per_dof': 0.2590557634830475, 'loss_dsm': 0.5121878385543823, 'seconds': 6.5}
{'step': 60, 'rung': 'L32_beta52.6284', 'loss_ml_per_dof': -0.05495011806488037, 'loss_dsm': 0.5584929585456848, 'seconds': 6.2}
{'step': 61, 'rung': 'L16_beta39.6475', 'loss_ml_per_dof': 0.09600654244422913, 'loss_dsm': 0.7189623117446899, 'seconds': 5.6}
{'step': 62, 'rung': 'L16_beta27.7875', 'loss_ml_per_dof': 0.21267494559288025, 'loss_dsm': 0.6070452332496643, 'seconds': 5.8}
{'step': 63, 'rung': 'L16_beta27.7875', 'loss_ml_per_dof': 0.20371446013450623, 'loss_dsm': 0.49402397871017456, 'seconds': 5.7}
{'step': 64, 'rung': 'L16_beta39.6475', 'loss_ml_per_dof': 0.04322198033332825, 'loss_dsm': 0.5317335724830627, 'seconds': 5.7}
{'step': 65, 'rung': 'L16_beta11.8501', 'loss_ml_per_dof': 0.5025142431259155, 'loss_dsm': 0.4102315306663513, 'seconds': 5.9}
{'step': 66, 'rung': 'L16_beta34.3422', 'loss_ml_per_dof': 0.10108998417854309, 'loss_dsm': 0.4425405263900757, 'seconds': 5.6}
{'step': 67, 'rung': 'L16_beta17.7602', 'loss_ml_per_dof': 0.3784775733947754, 'loss_dsm': 0.46048685908317566, 'seconds': 5.8}
{'step': 68, 'rung': 'L16_beta54.11', 'loss_ml_per_dof': -0.1647757589817047, 'loss_dsm': 0.6808702349662781, 'seconds': 5.5}
{'step': 69, 'rung': 'L16_beta47.0386', 'loss_ml_per_dof': -0.049667954444885254, 'loss_dsm': 0.6428888440132141, 'seconds': 5.7}
{'step': 70, 'rung': 'L16_beta47.4228', 'loss_ml_per_dof': -0.1846427023410797, 'loss_dsm': 0.5894080400466919, 'seconds': 6.9}
{'step': 71, 'rung': 'L16_beta21.8857', 'loss_ml_per_dof': 0.3081323206424713, 'loss_dsm': 0.48873263597488403, 'seconds': 7.1}
{'step': 72, 'rung': 'L16_beta27.0442', 'loss_ml_per_dof': 0.272808313369751, 'loss_dsm': 0.4862419366836548, 'seconds': 6.8}
{'step': 73, 'rung': 'L16_beta38.5957', 'loss_ml_per_dof': 0.034494370222091675, 'loss_dsm': 0.4847092628479004, 'seconds': 6.3}
{'step': 74, 'rung': 'L16_beta34.3422', 'loss_ml_per_dof': 0.06633204221725464, 'loss_dsm': 0.4002429246902466, 'seconds': 6.3}
{'step': 75, 'rung': 'L16_beta33.325', 'loss_ml_per_dof': 0.06420430541038513, 'loss_dsm': 0.5861079692840576, 'seconds': 6.7}
{'step': 76, 'rung': 'L16_beta27.0442', 'loss_ml_per_dof': 0.25178810954093933, 'loss_dsm': 0.4386197328567505, 'seconds': 5.7}
{'step': 77, 'rung': 'L16_beta47.4228', 'loss_ml_per_dof': -0.14147025346755981, 'loss_dsm': 0.613118052482605, 'seconds': 6.1}
{'step': 78, 'rung': 'L16_beta25', 'loss_ml_per_dof': 0.29117637872695923, 'loss_dsm': 0.6910226345062256, 'seconds': 6.4}
{'step': 79, 'rung': 'L16_beta12.9259', 'loss_ml_per_dof': 0.4295276701450348, 'loss_dsm': 0.5289136171340942, 'seconds': 7.5}
{'step': 80, 'rung': 'L16_beta47.0386', 'loss_ml_per_dof': -0.00035005807876586914, 'loss_dsm': 0.6018862724304199, 'seconds': 7.4}
{'step': 81, 'rung': 'L16_beta34.3422', 'loss_ml_per_dof': 0.09804567694664001, 'loss_dsm': 0.4158267378807068, 'seconds': 6.8}
{'step': 82, 'rung': 'L16_beta30.5978', 'loss_ml_per_dof': 0.08300754427909851, 'loss_dsm': 0.6831265687942505, 'seconds': 9.6}
{'step': 83, 'rung': 'L16_beta15.5366', 'loss_ml_per_dof': 0.3708535134792328, 'loss_dsm': 0.47337806224823, 'seconds': 9.1}
{'step': 84, 'rung': 'L16_beta38.5957', 'loss_ml_per_dof': 0.018092036247253418, 'loss_dsm': 0.6527762413024902, 'seconds': 7.0}
{'step': 85, 'rung': 'L16_beta57.2189', 'loss_ml_per_dof': -0.16071045398712158, 'loss_dsm': 0.5128326416015625, 'seconds': 7.0}
{'step': 86, 'rung': 'L16_beta56.1944', 'loss_ml_per_dof': -0.08815827965736389, 'loss_dsm': 0.5373724102973938, 'seconds': 6.7}
{'step': 87, 'rung': 'L16_beta15.5366', 'loss_ml_per_dof': 0.35081833600997925, 'loss_dsm': 0.6549546718597412, 'seconds': 7.5}
{'step': 88, 'rung': 'L16_beta25', 'loss_ml_per_dof': 0.26896363496780396, 'loss_dsm': 0.560577392578125, 'seconds': 7.3}
{'step': 89, 'rung': 'L16_beta38.5957', 'loss_ml_per_dof': 0.033107638359069824, 'loss_dsm': 0.5411713719367981, 'seconds': 6.7}
{'step': 90, 'rung': 'L32_beta12.3504', 'loss_ml_per_dof': 0.4076126515865326, 'loss_dsm': 0.5948406457901001, 'seconds': 8.2}
{'step': 91, 'rung': 'L16_beta30.5978', 'loss_ml_per_dof': 0.0348048210144043, 'loss_dsm': 0.5477756261825562, 'seconds': 8.3}
{'step': 92, 'rung': 'L16_beta10.2188', 'loss_ml_per_dof': 0.47897374629974365, 'loss_dsm': 0.6070695519447327, 'seconds': 7.5}
{'step': 93, 'rung': 'L16_beta14.1464', 'loss_ml_per_dof': 0.41482657194137573, 'loss_dsm': 0.5639639496803284, 'seconds': 7.5}
{'step': 94, 'rung': 'L16_beta19.403', 'loss_ml_per_dof': 0.3180543780326843, 'loss_dsm': 0.5382143259048462, 'seconds': 7.5}
{'step': 95, 'rung': 'L16_beta27.7875', 'loss_ml_per_dof': 0.2407156229019165, 'loss_dsm': 0.5789308547973633, 'seconds': 8.3}
{'step': 96, 'rung': 'L16_beta38.5957', 'loss_ml_per_dof': 0.08515283465385437, 'loss_dsm': 0.5076593160629272, 'seconds': 8.3}
{'step': 97, 'rung': 'L16_beta11.8501', 'loss_ml_per_dof': 0.49452269077301025, 'loss_dsm': 0.5366494059562683, 'seconds': 7.6}
{'step': 98, 'rung': 'L16_beta57.2189', 'loss_ml_per_dof': -0.09652397036552429, 'loss_dsm': 0.5682966113090515, 'seconds': 7.9}
{'step': 99, 'rung': 'L16_beta12.9259', 'loss_ml_per_dof': 0.40387654304504395, 'loss_dsm': 0.5165165066719055, 'seconds': 8.6}
{'step': 100, 'rung': 'L16_beta11.8501', 'loss_ml_per_dof': 0.4518378973007202, 'loss_dsm': 0.6529492139816284, 'seconds': 7.5, 'val_logq_per_dof': -0.3733878093106406, 'saved': 'C:\\Users\\ompan\\Desktop\\Lattice QCD\\inverse_rg_testing\\out\\u1_2d\\checkpoints\\score_net_mlft.pt'}
{'step': 101, 'rung': 'L16_beta10.2188', 'loss_ml_per_dof': 0.460932195186615, 'loss_dsm': 0.5526618957519531, 'seconds': 11.2}
{'step': 102, 'rung': 'L16_beta54.11', 'loss_ml_per_dof': -0.08181652426719666, 'loss_dsm': 0.4312030076980591, 'seconds': 10.0}
{'step': 103, 'rung': 'L16_beta25', 'loss_ml_per_dof': 0.20294499397277832, 'loss_dsm': 0.5455138683319092, 'seconds': 9.8}
{'step': 104, 'rung': 'L16_beta17.7602', 'loss_ml_per_dof': 0.36977633833885193, 'loss_dsm': 0.6755123138427734, 'seconds': 17.9}
{'step': 105, 'rung': 'L16_beta12.9259', 'loss_ml_per_dof': 0.36845311522483826, 'loss_dsm': 0.5999852418899536, 'seconds': 10.0}
{'step': 106, 'rung': 'L16_beta21.8857', 'loss_ml_per_dof': 0.23076936602592468, 'loss_dsm': 0.41851621866226196, 'seconds': 9.5}
{'step': 107, 'rung': 'L16_beta14.4687', 'loss_ml_per_dof': 0.3392604887485504, 'loss_dsm': 0.6243342757225037, 'seconds': 9.2}
{'step': 108, 'rung': 'L32_beta14.1441', 'loss_ml_per_dof': 0.3815233111381531, 'loss_dsm': 0.6278402209281921, 'seconds': 9.5}
{'step': 109, 'rung': 'L16_beta12.9259', 'loss_ml_per_dof': 0.35912004113197327, 'loss_dsm': 0.6542458534240723, 'seconds': 9.3}
{'step': 110, 'rung': 'L16_beta27.0442', 'loss_ml_per_dof': 0.11800038814544678, 'loss_dsm': 0.679038405418396, 'seconds': 9.3}
{'step': 111, 'rung': 'L32_beta12.3504', 'loss_ml_per_dof': 0.3770521581172943, 'loss_dsm': 0.6475011110305786, 'seconds': 9.5}
{'step': 112, 'rung': 'L16_beta47.0386', 'loss_ml_per_dof': -0.08987104892730713, 'loss_dsm': 0.4612419009208679, 'seconds': 8.7}
{'step': 113, 'rung': 'L16_beta47.0386', 'loss_ml_per_dof': -0.1205364465713501, 'loss_dsm': 0.49887213110923767, 'seconds': 9.2}
{'step': 114, 'rung': 'L32_beta18.0708', 'loss_ml_per_dof': 0.29455921053886414, 'loss_dsm': 0.5200245380401611, 'seconds': 9.6}
{'step': 115, 'rung': 'L16_beta40', 'loss_ml_per_dof': 0.06736326217651367, 'loss_dsm': 0.5639641284942627, 'seconds': 9.8}
{'step': 116, 'rung': 'L16_beta27.0442', 'loss_ml_per_dof': 0.1943630576133728, 'loss_dsm': 0.5158288478851318, 'seconds': 9.0}
{'step': 117, 'rung': 'L16_beta14.1464', 'loss_ml_per_dof': 0.38692957162857056, 'loss_dsm': 0.6077345609664917, 'seconds': 9.3}
{'step': 118, 'rung': 'L16_beta27.3387', 'loss_ml_per_dof': 0.12945818901062012, 'loss_dsm': 0.604199230670929, 'seconds': 8.9}
{'step': 119, 'rung': 'L32_beta14.1441', 'loss_ml_per_dof': 0.3862610459327698, 'loss_dsm': 0.5209007263183594, 'seconds': 6.3}
{'step': 120, 'rung': 'L32_beta14.1441', 'loss_ml_per_dof': 0.3646329641342163, 'loss_dsm': 0.6219325661659241, 'seconds': 6.3}
{'step': 121, 'rung': 'L16_beta30.5978', 'loss_ml_per_dof': -0.0023211538791656494, 'loss_dsm': 0.6420223712921143, 'seconds': 5.9}
{'step': 122, 'rung': 'L16_beta17.502', 'loss_ml_per_dof': 0.2686743140220642, 'loss_dsm': 0.5489729642868042, 'seconds': 5.8}
{'step': 123, 'rung': 'L16_beta47.0386', 'loss_ml_per_dof': -0.1598237156867981, 'loss_dsm': 0.531338632106781, 'seconds': 5.8}
{'step': 124, 'rung': 'L32_beta12.3504', 'loss_ml_per_dof': 0.3856163024902344, 'loss_dsm': 0.6116456985473633, 'seconds': 7.6}
{'step': 125, 'rung': 'L16_beta57.2189', 'loss_ml_per_dof': -0.10130727291107178, 'loss_dsm': 0.5189445614814758, 'seconds': 7.1}
{'step': 126, 'rung': 'L16_beta21.8857', 'loss_ml_per_dof': 0.2968727648258209, 'loss_dsm': 0.7540557980537415, 'seconds': 6.0}
{'step': 127, 'rung': 'L32_beta18.6487', 'loss_ml_per_dof': 0.3093617558479309, 'loss_dsm': 0.5797033309936523, 'seconds': 7.4}
{'step': 128, 'rung': 'L32_beta12.3504', 'loss_ml_per_dof': 0.3819720447063446, 'loss_dsm': 0.6189306974411011, 'seconds': 7.5}
{'step': 129, 'rung': 'L32_beta18.6487', 'loss_ml_per_dof': 0.27852097153663635, 'loss_dsm': 0.5606608390808105, 'seconds': 6.3}
{'step': 130, 'rung': 'L16_beta30.5978', 'loss_ml_per_dof': -0.04621049761772156, 'loss_dsm': 0.4823454022407532, 'seconds': 6.6}
{'step': 131, 'rung': 'L32_beta11.2015', 'loss_ml_per_dof': 0.254800409078598, 'loss_dsm': 0.4104650616645813, 'seconds': 6.4}
{'step': 132, 'rung': 'L16_beta11.8784', 'loss_ml_per_dof': 0.31694748997688293, 'loss_dsm': 0.5006953477859497, 'seconds': 6.7}
{'step': 133, 'rung': 'L32_beta11.2015', 'loss_ml_per_dof': 0.2709583044052124, 'loss_dsm': 0.7005237340927124, 'seconds': 6.4}
{'step': 134, 'rung': 'L16_beta27.7875', 'loss_ml_per_dof': 0.1998167634010315, 'loss_dsm': 0.533785879611969, 'seconds': 6.1}
{'step': 135, 'rung': 'L16_beta38.5957', 'loss_ml_per_dof': 0.026376038789749146, 'loss_dsm': 0.6181682348251343, 'seconds': 6.0}
{'step': 136, 'rung': 'L16_beta33.325', 'loss_ml_per_dof': -0.0655485987663269, 'loss_dsm': 0.5848647952079773, 'seconds': 6.1}
{'step': 137, 'rung': 'L16_beta19.403', 'loss_ml_per_dof': 0.27867254614830017, 'loss_dsm': 0.5448411107063293, 'seconds': 5.8}
{'step': 138, 'rung': 'L32_beta12.688', 'loss_ml_per_dof': 0.3481183350086212, 'loss_dsm': 0.6279178857803345, 'seconds': 6.0}
{'step': 139, 'rung': 'L16_beta20.2412', 'loss_ml_per_dof': 0.18256935477256775, 'loss_dsm': 0.5606163740158081, 'seconds': 5.8}
{'step': 140, 'rung': 'L16_beta39.6475', 'loss_ml_per_dof': 0.00689426064491272, 'loss_dsm': 0.45646244287490845, 'seconds': 5.9}
{'step': 141, 'rung': 'L16_beta11.8501', 'loss_ml_per_dof': 0.4410657584667206, 'loss_dsm': 0.5414427518844604, 'seconds': 5.8}
{'step': 142, 'rung': 'L16_beta55.0237', 'loss_ml_per_dof': -0.026348888874053955, 'loss_dsm': 0.4438585638999939, 'seconds': 6.0}
{'step': 143, 'rung': 'L16_beta17.7602', 'loss_ml_per_dof': 0.17998307943344116, 'loss_dsm': 0.5678908228874207, 'seconds': 5.7}
{'step': 144, 'rung': 'L32_beta52.6284', 'loss_ml_per_dof': -0.13076698780059814, 'loss_dsm': 0.5655378699302673, 'seconds': 5.3}
{'step': 145, 'rung': 'L16_beta20.2412', 'loss_ml_per_dof': 0.17678019404411316, 'loss_dsm': 0.49227046966552734, 'seconds': 5.5}
{'step': 146, 'rung': 'L16_beta15.5366', 'loss_ml_per_dof': 0.2730262279510498, 'loss_dsm': 0.6113450527191162, 'seconds': 5.7}
{'step': 147, 'rung': 'L16_beta14.1464', 'loss_ml_per_dof': 0.33564791083335876, 'loss_dsm': 0.5686708688735962, 'seconds': 5.6}
{'step': 148, 'rung': 'L16_beta38.5957', 'loss_ml_per_dof': -0.04557350277900696, 'loss_dsm': 0.5224273204803467, 'seconds': 5.5}
{'step': 149, 'rung': 'L16_beta38.5957', 'loss_ml_per_dof': -0.08667862415313721, 'loss_dsm': 0.4571780264377594, 'seconds': 5.2}
{'step': 150, 'rung': 'L16_beta38.5957', 'loss_ml_per_dof': -0.14445710182189941, 'loss_dsm': 0.44055604934692383, 'seconds': 5.3, 'val_logq_per_dof': -0.3130428782531193, 'saved': 'C:\\Users\\ompan\\Desktop\\Lattice QCD\\inverse_rg_testing\\out\\u1_2d\\checkpoints\\score_net_mlft.pt'}
{'step': 151, 'rung': 'L32_beta18.6487', 'loss_ml_per_dof': 0.23056435585021973, 'loss_dsm': 0.48447054624557495, 'seconds': 5.6}
{'step': 152, 'rung': 'L16_beta14.4687', 'loss_ml_per_dof': 0.26138174533843994, 'loss_dsm': 0.5118814706802368, 'seconds': 5.8}
{'step': 153, 'rung': 'L16_beta27.3387', 'loss_ml_per_dof': 0.0791078507900238, 'loss_dsm': 0.4828956723213196, 'seconds': 5.5}
{'step': 154, 'rung': 'L32_beta18.6487', 'loss_ml_per_dof': 0.2209799885749817, 'loss_dsm': 0.5547596216201782, 'seconds': 5.5}
{'step': 155, 'rung': 'L16_beta20.2412', 'loss_ml_per_dof': 0.16685739159584045, 'loss_dsm': 0.5227091312408447, 'seconds': 5.3}
{'step': 156, 'rung': 'L16_beta40', 'loss_ml_per_dof': -0.06318676471710205, 'loss_dsm': 0.6081645488739014, 'seconds': 5.6}
{'step': 157, 'rung': 'L16_beta40', 'loss_ml_per_dof': 0.019499242305755615, 'loss_dsm': 0.44454094767570496, 'seconds': 5.7}
{'step': 158, 'rung': 'L16_beta30.5978', 'loss_ml_per_dof': -0.01152154803276062, 'loss_dsm': 0.6182806491851807, 'seconds': 6.5}
{'step': 159, 'rung': 'L16_beta47.4228', 'loss_ml_per_dof': -0.19981655478477478, 'loss_dsm': 0.5050600171089172, 'seconds': 6.3}
{'step': 160, 'rung': 'L16_beta12.9259', 'loss_ml_per_dof': 0.3087809979915619, 'loss_dsm': 0.5846496820449829, 'seconds': 5.8}
{'step': 161, 'rung': 'L16_beta55.0237', 'loss_ml_per_dof': -0.07209664583206177, 'loss_dsm': 0.6046274900436401, 'seconds': 5.8}
{'step': 162, 'rung': 'L16_beta25', 'loss_ml_per_dof': 0.1736356019973755, 'loss_dsm': 0.48777180910110474, 'seconds': 5.7}
{'step': 163, 'rung': 'L16_beta38.5957', 'loss_ml_per_dof': -0.03799119591712952, 'loss_dsm': 0.5990561842918396, 'seconds': 5.8}
{'step': 164, 'rung': 'L16_beta11.8784', 'loss_ml_per_dof': 0.3468940854072571, 'loss_dsm': 0.5082414150238037, 'seconds': 5.5}
{'step': 165, 'rung': 'L16_beta38.5957', 'loss_ml_per_dof': -0.05819898843765259, 'loss_dsm': 0.47504186630249023, 'seconds': 5.6}
{'step': 166, 'rung': 'L16_beta20.2412', 'loss_ml_per_dof': 0.17680296301841736, 'loss_dsm': 0.5977298021316528, 'seconds': 5.5}
{'step': 167, 'rung': 'L16_beta20.2412', 'loss_ml_per_dof': 0.1817004382610321, 'loss_dsm': 0.6660257577896118, 'seconds': 5.5}
{'step': 168, 'rung': 'L16_beta20.2412', 'loss_ml_per_dof': 0.185462087392807, 'loss_dsm': 0.5732181072235107, 'seconds': 5.5}
{'step': 169, 'rung': 'L16_beta34.3422', 'loss_ml_per_dof': 0.019839763641357422, 'loss_dsm': 0.5834044814109802, 'seconds': 5.5}
{'step': 170, 'rung': 'L16_beta27.3387', 'loss_ml_per_dof': 0.08630013465881348, 'loss_dsm': 0.5708047151565552, 'seconds': 5.7}
{'step': 171, 'rung': 'L16_beta27.7875', 'loss_ml_per_dof': 0.05657309293746948, 'loss_dsm': 0.5503578782081604, 'seconds': 5.6}
{'step': 172, 'rung': 'L32_beta11.2015', 'loss_ml_per_dof': 0.20466065406799316, 'loss_dsm': 0.6015464067459106, 'seconds': 5.4}
{'step': 173, 'rung': 'L16_beta56.1944', 'loss_ml_per_dof': -0.05072063207626343, 'loss_dsm': 0.6004639267921448, 'seconds': 5.7}
{'step': 174, 'rung': 'L32_beta18.0708', 'loss_ml_per_dof': 0.23076415061950684, 'loss_dsm': 0.6056390404701233, 'seconds': 5.8}
{'step': 175, 'rung': 'L16_beta14.1464', 'loss_ml_per_dof': 0.3274315595626831, 'loss_dsm': 0.3914608657360077, 'seconds': 5.5}
{'step': 176, 'rung': 'L16_beta54.11', 'loss_ml_per_dof': 0.06979134678840637, 'loss_dsm': 0.5622973442077637, 'seconds': 5.6}
{'step': 177, 'rung': 'L16_beta17.502', 'loss_ml_per_dof': 0.1514514982700348, 'loss_dsm': 0.47154301404953003, 'seconds': 5.4}
{'step': 178, 'rung': 'L16_beta10.2188', 'loss_ml_per_dof': 0.32149258255958557, 'loss_dsm': 0.6605039834976196, 'seconds': 5.6}
{'step': 179, 'rung': 'L16_beta47.0386', 'loss_ml_per_dof': -0.11480134725570679, 'loss_dsm': 0.5337620973587036, 'seconds': 5.5}
{'step': 180, 'rung': 'L16_beta27.3387', 'loss_ml_per_dof': 0.08300656080245972, 'loss_dsm': 0.5823299884796143, 'seconds': 5.6}
{'step': 181, 'rung': 'L16_beta11.8784', 'loss_ml_per_dof': 0.32720306515693665, 'loss_dsm': 0.6059586405754089, 'seconds': 5.8}
{'step': 182, 'rung': 'L16_beta14.4687', 'loss_ml_per_dof': 0.2816106677055359, 'loss_dsm': 0.5674731135368347, 'seconds': 5.9}
{'step': 183, 'rung': 'L32_beta52.6284', 'loss_ml_per_dof': -0.1577967405319214, 'loss_dsm': 0.6028913855552673, 'seconds': 5.8}
{'step': 184, 'rung': 'L32_beta12.688', 'loss_ml_per_dof': 0.2905985414981842, 'loss_dsm': 0.370085746049881, 'seconds': 5.9}
{'step': 185, 'rung': 'L16_beta27.3387', 'loss_ml_per_dof': 0.1133393943309784, 'loss_dsm': 0.43418216705322266, 'seconds': 5.8}
{'step': 186, 'rung': 'L16_beta40', 'loss_ml_per_dof': 0.00010269880294799805, 'loss_dsm': 0.6412414312362671, 'seconds': 5.5}
{'step': 187, 'rung': 'L16_beta11.8784', 'loss_ml_per_dof': 0.2811257541179657, 'loss_dsm': 0.5582602024078369, 'seconds': 5.6}
{'step': 188, 'rung': 'L16_beta27.3387', 'loss_ml_per_dof': 0.08375442028045654, 'loss_dsm': 0.4993622303009033, 'seconds': 5.7}
{'step': 189, 'rung': 'L16_beta56.1944', 'loss_ml_per_dof': -0.19826605916023254, 'loss_dsm': 0.4906884729862213, 'seconds': 5.8}
{'step': 190, 'rung': 'L32_beta12.3504', 'loss_ml_per_dof': 0.3003534972667694, 'loss_dsm': 0.677337646484375, 'seconds': 5.3}
{'step': 191, 'rung': 'L32_beta12.688', 'loss_ml_per_dof': 0.2905181646347046, 'loss_dsm': 0.5776324272155762, 'seconds': 5.8}
{'step': 192, 'rung': 'L32_beta11.2015', 'loss_ml_per_dof': 0.18454581499099731, 'loss_dsm': 0.43189287185668945, 'seconds': 5.4}
{'step': 193, 'rung': 'L16_beta27.3387', 'loss_ml_per_dof': 0.04192712903022766, 'loss_dsm': 0.6175782084465027, 'seconds': 5.4}
{'step': 194, 'rung': 'L16_beta40', 'loss_ml_per_dof': -0.07959160208702087, 'loss_dsm': 0.6328129172325134, 'seconds': 5.4}
{'step': 195, 'rung': 'L16_beta33.325', 'loss_ml_per_dof': -0.03553098440170288, 'loss_dsm': 0.7009890079498291, 'seconds': 5.5}
{'step': 196, 'rung': 'L16_beta21.8857', 'loss_ml_per_dof': 0.17068764567375183, 'loss_dsm': 0.5665308237075806, 'seconds': 5.5}
{'step': 197, 'rung': 'L16_beta27.3387', 'loss_ml_per_dof': 0.12960436940193176, 'loss_dsm': 0.4960445165634155, 'seconds': 5.5}
{'step': 198, 'rung': 'L16_beta25', 'loss_ml_per_dof': 0.06517210602760315, 'loss_dsm': 0.5235357880592346, 'seconds': 5.4}
{'step': 199, 'rung': 'L16_beta27.0442', 'loss_ml_per_dof': 0.054820746183395386, 'loss_dsm': 0.48275047540664673, 'seconds': 5.5}
{'step': 200, 'rung': 'L16_beta55.0237', 'loss_ml_per_dof': -0.03196662664413452, 'loss_dsm': 0.6212143898010254, 'seconds': 5.6, 'val_logq_per_dof': -0.28308982593672616, 'saved': 'C:\\Users\\ompan\\Desktop\\Lattice QCD\\inverse_rg_testing\\out\\u1_2d\\checkpoints\\score_net_mlft.pt'}
{'step': 201, 'rung': 'L16_beta14.1464', 'loss_ml_per_dof': 0.30131521821022034, 'loss_dsm': 0.4774555563926697, 'seconds': 6.6}
{'step': 202, 'rung': 'L32_beta18.6487', 'loss_ml_per_dof': 0.1933881938457489, 'loss_dsm': 0.5341638326644897, 'seconds': 6.6}
{'step': 203, 'rung': 'L16_beta21.8857', 'loss_ml_per_dof': 0.14519262313842773, 'loss_dsm': 0.48863649368286133, 'seconds': 6.6}
{'step': 204, 'rung': 'L32_beta18.6487', 'loss_ml_per_dof': 0.22664791345596313, 'loss_dsm': 0.63654625415802, 'seconds': 6.3}
{'step': 205, 'rung': 'L16_beta54.11', 'loss_ml_per_dof': 0.08016681671142578, 'loss_dsm': 0.6287729144096375, 'seconds': 6.5}
{'step': 206, 'rung': 'L32_beta52.6284', 'loss_ml_per_dof': -0.06446295976638794, 'loss_dsm': 0.541542649269104, 'seconds': 6.2}
{'step': 207, 'rung': 'L32_beta52.6284', 'loss_ml_per_dof': -0.11861526966094971, 'loss_dsm': 0.5040783882141113, 'seconds': 7.1}
{'step': 208, 'rung': 'L16_beta55.0237', 'loss_ml_per_dof': -0.009315460920333862, 'loss_dsm': 0.5410996675491333, 'seconds': 6.0}
{'step': 209, 'rung': 'L32_beta12.3504', 'loss_ml_per_dof': 0.29069459438323975, 'loss_dsm': 0.5087863206863403, 'seconds': 6.1}
{'step': 210, 'rung': 'L16_beta11.8784', 'loss_ml_per_dof': 0.2949286103248596, 'loss_dsm': 0.494659960269928, 'seconds': 5.8}
{'step': 211, 'rung': 'L32_beta11.2015', 'loss_ml_per_dof': 0.1981016993522644, 'loss_dsm': 0.48936909437179565, 'seconds': 5.8}
{'step': 212, 'rung': 'L32_beta12.688', 'loss_ml_per_dof': 0.2612422704696655, 'loss_dsm': 0.34004586935043335, 'seconds': 5.6}
{'step': 213, 'rung': 'L16_beta34.3422', 'loss_ml_per_dof': 0.051656097173690796, 'loss_dsm': 0.5516620874404907, 'seconds': 5.7}
{'step': 214, 'rung': 'L16_beta34.3422', 'loss_ml_per_dof': -0.037372052669525146, 'loss_dsm': 0.48993176221847534, 'seconds': 5.5}
{'step': 215, 'rung': 'L16_beta33.325', 'loss_ml_per_dof': -0.03206777572631836, 'loss_dsm': 0.4491376280784607, 'seconds': 6.0}
{'step': 216, 'rung': 'L16_beta10.2188', 'loss_ml_per_dof': 0.23599955439567566, 'loss_dsm': 0.5061863660812378, 'seconds': 5.5}
{'step': 217, 'rung': 'L16_beta21.8857', 'loss_ml_per_dof': 0.20270642638206482, 'loss_dsm': 0.5404151678085327, 'seconds': 5.4}
{'step': 218, 'rung': 'L16_beta15.5366', 'loss_ml_per_dof': 0.21718788146972656, 'loss_dsm': 0.6435379385948181, 'seconds': 5.5}
{'step': 219, 'rung': 'L16_beta39.6475', 'loss_ml_per_dof': -0.01666402816772461, 'loss_dsm': 0.4998643696308136, 'seconds': 5.5}
{'step': 220, 'rung': 'L16_beta56.1944', 'loss_ml_per_dof': -0.17964434623718262, 'loss_dsm': 0.6292012333869934, 'seconds': 5.5}
{'step': 221, 'rung': 'L16_beta25', 'loss_ml_per_dof': 0.08819568157196045, 'loss_dsm': 0.4980624318122864, 'seconds': 5.3}
{'step': 222, 'rung': 'L16_beta57.2189', 'loss_ml_per_dof': -0.017100632190704346, 'loss_dsm': 0.5336562395095825, 'seconds': 6.1}
{'step': 223, 'rung': 'L16_beta20.2412', 'loss_ml_per_dof': 0.09709042310714722, 'loss_dsm': 0.5526456832885742, 'seconds': 5.7}
{'step': 224, 'rung': 'L32_beta18.6487', 'loss_ml_per_dof': 0.16328686475753784, 'loss_dsm': 0.5780025720596313, 'seconds': 6.1}
{'step': 225, 'rung': 'L16_beta57.2189', 'loss_ml_per_dof': -0.17535024881362915, 'loss_dsm': 0.5419149398803711, 'seconds': 5.4}
{'step': 226, 'rung': 'L16_beta34.3422', 'loss_ml_per_dof': -0.02164807915687561, 'loss_dsm': 0.5216516256332397, 'seconds': 5.6}
{'step': 227, 'rung': 'L16_beta38.5957', 'loss_ml_per_dof': -0.06298503279685974, 'loss_dsm': 0.49237093329429626, 'seconds': 5.5}
{'step': 228, 'rung': 'L16_beta11.8784', 'loss_ml_per_dof': 0.22386041283607483, 'loss_dsm': 0.6408447623252869, 'seconds': 5.8}
{'step': 229, 'rung': 'L16_beta20.2412', 'loss_ml_per_dof': 0.16275760531425476, 'loss_dsm': 0.40546178817749023, 'seconds': 5.5}
{'step': 230, 'rung': 'L16_beta55.0237', 'loss_ml_per_dof': 0.01065775752067566, 'loss_dsm': 0.5579675436019897, 'seconds': 5.5}
{'step': 231, 'rung': 'L16_beta33.325', 'loss_ml_per_dof': -0.06747961044311523, 'loss_dsm': 0.5718439221382141, 'seconds': 5.3}
{'step': 232, 'rung': 'L16_beta10.2188', 'loss_ml_per_dof': 0.16233789920806885, 'loss_dsm': 0.5769634246826172, 'seconds': 5.9}
{'step': 233, 'rung': 'L16_beta30.5978', 'loss_ml_per_dof': -0.07369601726531982, 'loss_dsm': 0.6727060675621033, 'seconds': 5.3}
{'step': 234, 'rung': 'L16_beta47.0386', 'loss_ml_per_dof': -0.15088710188865662, 'loss_dsm': 0.4426352083683014, 'seconds': 5.4}
{'step': 235, 'rung': 'L16_beta47.0386', 'loss_ml_per_dof': -0.057199716567993164, 'loss_dsm': 0.4049972891807556, 'seconds': 5.3}
{'step': 236, 'rung': 'L16_beta40', 'loss_ml_per_dof': -0.06548604369163513, 'loss_dsm': 0.5099393129348755, 'seconds': 5.1}
{'step': 237, 'rung': 'L16_beta17.502', 'loss_ml_per_dof': 0.1369609832763672, 'loss_dsm': 0.5320850610733032, 'seconds': 5.4}
{'step': 238, 'rung': 'L16_beta55.0237', 'loss_ml_per_dof': 0.1190328299999237, 'loss_dsm': 0.5281364917755127, 'seconds': 5.4}
{'step': 239, 'rung': 'L16_beta27.7875', 'loss_ml_per_dof': 0.13321638107299805, 'loss_dsm': 0.5757560729980469, 'seconds': 5.3}
{'step': 240, 'rung': 'L16_beta54.11', 'loss_ml_per_dof': 0.07236763834953308, 'loss_dsm': 0.6661504507064819, 'seconds': 5.5}
{'step': 241, 'rung': 'L16_beta56.1944', 'loss_ml_per_dof': -0.15209609270095825, 'loss_dsm': 0.5527095794677734, 'seconds': 5.4}
{'step': 242, 'rung': 'L16_beta20.2412', 'loss_ml_per_dof': 0.10139477252960205, 'loss_dsm': 0.6994893550872803, 'seconds': 5.7}
{'step': 243, 'rung': 'L16_beta17.502', 'loss_ml_per_dof': 0.10122564435005188, 'loss_dsm': 0.598167896270752, 'seconds': 5.6}
{'step': 244, 'rung': 'L16_beta15.5366', 'loss_ml_per_dof': 0.1917964220046997, 'loss_dsm': 0.5284867286682129, 'seconds': 5.8}
{'step': 245, 'rung': 'L16_beta38.5957', 'loss_ml_per_dof': -0.01692432165145874, 'loss_dsm': 0.6794347763061523, 'seconds': 5.8}
{'step': 246, 'rung': 'L32_beta12.688', 'loss_ml_per_dof': 0.21590128540992737, 'loss_dsm': 0.5257541537284851, 'seconds': 6.0}
{'step': 247, 'rung': 'L16_beta27.3387', 'loss_ml_per_dof': 0.11179953813552856, 'loss_dsm': 0.5601497888565063, 'seconds': 5.8}
{'step': 248, 'rung': 'L32_beta14.1441', 'loss_ml_per_dof': 0.22582587599754333, 'loss_dsm': 0.6436309814453125, 'seconds': 5.9}
{'step': 249, 'rung': 'L16_beta27.7875', 'loss_ml_per_dof': 0.05879893898963928, 'loss_dsm': 0.411920428276062, 'seconds': 5.8}
{'step': 250, 'rung': 'L16_beta15.5366', 'loss_ml_per_dof': 0.16746193170547485, 'loss_dsm': 0.524736225605011, 'seconds': 5.9, 'val_logq_per_dof': -0.26428982104573934, 'saved': 'C:\\Users\\ompan\\Desktop\\Lattice QCD\\inverse_rg_testing\\out\\u1_2d\\checkpoints\\score_net_mlft.pt'}
{'step': 251, 'rung': 'L16_beta15.5366', 'loss_ml_per_dof': 0.21337538957595825, 'loss_dsm': 0.6210845708847046, 'seconds': 5.7}
{'step': 252, 'rung': 'L32_beta18.6487', 'loss_ml_per_dof': 0.1777052879333496, 'loss_dsm': 0.5823302865028381, 'seconds': 5.6}
{'step': 253, 'rung': 'L32_beta12.688', 'loss_ml_per_dof': 0.2259620726108551, 'loss_dsm': 0.46416279673576355, 'seconds': 5.4}
{'step': 254, 'rung': 'L16_beta40', 'loss_ml_per_dof': 0.09667158126831055, 'loss_dsm': 0.6147915124893188, 'seconds': 5.6}
{'step': 255, 'rung': 'L16_beta17.7602', 'loss_ml_per_dof': 0.14752033352851868, 'loss_dsm': 0.5447328686714172, 'seconds': 5.7}
{'step': 256, 'rung': 'L16_beta20.2412', 'loss_ml_per_dof': 0.10481435060501099, 'loss_dsm': 0.5079391598701477, 'seconds': 5.5}
{'step': 257, 'rung': 'L32_beta11.2015', 'loss_ml_per_dof': 0.11662647128105164, 'loss_dsm': 0.5906495451927185, 'seconds': 5.3}
{'step': 258, 'rung': 'L16_beta33.325', 'loss_ml_per_dof': -0.18438923358917236, 'loss_dsm': 0.6424806118011475, 'seconds': 5.0}
{'step': 259, 'rung': 'L16_beta40', 'loss_ml_per_dof': -0.17551639676094055, 'loss_dsm': 0.6584521532058716, 'seconds': 5.3}
{'step': 260, 'rung': 'L16_beta12.9259', 'loss_ml_per_dof': 0.1942530870437622, 'loss_dsm': 0.5141310691833496, 'seconds': 5.1}
{'step': 261, 'rung': 'L16_beta27.3387', 'loss_ml_per_dof': 0.05926811695098877, 'loss_dsm': 0.5548357963562012, 'seconds': 5.2}
{'step': 262, 'rung': 'L16_beta56.1944', 'loss_ml_per_dof': -0.03274551033973694, 'loss_dsm': 0.5984897017478943, 'seconds': 5.2}
{'step': 263, 'rung': 'L16_beta12.9259', 'loss_ml_per_dof': 0.23653414845466614, 'loss_dsm': 0.5904877185821533, 'seconds': 5.1}
{'step': 264, 'rung': 'L16_beta27.3387', 'loss_ml_per_dof': 0.05567726492881775, 'loss_dsm': 0.5895073413848877, 'seconds': 5.4}
{'step': 265, 'rung': 'L16_beta25', 'loss_ml_per_dof': 0.12037643790245056, 'loss_dsm': 0.4900853633880615, 'seconds': 5.1}
{'step': 266, 'rung': 'L16_beta47.0386', 'loss_ml_per_dof': 0.08432084321975708, 'loss_dsm': 0.5169063210487366, 'seconds': 5.3}
{'step': 267, 'rung': 'L16_beta21.8857', 'loss_ml_per_dof': 0.10353207588195801, 'loss_dsm': 0.5293192863464355, 'seconds': 5.7}
{'step': 268, 'rung': 'L16_beta27.7875', 'loss_ml_per_dof': -0.027697384357452393, 'loss_dsm': 0.6670198440551758, 'seconds': 5.8}
{'step': 269, 'rung': 'L32_beta12.3504', 'loss_ml_per_dof': 0.24400725960731506, 'loss_dsm': 0.41759800910949707, 'seconds': 5.9}
{'step': 270, 'rung': 'L16_beta33.325', 'loss_ml_per_dof': -0.06873941421508789, 'loss_dsm': 0.36030375957489014, 'seconds': 5.7}
{'step': 271, 'rung': 'L32_beta14.1441', 'loss_ml_per_dof': 0.2088519036769867, 'loss_dsm': 0.534180223941803, 'seconds': 5.8}
{'step': 272, 'rung': 'L16_beta14.1464', 'loss_ml_per_dof': 0.1509999930858612, 'loss_dsm': 0.532715916633606, 'seconds': 6.2}
{'step': 273, 'rung': 'L16_beta11.8501', 'loss_ml_per_dof': 0.21095618605613708, 'loss_dsm': 0.5031964778900146, 'seconds': 5.7}
{'step': 274, 'rung': 'L16_beta11.8784', 'loss_ml_per_dof': 0.2126356065273285, 'loss_dsm': 0.5799928903579712, 'seconds': 5.8}
{'step': 275, 'rung': 'L16_beta47.4228', 'loss_ml_per_dof': 0.22743567824363708, 'loss_dsm': 0.6874508261680603, 'seconds': 5.9}
{'step': 276, 'rung': 'L32_beta18.0708', 'loss_ml_per_dof': 0.12041687965393066, 'loss_dsm': 0.57649827003479, 'seconds': 6.2}
{'step': 277, 'rung': 'L16_beta30.5978', 'loss_ml_per_dof': -0.17546454071998596, 'loss_dsm': 0.4977482259273529, 'seconds': 6.0}
{'step': 278, 'rung': 'L16_beta11.8501', 'loss_ml_per_dof': 0.22425317764282227, 'loss_dsm': 0.607388436794281, 'seconds': 5.9}
{'step': 279, 'rung': 'L16_beta54.11', 'loss_ml_per_dof': 0.12867653369903564, 'loss_dsm': 0.5838502645492554, 'seconds': 5.8}
{'step': 280, 'rung': 'L16_beta57.2189', 'loss_ml_per_dof': 0.02340760827064514, 'loss_dsm': 0.6205883622169495, 'seconds': 5.6}
{'step': 281, 'rung': 'L16_beta25', 'loss_ml_per_dof': 0.026826798915863037, 'loss_dsm': 0.5215208530426025, 'seconds': 6.0}
{'step': 282, 'rung': 'L32_beta52.6284', 'loss_ml_per_dof': -0.03398925065994263, 'loss_dsm': 0.5367183685302734, 'seconds': 5.8}
{'step': 283, 'rung': 'L16_beta39.6475', 'loss_ml_per_dof': 0.05052843689918518, 'loss_dsm': 0.6088420748710632, 'seconds': 5.6}
{'step': 284, 'rung': 'L32_beta12.3504', 'loss_ml_per_dof': 0.23074454069137573, 'loss_dsm': 0.6265076398849487, 'seconds': 5.7}
{'step': 285, 'rung': 'L32_beta12.688', 'loss_ml_per_dof': 0.19904881715774536, 'loss_dsm': 0.5329477190971375, 'seconds': 5.7}
{'step': 286, 'rung': 'L16_beta10.2188', 'loss_ml_per_dof': 0.16729986667633057, 'loss_dsm': 0.5503239631652832, 'seconds': 5.8}
{'step': 287, 'rung': 'L16_beta11.8501', 'loss_ml_per_dof': 0.21474197506904602, 'loss_dsm': 0.44832661747932434, 'seconds': 6.3}
{'step': 288, 'rung': 'L32_beta52.6284', 'loss_ml_per_dof': 0.03397876024246216, 'loss_dsm': 0.5128878355026245, 'seconds': 6.0}
{'step': 289, 'rung': 'L32_beta18.0708', 'loss_ml_per_dof': 0.1499481201171875, 'loss_dsm': 0.5972480177879333, 'seconds': 6.1}
{'step': 290, 'rung': 'L16_beta11.8784', 'loss_ml_per_dof': 0.17199748754501343, 'loss_dsm': 0.39801183342933655, 'seconds': 6.0}
{'step': 291, 'rung': 'L16_beta56.1944', 'loss_ml_per_dof': -0.12154954671859741, 'loss_dsm': 0.5704757571220398, 'seconds': 5.9}
{'step': 292, 'rung': 'L16_beta33.325', 'loss_ml_per_dof': -0.018980056047439575, 'loss_dsm': 0.538205087184906, 'seconds': 5.6}
{'step': 293, 'rung': 'L16_beta10.2188', 'loss_ml_per_dof': 0.13979408144950867, 'loss_dsm': 0.613125741481781, 'seconds': 5.7}
{'step': 294, 'rung': 'L16_beta15.5366', 'loss_ml_per_dof': 0.2170545756816864, 'loss_dsm': 0.48043596744537354, 'seconds': 6.1}
{'step': 295, 'rung': 'L16_beta54.11', 'loss_ml_per_dof': -0.13015848398208618, 'loss_dsm': 0.5255718231201172, 'seconds': 5.8}
{'step': 296, 'rung': 'L16_beta27.3387', 'loss_ml_per_dof': 0.06108948588371277, 'loss_dsm': 0.6323180198669434, 'seconds': 6.0}
{'step': 297, 'rung': 'L16_beta34.3422', 'loss_ml_per_dof': 0.11149647831916809, 'loss_dsm': 0.5714564323425293, 'seconds': 5.6}
{'step': 298, 'rung': 'L16_beta11.8501', 'loss_ml_per_dof': 0.21483150124549866, 'loss_dsm': 0.4084986448287964, 'seconds': 5.5}
{'step': 299, 'rung': 'L16_beta14.1464', 'loss_ml_per_dof': 0.21408826112747192, 'loss_dsm': 0.5034404993057251, 'seconds': 5.4}
{'step': 300, 'rung': 'L16_beta34.3422', 'loss_ml_per_dof': -0.10074913501739502, 'loss_dsm': 0.5213742256164551, 'seconds': 5.6, 'val_logq_per_dof': -0.2595334155218942, 'saved': 'C:\\Users\\ompan\\Desktop\\Lattice QCD\\inverse_rg_testing\\out\\u1_2d\\checkpoints\\score_net_mlft.pt'}
best val log q/dof: -0.2595 (initial -0.8066)
checkpoint: C:\Users\ompan\Desktop\Lattice QCD\inverse_rg_testing\out\u1_2d\checkpoints\score_net_mlft.pt
[2026-08-07 22:02:18] STAGE_MLFT_DONE (59.1 min)
[2026-08-07 22:02:18] STAGE_VERIFY_MLFT_START: C:\Users\ompan\Desktop\Lattice QCD\inverse_rg_testing\.venv\Scripts\python.exe C:\Users\ompan\Desktop\Lattice QCD\inverse_rg_testing\u1_2d\scripts\19_ode_reweighting.py --checkpoint C:\Users\ompan\Desktop\Lattice QCD\inverse_rg_testing\out\u1_2d\checkpoints\score_net_mlft.pt --cases 16:14.1464 16:55.0237 32:55.0237 32:218.58 --out C:\Users\ompan\Desktop\Lattice QCD\inverse_rg_testing\out\u1_2d\ess_chain\verify_mlft --consistency-weight 2
case L=16 beta=14.1464 ...
  {"n": 64, "ess_per_n": 0.016069309785962105, "log_weight_std": 30.236473083496094, "log_weight_range": 123.6240234375, "ess_per_n_fiber": 0.01966697908937931, "log_weight_std_fiber": 29.26824951171875, "log_weight_range_fiber": 123.4765625, "free_energy_certificate": {"log_mean_w": 2939.8354584700187, "exact_delta_F": 3835.243320031347, "gap": -895.4078615613284, "sem": 0.8895035093941495, "n": 64, "kl_from_mean_log_w": 945.9925761653803, "kl_sem": 3.6585312993889807, "kl_per_site": 1.8476417503230085}, "fine_L": 16, "fine_beta": 14.1464, "coarse_L": 8, "coarse_beta": 3.9999887248909847, "imh_acceptance": 0.09523809523809523, "seconds_hmc_base": 7.0, "seconds_ode_sample": 93.5, "ode_steps": 120, "n_probes": 2}
case L=16 beta=55.0237 ...
  {"n": 64, "ess_per_n": 0.0158222746104002, "log_weight_std": 89.17583465576172, "log_weight_range": 408.3876953125, "ess_per_n_fiber": 0.0345790795981884, "log_weight_std_fiber": 87.91992950439453, "log_weight_range_fiber": 392.8466796875, "free_energy_certificate": {"log_mean_w": 12232.781757657105, "exact_delta_F": 13517.04287315473, "gap": -1284.2611154976257, "sem": 0.6657043210118729, "n": 64, "kl_from_mean_log_w": 1409.1081655131293, "kl_sem": 10.989990838472627, "kl_per_site": 2.7521643857678306}, "fine_L": 16, "fine_beta": 55.0237, "coarse_L": 8, "coarse_beta": 14.146404977472109, "imh_acceptance": 0.09523809523809523, "seconds_hmc_base": 29.3, "seconds_ode_sample": 92.0, "ode_steps": 120, "n_probes": 2}
case L=32 beta=55.0237 ...
  {"n": 64, "ess_per_n": 0.015625, "log_weight_std": 253.09307861328125, "log_weight_range": 1079.01953125, "ess_per_n_fiber": 0.015625, "log_weight_std_fiber": 251.4293670654297, "log_weight_range_fiber": 1060.2734375, "free_energy_certificate": {"log_mean_w": 48775.27471066932, "exact_delta_F": 54068.17150017254, "gap": -5292.896789503218, "sem": 0.9999999972794573, "n": 64, "kl_from_mean_log_w": 5663.951224293633, "kl_sem": 31.428670914712693, "kl_per_site": 2.7656011837371253}, "fine_L": 32, "fine_beta": 55.0237, "coarse_L": 16, "coarse_beta": 14.146404977472109, "imh_acceptance": 0.12698412698412698, "seconds_hmc_base": 28.2, "seconds_ode_sample": 89.1, "ode_steps": 120, "n_probes": 2}
case L=32 beta=218.58 ...
  {"n": 64, "ess_per_n": 0.015625, "log_weight_std": 942.0374145507812, "log_weight_range": 4662.84375, "ess_per_n_fiber": 0.015625, "log_weight_std_fiber": 941.9537963867188, "log_weight_range_fiber": 4682.078125, "free_energy_certificate": {"log_mean_w": 196675.71611691665, "exact_delta_F": 210552.8657004265, "gap": -13877.149583509861, "sem": 1.0, "n": 64, "kl_from_mean_log_w": 15643.904762926511, "kl_sem": 117.74422831375932, "kl_per_site": 7.638625372522711}, "fine_L": 32, "fine_beta": 218.58, "coarse_L": 16, "coarse_beta": 55.02364659738549, "imh_acceptance": 0.06349206349206349, "seconds_hmc_base": 180.5, "seconds_ode_sample": 92.1, "ode_steps": 120, "n_probes": 2}
wrote C:\Users\ompan\Desktop\Lattice QCD\inverse_rg_testing\out\u1_2d\ess_chain\verify_mlft\report.md
[2026-08-07 22:12:42] STAGE_VERIFY_MLFT_DONE (10.4 min)
[2026-08-07 22:12:42] STAGE_RKLFT_START: C:\Users\ompan\Desktop\Lattice QCD\inverse_rg_testing\.venv\Scripts\python.exe C:\Users\ompan\Desktop\Lattice QCD\inverse_rg_testing\u1_2d\scripts\21_reverse_kl_finetune.py --checkpoint C:\Users\ompan\Desktop\Lattice QCD\inverse_rg_testing\out\u1_2d\checkpoints\score_net_mlft.pt --out-checkpoint C:\Users\ompan\Desktop\Lattice QCD\inverse_rg_testing\out\u1_2d\checkpoints\score_net_rklft.pt --case 16:55.0237 --steps 200 --consistency-weight 2
coarse base: L=8 beta=14.1464 x 96
{'step': 0, 'ess_per_n': 0.0312500074505806, 'log_w_std': 94.94085693359375, 'mean_Q': 0.28125, 'mean_Q2': 0.84375}
C:\Users\ompan\Desktop\Lattice QCD\inverse_rg_testing\u1_2d\scripts\21_reverse_kl_finetune.py:188: UserWarning: Converting a tensor with requires_grad=True to a scalar may lead to unexpected behavior.
Consider using tensor.detach() first. (Triggered internally at C:\actions-runner\_work\pytorch\pytorch\pytorch\torch\csrc\autograd\generated\python_variable_methods.cpp:837.)
  rec = {"step": step, "loss_rkl_per_dof": float(loss_rkl),
{'step': 1, 'loss_rkl_per_dof': -25.774858474731445, 'loss_dsm': 0.5873124599456787, 'seconds': 6.1}
{'step': 2, 'loss_rkl_per_dof': -25.496225357055664, 'loss_dsm': 0.5877999663352966, 'seconds': 5.7}
{'step': 3, 'loss_rkl_per_dof': -25.65657615661621, 'loss_dsm': 0.5864920616149902, 'seconds': 5.5}
{'step': 4, 'loss_rkl_per_dof': -25.7226619720459, 'loss_dsm': 0.6358433961868286, 'seconds': 5.7}
{'step': 5, 'loss_rkl_per_dof': -25.635944366455078, 'loss_dsm': 0.4827675521373749, 'seconds': 5.2}
{'step': 6, 'loss_rkl_per_dof': -25.63379669189453, 'loss_dsm': 0.5378479957580566, 'seconds': 5.2}
{'step': 7, 'loss_rkl_per_dof': -25.65113639831543, 'loss_dsm': 0.45066750049591064, 'seconds': 5.3}
{'step': 8, 'loss_rkl_per_dof': -25.86219596862793, 'loss_dsm': 0.5627425909042358, 'seconds': 5.2}
{'step': 9, 'loss_rkl_per_dof': -25.627716064453125, 'loss_dsm': 0.6539268493652344, 'seconds': 5.1}
{'step': 10, 'loss_rkl_per_dof': -25.766420364379883, 'loss_dsm': 0.3899785876274109, 'seconds': 5.1}
{'step': 11, 'loss_rkl_per_dof': -25.74304962158203, 'loss_dsm': 0.5009558200836182, 'seconds': 5.2}
{'step': 12, 'loss_rkl_per_dof': -25.787200927734375, 'loss_dsm': 0.556283175945282, 'seconds': 5.1}
{'step': 13, 'loss_rkl_per_dof': -25.780529022216797, 'loss_dsm': 0.5086785554885864, 'seconds': 5.1}
{'step': 14, 'loss_rkl_per_dof': -25.938507080078125, 'loss_dsm': 0.47522473335266113, 'seconds': 5.2}
{'step': 15, 'loss_rkl_per_dof': -25.814775466918945, 'loss_dsm': 0.45063525438308716, 'seconds': 5.0}
{'step': 16, 'loss_rkl_per_dof': -25.887039184570312, 'loss_dsm': 0.6846636533737183, 'seconds': 5.1}
{'step': 17, 'loss_rkl_per_dof': -25.825965881347656, 'loss_dsm': 0.6028864979743958, 'seconds': 5.7}
{'step': 18, 'loss_rkl_per_dof': -25.759510040283203, 'loss_dsm': 0.5801138281822205, 'seconds': 5.7}
{'step': 19, 'loss_rkl_per_dof': -25.835742950439453, 'loss_dsm': 0.6188090443611145, 'seconds': 5.6}
{'step': 20, 'loss_rkl_per_dof': -25.953018188476562, 'loss_dsm': 0.4854928255081177, 'seconds': 6.3, 'ess_per_n': 0.03125010430812836, 'log_w_std': 77.1458511352539, 'mean_Q': 0.28125, 'mean_Q2': 0.71875, 'saved': 'C:\\Users\\ompan\\Desktop\\Lattice QCD\\inverse_rg_testing\\out\\u1_2d\\checkpoints\\score_net_rklft.pt'}
{'step': 21, 'loss_rkl_per_dof': -25.91338348388672, 'loss_dsm': 0.6237845420837402, 'seconds': 5.6}
{'step': 22, 'loss_rkl_per_dof': -26.02977752685547, 'loss_dsm': 0.4792238175868988, 'seconds': 5.5}
{'step': 23, 'loss_rkl_per_dof': -25.863582611083984, 'loss_dsm': 0.5848915576934814, 'seconds': 5.5}
{'step': 24, 'loss_rkl_per_dof': -26.046958923339844, 'loss_dsm': 0.6216664910316467, 'seconds': 5.7}
{'step': 25, 'loss_rkl_per_dof': -26.005855560302734, 'loss_dsm': 0.5283788442611694, 'seconds': 5.6}
{'step': 26, 'loss_rkl_per_dof': -25.841083526611328, 'loss_dsm': 0.4833400249481201, 'seconds': 5.5}
{'step': 27, 'loss_rkl_per_dof': -26.046518325805664, 'loss_dsm': 0.4382364749908447, 'seconds': 5.4}
{'step': 28, 'loss_rkl_per_dof': -26.06601333618164, 'loss_dsm': 0.5229597091674805, 'seconds': 5.6}
{'step': 29, 'loss_rkl_per_dof': -25.991558074951172, 'loss_dsm': 0.6343050003051758, 'seconds': 5.4}
{'step': 30, 'loss_rkl_per_dof': -25.917802810668945, 'loss_dsm': 0.5336679816246033, 'seconds': 5.5}
{'step': 31, 'loss_rkl_per_dof': -25.996858596801758, 'loss_dsm': 0.5048967599868774, 'seconds': 5.4}
{'step': 32, 'loss_rkl_per_dof': -25.884998321533203, 'loss_dsm': 0.5595097541809082, 'seconds': 5.6}
{'step': 33, 'loss_rkl_per_dof': -26.097246170043945, 'loss_dsm': 0.5682480335235596, 'seconds': 6.0}
{'step': 34, 'loss_rkl_per_dof': -26.174999237060547, 'loss_dsm': 0.6829966902732849, 'seconds': 5.8}
{'step': 35, 'loss_rkl_per_dof': -26.138643264770508, 'loss_dsm': 0.5956196188926697, 'seconds': 5.8}
{'step': 36, 'loss_rkl_per_dof': -26.23472785949707, 'loss_dsm': 0.6066973209381104, 'seconds': 5.9}
{'step': 37, 'loss_rkl_per_dof': -26.19601058959961, 'loss_dsm': 0.5185735821723938, 'seconds': 5.9}
{'step': 38, 'loss_rkl_per_dof': -26.021743774414062, 'loss_dsm': 0.5243743658065796, 'seconds': 6.0}
{'step': 39, 'loss_rkl_per_dof': -26.031875610351562, 'loss_dsm': 0.5180808305740356, 'seconds': 5.8}
{'step': 40, 'loss_rkl_per_dof': -26.254003524780273, 'loss_dsm': 0.6277607679367065, 'seconds': 5.5, 'ess_per_n': 0.03125372529029846, 'log_w_std': 41.50893020629883, 'mean_Q': 0.1875, 'mean_Q2': 0.625, 'saved': 'C:\\Users\\ompan\\Desktop\\Lattice QCD\\inverse_rg_testing\\out\\u1_2d\\checkpoints\\score_net_rklft.pt'}
{'step': 41, 'loss_rkl_per_dof': -26.1547794342041, 'loss_dsm': 0.617773711681366, 'seconds': 5.1}
{'step': 42, 'loss_rkl_per_dof': -26.29122543334961, 'loss_dsm': 0.5855098962783813, 'seconds': 5.3}
{'step': 43, 'loss_rkl_per_dof': -26.271278381347656, 'loss_dsm': 0.3067018687725067, 'seconds': 5.5}
{'step': 44, 'loss_rkl_per_dof': -26.259443283081055, 'loss_dsm': 0.65137779712677, 'seconds': 5.3}
{'step': 45, 'loss_rkl_per_dof': -26.249141693115234, 'loss_dsm': 0.6498006582260132, 'seconds': 5.5}
{'step': 46, 'loss_rkl_per_dof': -26.255367279052734, 'loss_dsm': 0.5995851755142212, 'seconds': 5.3}
{'step': 47, 'loss_rkl_per_dof': -26.232633590698242, 'loss_dsm': 0.5368291139602661, 'seconds': 5.4}
{'step': 48, 'loss_rkl_per_dof': -26.24542236328125, 'loss_dsm': 0.4869059920310974, 'seconds': 5.4}
{'step': 49, 'loss_rkl_per_dof': -26.34174346923828, 'loss_dsm': 0.7145050764083862, 'seconds': 5.4}
{'step': 50, 'loss_rkl_per_dof': -26.321575164794922, 'loss_dsm': 0.6311277747154236, 'seconds': 5.5}
{'step': 51, 'loss_rkl_per_dof': -26.305503845214844, 'loss_dsm': 0.5573035478591919, 'seconds': 5.6}
{'step': 52, 'loss_rkl_per_dof': -26.267255783081055, 'loss_dsm': 0.5512247681617737, 'seconds': 5.8}
{'step': 53, 'loss_rkl_per_dof': -26.313791275024414, 'loss_dsm': 0.33328354358673096, 'seconds': 5.9}
{'step': 54, 'loss_rkl_per_dof': -26.318927764892578, 'loss_dsm': 0.5738252401351929, 'seconds': 5.8}
{'step': 55, 'loss_rkl_per_dof': -26.373138427734375, 'loss_dsm': 0.5455060005187988, 'seconds': 5.7}
{'step': 56, 'loss_rkl_per_dof': -26.3494930267334, 'loss_dsm': 0.5473698377609253, 'seconds': 5.8}
{'step': 57, 'loss_rkl_per_dof': -26.29688262939453, 'loss_dsm': 0.6440796852111816, 'seconds': 5.6}
{'step': 58, 'loss_rkl_per_dof': -26.20117950439453, 'loss_dsm': 0.4190119504928589, 'seconds': 5.6}
{'step': 59, 'loss_rkl_per_dof': -26.26244354248047, 'loss_dsm': 0.5852319598197937, 'seconds': 5.6}
{'step': 60, 'loss_rkl_per_dof': -26.28729248046875, 'loss_dsm': 0.6152061223983765, 'seconds': 5.7, 'ess_per_n': 0.04240890592336655, 'log_w_std': 29.853923797607422, 'mean_Q': 0.15625, 'mean_Q2': 0.84375, 'saved': 'C:\\Users\\ompan\\Desktop\\Lattice QCD\\inverse_rg_testing\\out\\u1_2d\\checkpoints\\score_net_rklft.pt'}
{'step': 61, 'loss_rkl_per_dof': -26.245267868041992, 'loss_dsm': 0.47391319274902344, 'seconds': 5.4}
{'step': 62, 'loss_rkl_per_dof': -26.24127197265625, 'loss_dsm': 0.5771627426147461, 'seconds': 5.4}
{'step': 63, 'loss_rkl_per_dof': -26.191944122314453, 'loss_dsm': 0.5768231153488159, 'seconds': 5.2}
{'step': 64, 'loss_rkl_per_dof': -26.229328155517578, 'loss_dsm': 0.604692280292511, 'seconds': 5.2}
{'step': 65, 'loss_rkl_per_dof': -26.179973602294922, 'loss_dsm': 0.4675217270851135, 'seconds': 5.3}
{'step': 66, 'loss_rkl_per_dof': -26.275651931762695, 'loss_dsm': 0.5188905000686646, 'seconds': 5.3}
{'step': 67, 'loss_rkl_per_dof': -26.191940307617188, 'loss_dsm': 0.5780637264251709, 'seconds': 5.4}
{'step': 68, 'loss_rkl_per_dof': -26.186382293701172, 'loss_dsm': 0.679057240486145, 'seconds': 5.6}
{'step': 69, 'loss_rkl_per_dof': -26.220224380493164, 'loss_dsm': 0.6708003282546997, 'seconds': 5.7}
{'step': 70, 'loss_rkl_per_dof': -26.21101188659668, 'loss_dsm': 0.6488779783248901, 'seconds': 5.7}
{'step': 71, 'loss_rkl_per_dof': -26.23967742919922, 'loss_dsm': 0.6514883041381836, 'seconds': 6.2}
{'step': 72, 'loss_rkl_per_dof': -26.22146987915039, 'loss_dsm': 0.7514514923095703, 'seconds': 5.7}
{'step': 73, 'loss_rkl_per_dof': -26.247802734375, 'loss_dsm': 0.4507256746292114, 'seconds': 6.0}
{'step': 74, 'loss_rkl_per_dof': -26.231494903564453, 'loss_dsm': 0.5238262414932251, 'seconds': 5.7}
{'step': 75, 'loss_rkl_per_dof': -26.24701690673828, 'loss_dsm': 0.5252109169960022, 'seconds': 5.7}
{'step': 76, 'loss_rkl_per_dof': -26.012226104736328, 'loss_dsm': 0.6549959182739258, 'seconds': 6.0}
{'step': 77, 'loss_rkl_per_dof': -26.255773544311523, 'loss_dsm': 0.6766631007194519, 'seconds': 5.9}
{'step': 78, 'loss_rkl_per_dof': -26.173152923583984, 'loss_dsm': 0.5749298930168152, 'seconds': 5.7}
{'step': 79, 'loss_rkl_per_dof': -26.26375961303711, 'loss_dsm': 0.6288965344429016, 'seconds': 5.4}
{'step': 80, 'loss_rkl_per_dof': -26.28662109375, 'loss_dsm': 0.6390852332115173, 'seconds': 5.5, 'ess_per_n': 0.031254276633262634, 'log_w_std': 21.818151473999023, 'mean_Q': 0.15625, 'mean_Q2': 1.59375}
{'step': 81, 'loss_rkl_per_dof': -26.264448165893555, 'loss_dsm': 0.5316712260246277, 'seconds': 5.4}
{'step': 82, 'loss_rkl_per_dof': -26.257957458496094, 'loss_dsm': 0.6193917989730835, 'seconds': 5.4}
{'step': 83, 'loss_rkl_per_dof': -26.331375122070312, 'loss_dsm': 0.4686724841594696, 'seconds': 5.4}
{'step': 84, 'loss_rkl_per_dof': -26.35730743408203, 'loss_dsm': 0.7323877811431885, 'seconds': 5.6}
{'step': 85, 'loss_rkl_per_dof': -26.280187606811523, 'loss_dsm': 0.6099858283996582, 'seconds': 5.8}
{'step': 86, 'loss_rkl_per_dof': -26.292675018310547, 'loss_dsm': 0.5539728999137878, 'seconds': 5.8}
{'step': 87, 'loss_rkl_per_dof': -26.33164405822754, 'loss_dsm': 0.6207665801048279, 'seconds': 5.9}
{'step': 88, 'loss_rkl_per_dof': -26.325790405273438, 'loss_dsm': 0.6343722343444824, 'seconds': 5.8}
{'step': 89, 'loss_rkl_per_dof': -26.319454193115234, 'loss_dsm': 0.4948377013206482, 'seconds': 6.0}
{'step': 90, 'loss_rkl_per_dof': -26.250465393066406, 'loss_dsm': 0.3841570019721985, 'seconds': 5.8}
{'step': 91, 'loss_rkl_per_dof': -26.238651275634766, 'loss_dsm': 0.5200250148773193, 'seconds': 6.0}
{'step': 92, 'loss_rkl_per_dof': -26.3527889251709, 'loss_dsm': 0.6019101738929749, 'seconds': 5.6}
{'step': 93, 'loss_rkl_per_dof': -26.34136962890625, 'loss_dsm': 0.4653202295303345, 'seconds': 6.0}
{'step': 94, 'loss_rkl_per_dof': -26.30618667602539, 'loss_dsm': 0.3700909912586212, 'seconds': 5.8}
{'step': 95, 'loss_rkl_per_dof': -26.37088394165039, 'loss_dsm': 0.49984538555145264, 'seconds': 5.6}
{'step': 96, 'loss_rkl_per_dof': -26.333332061767578, 'loss_dsm': 0.44468653202056885, 'seconds': 5.5}
{'step': 97, 'loss_rkl_per_dof': -26.382484436035156, 'loss_dsm': 0.4078640937805176, 'seconds': 5.7}
{'step': 98, 'loss_rkl_per_dof': -26.245153427124023, 'loss_dsm': 0.5281904935836792, 'seconds': 5.5}
{'step': 99, 'loss_rkl_per_dof': -26.315898895263672, 'loss_dsm': 0.6671067476272583, 'seconds': 5.4}
{'step': 100, 'loss_rkl_per_dof': -26.288209915161133, 'loss_dsm': 0.5777506828308105, 'seconds': 5.7, 'ess_per_n': 0.0348694808781147, 'log_w_std': 22.57979393005371, 'mean_Q': 0.28125, 'mean_Q2': 0.90625}
{'step': 101, 'loss_rkl_per_dof': -26.351486206054688, 'loss_dsm': 0.5346074104309082, 'seconds': 5.8}
{'step': 102, 'loss_rkl_per_dof': -26.228782653808594, 'loss_dsm': 0.5765012502670288, 'seconds': 5.9}
{'step': 103, 'loss_rkl_per_dof': -26.293149948120117, 'loss_dsm': 0.4993201792240143, 'seconds': 6.2}
{'step': 104, 'loss_rkl_per_dof': -26.183656692504883, 'loss_dsm': 0.5086565017700195, 'seconds': 6.0}
{'step': 105, 'loss_rkl_per_dof': -26.278806686401367, 'loss_dsm': 0.4763677418231964, 'seconds': 6.1}
{'step': 106, 'loss_rkl_per_dof': -26.295513153076172, 'loss_dsm': 0.571832537651062, 'seconds': 6.0}
{'step': 107, 'loss_rkl_per_dof': -26.32098388671875, 'loss_dsm': 0.495375394821167, 'seconds': 6.3}
{'step': 108, 'loss_rkl_per_dof': -26.27361297607422, 'loss_dsm': 0.7256574630737305, 'seconds': 6.2}
{'step': 109, 'loss_rkl_per_dof': -26.28683090209961, 'loss_dsm': 0.5762017965316772, 'seconds': 5.9}
{'step': 110, 'loss_rkl_per_dof': -26.261722564697266, 'loss_dsm': 0.5585753917694092, 'seconds': 5.8}
{'step': 111, 'loss_rkl_per_dof': -26.20016098022461, 'loss_dsm': 0.48879456520080566, 'seconds': 5.5}
{'step': 112, 'loss_rkl_per_dof': -26.245094299316406, 'loss_dsm': 0.6771591901779175, 'seconds': 5.4}
{'step': 113, 'loss_rkl_per_dof': -26.184001922607422, 'loss_dsm': 0.5649240016937256, 'seconds': 5.4}
{'step': 114, 'loss_rkl_per_dof': -26.248165130615234, 'loss_dsm': 0.5170415639877319, 'seconds': 5.3}
{'step': 115, 'loss_rkl_per_dof': -26.216537475585938, 'loss_dsm': 0.5340256094932556, 'seconds': 5.5}
{'step': 116, 'loss_rkl_per_dof': -26.259605407714844, 'loss_dsm': 0.5073091387748718, 'seconds': 5.5}
{'step': 117, 'loss_rkl_per_dof': -26.28127670288086, 'loss_dsm': 0.6315746307373047, 'seconds': 5.6}
{'step': 118, 'loss_rkl_per_dof': -26.291667938232422, 'loss_dsm': 0.5387530326843262, 'seconds': 5.4}
{'step': 119, 'loss_rkl_per_dof': -26.35638999938965, 'loss_dsm': 0.6323138475418091, 'seconds': 5.4}
{'step': 120, 'loss_rkl_per_dof': -26.351465225219727, 'loss_dsm': 0.4056510329246521, 'seconds': 5.4, 'ess_per_n': 0.06004980579018593, 'log_w_std': 46.028255462646484, 'mean_Q': 0.3125, 'mean_Q2': 1.5, 'saved': 'C:\\Users\\ompan\\Desktop\\Lattice QCD\\inverse_rg_testing\\out\\u1_2d\\checkpoints\\score_net_rklft.pt'}
{'step': 121, 'loss_rkl_per_dof': -26.329647064208984, 'loss_dsm': 0.5157564878463745, 'seconds': 5.5}
{'step': 122, 'loss_rkl_per_dof': -26.32558250427246, 'loss_dsm': 0.5926547050476074, 'seconds': 5.9}
{'step': 123, 'loss_rkl_per_dof': -26.28611183166504, 'loss_dsm': 0.5183221101760864, 'seconds': 5.8}
{'step': 124, 'loss_rkl_per_dof': -26.307796478271484, 'loss_dsm': 0.6278650760650635, 'seconds': 5.4}
{'step': 125, 'loss_rkl_per_dof': -26.34033203125, 'loss_dsm': 0.6570927500724792, 'seconds': 5.7}
{'step': 126, 'loss_rkl_per_dof': -26.398630142211914, 'loss_dsm': 0.6451283693313599, 'seconds': 5.6}
{'step': 127, 'loss_rkl_per_dof': -26.37115478515625, 'loss_dsm': 0.5029602646827698, 'seconds': 5.8}
{'step': 128, 'loss_rkl_per_dof': -26.405677795410156, 'loss_dsm': 0.5559576153755188, 'seconds': 5.4}
{'step': 129, 'loss_rkl_per_dof': -26.33993911743164, 'loss_dsm': 0.5640852451324463, 'seconds': 5.4}
{'step': 130, 'loss_rkl_per_dof': -26.38448715209961, 'loss_dsm': 0.5750813484191895, 'seconds': 5.4}
{'step': 131, 'loss_rkl_per_dof': -26.423599243164062, 'loss_dsm': 0.5409837961196899, 'seconds': 5.2}
{'step': 132, 'loss_rkl_per_dof': -26.330760955810547, 'loss_dsm': 0.6310210824012756, 'seconds': 5.7}
{'step': 133, 'loss_rkl_per_dof': -26.352169036865234, 'loss_dsm': 0.653020441532135, 'seconds': 5.2}
{'step': 134, 'loss_rkl_per_dof': -26.349096298217773, 'loss_dsm': 0.5247705578804016, 'seconds': 5.5}
{'step': 135, 'loss_rkl_per_dof': -26.342761993408203, 'loss_dsm': 0.6673319339752197, 'seconds': 5.2}
{'step': 136, 'loss_rkl_per_dof': -26.37769317626953, 'loss_dsm': 0.5019938945770264, 'seconds': 5.1}
{'step': 137, 'loss_rkl_per_dof': -26.309478759765625, 'loss_dsm': 0.561430037021637, 'seconds': 5.3}
{'step': 138, 'loss_rkl_per_dof': -26.386930465698242, 'loss_dsm': 0.5160737037658691, 'seconds': 5.1}
{'step': 139, 'loss_rkl_per_dof': -26.21871566772461, 'loss_dsm': 0.6046161651611328, 'seconds': 5.7}
{'step': 140, 'loss_rkl_per_dof': -26.36231803894043, 'loss_dsm': 0.4788782000541687, 'seconds': 5.6, 'ess_per_n': 0.03436913713812828, 'log_w_std': 42.996849060058594, 'mean_Q': 0.125, 'mean_Q2': 1.4375}
{'step': 141, 'loss_rkl_per_dof': -26.370609283447266, 'loss_dsm': 0.6467556357383728, 'seconds': 6.0}
{'step': 142, 'loss_rkl_per_dof': -26.300716400146484, 'loss_dsm': 0.6020637154579163, 'seconds': 5.9}
{'step': 143, 'loss_rkl_per_dof': -26.357540130615234, 'loss_dsm': 0.5743609666824341, 'seconds': 6.1}
{'step': 144, 'loss_rkl_per_dof': -26.365867614746094, 'loss_dsm': 0.5771771669387817, 'seconds': 6.0}
{'step': 145, 'loss_rkl_per_dof': -26.30291748046875, 'loss_dsm': 0.4551628530025482, 'seconds': 5.8}
{'step': 146, 'loss_rkl_per_dof': -26.381418228149414, 'loss_dsm': 0.44734516739845276, 'seconds': 5.5}
{'step': 147, 'loss_rkl_per_dof': -26.29539680480957, 'loss_dsm': 0.4887978732585907, 'seconds': 5.5}
{'step': 148, 'loss_rkl_per_dof': -26.337207794189453, 'loss_dsm': 0.5464529991149902, 'seconds': 5.8}
{'step': 149, 'loss_rkl_per_dof': -26.35661506652832, 'loss_dsm': 0.5802375078201294, 'seconds': 5.8}
{'step': 150, 'loss_rkl_per_dof': -26.340787887573242, 'loss_dsm': 0.5320608615875244, 'seconds': 5.6}
{'step': 151, 'loss_rkl_per_dof': -26.41486358642578, 'loss_dsm': 0.5318200588226318, 'seconds': 5.5}
{'step': 152, 'loss_rkl_per_dof': -26.37321662902832, 'loss_dsm': 0.5649902820587158, 'seconds': 5.6}
{'step': 153, 'loss_rkl_per_dof': -26.38401985168457, 'loss_dsm': 0.6952506303787231, 'seconds': 5.8}
{'step': 154, 'loss_rkl_per_dof': -26.3704891204834, 'loss_dsm': 0.630348801612854, 'seconds': 5.7}
{'step': 155, 'loss_rkl_per_dof': -26.443809509277344, 'loss_dsm': 0.47606441378593445, 'seconds': 5.6}
{'step': 156, 'loss_rkl_per_dof': -26.39173126220703, 'loss_dsm': 0.56256502866745, 'seconds': 5.9}
{'step': 157, 'loss_rkl_per_dof': -26.41583251953125, 'loss_dsm': 0.46419623494148254, 'seconds': 5.7}
{'step': 158, 'loss_rkl_per_dof': -26.291893005371094, 'loss_dsm': 0.5909799337387085, 'seconds': 5.8}
{'step': 159, 'loss_rkl_per_dof': -26.379343032836914, 'loss_dsm': 0.5792023539543152, 'seconds': 6.1}
{'step': 160, 'loss_rkl_per_dof': -26.40305519104004, 'loss_dsm': 0.564000129699707, 'seconds': 5.9, 'ess_per_n': 0.055695801973342896, 'log_w_std': 17.263994216918945, 'mean_Q': 0.0, 'mean_Q2': 1.375}
{'step': 161, 'loss_rkl_per_dof': -26.40688705444336, 'loss_dsm': 0.5574079751968384, 'seconds': 5.6}
{'step': 162, 'loss_rkl_per_dof': -26.38943099975586, 'loss_dsm': 0.6495041847229004, 'seconds': 5.6}
{'step': 163, 'loss_rkl_per_dof': -26.314537048339844, 'loss_dsm': 0.5300156474113464, 'seconds': 5.3}
{'step': 164, 'loss_rkl_per_dof': -26.390047073364258, 'loss_dsm': 0.6998419761657715, 'seconds': 5.6}
{'step': 165, 'loss_rkl_per_dof': -26.333030700683594, 'loss_dsm': 0.6638168096542358, 'seconds': 5.6}
{'step': 166, 'loss_rkl_per_dof': -26.368227005004883, 'loss_dsm': 0.4944800138473511, 'seconds': 5.5}
{'step': 167, 'loss_rkl_per_dof': -26.407123565673828, 'loss_dsm': 0.5096102952957153, 'seconds': 5.5}
{'step': 168, 'loss_rkl_per_dof': -26.41331672668457, 'loss_dsm': 0.5666598677635193, 'seconds': 5.4}
{'step': 169, 'loss_rkl_per_dof': -26.371416091918945, 'loss_dsm': 0.6267787218093872, 'seconds': 5.5}
{'step': 170, 'loss_rkl_per_dof': -26.369930267333984, 'loss_dsm': 0.6564828753471375, 'seconds': 5.2}
{'step': 171, 'loss_rkl_per_dof': -26.378751754760742, 'loss_dsm': 0.5289691090583801, 'seconds': 5.4}
{'step': 172, 'loss_rkl_per_dof': -26.434715270996094, 'loss_dsm': 0.46849367022514343, 'seconds': 5.7}
{'step': 173, 'loss_rkl_per_dof': -26.423189163208008, 'loss_dsm': 0.366909384727478, 'seconds': 5.6}
{'step': 174, 'loss_rkl_per_dof': -26.41629409790039, 'loss_dsm': 0.6050318479537964, 'seconds': 5.9}
{'step': 175, 'loss_rkl_per_dof': -26.36114501953125, 'loss_dsm': 0.48291558027267456, 'seconds': 5.8}
{'step': 176, 'loss_rkl_per_dof': -26.35112953186035, 'loss_dsm': 0.6213690638542175, 'seconds': 5.5}
{'step': 177, 'loss_rkl_per_dof': -26.400800704956055, 'loss_dsm': 0.5598504543304443, 'seconds': 5.4}
{'step': 178, 'loss_rkl_per_dof': -26.378442764282227, 'loss_dsm': 0.6313174962997437, 'seconds': 5.6}
{'step': 179, 'loss_rkl_per_dof': -26.409080505371094, 'loss_dsm': 0.5147624611854553, 'seconds': 5.7}
{'step': 180, 'loss_rkl_per_dof': -26.407901763916016, 'loss_dsm': 0.6132643222808838, 'seconds': 5.7, 'ess_per_n': 0.06674302369356155, 'log_w_std': 21.62642478942871, 'mean_Q': 0.09375, 'mean_Q2': 1.65625, 'saved': 'C:\\Users\\ompan\\Desktop\\Lattice QCD\\inverse_rg_testing\\out\\u1_2d\\checkpoints\\score_net_rklft.pt'}
{'step': 181, 'loss_rkl_per_dof': -26.35828399658203, 'loss_dsm': 0.4790753722190857, 'seconds': 5.3}
{'step': 182, 'loss_rkl_per_dof': -26.430849075317383, 'loss_dsm': 0.4472799301147461, 'seconds': 5.3}
{'step': 183, 'loss_rkl_per_dof': -26.461490631103516, 'loss_dsm': 0.518151044845581, 'seconds': 5.3}
{'step': 184, 'loss_rkl_per_dof': -26.43216323852539, 'loss_dsm': 0.5565615892410278, 'seconds': 5.4}
{'step': 185, 'loss_rkl_per_dof': -26.355255126953125, 'loss_dsm': 0.5879359841346741, 'seconds': 5.3}
{'step': 186, 'loss_rkl_per_dof': -26.311538696289062, 'loss_dsm': 0.5802234411239624, 'seconds': 5.6}
{'step': 187, 'loss_rkl_per_dof': -26.429494857788086, 'loss_dsm': 0.6007158160209656, 'seconds': 5.6}
{'step': 188, 'loss_rkl_per_dof': -26.404680252075195, 'loss_dsm': 0.47534218430519104, 'seconds': 5.5}
{'step': 189, 'loss_rkl_per_dof': -26.402435302734375, 'loss_dsm': 0.6620221734046936, 'seconds': 5.7}
{'step': 190, 'loss_rkl_per_dof': -26.479595184326172, 'loss_dsm': 0.634777307510376, 'seconds': 5.7}
{'step': 191, 'loss_rkl_per_dof': -26.447391510009766, 'loss_dsm': 0.6552285552024841, 'seconds': 5.9}
{'step': 192, 'loss_rkl_per_dof': -26.41274642944336, 'loss_dsm': 0.475592702627182, 'seconds': 5.8}
{'step': 193, 'loss_rkl_per_dof': -26.455324172973633, 'loss_dsm': 0.692683219909668, 'seconds': 6.1}
{'step': 194, 'loss_rkl_per_dof': -26.390743255615234, 'loss_dsm': 0.4000244736671448, 'seconds': 6.1}
{'step': 195, 'loss_rkl_per_dof': -26.40679168701172, 'loss_dsm': 0.5322068929672241, 'seconds': 6.0}
{'step': 196, 'loss_rkl_per_dof': -26.337303161621094, 'loss_dsm': 0.5817217230796814, 'seconds': 5.8}
{'step': 197, 'loss_rkl_per_dof': -26.352500915527344, 'loss_dsm': 0.5040827989578247, 'seconds': 5.9}
{'step': 198, 'loss_rkl_per_dof': -26.459918975830078, 'loss_dsm': 0.5979418158531189, 'seconds': 5.6}
{'step': 199, 'loss_rkl_per_dof': -26.40097427368164, 'loss_dsm': 0.6603642702102661, 'seconds': 5.6}
{'step': 200, 'loss_rkl_per_dof': -26.358257293701172, 'loss_dsm': 0.4785727262496948, 'seconds': 5.6, 'ess_per_n': 0.031300969421863556, 'log_w_std': 19.3453369140625, 'mean_Q': -0.0625, 'mean_Q2': 1.9375}
best eval ESS/N: 0.0667 (initial 0.0313)
checkpoint: C:\Users\ompan\Desktop\Lattice QCD\inverse_rg_testing\out\u1_2d\checkpoints\score_net_rklft.pt
[2026-08-07 22:36:45] STAGE_RKLFT_DONE (24.1 min)
[2026-08-07 22:36:45] STAGE_VERIFY_RKLFT_START: C:\Users\ompan\Desktop\Lattice QCD\inverse_rg_testing\.venv\Scripts\python.exe C:\Users\ompan\Desktop\Lattice QCD\inverse_rg_testing\u1_2d\scripts\19_ode_reweighting.py --checkpoint C:\Users\ompan\Desktop\Lattice QCD\inverse_rg_testing\out\u1_2d\checkpoints\score_net_rklft.pt --cases 16:14.1464 16:55.0237 32:55.0237 32:218.58 --out C:\Users\ompan\Desktop\Lattice QCD\inverse_rg_testing\out\u1_2d\ess_chain\verify_rklft --consistency-weight 2
case L=16 beta=14.1464 ...
  {"n": 64, "ess_per_n": 0.015625324100255966, "log_weight_std": 19.248321533203125, "log_weight_range": 124.003662109375, "ess_per_n_fiber": 0.015635740011930466, "log_weight_std_fiber": 18.289649963378906, "log_weight_range_fiber": 113.976318359375, "free_energy_certificate": {"log_mean_w": 2966.8741753643885, "exact_delta_F": 3835.243320031347, "gap": -868.3691446669586, "sem": 0.9996510604850106, "n": 64, "kl_from_mean_log_w": 902.0154834224604, "kl_sem": 2.2862061296727694, "kl_per_site": 1.761748991059493}, "fine_L": 16, "fine_beta": 14.1464, "coarse_L": 8, "coarse_beta": 3.9999887248909847, "imh_acceptance": 0.07936507936507936, "seconds_hmc_base": 6.9, "seconds_ode_sample": 94.6, "ode_steps": 120, "n_probes": 2}
case L=16 beta=55.0237 ...
  {"n": 64, "ess_per_n": 0.017028149217367172, "log_weight_std": 20.843700408935547, "log_weight_range": 88.958984375, "ess_per_n_fiber": 0.03650877624750137, "log_weight_std_fiber": 21.08755111694336, "log_weight_range_fiber": 98.0322265625, "free_energy_certificate": {"log_mean_w": 12585.306880486749, "exact_delta_F": 13517.04287315473, "gap": -931.7359926679819, "sem": 0.6472245143935399, "n": 64, "kl_from_mean_log_w": 964.7986867533637, "kl_sem": 2.6359439838207113, "kl_per_site": 1.8843724350651634}, "fine_L": 16, "fine_beta": 55.0237, "coarse_L": 8, "coarse_beta": 14.146404977472109, "imh_acceptance": 0.12698412698412698, "seconds_hmc_base": 29.6, "seconds_ode_sample": 95.2, "ode_steps": 120, "n_probes": 2}
case L=32 beta=55.0237 ...
  {"n": 64, "ess_per_n": 0.015625063329935074, "log_weight_std": 64.56031799316406, "log_weight_range": 329.36328125, "ess_per_n_fiber": 0.015625767409801483, "log_weight_std_fiber": 62.98908996582031, "log_weight_range_fiber": 303.60546875, "free_energy_certificate": {"log_mean_w": 50277.61457893362, "exact_delta_F": 54068.17150017254, "gap": -3790.5569212389164, "sem": 0.9999750944131167, "n": 64, "kl_from_mean_log_w": 3877.4260778092575, "kl_sem": 7.87363633745063, "kl_per_site": 1.8932744520553015}, "fine_L": 32, "fine_beta": 55.0237, "coarse_L": 16, "coarse_beta": 14.146404977472109, "imh_acceptance": 0.031746031746031744, "seconds_hmc_base": 29.6, "seconds_ode_sample": 91.3, "ode_steps": 120, "n_probes": 2}
case L=32 beta=218.58 ...
  {"n": 64, "ess_per_n": 0.015625, "log_weight_std": 553.4285278320312, "log_weight_range": 2749.4375, "ess_per_n_fiber": 0.015625, "log_weight_std_fiber": 554.9796752929688, "log_weight_range_fiber": 2734.734375, "free_energy_certificate": {"log_mean_w": 200895.10674191665, "exact_delta_F": 210552.8657004265, "gap": -9657.758958509861, "sem": 1.0, "n": 64, "kl_from_mean_log_w": 10569.935280504636, "kl_sem": 69.37245960528645, "kl_per_site": 5.1611012111839045}, "fine_L": 32, "fine_beta": 218.58, "coarse_L": 16, "coarse_beta": 55.02364659738549, "imh_acceptance": 0.06349206349206349, "seconds_hmc_base": 178.9, "seconds_ode_sample": 99.4, "ode_steps": 120, "n_probes": 2}
wrote C:\Users\ompan\Desktop\Lattice QCD\inverse_rg_testing\out\u1_2d\ess_chain\verify_rklft\report.md
[2026-08-07 22:47:17] STAGE_VERIFY_RKLFT_DONE (10.5 min)
[2026-08-07 22:47:17] report: C:\Users\ompan\Desktop\Lattice QCD\inverse_rg_testing\out\u1_2d\ess_chain\chain_report.md
[2026-08-07 22:47:17] CHAIN_DONE
[2026-08-07 22:47:17] STAGE_ESS_CHAIN_DONE (104.1 min)
[2026-08-07 22:47:17] STAGE_VERDICT: sentinel present, skipping
[2026-08-07 22:47:17] STAGE_FIG_17: sentinel present, skipping
[2026-08-07 22:47:17] STAGE_FIG_23_START
Traceback (most recent call last):
  File "C:\Users\ompan\Desktop\Lattice QCD\inverse_rg_testing\u1_2d\scripts\23_ess_progress_figures.py", line 233, in <module>
    main()
    ~~~~^^
  File "C:\Users\ompan\Desktop\Lattice QCD\inverse_rg_testing\u1_2d\scripts\23_ess_progress_figures.py", line 224, in main
    fig_progress()
    ~~~~~~~~~~~~^^
  File "C:\Users\ompan\Desktop\Lattice QCD\inverse_rg_testing\u1_2d\scripts\23_ess_progress_figures.py", line 64, in fig_progress
    _by_case(OUT / "ess_chain" / "verify_rkl2" / "reweighting_results.json")),
    ~~~~~~~~^^^^^^^^^^^^^^^^^^^^^^^^^^^^^^^^^^^^^^^^^^^^^^^^^^^^^^^^^^^^^^^^
  File "C:\Users\ompan\Desktop\Lattice QCD\inverse_rg_testing\u1_2d\scripts\23_ess_progress_figures.py", line 47, in _by_case
    for r in _load(path):
             ~~~~~^^^^^^
  File "C:\Users\ompan\Desktop\Lattice QCD\inverse_rg_testing\u1_2d\scripts\23_ess_progress_figures.py", line 42, in _load
    return json.loads(Path(path).read_text(encoding="utf-8"))
                      ~~~~~~~~~~~~~~~~~~~~^^^^^^^^^^^^^^^^^^
  File "C:\Users\ompan\AppData\Local\Programs\Python\Python313\Lib\pathlib\_local.py", line 546, in read_text
    return PathBase.read_text(self, encoding, errors, newline)
           ~~~~~~~~~~~~~~~~~~^^^^^^^^^^^^^^^^^^^^^^^^^^^^^^^^^
  File "C:\Users\ompan\AppData\Local\Programs\Python\Python313\Lib\pathlib\_abc.py", line 632, in read_text
    with self.open(mode='r', encoding=encoding, errors=errors, newline=newline) as f:
         ~~~~~~~~~^^^^^^^^^^^^^^^^^^^^^^^^^^^^^^^^^^^^^^^^^^^^^^^^^^^^^^^^^^^^^
  File "C:\Users\ompan\AppData\Local\Programs\Python\Python313\Lib\pathlib\_local.py", line 537, in open
    return io.open(self, mode, buffering, encoding, errors, newline)
           ~~~~~~~^^^^^^^^^^^^^^^^^^^^^^^^^^^^^^^^^^^^^^^^^^^^^^^^^^
FileNotFoundError: [Errno 2] No such file or directory: 'out\\u1_2d\\ess_chain\\verify_rkl2\\reweighting_results.json'
[2026-08-07 22:47:19] STAGE_FIG_23_FAILED rc=1 (0.0 min)
[2026-08-07 22:47:19] STAGE_FIG_26_START
Traceback (most recent call last):
  File "C:\Users\ompan\Desktop\Lattice QCD\inverse_rg_testing\u1_2d\scripts\26_final_results_figures.py", line 202, in <module>
    main()
    ~~~~^^
  File "C:\Users\ompan\Desktop\Lattice QCD\inverse_rg_testing\u1_2d\scripts\26_final_results_figures.py", line 196, in main
    fig_program_optimum()
    ~~~~~~~~~~~~~~~~~~~^^
  File "C:\Users\ompan\Desktop\Lattice QCD\inverse_rg_testing\u1_2d\scripts\26_final_results_figures.py", line 145, in fig_program_optimum
    std = _std_at(path, 16, 55.0237)
  File "C:\Users\ompan\Desktop\Lattice QCD\inverse_rg_testing\u1_2d\scripts\26_final_results_figures.py", line 128, in _std_at
    for r in _load(path):
             ~~~~~^^^^^^
  File "C:\Users\ompan\Desktop\Lattice QCD\inverse_rg_testing\u1_2d\scripts\26_final_results_figures.py", line 37, in _load
    return json.loads(Path(path).read_text(encoding="utf-8"))
                      ~~~~~~~~~~~~~~~~~~~~^^^^^^^^^^^^^^^^^^
  File "C:\Users\ompan\AppData\Local\Programs\Python\Python313\Lib\pathlib\_local.py", line 546, in read_text
    return PathBase.read_text(self, encoding, errors, newline)
           ~~~~~~~~~~~~~~~~~~^^^^^^^^^^^^^^^^^^^^^^^^^^^^^^^^^
  File "C:\Users\ompan\AppData\Local\Programs\Python\Python313\Lib\pathlib\_abc.py", line 632, in read_text
    with self.open(mode='r', encoding=encoding, errors=errors, newline=newline) as f:
         ~~~~~~~~~^^^^^^^^^^^^^^^^^^^^^^^^^^^^^^^^^^^^^^^^^^^^^^^^^^^^^^^^^^^^^
  File "C:\Users\ompan\AppData\Local\Programs\Python\Python313\Lib\pathlib\_local.py", line 537, in open
    return io.open(self, mode, buffering, encoding, errors, newline)
           ~~~~~~~^^^^^^^^^^^^^^^^^^^^^^^^^^^^^^^^^^^^^^^^^^^^^^^^^^
FileNotFoundError: [Errno 2] No such file or directory: 'out\\u1_2d\\ess_chain\\verify_rkl2\\reweighting_results.json'
[2026-08-07 22:47:22] STAGE_FIG_26_FAILED rc=1 (0.0 min)
[2026-08-07 22:47:22] STAGE_ASSEMBLE_START
[rebuild] 01_ladder_drift.png  <- rebuilt from out\u1_2d\validation\report.md (3 rungs)
[rebuild] 02_ladder_topology.png  <- rebuilt from out\u1_2d\validation\report.md (3 rungs)
[ok     ] 03_ladder_rung_L64.png  <- validation/rung2_L64_beta55.0237.png
[ok     ] 04_matched_scan.png  <- generalization/fig_matched_scan.png
[ok     ] 05_mismatch_scan.png  <- generalization/fig_mismatch_scan.png
[ok     ] 06_size_scan.png  <- generalization/fig_size_scan.png
[ok     ] 07_raw_topology.png  <- generalization/fig_raw_topology.png
[ok     ] 08_case_low.png  <- generalization/figures/A_bc1.png
[ok     ] 09_case_high.png  <- generalization/figures/D_bc55.0237.png
[ok     ] 10_case_extrapolation.png  <- generalization/figures/F_L32_bc218.58.png
[ok     ] 11_case_L64.png  <- generalization/figures/F_L64_bc55.0237.png
[ok     ] 12_timescales.png  <- thermalization/timescales.png
[ok     ] 13_beta_scan.png  <- thermalization/beta_scan.png
[ok     ] 14_relaxation_mid.png  <- thermalization/L32_beta55.0237/D_bc14.1464_L32_beta55.0237_relaxation.png
[ok     ] 15_relaxation_high.png  <- thermalization/L32_beta218.58/D_bc55.0237_L32_beta218.58_relaxation.png
[ok     ] 16_autocorrelation_modes.png  <- thermalization/autocorrelation_modes.png
[script ] 17_headtohead_cost.png  <- u1_2d/scripts/17_appendix_figures.py
[script ] 18_entry_cost.png  <- u1_2d/scripts/17_appendix_figures.py
[script ] 19_ess_weights.png  <- u1_2d/scripts/17_appendix_figures.py
[ok     ] 20_mismatch_exact_sectors.png  <- generalization_exact_sectors/fig_mismatch_scan.png
[ok     ] 21_pq_tail_mismatch.png  <- pq_hmc_tail/B_bt6_pq_tail.png
[ok     ] 22_pq_tail_L64.png  <- pq_hmc_tail/C_L64_pq_tail.png
[script ] 23_ess_progress.png  <- u1_2d/scripts/23_ess_progress_figures.py
[script ] 24_proposal_sweep.png  <- u1_2d/scripts/23_ess_progress_figures.py
[script ] 25_finetune_dynamics.png  <- u1_2d/scripts/23_ess_progress_figures.py
[script ] 26_three_way.png  <- u1_2d/scripts/26_final_results_figures.py
[script ] 27_program_optimum.png  <- u1_2d/scripts/26_final_results_figures.py

wrote out\u1_2d\paper_appendix\figures\MANIFEST.md

27 figures tracked; 0 stale, 0 missing, 0 untracked on disk

figure directory is consistent
[2026-08-07 22:47:28] STAGE_ASSEMBLE_DONE (0.1 min)
[2026-08-07 22:47:28] PHASE3_DONE_WITH_ERRORS: ['FIG_23', 'FIG_26']
======== exit code 0 at Fri 08/07/2026 22:47:28.56 ======== 
