 
======== launch Fri 08/07/2026 23:07:41.34 ======== 
[2026-08-07 23:07:41] PHASE4_START
[2026-08-07 23:07:41] STAGE_V3_DATA_START: 8 shards
device: cpu | torch 2.11.0+cu128 | 1 threads
device: cpu | torch 2.11.0+cu128 | 1 threadsdevice: cpu | torch 2.11.0+cu128 | 1 threads

shard 0/8: 14 rungs
shard 1/8: 14 rungs
shard 2/8: 14 rungsskip existing out\u1_2d\data\wilson_L16_beta14.1464.pt

skip existing out\u1_2d\data\wilson_L16_beta25.pt
skip existing out\u1_2d\data\wilson_L16_beta40.pt
skip existing out\u1_2d\data\wilson_L16_beta1.7484.pt
skip existing out\u1_2d\data\wilson_L16_beta1.8367.pt
skip existing out\u1_2d\data\wilson_L16_beta1.2749.ptskip existing out\u1_2d\data\wilson_L16_beta2.3046.pt
skip existing out\u1_2d\data\wilson_L16_beta2.3454.pt

skip existing out\u1_2d\data\wilson_L16_beta2.2983.pt
skip existing out\u1_2d\data\wilson_L16_beta3.4006.ptskip existing out\u1_2d\data\wilson_L16_beta3.7225.pt
skip existing out\u1_2d\data\wilson_L16_beta3.6231.pt

skip existing out\u1_2d\data\wilson_L16_beta6.4184.ptskip existing out\u1_2d\data\wilson_L16_beta6.8771.pt

skip existing out\u1_2d\data\wilson_L16_beta8.3946.pt
skip existing out\u1_2d\data\wilson_L16_beta10.2188.pt
skip existing out\u1_2d\data\wilson_L16_beta11.8501.pt
skip existing out\u1_2d\data\wilson_L16_beta19.403.pt
skip existing out\u1_2d\data\wilson_L16_beta11.8784.ptskip existing out\u1_2d\data\wilson_L16_beta20.2412.ptskip existing out\u1_2d\data\wilson_L16_beta34.3422.pt


skip existing out\u1_2d\data\wilson_L32_beta2.1926.pt
skip existing out\u1_2d\data\wilson_L16_beta38.5957.pt
skip existing out\u1_2d\data\wilson_L32_beta14.1441.pt
skip existing out\u1_2d\data\wilson_L16_beta21.8857.ptskip existing out\u1_2d\data\wilson_L32_beta2.4697.pt
skip existing out\u1_2d\data\wilson_L8_beta2.4006.pt

skip existing out\u1_2d\data\wilson_L32_beta18.0708.pt
skip existing out\u1_2d\data\wilson_L8_beta2.4786.pt
skip existing out\u1_2d\data\wilson_L16_beta39.6475.pt
generating out\u1_2d\data\wilson_L32_beta5.2987.pt ...
generating out\u1_2d\data\wilson_L32_beta5.7905.pt ...
skip existing out\u1_2d\data\wilson_L32_beta2.8622.pt
skip existing out\u1_2d\data\wilson_L32_beta18.6487.pt
generating out\u1_2d\data\wilson_L32_beta2.0799.pt ...
device: cpu | torch 2.11.0+cu128 | 1 threads
shard 3/8: 13 rungs
skip existing out\u1_2d\data\wilson_L16_beta55.0237.pt
skip existing out\u1_2d\data\wilson_L16_beta1.8781.pt
skip existing out\u1_2d\data\wilson_L16_beta2.7647.pt
skip existing out\u1_2d\data\wilson_L16_beta4.0764.pt
skip existing out\u1_2d\data\wilson_L16_beta8.4548.pt
skip existing out\u1_2d\data\wilson_L16_beta12.9259.pt
skip existing out\u1_2d\data\wilson_L16_beta27.0442.pt
skip existing out\u1_2d\data\wilson_L16_beta47.0386.pt
skip existing out\u1_2d\data\wilson_L32_beta4.994.pt
skip existing out\u1_2d\data\wilson_L32_beta52.6284.pt
generating out\u1_2d\data\wilson_L32_beta2.4378.pt ...
device: cpu | torch 2.11.0+cu128 | 1 threads
shard 4/8: 13 rungs
skip existing out\u1_2d\data\wilson_L16_beta1.0119.pt
skip existing out\u1_2d\data\wilson_L16_beta2.122.pt
skip existing out\u1_2d\data\wilson_L16_beta3.1518.pt
skip existing out\u1_2d\data\wilson_L16_beta4.7323.pt
skip existing out\u1_2d\data\wilson_L16_beta8.7139.pt
skip existing out\u1_2d\data\wilson_L16_beta14.4687.pt
skip existing out\u1_2d\data\wilson_L16_beta27.3387.pt
skip existing out\u1_2d\data\wilson_L16_beta47.4228.pt
skip existing out\u1_2d\data\wilson_L32_beta8.069.pt
skip existing out\u1_2d\data\wilson_L8_beta1.4347.pt
generating out\u1_2d\data\wilson_L32_beta2.5092.pt ...
device: cpu | torch 2.11.0+cu128 | 1 threads
shard 5/8: 13 rungs
skip existing out\u1_2d\data\wilson_L16_beta1.0397.pt
skip existing out\u1_2d\data\wilson_L16_beta2.1285.pt
skip existing out\u1_2d\data\wilson_L16_beta3.1669.pt
skip existing out\u1_2d\data\wilson_L16_beta4.7632.pt
skip existing out\u1_2d\data\wilson_L16_beta9.287.pt
skip existing out\u1_2d\data\wilson_L16_beta15.5366.pt
skip existing out\u1_2d\data\wilson_L16_beta27.7875.pt
skip existing out\u1_2d\data\wilson_L16_beta54.11.pt
skip existing out\u1_2d\data\wilson_L32_beta11.2015.pt
skip existing out\u1_2d\data\wilson_L8_beta1.4977.pt
generating out\u1_2d\data\wilson_L32_beta4.0939.pt ...
device: cpu | torch 2.11.0+cu128 | 1 threads
shard 6/8: 13 rungs
skip existing out\u1_2d\data\wilson_L16_beta1.0743.pt
skip existing out\u1_2d\data\wilson_L16_beta2.1757.pt
skip existing out\u1_2d\data\wilson_L16_beta3.2922.pt
skip existing out\u1_2d\data\wilson_L16_beta5.586.pt
skip existing out\u1_2d\data\wilson_L16_beta9.571.pt
skip existing out\u1_2d\data\wilson_L16_beta17.502.pt
skip existing out\u1_2d\data\wilson_L16_beta30.5978.pt
skip existing out\u1_2d\data\wilson_L16_beta56.1944.pt
skip existing out\u1_2d\data\wilson_L32_beta12.3504.pt
skip existing out\u1_2d\data\wilson_L8_beta1.7872.pt
generating out\u1_2d\data\wilson_L32_beta4.2586.pt ...
device: cpu | torch 2.11.0+cu128 | 1 threads
shard 7/8: 13 rungs
skip existing out\u1_2d\data\wilson_L16_beta1.2464.pt
skip existing out\u1_2d\data\wilson_L16_beta2.1862.pt
skip existing out\u1_2d\data\wilson_L16_beta3.3842.pt
skip existing out\u1_2d\data\wilson_L16_beta6.2411.pt
skip existing out\u1_2d\data\wilson_L16_beta9.8499.pt
skip existing out\u1_2d\data\wilson_L16_beta17.7602.pt
skip existing out\u1_2d\data\wilson_L16_beta33.325.pt
skip existing out\u1_2d\data\wilson_L16_beta57.2189.pt
skip existing out\u1_2d\data\wilson_L32_beta12.688.pt
skip existing out\u1_2d\data\wilson_L8_beta1.9783.pt
generating out\u1_2d\data\wilson_L32_beta4.2761.pt ...
  L=32 beta=2.5092: 128 configs, acceptance 0.963, hot start, burn-in 200, 8s
  L=32 beta=2.4378: 128 configs, acceptance 0.952, hot start, burn-in 200, 8s
  L=32 beta=4.2586: 128 configs, acceptance 0.964, hot start, burn-in 200, 6s
  matched coarse beta: 0.7417 (tree level 0.6273)
generating out\u1_2d\data\wilson_L32_beta8.9764.pt ...
  matched coarse beta: 0.7194 (tree level 0.60945)
generating out\u1_2d\data\wilson_L32_beta8.7467.pt ...
  matched coarse beta: 1.4299 (tree level 1.06465)
generating out\u1_2d\data\wilson_L32_beta9.5767.pt ...
  L=32 beta=4.0939: 128 configs, acceptance 0.953, hot start, burn-in 200, 7s
  matched coarse beta: 1.3634 (tree level 1.02347)
generating out\u1_2d\data\wilson_L32_beta9.3874.pt ...
  L=32 beta=2.0799: 128 configs, acceptance 0.969, hot start, burn-in 200, 9s
  matched coarse beta: 0.5360 (tree level 0.519975)
generating out\u1_2d\data\wilson_L32_beta6.1747.pt ...
  L=32 beta=4.2761: 128 configs, acceptance 0.953, hot start, burn-in 200, 7s
  matched coarse beta: 1.4216 (tree level 1.06902)
generating out\u1_2d\data\wilson_L32_beta9.6729.pt ...
  L=32 beta=5.2987: 128 configs, acceptance 0.970, cold start, burn-in 600, 21s
  matched coarse beta: 1.7699 (tree level 1.32468)
generating out\u1_2d\data\wilson_L32_beta10.8745.pt ...
  L=32 beta=5.7905: 128 configs, acceptance 0.973, cold start, burn-in 600, 21s
  matched coarse beta: 1.9286 (tree level 1.44762)
generating out\u1_2d\data\wilson_L32_beta11.9792.pt ...
  L=32 beta=6.1747: 128 configs, acceptance 0.970, cold start, burn-in 600, 17s
  matched coarse beta: 1.9920 (tree level 1.54367)
generating out\u1_2d\data\wilson_L32_beta25.9011.pt ...
  L=32 beta=8.9764: 128 configs, acceptance 0.967, cold start, burn-in 600, 20s
  matched coarse beta: 2.7280 (tree level 2.2441)
generating out\u1_2d\data\wilson_L32_beta31.4382.pt ...
  L=32 beta=8.7467: 128 configs, acceptance 0.972, cold start, burn-in 600, 20s
  matched coarse beta: 2.6692 (tree level 2.18668)
generating out\u1_2d\data\wilson_L32_beta30.6638.pt ...
  L=32 beta=9.5767: 128 configs, acceptance 0.977, cold start, burn-in 600, 22s
  matched coarse beta: 2.8764 (tree level 2.39418)
generating out\u1_2d\data\wilson_L32_beta43.8647.pt ...
  L=32 beta=9.3874: 128 configs, acceptance 0.978, cold start, burn-in 600, 22s
  matched coarse beta: 2.8376 (tree level 2.34685)
generating out\u1_2d\data\wilson_L32_beta40.9956.pt ...
  L=32 beta=9.6729: 128 configs, acceptance 0.973, cold start, burn-in 600, 22s
  matched coarse beta: 2.9024 (tree level 2.41823)
generating out\u1_2d\data\wilson_L32_beta44.3339.pt ...
  L=32 beta=10.8745: 128 configs, acceptance 0.980, cold start, burn-in 600, 22s
  matched coarse beta: 3.2444 (tree level 2.71862)
generating out\u1_2d\data\wilson_L32_beta44.5075.pt ...
  L=32 beta=11.9792: 128 configs, acceptance 0.983, cold start, burn-in 600, 24s
  matched coarse beta: 3.4436 (tree level 2.9948)
generating out\u1_2d\data\wilson_L32_beta50.1987.pt ...
  L=32 beta=25.9011: 128 configs, acceptance 0.978, cold start, burn-in 2000, 94s
  matched coarse beta: 7.0636 (tree level 6.47527)
skip existing out\u1_2d\data\wilson_L16_beta20.pt
wrote matching.shard2.json (3 entries)
  L=32 beta=31.4382: 128 configs, acceptance 0.981, cold start, burn-in 2000, 99s
  matched coarse beta: 8.3331 (tree level 7.85955)
wrote matching.shard4.json (3 entries)
  L=32 beta=30.6638: 128 configs, acceptance 0.983, cold start, burn-in 2000, 100s
  matched coarse beta: 8.0962 (tree level 7.66595)
wrote matching.shard3.json (3 entries)
  L=32 beta=40.9956: 128 configs, acceptance 0.977, cold start, burn-in 2000, 112s
  matched coarse beta: 10.5312 (tree level 10.2489)
wrote matching.shard5.json (3 entries)
  L=32 beta=43.8647: 128 configs, acceptance 0.975, cold start, burn-in 2000, 118s
  matched coarse beta: 11.2671 (tree level 10.9662)
wrote matching.shard6.json (3 entries)
  L=32 beta=44.3339: 128 configs, acceptance 0.973, cold start, burn-in 2000, 117s
  matched coarse beta: 11.3744 (tree level 11.0835)
wrote matching.shard7.json (3 entries)
  L=32 beta=44.5075: 128 configs, acceptance 0.973, cold start, burn-in 2000, 115s
  matched coarse beta: 11.5550 (tree level 11.1269)
wrote matching.shard0.json (3 entries)
  L=32 beta=50.1987: 128 configs, acceptance 0.969, cold start, burn-in 2000, 118s
  matched coarse beta: 13.2601 (tree level 12.5497)
wrote matching.shard1.json (3 entries)
device: cpu | torch 2.11.0+cu128 | 1 threads
skip existing out\u1_2d\data\wilson_L16_beta14.1464.pt
skip existing out\u1_2d\data\wilson_L16_beta25.pt
skip existing out\u1_2d\data\wilson_L16_beta40.pt
skip existing out\u1_2d\data\wilson_L16_beta55.0237.pt
skip existing out\u1_2d\data\wilson_L16_beta1.0119.pt
skip existing out\u1_2d\data\wilson_L16_beta1.0397.pt
skip existing out\u1_2d\data\wilson_L16_beta1.0743.pt
skip existing out\u1_2d\data\wilson_L16_beta1.2464.pt
skip existing out\u1_2d\data\wilson_L16_beta1.2749.pt
skip existing out\u1_2d\data\wilson_L16_beta1.7484.pt
skip existing out\u1_2d\data\wilson_L16_beta1.8367.pt
skip existing out\u1_2d\data\wilson_L16_beta1.8781.pt
skip existing out\u1_2d\data\wilson_L16_beta2.122.pt
skip existing out\u1_2d\data\wilson_L16_beta2.1285.pt
skip existing out\u1_2d\data\wilson_L16_beta2.1757.pt
skip existing out\u1_2d\data\wilson_L16_beta2.1862.pt
skip existing out\u1_2d\data\wilson_L16_beta2.2983.pt
skip existing out\u1_2d\data\wilson_L16_beta2.3046.pt
skip existing out\u1_2d\data\wilson_L16_beta2.3454.pt
skip existing out\u1_2d\data\wilson_L16_beta2.7647.pt
skip existing out\u1_2d\data\wilson_L16_beta3.1518.pt
skip existing out\u1_2d\data\wilson_L16_beta3.1669.pt
skip existing out\u1_2d\data\wilson_L16_beta3.2922.pt
skip existing out\u1_2d\data\wilson_L16_beta3.3842.pt
skip existing out\u1_2d\data\wilson_L16_beta3.4006.pt
skip existing out\u1_2d\data\wilson_L16_beta3.6231.pt
skip existing out\u1_2d\data\wilson_L16_beta3.7225.pt
skip existing out\u1_2d\data\wilson_L16_beta4.0764.pt
skip existing out\u1_2d\data\wilson_L16_beta4.7323.pt
skip existing out\u1_2d\data\wilson_L16_beta4.7632.pt
skip existing out\u1_2d\data\wilson_L16_beta5.586.pt
skip existing out\u1_2d\data\wilson_L16_beta6.2411.pt
skip existing out\u1_2d\data\wilson_L16_beta6.4184.pt
skip existing out\u1_2d\data\wilson_L16_beta6.8771.pt
skip existing out\u1_2d\data\wilson_L16_beta8.3946.pt
skip existing out\u1_2d\data\wilson_L16_beta8.4548.pt
skip existing out\u1_2d\data\wilson_L16_beta8.7139.pt
skip existing out\u1_2d\data\wilson_L16_beta9.287.pt
skip existing out\u1_2d\data\wilson_L16_beta9.571.pt
skip existing out\u1_2d\data\wilson_L16_beta9.8499.pt
skip existing out\u1_2d\data\wilson_L16_beta10.2188.pt
skip existing out\u1_2d\data\wilson_L16_beta11.8501.pt
skip existing out\u1_2d\data\wilson_L16_beta11.8784.pt
skip existing out\u1_2d\data\wilson_L16_beta12.9259.pt
skip existing out\u1_2d\data\wilson_L16_beta14.4687.pt
skip existing out\u1_2d\data\wilson_L16_beta15.5366.pt
skip existing out\u1_2d\data\wilson_L16_beta17.502.pt
skip existing out\u1_2d\data\wilson_L16_beta17.7602.pt
skip existing out\u1_2d\data\wilson_L16_beta19.403.pt
skip existing out\u1_2d\data\wilson_L16_beta20.2412.pt
skip existing out\u1_2d\data\wilson_L16_beta21.8857.pt
skip existing out\u1_2d\data\wilson_L16_beta27.0442.pt
skip existing out\u1_2d\data\wilson_L16_beta27.3387.pt
skip existing out\u1_2d\data\wilson_L16_beta27.7875.pt
skip existing out\u1_2d\data\wilson_L16_beta30.5978.pt
skip existing out\u1_2d\data\wilson_L16_beta33.325.pt
skip existing out\u1_2d\data\wilson_L16_beta34.3422.pt
skip existing out\u1_2d\data\wilson_L16_beta38.5957.pt
skip existing out\u1_2d\data\wilson_L16_beta39.6475.pt
skip existing out\u1_2d\data\wilson_L16_beta47.0386.pt
skip existing out\u1_2d\data\wilson_L16_beta47.4228.pt
skip existing out\u1_2d\data\wilson_L16_beta54.11.pt
skip existing out\u1_2d\data\wilson_L16_beta56.1944.pt
skip existing out\u1_2d\data\wilson_L16_beta57.2189.pt
skip existing out\u1_2d\data\wilson_L32_beta2.1926.pt
skip existing out\u1_2d\data\wilson_L32_beta2.4697.pt
skip existing out\u1_2d\data\wilson_L32_beta2.8622.pt
skip existing out\u1_2d\data\wilson_L32_beta4.994.pt
skip existing out\u1_2d\data\wilson_L32_beta8.069.pt
skip existing out\u1_2d\data\wilson_L32_beta11.2015.pt
skip existing out\u1_2d\data\wilson_L32_beta12.3504.pt
skip existing out\u1_2d\data\wilson_L32_beta12.688.pt
skip existing out\u1_2d\data\wilson_L32_beta14.1441.pt
skip existing out\u1_2d\data\wilson_L32_beta18.0708.pt
skip existing out\u1_2d\data\wilson_L32_beta18.6487.pt
skip existing out\u1_2d\data\wilson_L32_beta52.6284.pt
skip existing out\u1_2d\data\wilson_L8_beta1.4347.pt
skip existing out\u1_2d\data\wilson_L8_beta1.4977.pt
skip existing out\u1_2d\data\wilson_L8_beta1.7872.pt
skip existing out\u1_2d\data\wilson_L8_beta1.9783.pt
skip existing out\u1_2d\data\wilson_L8_beta2.4006.pt
skip existing out\u1_2d\data\wilson_L8_beta2.4786.pt
skip existing out\u1_2d\data\wilson_L32_beta2.0799.pt
skip existing out\u1_2d\data\wilson_L32_beta2.4378.pt
skip existing out\u1_2d\data\wilson_L32_beta2.5092.pt
skip existing out\u1_2d\data\wilson_L32_beta4.0939.pt
skip existing out\u1_2d\data\wilson_L32_beta4.2586.pt
skip existing out\u1_2d\data\wilson_L32_beta4.2761.pt
skip existing out\u1_2d\data\wilson_L32_beta5.2987.pt
skip existing out\u1_2d\data\wilson_L32_beta5.7905.pt
skip existing out\u1_2d\data\wilson_L32_beta6.1747.pt
skip existing out\u1_2d\data\wilson_L32_beta8.7467.pt
skip existing out\u1_2d\data\wilson_L32_beta8.9764.pt
skip existing out\u1_2d\data\wilson_L32_beta9.3874.pt
skip existing out\u1_2d\data\wilson_L32_beta9.5767.pt
skip existing out\u1_2d\data\wilson_L32_beta9.6729.pt
skip existing out\u1_2d\data\wilson_L32_beta10.8745.pt
skip existing out\u1_2d\data\wilson_L32_beta11.9792.pt
skip existing out\u1_2d\data\wilson_L32_beta25.9011.pt
skip existing out\u1_2d\data\wilson_L32_beta30.6638.pt
skip existing out\u1_2d\data\wilson_L32_beta31.4382.pt
skip existing out\u1_2d\data\wilson_L32_beta40.9956.pt
skip existing out\u1_2d\data\wilson_L32_beta43.8647.pt
skip existing out\u1_2d\data\wilson_L32_beta44.3339.pt
skip existing out\u1_2d\data\wilson_L32_beta44.5075.pt
skip existing out\u1_2d\data\wilson_L32_beta50.1987.pt
skip existing out\u1_2d\data\wilson_L16_beta20.pt
merged matching.shard0.json
merged matching.shard1.json
merged matching.shard2.json
merged matching.shard3.json
merged matching.shard4.json
merged matching.shard5.json
merged matching.shard6.json
merged matching.shard7.json
wrote out\u1_2d\data\matching.json (54 entries, 24 new)
[2026-08-07 23:10:39] STAGE_V3_DATA_DONE (3.0 min)
[2026-08-07 23:10:39] STAGE_RKL2_START
pool 16:14.1464: 320 coarse @ beta_c=4.000 (8s)
pool 16:55.0237: 320 coarse @ beta_c=14.146 (27s)
pool 32:55.0237: 192 coarse @ beta_c=14.146 (27s)
pool 32:218.58: 128 coarse @ beta_c=55.024 (190s)
{"step": 0, "16:14.1464": {"ess": 0.06657647341489792, "log_w_std": 17.136964797973633, "mean_Q": -0.34375, "mean_Q2": 1.46875}, "16:55.0237": {"ess": 0.03215073049068451, "log_w_std": 22.57838249206543, "mean_Q": -0.28125, "mean_Q2": 0.46875}, "32:55.0237": {"ess": 0.0625, "log_w_std": 51.98932647705078, "mean_Q": -0.4375, "mean_Q2": 1.6875}, "monitors": {"32:218.58": {"ess": 0.06329119205474854, "log_w_std": 129.4962921142578, "mean_Q": -1.5625, "mean_Q2": 5.1875}}, "mean_train_ess": 0.05374240130186081}
C:\Users\ompan\Desktop\Lattice QCD\inverse_rg_testing\u1_2d\scripts\22_multicase_rkl.py:253: UserWarning: Converting a tensor with requires_grad=True to a scalar may lead to unexpected behavior.
Consider using tensor.detach() first. (Triggered internally at C:\actions-runner\_work\pytorch\pytorch\pytorch\torch\csrc\autograd\generated\python_variable_methods.cpp:837.)
  "loss_rkl_per_dof": float(loss_rkl),
{"step": 1, "case": "16:14.1464", "loss_rkl_per_dof": -6.812780380249023, "loss_dsm": 0.4593856632709503, "seconds": 7.1}
{"step": 2, "case": "16:55.0237", "loss_rkl_per_dof": -26.991374969482422, "loss_dsm": 0.5714781284332275, "seconds": 6.1}
{"step": 3, "case": "32:55.0237", "loss_rkl_per_dof": -26.960111618041992, "loss_dsm": 0.5951360464096069, "seconds": 6.9}
{"step": 4, "case": "16:14.1464", "loss_rkl_per_dof": -6.848876476287842, "loss_dsm": 0.526657223701477, "seconds": 6.7}
{"step": 5, "case": "16:55.0237", "loss_rkl_per_dof": -26.973634719848633, "loss_dsm": 0.5119089484214783, "seconds": 6.1}
{"step": 6, "case": "32:55.0237", "loss_rkl_per_dof": -26.947956085205078, "loss_dsm": 0.7098864912986755, "seconds": 6.2}
{"step": 7, "case": "16:14.1464", "loss_rkl_per_dof": -6.852512359619141, "loss_dsm": 0.5764323472976685, "seconds": 6.5}
{"step": 8, "case": "16:55.0237", "loss_rkl_per_dof": -26.9072265625, "loss_dsm": 0.6701225638389587, "seconds": 6.5}
{"step": 9, "case": "32:55.0237", "loss_rkl_per_dof": -26.91101837158203, "loss_dsm": 0.7702960968017578, "seconds": 6.3}
{"step": 10, "case": "16:14.1464", "loss_rkl_per_dof": -6.84370756149292, "loss_dsm": 0.6526644229888916, "seconds": 6.0}
{"step": 11, "case": "16:55.0237", "loss_rkl_per_dof": -26.95410919189453, "loss_dsm": 0.599593460559845, "seconds": 6.7}
{"step": 12, "case": "32:55.0237", "loss_rkl_per_dof": -26.974464416503906, "loss_dsm": 0.6805599927902222, "seconds": 6.7}
{"step": 13, "case": "16:14.1464", "loss_rkl_per_dof": -6.84567928314209, "loss_dsm": 0.5230175256729126, "seconds": 6.4}
{"step": 14, "case": "16:55.0237", "loss_rkl_per_dof": -26.989116668701172, "loss_dsm": 0.4214738607406616, "seconds": 6.6}
{"step": 15, "case": "32:55.0237", "loss_rkl_per_dof": -26.913986206054688, "loss_dsm": 0.5943002700805664, "seconds": 7.0}
{"step": 16, "case": "16:14.1464", "loss_rkl_per_dof": -6.855551719665527, "loss_dsm": 0.6563324928283691, "seconds": 6.1}
{"step": 17, "case": "16:55.0237", "loss_rkl_per_dof": -26.971607208251953, "loss_dsm": 0.5596585273742676, "seconds": 6.2}
{"step": 18, "case": "32:55.0237", "loss_rkl_per_dof": -26.97003173828125, "loss_dsm": 0.6260236501693726, "seconds": 6.6}
{"step": 19, "case": "16:14.1464", "loss_rkl_per_dof": -6.869258880615234, "loss_dsm": 0.5642966032028198, "seconds": 6.8}
{"step": 20, "case": "16:55.0237", "loss_rkl_per_dof": -26.993953704833984, "loss_dsm": 0.5766497850418091, "seconds": 6.3}
{"step": 21, "case": "32:55.0237", "loss_rkl_per_dof": -26.925308227539062, "loss_dsm": 0.7475680708885193, "seconds": 6.6}
{"step": 22, "case": "16:14.1464", "loss_rkl_per_dof": -6.898786544799805, "loss_dsm": 0.5077534914016724, "seconds": 6.6}
{"step": 23, "case": "16:55.0237", "loss_rkl_per_dof": -26.934595108032227, "loss_dsm": 0.47915711998939514, "seconds": 6.0}
{"step": 24, "case": "32:55.0237", "loss_rkl_per_dof": -26.968944549560547, "loss_dsm": 0.5752773284912109, "seconds": 5.8}
{"step": 25, "case": "16:14.1464", "loss_rkl_per_dof": -6.847195625305176, "loss_dsm": 0.5591427683830261, "seconds": 5.3}
{"step": 26, "case": "16:55.0237", "loss_rkl_per_dof": -26.9460506439209, "loss_dsm": 0.6248615980148315, "seconds": 6.1}
{"step": 27, "case": "32:55.0237", "loss_rkl_per_dof": -26.95337677001953, "loss_dsm": 0.6436957120895386, "seconds": 5.8}
{"step": 28, "case": "16:14.1464", "loss_rkl_per_dof": -6.8562517166137695, "loss_dsm": 0.5716665983200073, "seconds": 5.9}
{"step": 29, "case": "16:55.0237", "loss_rkl_per_dof": -26.99976348876953, "loss_dsm": 0.48364973068237305, "seconds": 5.7}
{"step": 30, "case": "32:55.0237", "loss_rkl_per_dof": -26.994998931884766, "loss_dsm": 0.6011988520622253, "seconds": 6.4}
{"step": 31, "case": "16:14.1464", "loss_rkl_per_dof": -6.899406433105469, "loss_dsm": 0.6139441728591919, "seconds": 6.1}
{"step": 32, "case": "16:55.0237", "loss_rkl_per_dof": -26.946823120117188, "loss_dsm": 0.5966633558273315, "seconds": 5.9}
{"step": 33, "case": "32:55.0237", "loss_rkl_per_dof": -27.010034561157227, "loss_dsm": 0.6647675037384033, "seconds": 5.7}
{"step": 34, "case": "16:14.1464", "loss_rkl_per_dof": -6.904125690460205, "loss_dsm": 0.5883724689483643, "seconds": 6.5}
{"step": 35, "case": "16:55.0237", "loss_rkl_per_dof": -27.04473114013672, "loss_dsm": 0.48988908529281616, "seconds": 5.7}
{"step": 36, "case": "32:55.0237", "loss_rkl_per_dof": -26.97820281982422, "loss_dsm": 0.678774893283844, "seconds": 5.8}
{"step": 37, "case": "16:14.1464", "loss_rkl_per_dof": -6.84802770614624, "loss_dsm": 0.6584031581878662, "seconds": 5.8}
{"step": 38, "case": "16:55.0237", "loss_rkl_per_dof": -26.995620727539062, "loss_dsm": 0.47935283184051514, "seconds": 6.3}
{"step": 39, "case": "32:55.0237", "loss_rkl_per_dof": -26.990514755249023, "loss_dsm": 0.6701151132583618, "seconds": 5.7}
{"step": 40, "case": "16:14.1464", "loss_rkl_per_dof": -6.875548839569092, "loss_dsm": 0.5819730162620544, "seconds": 5.4}
{"step": 41, "case": "16:55.0237", "loss_rkl_per_dof": -27.00564956665039, "loss_dsm": 0.6016322374343872, "seconds": 5.7}
{"step": 42, "case": "32:55.0237", "loss_rkl_per_dof": -26.964622497558594, "loss_dsm": 0.598722517490387, "seconds": 6.3}
{"step": 43, "case": "16:14.1464", "loss_rkl_per_dof": -6.898920059204102, "loss_dsm": 0.6664586067199707, "seconds": 5.9}
{"step": 44, "case": "16:55.0237", "loss_rkl_per_dof": -27.000913619995117, "loss_dsm": 0.6038036346435547, "seconds": 5.8}
{"step": 45, "case": "32:55.0237", "loss_rkl_per_dof": -26.953235626220703, "loss_dsm": 0.6832847595214844, "seconds": 5.7}
{"step": 46, "case": "16:14.1464", "loss_rkl_per_dof": -6.904298782348633, "loss_dsm": 0.7236757278442383, "seconds": 6.2}
{"step": 47, "case": "16:55.0237", "loss_rkl_per_dof": -27.00476837158203, "loss_dsm": 0.6881208419799805, "seconds": 5.7}
{"step": 48, "case": "32:55.0237", "loss_rkl_per_dof": -27.00705337524414, "loss_dsm": 0.6483316421508789, "seconds": 5.5}
{"step": 49, "case": "16:14.1464", "loss_rkl_per_dof": -6.862273216247559, "loss_dsm": 0.7190282940864563, "seconds": 5.5}
{"step": 50, "case": "16:55.0237", "loss_rkl_per_dof": -27.021503448486328, "loss_dsm": 0.573239803314209, "seconds": 6.2, "16:14.1464": {"ess": 0.03125020116567612, "log_w_std": 24.36823844909668, "mean_Q": -0.40625, "mean_Q2": 1.21875}, "16:55.0237": {"ess": 0.03125031292438507, "log_w_std": 21.40851402282715, "mean_Q": -0.5, "mean_Q2": 1.3125}, "32:55.0237": {"ess": 0.06250765919685364, "log_w_std": 43.412044525146484, "mean_Q": -1.3125, "mean_Q2": 4.0625}, "monitors": {"32:218.58": {"ess": 0.0625, "log_w_std": 100.94896697998047, "mean_Q": -0.4375, "mean_Q2": 2.3125}}, "mean_train_ess": 0.041669391095638275}
{"step": 51, "case": "32:55.0237", "loss_rkl_per_dof": -26.98566436767578, "loss_dsm": 0.6279785633087158, "seconds": 6.3}
{"step": 52, "case": "16:14.1464", "loss_rkl_per_dof": -6.902766227722168, "loss_dsm": 0.6496020555496216, "seconds": 5.7}
{"step": 53, "case": "16:55.0237", "loss_rkl_per_dof": -27.061866760253906, "loss_dsm": 0.5788732767105103, "seconds": 5.8}
{"step": 54, "case": "32:55.0237", "loss_rkl_per_dof": -27.011606216430664, "loss_dsm": 0.5375590324401855, "seconds": 5.7}
{"step": 55, "case": "16:14.1464", "loss_rkl_per_dof": -6.935354232788086, "loss_dsm": 0.6050429344177246, "seconds": 6.0}
{"step": 56, "case": "16:55.0237", "loss_rkl_per_dof": -27.05455780029297, "loss_dsm": 0.6768028140068054, "seconds": 5.9}
{"step": 57, "case": "32:55.0237", "loss_rkl_per_dof": -27.046340942382812, "loss_dsm": 0.6402084827423096, "seconds": 5.9}
{"step": 58, "case": "16:14.1464", "loss_rkl_per_dof": -6.8970866203308105, "loss_dsm": 0.7374915480613708, "seconds": 5.5}
{"step": 59, "case": "16:55.0237", "loss_rkl_per_dof": -27.01636505126953, "loss_dsm": 0.6330634355545044, "seconds": 6.1}
{"step": 60, "case": "32:55.0237", "loss_rkl_per_dof": -27.05840301513672, "loss_dsm": 0.5835849046707153, "seconds": 6.2}
{"step": 61, "case": "16:14.1464", "loss_rkl_per_dof": -6.921114921569824, "loss_dsm": 0.6791426539421082, "seconds": 10677.4}
{"step": 62, "case": "16:55.0237", "loss_rkl_per_dof": -27.10291290283203, "loss_dsm": 0.5419316291809082, "seconds": 21274.5}
{"step": 63, "case": "32:55.0237", "loss_rkl_per_dof": -27.051956176757812, "loss_dsm": 0.6132782697677612, "seconds": 4.3}
{"step": 64, "case": "16:14.1464", "loss_rkl_per_dof": -6.930743217468262, "loss_dsm": 0.6488995552062988, "seconds": 5.7}
{"step": 65, "case": "16:55.0237", "loss_rkl_per_dof": -27.023357391357422, "loss_dsm": 0.639115571975708, "seconds": 4.8}
{"step": 66, "case": "32:55.0237", "loss_rkl_per_dof": -27.054908752441406, "loss_dsm": 0.5711460709571838, "seconds": 4.1}
{"step": 67, "case": "16:14.1464", "loss_rkl_per_dof": -6.898855209350586, "loss_dsm": 0.5135005116462708, "seconds": 4.4}
{"step": 68, "case": "16:55.0237", "loss_rkl_per_dof": -27.000802993774414, "loss_dsm": 0.6506324410438538, "seconds": 4.8}
{"step": 69, "case": "32:55.0237", "loss_rkl_per_dof": -26.994449615478516, "loss_dsm": 0.5625582337379456, "seconds": 3.8}
{"step": 70, "case": "16:14.1464", "loss_rkl_per_dof": -6.924690246582031, "loss_dsm": 0.5874107480049133, "seconds": 4.4}
{"step": 71, "case": "16:55.0237", "loss_rkl_per_dof": -27.044754028320312, "loss_dsm": 0.5520001649856567, "seconds": 3.8}
{"step": 72, "case": "32:55.0237", "loss_rkl_per_dof": -27.051000595092773, "loss_dsm": 0.6462393999099731, "seconds": 3.9}
{"step": 73, "case": "16:14.1464", "loss_rkl_per_dof": -6.888710975646973, "loss_dsm": 0.7132928967475891, "seconds": 3.6}
{"step": 74, "case": "16:55.0237", "loss_rkl_per_dof": -27.051837921142578, "loss_dsm": 0.7159419059753418, "seconds": 3.7}
{"step": 75, "case": "32:55.0237", "loss_rkl_per_dof": -27.04088592529297, "loss_dsm": 0.6160928010940552, "seconds": 3.8}
{"step": 76, "case": "16:14.1464", "loss_rkl_per_dof": -6.877562522888184, "loss_dsm": 0.6388894319534302, "seconds": 3.5}
{"step": 77, "case": "16:55.0237", "loss_rkl_per_dof": -27.028921127319336, "loss_dsm": 0.6859419345855713, "seconds": 3.4}
{"step": 78, "case": "32:55.0237", "loss_rkl_per_dof": -26.99744987487793, "loss_dsm": 0.6878719329833984, "seconds": 3.9}
{"step": 79, "case": "16:14.1464", "loss_rkl_per_dof": -6.893937110900879, "loss_dsm": 0.5723019242286682, "seconds": 3.4}
{"step": 80, "case": "16:55.0237", "loss_rkl_per_dof": -26.98112678527832, "loss_dsm": 0.5918259024620056, "seconds": 3.6}
{"step": 81, "case": "32:55.0237", "loss_rkl_per_dof": -26.951284408569336, "loss_dsm": 0.6173298358917236, "seconds": 5.4}
{"step": 82, "case": "16:14.1464", "loss_rkl_per_dof": -6.912896156311035, "loss_dsm": 0.669207751750946, "seconds": 6.2}
{"step": 83, "case": "16:55.0237", "loss_rkl_per_dof": -26.91220474243164, "loss_dsm": 0.5627012252807617, "seconds": 5.9}
{"step": 84, "case": "32:55.0237", "loss_rkl_per_dof": -26.967464447021484, "loss_dsm": 0.6389387845993042, "seconds": 5.9}
{"step": 85, "case": "16:14.1464", "loss_rkl_per_dof": -6.866015434265137, "loss_dsm": 0.5250428915023804, "seconds": 5.9}
{"step": 86, "case": "16:55.0237", "loss_rkl_per_dof": -27.00574493408203, "loss_dsm": 0.6448671817779541, "seconds": 7.6}
{"step": 87, "case": "32:55.0237", "loss_rkl_per_dof": -26.952411651611328, "loss_dsm": 0.5745060443878174, "seconds": 6.7}
{"step": 88, "case": "16:14.1464", "loss_rkl_per_dof": -6.90266227722168, "loss_dsm": 0.711719274520874, "seconds": 6.8}
{"step": 89, "case": "16:55.0237", "loss_rkl_per_dof": -27.002288818359375, "loss_dsm": 0.6384910345077515, "seconds": 7.2}
{"step": 90, "case": "32:55.0237", "loss_rkl_per_dof": -26.99139404296875, "loss_dsm": 0.5612667202949524, "seconds": 7.0}
{"step": 91, "case": "16:14.1464", "loss_rkl_per_dof": -6.908663272857666, "loss_dsm": 0.7453969717025757, "seconds": 7.3}
{"step": 92, "case": "16:55.0237", "loss_rkl_per_dof": -26.97747230529785, "loss_dsm": 0.6438465118408203, "seconds": 7.1}
{"step": 93, "case": "32:55.0237", "loss_rkl_per_dof": -26.994688034057617, "loss_dsm": 0.6557825803756714, "seconds": 7.4}
{"step": 94, "case": "16:14.1464", "loss_rkl_per_dof": -6.940736770629883, "loss_dsm": 0.7281349897384644, "seconds": 6.6}
{"step": 95, "case": "16:55.0237", "loss_rkl_per_dof": -27.022855758666992, "loss_dsm": 0.7030696272850037, "seconds": 7.1}
{"step": 96, "case": "32:55.0237", "loss_rkl_per_dof": -27.03573226928711, "loss_dsm": 0.6279770135879517, "seconds": 6.7}
{"step": 97, "case": "16:14.1464", "loss_rkl_per_dof": -6.961539268493652, "loss_dsm": 0.5257992744445801, "seconds": 6.2}
{"step": 98, "case": "16:55.0237", "loss_rkl_per_dof": -27.02419090270996, "loss_dsm": 0.7432248592376709, "seconds": 6.2}
{"step": 99, "case": "32:55.0237", "loss_rkl_per_dof": -27.021982192993164, "loss_dsm": 0.8022465705871582, "seconds": 6.2}
{"step": 100, "case": "16:14.1464", "loss_rkl_per_dof": -6.943761348724365, "loss_dsm": 0.5899474620819092, "seconds": 6.5, "16:14.1464": {"ess": 0.06447821855545044, "log_w_std": 16.14378547668457, "mean_Q": -0.15625, "mean_Q2": 1.40625}, "16:55.0237": {"ess": 0.05948161706328392, "log_w_std": 16.017515182495117, "mean_Q": -0.03125, "mean_Q2": 0.96875}, "32:55.0237": {"ess": 0.06250014901161194, "log_w_std": 39.00503921508789, "mean_Q": -1.625, "mean_Q2": 8.375}, "monitors": {"32:218.58": {"ess": 0.0625, "log_w_std": 245.31552124023438, "mean_Q": -1.4375, "mean_Q2": 4.3125}}, "mean_train_ess": 0.06215332821011543, "monitor_guard_blocked": ["32:218.58"]}
{"step": 101, "case": "16:55.0237", "loss_rkl_per_dof": -27.103593826293945, "loss_dsm": 0.5807220935821533, "seconds": 7.7}
{"step": 102, "case": "32:55.0237", "loss_rkl_per_dof": -27.045913696289062, "loss_dsm": 0.6541735529899597, "seconds": 6.4}
{"step": 103, "case": "16:14.1464", "loss_rkl_per_dof": -6.9024658203125, "loss_dsm": 0.6248042583465576, "seconds": 6.2}
{"step": 104, "case": "16:55.0237", "loss_rkl_per_dof": -27.08864974975586, "loss_dsm": 0.6520423889160156, "seconds": 6.8}
{"step": 105, "case": "32:55.0237", "loss_rkl_per_dof": -27.06182098388672, "loss_dsm": 0.6259360313415527, "seconds": 6.6}
{"step": 106, "case": "16:14.1464", "loss_rkl_per_dof": -6.900260925292969, "loss_dsm": 0.576877236366272, "seconds": 6.0}
{"step": 107, "case": "16:55.0237", "loss_rkl_per_dof": -27.058002471923828, "loss_dsm": 0.6421680450439453, "seconds": 5.9}
{"step": 108, "case": "32:55.0237", "loss_rkl_per_dof": -27.111835479736328, "loss_dsm": 0.6181371808052063, "seconds": 6.1}
{"step": 109, "case": "16:14.1464", "loss_rkl_per_dof": -6.9494242668151855, "loss_dsm": 0.5441845059394836, "seconds": 7.7}
{"step": 110, "case": "16:55.0237", "loss_rkl_per_dof": -26.97646713256836, "loss_dsm": 0.6041280031204224, "seconds": 6.8}
{"step": 111, "case": "32:55.0237", "loss_rkl_per_dof": -27.08819580078125, "loss_dsm": 0.5841918587684631, "seconds": 6.8}
{"step": 112, "case": "16:14.1464", "loss_rkl_per_dof": -6.916987895965576, "loss_dsm": 0.38182371854782104, "seconds": 7.2}
{"step": 113, "case": "16:55.0237", "loss_rkl_per_dof": -27.065853118896484, "loss_dsm": 0.5624606013298035, "seconds": 7.4}
{"step": 114, "case": "32:55.0237", "loss_rkl_per_dof": -27.087623596191406, "loss_dsm": 0.5034272074699402, "seconds": 7.2}
{"step": 115, "case": "16:14.1464", "loss_rkl_per_dof": -6.939684867858887, "loss_dsm": 0.5920022130012512, "seconds": 6.5}
{"step": 116, "case": "16:55.0237", "loss_rkl_per_dof": -27.09427833557129, "loss_dsm": 0.5327306985855103, "seconds": 4.8}
{"step": 117, "case": "32:55.0237", "loss_rkl_per_dof": -27.10641860961914, "loss_dsm": 0.6722958087921143, "seconds": 6.5}
{"step": 118, "case": "16:14.1464", "loss_rkl_per_dof": -6.843658447265625, "loss_dsm": 0.5963892340660095, "seconds": 6.3}
{"step": 119, "case": "16:55.0237", "loss_rkl_per_dof": -27.11179542541504, "loss_dsm": 0.5450528264045715, "seconds": 6.2}
{"step": 120, "case": "32:55.0237", "loss_rkl_per_dof": -27.079729080200195, "loss_dsm": 0.6207054853439331, "seconds": 6.1}
{"step": 121, "case": "16:14.1464", "loss_rkl_per_dof": -6.956200122833252, "loss_dsm": 0.7418424487113953, "seconds": 6.5}
{"step": 122, "case": "16:55.0237", "loss_rkl_per_dof": -27.042659759521484, "loss_dsm": 0.4304589033126831, "seconds": 6.1}
{"step": 123, "case": "32:55.0237", "loss_rkl_per_dof": -27.067176818847656, "loss_dsm": 0.7284138202667236, "seconds": 6.8}
{"step": 124, "case": "16:14.1464", "loss_rkl_per_dof": -6.9447712898254395, "loss_dsm": 0.7098022699356079, "seconds": 6.4}
{"step": 125, "case": "16:55.0237", "loss_rkl_per_dof": -27.026004791259766, "loss_dsm": 0.7385895252227783, "seconds": 6.7}
{"step": 126, "case": "32:55.0237", "loss_rkl_per_dof": -27.071643829345703, "loss_dsm": 0.5825188159942627, "seconds": 6.4}
{"step": 127, "case": "16:14.1464", "loss_rkl_per_dof": -6.911826133728027, "loss_dsm": 0.7882694602012634, "seconds": 6.1}
{"step": 128, "case": "16:55.0237", "loss_rkl_per_dof": -26.98699378967285, "loss_dsm": 0.5789885520935059, "seconds": 7.2}
{"step": 129, "case": "32:55.0237", "loss_rkl_per_dof": -27.091663360595703, "loss_dsm": 0.7173125743865967, "seconds": 6.4}
{"step": 130, "case": "16:14.1464", "loss_rkl_per_dof": -6.932146072387695, "loss_dsm": 0.46446332335472107, "seconds": 6.1}
{"step": 131, "case": "16:55.0237", "loss_rkl_per_dof": -27.030929565429688, "loss_dsm": 0.4464276134967804, "seconds": 6.0}
{"step": 132, "case": "32:55.0237", "loss_rkl_per_dof": -27.042097091674805, "loss_dsm": 0.619216799736023, "seconds": 6.7}
{"step": 133, "case": "16:14.1464", "loss_rkl_per_dof": -6.945003509521484, "loss_dsm": 0.6906608939170837, "seconds": 5.3}
{"step": 134, "case": "16:55.0237", "loss_rkl_per_dof": -27.027088165283203, "loss_dsm": 0.7394684553146362, "seconds": 7.7}
{"step": 135, "case": "32:55.0237", "loss_rkl_per_dof": -27.12541389465332, "loss_dsm": 0.5160374641418457, "seconds": 7.3}
{"step": 136, "case": "16:14.1464", "loss_rkl_per_dof": -6.955677032470703, "loss_dsm": 0.6356059312820435, "seconds": 7.9}
{"step": 137, "case": "16:55.0237", "loss_rkl_per_dof": -27.085973739624023, "loss_dsm": 0.5941937565803528, "seconds": 7.5}
{"step": 138, "case": "32:55.0237", "loss_rkl_per_dof": -27.124481201171875, "loss_dsm": 0.5401949882507324, "seconds": 7.4}
{"step": 139, "case": "16:14.1464", "loss_rkl_per_dof": -6.930419921875, "loss_dsm": 0.5657939910888672, "seconds": 7.8}
{"step": 140, "case": "16:55.0237", "loss_rkl_per_dof": -27.115259170532227, "loss_dsm": 0.5891307592391968, "seconds": 7.1}
{"step": 141, "case": "32:55.0237", "loss_rkl_per_dof": -27.115894317626953, "loss_dsm": 0.6304876208305359, "seconds": 8.1}
{"step": 142, "case": "16:14.1464", "loss_rkl_per_dof": -6.936793804168701, "loss_dsm": 0.5746238231658936, "seconds": 7.2}
{"step": 143, "case": "16:55.0237", "loss_rkl_per_dof": -27.11349105834961, "loss_dsm": 0.6590319275856018, "seconds": 7.9}
{"step": 144, "case": "32:55.0237", "loss_rkl_per_dof": -27.103912353515625, "loss_dsm": 0.6339825391769409, "seconds": 8.2}
{"step": 145, "case": "16:14.1464", "loss_rkl_per_dof": -6.931283473968506, "loss_dsm": 0.6385625600814819, "seconds": 7.3}
{"step": 146, "case": "16:55.0237", "loss_rkl_per_dof": -27.109485626220703, "loss_dsm": 0.7182276248931885, "seconds": 8.2}
{"step": 147, "case": "32:55.0237", "loss_rkl_per_dof": -27.157066345214844, "loss_dsm": 0.628835916519165, "seconds": 7.4}
{"step": 148, "case": "16:14.1464", "loss_rkl_per_dof": -6.962555885314941, "loss_dsm": 0.5325257778167725, "seconds": 7.3}
{"step": 149, "case": "16:55.0237", "loss_rkl_per_dof": -27.15923500061035, "loss_dsm": 0.7419952154159546, "seconds": 7.6}
{"step": 150, "case": "32:55.0237", "loss_rkl_per_dof": -27.13791275024414, "loss_dsm": 0.6365882754325867, "seconds": 7.3, "16:14.1464": {"ess": 0.037063054740428925, "log_w_std": 16.732391357421875, "mean_Q": -0.03125, "mean_Q2": 1.40625}, "16:55.0237": {"ess": 0.031288992613554, "log_w_std": 50.247554779052734, "mean_Q": -0.03125, "mean_Q2": 0.90625}, "32:55.0237": {"ess": 0.06250670552253723, "log_w_std": 33.62588119506836, "mean_Q": 0.5625, "mean_Q2": 3.1875}, "monitors": {"32:218.58": {"ess": 0.0625, "log_w_std": 624.842041015625, "mean_Q": 1.25, "mean_Q2": 4.25}}, "mean_train_ess": 0.043619584292173386, "monitor_guard_blocked": ["32:218.58"]}
{"step": 151, "case": "16:14.1464", "loss_rkl_per_dof": -6.947795867919922, "loss_dsm": 0.515936017036438, "seconds": 6.7}
{"step": 152, "case": "16:55.0237", "loss_rkl_per_dof": -27.094158172607422, "loss_dsm": 0.5250339508056641, "seconds": 7.7}
{"step": 153, "case": "32:55.0237", "loss_rkl_per_dof": -27.130043029785156, "loss_dsm": 0.5598723888397217, "seconds": 7.2}
{"step": 154, "case": "16:14.1464", "loss_rkl_per_dof": -6.9618611335754395, "loss_dsm": 0.6725139617919922, "seconds": 8.4}
{"step": 155, "case": "16:55.0237", "loss_rkl_per_dof": -27.15486717224121, "loss_dsm": 0.5331109762191772, "seconds": 7.9}
{"step": 156, "case": "32:55.0237", "loss_rkl_per_dof": -27.168121337890625, "loss_dsm": 0.5768507122993469, "seconds": 8.3}
{"step": 157, "case": "16:14.1464", "loss_rkl_per_dof": -6.986212253570557, "loss_dsm": 0.6515063643455505, "seconds": 8.0}
{"step": 158, "case": "16:55.0237", "loss_rkl_per_dof": -27.1228084564209, "loss_dsm": 0.6427720189094543, "seconds": 7.4}
{"step": 159, "case": "32:55.0237", "loss_rkl_per_dof": -27.107683181762695, "loss_dsm": 0.5000458359718323, "seconds": 7.8}
{"step": 160, "case": "16:14.1464", "loss_rkl_per_dof": -6.905388355255127, "loss_dsm": 0.6417598724365234, "seconds": 7.0}
{"step": 161, "case": "16:55.0237", "loss_rkl_per_dof": -27.09488296508789, "loss_dsm": 0.6175307035446167, "seconds": 8.0}
{"step": 162, "case": "32:55.0237", "loss_rkl_per_dof": -27.135723114013672, "loss_dsm": 0.6541414260864258, "seconds": 7.5}
{"step": 163, "case": "16:14.1464", "loss_rkl_per_dof": -6.980986595153809, "loss_dsm": 0.7432212829589844, "seconds": 7.9}
{"step": 164, "case": "16:55.0237", "loss_rkl_per_dof": -27.096614837646484, "loss_dsm": 0.7321622371673584, "seconds": 7.5}
{"step": 165, "case": "32:55.0237", "loss_rkl_per_dof": -27.201412200927734, "loss_dsm": 0.5983519554138184, "seconds": 7.5}
{"step": 166, "case": "16:14.1464", "loss_rkl_per_dof": -6.983280181884766, "loss_dsm": 0.6942148804664612, "seconds": 7.6}
{"step": 167, "case": "16:55.0237", "loss_rkl_per_dof": -27.17055892944336, "loss_dsm": 0.6852403283119202, "seconds": 7.1}
{"step": 168, "case": "32:55.0237", "loss_rkl_per_dof": -27.156448364257812, "loss_dsm": 0.5751034617424011, "seconds": 8.1}
{"step": 169, "case": "16:14.1464", "loss_rkl_per_dof": -7.003611087799072, "loss_dsm": 0.6202037334442139, "seconds": 7.2}
{"step": 170, "case": "16:55.0237", "loss_rkl_per_dof": -27.166858673095703, "loss_dsm": 0.6592804193496704, "seconds": 7.8}
{"step": 171, "case": "32:55.0237", "loss_rkl_per_dof": -27.20144271850586, "loss_dsm": 0.5336164236068726, "seconds": 7.8}
{"step": 172, "case": "16:14.1464", "loss_rkl_per_dof": -6.92299222946167, "loss_dsm": 0.5792811512947083, "seconds": 8.0}
{"step": 173, "case": "16:55.0237", "loss_rkl_per_dof": -27.173843383789062, "loss_dsm": 0.5404453277587891, "seconds": 8.1}
{"step": 174, "case": "32:55.0237", "loss_rkl_per_dof": -27.12916374206543, "loss_dsm": 0.7274123430252075, "seconds": 7.2}
{"step": 175, "case": "16:14.1464", "loss_rkl_per_dof": -6.981826305389404, "loss_dsm": 0.601923942565918, "seconds": 8.0}
{"step": 176, "case": "16:55.0237", "loss_rkl_per_dof": -27.173608779907227, "loss_dsm": 0.6764659881591797, "seconds": 7.3}
{"step": 177, "case": "32:55.0237", "loss_rkl_per_dof": -27.187442779541016, "loss_dsm": 0.6236988306045532, "seconds": 7.8}
{"step": 178, "case": "16:14.1464", "loss_rkl_per_dof": -6.965526580810547, "loss_dsm": 0.6368117928504944, "seconds": 7.5}
{"step": 179, "case": "16:55.0237", "loss_rkl_per_dof": -27.184236526489258, "loss_dsm": 0.6298248767852783, "seconds": 7.5}
{"step": 180, "case": "32:55.0237", "loss_rkl_per_dof": -27.205886840820312, "loss_dsm": 0.5347673296928406, "seconds": 7.8}
{"step": 181, "case": "16:14.1464", "loss_rkl_per_dof": -6.954282760620117, "loss_dsm": 0.5700006484985352, "seconds": 7.5}
{"step": 182, "case": "16:55.0237", "loss_rkl_per_dof": -27.182313919067383, "loss_dsm": 0.7289048433303833, "seconds": 8.2}
{"step": 183, "case": "32:55.0237", "loss_rkl_per_dof": -27.16698455810547, "loss_dsm": 0.5972444415092468, "seconds": 7.6}
{"step": 184, "case": "16:14.1464", "loss_rkl_per_dof": -7.009624481201172, "loss_dsm": 0.656380295753479, "seconds": 7.9}
{"step": 185, "case": "16:55.0237", "loss_rkl_per_dof": -27.158416748046875, "loss_dsm": 0.5819433927536011, "seconds": 7.8}
{"step": 186, "case": "32:55.0237", "loss_rkl_per_dof": -27.17749786376953, "loss_dsm": 0.715620756149292, "seconds": 11.2}
{"step": 187, "case": "16:14.1464", "loss_rkl_per_dof": -6.939332008361816, "loss_dsm": 0.7244288921356201, "seconds": 1428.0}
{"step": 188, "case": "16:55.0237", "loss_rkl_per_dof": -27.162879943847656, "loss_dsm": 0.6232825517654419, "seconds": 7.6}
{"step": 189, "case": "32:55.0237", "loss_rkl_per_dof": -27.173789978027344, "loss_dsm": 0.6081961989402771, "seconds": 7.4}
{"step": 190, "case": "16:14.1464", "loss_rkl_per_dof": -6.959503650665283, "loss_dsm": 0.6167936325073242, "seconds": 6.4}
{"step": 191, "case": "16:55.0237", "loss_rkl_per_dof": -27.17032814025879, "loss_dsm": 0.5704818964004517, "seconds": 6.3}
{"step": 192, "case": "32:55.0237", "loss_rkl_per_dof": -27.15567398071289, "loss_dsm": 0.7280036211013794, "seconds": 6.0}
{"step": 193, "case": "16:14.1464", "loss_rkl_per_dof": -6.957333564758301, "loss_dsm": 0.7104787826538086, "seconds": 6.2}
{"step": 194, "case": "16:55.0237", "loss_rkl_per_dof": -27.154232025146484, "loss_dsm": 0.812764048576355, "seconds": 5.9}
{"step": 195, "case": "32:55.0237", "loss_rkl_per_dof": -27.224529266357422, "loss_dsm": 0.5853016972541809, "seconds": 5.8}
{"step": 196, "case": "16:14.1464", "loss_rkl_per_dof": -6.992847442626953, "loss_dsm": 0.5484579801559448, "seconds": 6.9}
{"step": 197, "case": "16:55.0237", "loss_rkl_per_dof": -27.122268676757812, "loss_dsm": 0.6077724099159241, "seconds": 7.1}
{"step": 198, "case": "32:55.0237", "loss_rkl_per_dof": -27.188581466674805, "loss_dsm": 0.7023519277572632, "seconds": 7.1}
{"step": 199, "case": "16:14.1464", "loss_rkl_per_dof": -6.948934555053711, "loss_dsm": 0.7725945115089417, "seconds": 6.4}
{"step": 200, "case": "16:55.0237", "loss_rkl_per_dof": -27.139694213867188, "loss_dsm": 0.5374315977096558, "seconds": 6.4, "16:14.1464": {"ess": 0.03125140070915222, "log_w_std": 19.50265884399414, "mean_Q": -0.1875, "mean_Q2": 1.6875}, "16:55.0237": {"ess": 0.03210288658738136, "log_w_std": 16.02007484436035, "mean_Q": -0.25, "mean_Q2": 1.875}, "32:55.0237": {"ess": 0.06253182888031006, "log_w_std": 34.63835906982422, "mean_Q": -0.5625, "mean_Q2": 4.4375}, "monitors": {"32:218.58": {"ess": 0.0625, "log_w_std": 282.8532409667969, "mean_Q": -0.1875, "mean_Q2": 4.8125}}, "mean_train_ess": 0.04196203872561455, "monitor_guard_blocked": ["32:218.58"]}
{"step": 201, "case": "32:55.0237", "loss_rkl_per_dof": -27.21914291381836, "loss_dsm": 0.6451131105422974, "seconds": 6.4}
{"step": 202, "case": "16:14.1464", "loss_rkl_per_dof": -6.986339569091797, "loss_dsm": 0.6100701689720154, "seconds": 6.7}
{"step": 203, "case": "16:55.0237", "loss_rkl_per_dof": -27.14711570739746, "loss_dsm": 0.475528746843338, "seconds": 6.6}
{"step": 204, "case": "32:55.0237", "loss_rkl_per_dof": -27.157405853271484, "loss_dsm": 0.6990438103675842, "seconds": 6.5}
{"step": 205, "case": "16:14.1464", "loss_rkl_per_dof": -6.973599433898926, "loss_dsm": 0.5369399785995483, "seconds": 6.6}
{"step": 206, "case": "16:55.0237", "loss_rkl_per_dof": -27.16403579711914, "loss_dsm": 0.5650843977928162, "seconds": 6.1}
{"step": 207, "case": "32:55.0237", "loss_rkl_per_dof": -27.193296432495117, "loss_dsm": 0.6840194463729858, "seconds": 6.1}
{"step": 208, "case": "16:14.1464", "loss_rkl_per_dof": -6.930260181427002, "loss_dsm": 0.6847015619277954, "seconds": 5.7}
{"step": 209, "case": "16:55.0237", "loss_rkl_per_dof": -27.215778350830078, "loss_dsm": 0.6014602780342102, "seconds": 6.0}
{"step": 210, "case": "32:55.0237", "loss_rkl_per_dof": -27.19400405883789, "loss_dsm": 0.5894433259963989, "seconds": 6.1}
{"step": 211, "case": "16:14.1464", "loss_rkl_per_dof": -7.006136417388916, "loss_dsm": 0.42713797092437744, "seconds": 6.5}
{"step": 212, "case": "16:55.0237", "loss_rkl_per_dof": -27.1678524017334, "loss_dsm": 0.6501078009605408, "seconds": 7.2}
{"step": 213, "case": "32:55.0237", "loss_rkl_per_dof": -27.192028045654297, "loss_dsm": 0.6545189619064331, "seconds": 7.3}
{"step": 214, "case": "16:14.1464", "loss_rkl_per_dof": -6.990843772888184, "loss_dsm": 0.6166454553604126, "seconds": 7.2}
{"step": 215, "case": "16:55.0237", "loss_rkl_per_dof": -27.232166290283203, "loss_dsm": 0.5806719064712524, "seconds": 6.9}
{"step": 216, "case": "32:55.0237", "loss_rkl_per_dof": -27.182117462158203, "loss_dsm": 0.5786183476448059, "seconds": 7.0}
{"step": 217, "case": "16:14.1464", "loss_rkl_per_dof": -6.931917190551758, "loss_dsm": 0.7989279627799988, "seconds": 6.6}
{"step": 218, "case": "16:55.0237", "loss_rkl_per_dof": -27.181941986083984, "loss_dsm": 0.682982325553894, "seconds": 6.9}
{"step": 219, "case": "32:55.0237", "loss_rkl_per_dof": -27.203317642211914, "loss_dsm": 0.6792947053909302, "seconds": 6.5}
{"step": 220, "case": "16:14.1464", "loss_rkl_per_dof": -6.975980758666992, "loss_dsm": 0.7425470352172852, "seconds": 5.9}
{"step": 221, "case": "16:55.0237", "loss_rkl_per_dof": -27.19733428955078, "loss_dsm": 0.6343996524810791, "seconds": 6.7}
{"step": 222, "case": "32:55.0237", "loss_rkl_per_dof": -27.210922241210938, "loss_dsm": 0.6607380509376526, "seconds": 6.4}
{"step": 223, "case": "16:14.1464", "loss_rkl_per_dof": -6.999841213226318, "loss_dsm": 0.7210720181465149, "seconds": 6.1}
{"step": 224, "case": "16:55.0237", "loss_rkl_per_dof": -27.1973876953125, "loss_dsm": 0.5816315412521362, "seconds": 5.9}
{"step": 225, "case": "32:55.0237", "loss_rkl_per_dof": -27.147703170776367, "loss_dsm": 0.5092332363128662, "seconds": 5.7}
{"step": 226, "case": "16:14.1464", "loss_rkl_per_dof": -6.970019340515137, "loss_dsm": 0.6718665957450867, "seconds": 5.5}
{"step": 227, "case": "16:55.0237", "loss_rkl_per_dof": -27.157272338867188, "loss_dsm": 0.6839535236358643, "seconds": 5.3}
{"step": 228, "case": "32:55.0237", "loss_rkl_per_dof": -27.192060470581055, "loss_dsm": 0.5675672888755798, "seconds": 5.6}
{"step": 229, "case": "16:14.1464", "loss_rkl_per_dof": -6.979579448699951, "loss_dsm": 0.717037558555603, "seconds": 5.4}
{"step": 230, "case": "16:55.0237", "loss_rkl_per_dof": -27.208908081054688, "loss_dsm": 0.5164650678634644, "seconds": 5.5}
{"step": 231, "case": "32:55.0237", "loss_rkl_per_dof": -27.187694549560547, "loss_dsm": 0.5345189571380615, "seconds": 5.3}
{"step": 232, "case": "16:14.1464", "loss_rkl_per_dof": -6.949863910675049, "loss_dsm": 0.48308491706848145, "seconds": 5.6}
{"step": 233, "case": "16:55.0237", "loss_rkl_per_dof": -27.140724182128906, "loss_dsm": 0.6438531279563904, "seconds": 5.3}
{"step": 234, "case": "32:55.0237", "loss_rkl_per_dof": -27.190841674804688, "loss_dsm": 0.5070944428443909, "seconds": 5.5}
{"step": 235, "case": "16:14.1464", "loss_rkl_per_dof": -6.953916549682617, "loss_dsm": 0.6211532354354858, "seconds": 5.5}
{"step": 236, "case": "16:55.0237", "loss_rkl_per_dof": -27.188629150390625, "loss_dsm": 0.6625835299491882, "seconds": 5.5}
{"step": 237, "case": "32:55.0237", "loss_rkl_per_dof": -27.233272552490234, "loss_dsm": 0.6582438349723816, "seconds": 5.7}
{"step": 238, "case": "16:14.1464", "loss_rkl_per_dof": -6.942137718200684, "loss_dsm": 0.658927321434021, "seconds": 5.2}
{"step": 239, "case": "16:55.0237", "loss_rkl_per_dof": -27.257369995117188, "loss_dsm": 0.7345781922340393, "seconds": 5.2}
{"step": 240, "case": "32:55.0237", "loss_rkl_per_dof": -27.173505783081055, "loss_dsm": 0.7298442125320435, "seconds": 5.6}
{"step": 241, "case": "16:14.1464", "loss_rkl_per_dof": -6.977643013000488, "loss_dsm": 0.6273580193519592, "seconds": 5.8}
{"step": 242, "case": "16:55.0237", "loss_rkl_per_dof": -27.20440673828125, "loss_dsm": 0.5283150672912598, "seconds": 5.3}
{"step": 243, "case": "32:55.0237", "loss_rkl_per_dof": -27.135391235351562, "loss_dsm": 0.7145780920982361, "seconds": 5.4}
{"step": 244, "case": "16:14.1464", "loss_rkl_per_dof": -6.974865436553955, "loss_dsm": 0.684149444103241, "seconds": 5.3}
{"step": 245, "case": "16:55.0237", "loss_rkl_per_dof": -27.12822151184082, "loss_dsm": 0.592782735824585, "seconds": 5.4}
{"step": 246, "case": "32:55.0237", "loss_rkl_per_dof": -27.20130157470703, "loss_dsm": 0.6136351227760315, "seconds": 5.4}
{"step": 247, "case": "16:14.1464", "loss_rkl_per_dof": -6.962747573852539, "loss_dsm": 0.5104596018791199, "seconds": 4.9}
{"step": 248, "case": "16:55.0237", "loss_rkl_per_dof": -27.16514015197754, "loss_dsm": 0.6313634514808655, "seconds": 5.1}
{"step": 249, "case": "32:55.0237", "loss_rkl_per_dof": -27.258567810058594, "loss_dsm": 0.5451730489730835, "seconds": 5.1}
{"step": 250, "case": "16:14.1464", "loss_rkl_per_dof": -7.027307510375977, "loss_dsm": 0.6572179794311523, "seconds": 5.1, "16:14.1464": {"ess": 0.031738195568323135, "log_w_std": 16.135080337524414, "mean_Q": -0.09375, "mean_Q2": 2.21875}, "16:55.0237": {"ess": 0.054092973470687866, "log_w_std": 24.296710968017578, "mean_Q": -0.125, "mean_Q2": 1.25}, "32:55.0237": {"ess": 0.0627138763666153, "log_w_std": 48.389225006103516, "mean_Q": -0.75, "mean_Q2": 5.625}, "monitors": {"32:218.58": {"ess": 0.09220591187477112, "log_w_std": 456.0561218261719, "mean_Q": -0.6875, "mean_Q2": 4.4375}}, "mean_train_ess": 0.04951501513520876, "monitor_guard_blocked": ["32:218.58"]}
{"step": 251, "case": "16:55.0237", "loss_rkl_per_dof": -27.19434356689453, "loss_dsm": 0.584449052810669, "seconds": 4.9}
{"step": 252, "case": "32:55.0237", "loss_rkl_per_dof": -27.20429039001465, "loss_dsm": 0.5539369583129883, "seconds": 5.2}
{"step": 253, "case": "16:14.1464", "loss_rkl_per_dof": -7.001132488250732, "loss_dsm": 0.7427346706390381, "seconds": 4.8}
{"step": 254, "case": "16:55.0237", "loss_rkl_per_dof": -27.217185974121094, "loss_dsm": 0.6596406698226929, "seconds": 5.2}
{"step": 255, "case": "32:55.0237", "loss_rkl_per_dof": -27.229568481445312, "loss_dsm": 0.7721097469329834, "seconds": 4.9}
{"step": 256, "case": "16:14.1464", "loss_rkl_per_dof": -6.951424598693848, "loss_dsm": 0.6215683221817017, "seconds": 5.0}
{"step": 257, "case": "16:55.0237", "loss_rkl_per_dof": -27.184038162231445, "loss_dsm": 0.381167471408844, "seconds": 5.0}
{"step": 258, "case": "32:55.0237", "loss_rkl_per_dof": -27.166454315185547, "loss_dsm": 0.8099319934844971, "seconds": 4.9}
{"step": 259, "case": "16:14.1464", "loss_rkl_per_dof": -6.981064796447754, "loss_dsm": 0.5952045917510986, "seconds": 5.0}
{"step": 260, "case": "16:55.0237", "loss_rkl_per_dof": -27.242368698120117, "loss_dsm": 0.5822724103927612, "seconds": 5.0}
{"step": 261, "case": "32:55.0237", "loss_rkl_per_dof": -27.174598693847656, "loss_dsm": 0.5787042379379272, "seconds": 5.2}
{"step": 262, "case": "16:14.1464", "loss_rkl_per_dof": -6.992264747619629, "loss_dsm": 0.6185895800590515, "seconds": 5.4}
{"step": 263, "case": "16:55.0237", "loss_rkl_per_dof": -27.289539337158203, "loss_dsm": 0.6103700995445251, "seconds": 5.6}
{"step": 264, "case": "32:55.0237", "loss_rkl_per_dof": -27.25301742553711, "loss_dsm": 0.7131116390228271, "seconds": 5.0}
{"step": 265, "case": "16:14.1464", "loss_rkl_per_dof": -6.993961811065674, "loss_dsm": 0.6630784869194031, "seconds": 5.1}
{"step": 266, "case": "16:55.0237", "loss_rkl_per_dof": -27.16921615600586, "loss_dsm": 0.569876492023468, "seconds": 5.3}
{"step": 267, "case": "32:55.0237", "loss_rkl_per_dof": -27.19007110595703, "loss_dsm": 0.7485122680664062, "seconds": 5.4}
{"step": 268, "case": "16:14.1464", "loss_rkl_per_dof": -6.962242126464844, "loss_dsm": 0.4949903190135956, "seconds": 5.2}
{"step": 269, "case": "16:55.0237", "loss_rkl_per_dof": -27.19256591796875, "loss_dsm": 0.653160810470581, "seconds": 5.4}
{"step": 270, "case": "32:55.0237", "loss_rkl_per_dof": -27.215723037719727, "loss_dsm": 0.5434912443161011, "seconds": 5.1}
{"step": 271, "case": "16:14.1464", "loss_rkl_per_dof": -7.012655258178711, "loss_dsm": 0.7662394046783447, "seconds": 5.1}
{"step": 272, "case": "16:55.0237", "loss_rkl_per_dof": -27.25546646118164, "loss_dsm": 0.723716139793396, "seconds": 5.3}
{"step": 273, "case": "32:55.0237", "loss_rkl_per_dof": -27.214885711669922, "loss_dsm": 0.6053404211997986, "seconds": 5.3}
{"step": 274, "case": "16:14.1464", "loss_rkl_per_dof": -6.985651016235352, "loss_dsm": 0.5392727851867676, "seconds": 5.1}
{"step": 275, "case": "16:55.0237", "loss_rkl_per_dof": -27.236331939697266, "loss_dsm": 0.6723478436470032, "seconds": 4.8}
{"step": 276, "case": "32:55.0237", "loss_rkl_per_dof": -27.19443702697754, "loss_dsm": 0.5756751298904419, "seconds": 5.1}
{"step": 277, "case": "16:14.1464", "loss_rkl_per_dof": -6.981602668762207, "loss_dsm": 0.5844905376434326, "seconds": 5.0}
{"step": 278, "case": "16:55.0237", "loss_rkl_per_dof": -27.181682586669922, "loss_dsm": 0.7110257148742676, "seconds": 5.1}
{"step": 279, "case": "32:55.0237", "loss_rkl_per_dof": -27.175765991210938, "loss_dsm": 0.6089807748794556, "seconds": 5.1}
{"step": 280, "case": "16:14.1464", "loss_rkl_per_dof": -7.02726411819458, "loss_dsm": 0.6007036566734314, "seconds": 4.9}
{"step": 281, "case": "16:55.0237", "loss_rkl_per_dof": -27.219284057617188, "loss_dsm": 0.5463178753852844, "seconds": 5.1}
{"step": 282, "case": "32:55.0237", "loss_rkl_per_dof": -27.218997955322266, "loss_dsm": 0.6128652691841125, "seconds": 5.0}
{"step": 283, "case": "16:14.1464", "loss_rkl_per_dof": -6.950423717498779, "loss_dsm": 0.6059610843658447, "seconds": 5.0}
{"step": 284, "case": "16:55.0237", "loss_rkl_per_dof": -27.257522583007812, "loss_dsm": 0.6022725701332092, "seconds": 4.9}
{"step": 285, "case": "32:55.0237", "loss_rkl_per_dof": -27.236061096191406, "loss_dsm": 0.6997343301773071, "seconds": 4.9}
{"step": 286, "case": "16:14.1464", "loss_rkl_per_dof": -6.95638370513916, "loss_dsm": 0.5085831880569458, "seconds": 4.9}
{"step": 287, "case": "16:55.0237", "loss_rkl_per_dof": -27.20793914794922, "loss_dsm": 0.6213264465332031, "seconds": 5.1}
{"step": 288, "case": "32:55.0237", "loss_rkl_per_dof": -27.18883514404297, "loss_dsm": 0.6646109819412231, "seconds": 5.0}
{"step": 289, "case": "16:14.1464", "loss_rkl_per_dof": -6.991389274597168, "loss_dsm": 0.704445481300354, "seconds": 4.9}
{"step": 290, "case": "16:55.0237", "loss_rkl_per_dof": -27.25407600402832, "loss_dsm": 0.6092981696128845, "seconds": 4.8}
{"step": 291, "case": "32:55.0237", "loss_rkl_per_dof": -27.206409454345703, "loss_dsm": 0.5584589838981628, "seconds": 5.1}
{"step": 292, "case": "16:14.1464", "loss_rkl_per_dof": -6.949644088745117, "loss_dsm": 0.7993437051773071, "seconds": 5.2}
{"step": 293, "case": "16:55.0237", "loss_rkl_per_dof": -27.27001953125, "loss_dsm": 0.5549812316894531, "seconds": 4.9}
{"step": 294, "case": "32:55.0237", "loss_rkl_per_dof": -27.238689422607422, "loss_dsm": 0.5576838254928589, "seconds": 5.6}
{"step": 295, "case": "16:14.1464", "loss_rkl_per_dof": -6.96550989151001, "loss_dsm": 0.6781878471374512, "seconds": 4.8}
{"step": 296, "case": "16:55.0237", "loss_rkl_per_dof": -27.22629165649414, "loss_dsm": 0.804966926574707, "seconds": 5.3}
{"step": 297, "case": "32:55.0237", "loss_rkl_per_dof": -27.227270126342773, "loss_dsm": 0.6346328258514404, "seconds": 5.1}
{"step": 298, "case": "16:14.1464", "loss_rkl_per_dof": -6.987064838409424, "loss_dsm": 0.8134259581565857, "seconds": 4.8}
{"step": 299, "case": "16:55.0237", "loss_rkl_per_dof": -27.204803466796875, "loss_dsm": 0.603123664855957, "seconds": 4.7}
{"step": 300, "case": "32:55.0237", "loss_rkl_per_dof": -27.25838851928711, "loss_dsm": 0.6755182147026062, "seconds": 4.7, "16:14.1464": {"ess": 0.03186513110995293, "log_w_std": 22.397350311279297, "mean_Q": 0.9375, "mean_Q2": 2.6875}, "16:55.0237": {"ess": 0.03663047403097153, "log_w_std": 20.26447105407715, "mean_Q": 0.59375, "mean_Q2": 1.78125}, "32:55.0237": {"ess": 0.0625, "log_w_std": 33.73744583129883, "mean_Q": -0.625, "mean_Q2": 5.125}, "monitors": {"32:218.58": {"ess": 0.0625, "log_w_std": 700.2816162109375, "mean_Q": 0.5625, "mean_Q2": 4.6875}}, "mean_train_ess": 0.04366520171364149, "monitor_guard_blocked": ["32:218.58"]}
best mean train ESS/N: 0.0537 (initial 0.0537)
checkpoint: C:\Users\ompan\Desktop\Lattice QCD\inverse_rg_testing\out\u1_2d\checkpoints\score_net_rkl2.pt
[2026-08-08 09:11:32] STAGE_RKL2_DONE (600.9 min)
[2026-08-08 09:11:32] STAGE_VERIFY_RKL2_START
case L=16 beta=14.1464 ...
  {"n": 64, "ess_per_n": 0.015625, "log_weight_std": 20.408069610595703, "log_weight_range": 105.271728515625, "ess_per_n_fiber": 0.01562519744038582, "log_weight_std_fiber": 19.152692794799805, "log_weight_range_fiber": 93.83642578125, "free_energy_certificate": {"log_mean_w": 3372.481015839847, "exact_delta_F": 3835.243320031347, "gap": -462.76230419150033, "sem": 0.99999355423441, "n": 64, "kl_from_mean_log_w": 496.44878344077097, "kl_sem": 2.3940866035459902, "kl_per_site": 0.9696265301577558}, "fine_L": 16, "fine_beta": 14.1464, "coarse_L": 8, "coarse_beta": 3.9999887248909847, "imh_acceptance": 0.031746031746031744, "seconds_hmc_base": 5.2, "seconds_ode_sample": 82.1, "ode_steps": 120, "n_probes": 2}
case L=16 beta=55.0237 ...
  {"n": 64, "ess_per_n": 0.015625, "log_weight_std": 17.62982940673828, "log_weight_range": 97.56640625, "ess_per_n_fiber": 0.015631068497896194, "log_weight_std_fiber": 18.320371627807617, "log_weight_range_fiber": 92.9208984375, "free_energy_certificate": {"log_mean_w": 13001.26025640995, "exact_delta_F": 13517.04287315473, "gap": -515.7826167447802, "sem": 0.9998027706119116, "n": 64, "kl_from_mean_log_w": 548.2194783793402, "kl_sem": 2.2900463459528977, "kl_per_site": 1.0707411687096489}, "fine_L": 16, "fine_beta": 55.0237, "coarse_L": 8, "coarse_beta": 14.146404977472109, "imh_acceptance": 0.14285714285714285, "seconds_hmc_base": 23.8, "seconds_ode_sample": 84.1, "ode_steps": 120, "n_probes": 2}
case L=32 beta=55.0237 ...
  {"n": 64, "ess_per_n": 0.015625007450580597, "log_weight_std": 55.567848205566406, "log_weight_range": 292.484375, "ess_per_n_fiber": 0.016397176310420036, "log_weight_std_fiber": 53.87049865722656, "log_weight_range_fiber": 288.6328125, "free_energy_certificate": {"log_mean_w": 51933.23660206503, "exact_delta_F": 54068.17150017254, "gap": -2134.934898107509, "sem": 0.9757871794031087, "n": 64, "kl_from_mean_log_w": 2201.4611730241013, "kl_sem": 6.733812437958803, "kl_per_site": 1.0749322133906745}, "fine_L": 32, "fine_beta": 55.0237, "coarse_L": 16, "coarse_beta": 14.146404977472109, "imh_acceptance": 0.047619047619047616, "seconds_hmc_base": 24.3, "seconds_ode_sample": 78.3, "ode_steps": 120, "n_probes": 2}
case L=32 beta=218.58 ...
  {"n": 64, "ess_per_n": 0.015625, "log_weight_std": 130.11866760253906, "log_weight_range": 707.984375, "ess_per_n_fiber": 0.015625, "log_weight_std_fiber": 127.77327728271484, "log_weight_range_fiber": 662.703125, "free_energy_certificate": {"log_mean_w": 207635.87236691665, "exact_delta_F": 210552.8657004265, "gap": -2916.9933335098613, "sem": 1.0, "n": 64, "kl_from_mean_log_w": 3212.1889426140115, "kl_sem": 15.971659530037007, "kl_per_site": 1.5684516321357478}, "fine_L": 32, "fine_beta": 218.58, "coarse_L": 16, "coarse_beta": 55.02364659738549, "imh_acceptance": 0.14285714285714285, "seconds_hmc_base": 136.6, "seconds_ode_sample": 77.4, "ode_steps": 120, "n_probes": 2}
wrote C:\Users\ompan\Desktop\Lattice QCD\inverse_rg_testing\out\u1_2d\ess_chain\verify_rkl2\report.md
[2026-08-08 09:20:14] STAGE_VERIFY_RKL2_DONE (8.7 min)
[2026-08-08 09:20:14] STAGE_SCALE_CHAIN_START
[2026-08-08 09:20:16] STAGE_DATA_START: C:\Users\ompan\Desktop\Lattice QCD\inverse_rg_testing\.venv\Scripts\python.exe C:\Users\ompan\Desktop\Lattice QCD\inverse_rg_testing\u1_2d\scripts\01_generate_data.py --config u1_2d/configs/v3_scale.yaml
device: cuda | NVIDIA GeForce RTX 5060 Laptop GPU | sm_120 | 8.0 GiB | torch 2.11.0+cu128/cu12.8 | tf32 off
skip existing out\u1_2d\data\wilson_L16_beta14.1464.pt
skip existing out\u1_2d\data\wilson_L16_beta25.pt
skip existing out\u1_2d\data\wilson_L16_beta40.pt
skip existing out\u1_2d\data\wilson_L16_beta55.0237.pt
skip existing out\u1_2d\data\wilson_L16_beta1.0119.pt
skip existing out\u1_2d\data\wilson_L16_beta1.0397.pt
skip existing out\u1_2d\data\wilson_L16_beta1.0743.pt
skip existing out\u1_2d\data\wilson_L16_beta1.2464.pt
skip existing out\u1_2d\data\wilson_L16_beta1.2749.pt
skip existing out\u1_2d\data\wilson_L16_beta1.7484.pt
skip existing out\u1_2d\data\wilson_L16_beta1.8367.pt
skip existing out\u1_2d\data\wilson_L16_beta1.8781.pt
skip existing out\u1_2d\data\wilson_L16_beta2.122.pt
skip existing out\u1_2d\data\wilson_L16_beta2.1285.pt
skip existing out\u1_2d\data\wilson_L16_beta2.1757.pt
skip existing out\u1_2d\data\wilson_L16_beta2.1862.pt
skip existing out\u1_2d\data\wilson_L16_beta2.2983.pt
skip existing out\u1_2d\data\wilson_L16_beta2.3046.pt
skip existing out\u1_2d\data\wilson_L16_beta2.3454.pt
skip existing out\u1_2d\data\wilson_L16_beta2.7647.pt
skip existing out\u1_2d\data\wilson_L16_beta3.1518.pt
skip existing out\u1_2d\data\wilson_L16_beta3.1669.pt
skip existing out\u1_2d\data\wilson_L16_beta3.2922.pt
skip existing out\u1_2d\data\wilson_L16_beta3.3842.pt
skip existing out\u1_2d\data\wilson_L16_beta3.4006.pt
skip existing out\u1_2d\data\wilson_L16_beta3.6231.pt
skip existing out\u1_2d\data\wilson_L16_beta3.7225.pt
skip existing out\u1_2d\data\wilson_L16_beta4.0764.pt
skip existing out\u1_2d\data\wilson_L16_beta4.7323.pt
skip existing out\u1_2d\data\wilson_L16_beta4.7632.pt
skip existing out\u1_2d\data\wilson_L16_beta5.586.pt
skip existing out\u1_2d\data\wilson_L16_beta6.2411.pt
skip existing out\u1_2d\data\wilson_L16_beta6.4184.pt
skip existing out\u1_2d\data\wilson_L16_beta6.8771.pt
skip existing out\u1_2d\data\wilson_L16_beta8.3946.pt
skip existing out\u1_2d\data\wilson_L16_beta8.4548.pt
skip existing out\u1_2d\data\wilson_L16_beta8.7139.pt
skip existing out\u1_2d\data\wilson_L16_beta9.287.pt
skip existing out\u1_2d\data\wilson_L16_beta9.571.pt
skip existing out\u1_2d\data\wilson_L16_beta9.8499.pt
skip existing out\u1_2d\data\wilson_L16_beta10.2188.pt
skip existing out\u1_2d\data\wilson_L16_beta11.8501.pt
skip existing out\u1_2d\data\wilson_L16_beta11.8784.pt
skip existing out\u1_2d\data\wilson_L16_beta12.9259.pt
skip existing out\u1_2d\data\wilson_L16_beta14.4687.pt
skip existing out\u1_2d\data\wilson_L16_beta15.5366.pt
skip existing out\u1_2d\data\wilson_L16_beta17.502.pt
skip existing out\u1_2d\data\wilson_L16_beta17.7602.pt
skip existing out\u1_2d\data\wilson_L16_beta19.403.pt
skip existing out\u1_2d\data\wilson_L16_beta20.2412.pt
skip existing out\u1_2d\data\wilson_L16_beta21.8857.pt
skip existing out\u1_2d\data\wilson_L16_beta27.0442.pt
skip existing out\u1_2d\data\wilson_L16_beta27.3387.pt
skip existing out\u1_2d\data\wilson_L16_beta27.7875.pt
skip existing out\u1_2d\data\wilson_L16_beta30.5978.pt
skip existing out\u1_2d\data\wilson_L16_beta33.325.pt
skip existing out\u1_2d\data\wilson_L16_beta34.3422.pt
skip existing out\u1_2d\data\wilson_L16_beta38.5957.pt
skip existing out\u1_2d\data\wilson_L16_beta39.6475.pt
skip existing out\u1_2d\data\wilson_L16_beta47.0386.pt
skip existing out\u1_2d\data\wilson_L16_beta47.4228.pt
skip existing out\u1_2d\data\wilson_L16_beta54.11.pt
skip existing out\u1_2d\data\wilson_L16_beta56.1944.pt
skip existing out\u1_2d\data\wilson_L16_beta57.2189.pt
skip existing out\u1_2d\data\wilson_L32_beta2.1926.pt
skip existing out\u1_2d\data\wilson_L32_beta2.4697.pt
skip existing out\u1_2d\data\wilson_L32_beta2.8622.pt
skip existing out\u1_2d\data\wilson_L32_beta4.994.pt
skip existing out\u1_2d\data\wilson_L32_beta8.069.pt
skip existing out\u1_2d\data\wilson_L32_beta11.2015.pt
skip existing out\u1_2d\data\wilson_L32_beta12.3504.pt
skip existing out\u1_2d\data\wilson_L32_beta12.688.pt
skip existing out\u1_2d\data\wilson_L32_beta14.1441.pt
skip existing out\u1_2d\data\wilson_L32_beta18.0708.pt
skip existing out\u1_2d\data\wilson_L32_beta18.6487.pt
skip existing out\u1_2d\data\wilson_L32_beta52.6284.pt
skip existing out\u1_2d\data\wilson_L8_beta1.4347.pt
skip existing out\u1_2d\data\wilson_L8_beta1.4977.pt
skip existing out\u1_2d\data\wilson_L8_beta1.7872.pt
skip existing out\u1_2d\data\wilson_L8_beta1.9783.pt
skip existing out\u1_2d\data\wilson_L8_beta2.4006.pt
skip existing out\u1_2d\data\wilson_L8_beta2.4786.pt
skip existing out\u1_2d\data\wilson_L32_beta2.0799.pt
skip existing out\u1_2d\data\wilson_L32_beta2.4378.pt
skip existing out\u1_2d\data\wilson_L32_beta2.5092.pt
skip existing out\u1_2d\data\wilson_L32_beta4.0939.pt
skip existing out\u1_2d\data\wilson_L32_beta4.2586.pt
skip existing out\u1_2d\data\wilson_L32_beta4.2761.pt
skip existing out\u1_2d\data\wilson_L32_beta5.2987.pt
skip existing out\u1_2d\data\wilson_L32_beta5.7905.pt
skip existing out\u1_2d\data\wilson_L32_beta6.1747.pt
skip existing out\u1_2d\data\wilson_L32_beta8.7467.pt
skip existing out\u1_2d\data\wilson_L32_beta8.9764.pt
skip existing out\u1_2d\data\wilson_L32_beta9.3874.pt
skip existing out\u1_2d\data\wilson_L32_beta9.5767.pt
skip existing out\u1_2d\data\wilson_L32_beta9.6729.pt
skip existing out\u1_2d\data\wilson_L32_beta10.8745.pt
skip existing out\u1_2d\data\wilson_L32_beta11.9792.pt
skip existing out\u1_2d\data\wilson_L32_beta25.9011.pt
skip existing out\u1_2d\data\wilson_L32_beta30.6638.pt
skip existing out\u1_2d\data\wilson_L32_beta31.4382.pt
skip existing out\u1_2d\data\wilson_L32_beta40.9956.pt
skip existing out\u1_2d\data\wilson_L32_beta43.8647.pt
skip existing out\u1_2d\data\wilson_L32_beta44.3339.pt
skip existing out\u1_2d\data\wilson_L32_beta44.5075.pt
skip existing out\u1_2d\data\wilson_L32_beta50.1987.pt
skip existing out\u1_2d\data\wilson_L16_beta20.pt
[2026-08-08 09:20:22] STAGE_DATA_DONE (0.1 min)
[2026-08-08 09:20:22] STAGE_TRAIN_START: C:\Users\ompan\Desktop\Lattice QCD\inverse_rg_testing\.venv\Scripts\python.exe C:\Users\ompan\Desktop\Lattice QCD\inverse_rg_testing\u1_2d\scripts\02_train.py --config u1_2d/configs/v3_scale.yaml
device: cuda | NVIDIA GeForce RTX 5060 Laptop GPU | sm_120 | 8.0 GiB | torch 2.11.0+cu128/cu12.8 | tf32 off
rung L16_beta14.1464: 605 train / 67 val configs
rung L16_beta25: 605 train / 67 val configs
rung L16_beta40: 605 train / 67 val configs
rung L16_beta55.0237: 605 train / 67 val configs
rung L16_beta1.0119: 116 train / 12 val configs
rung L16_beta1.0397: 116 train / 12 val configs
rung L16_beta1.0743: 116 train / 12 val configs
rung L16_beta1.2464: 116 train / 12 val configs
rung L16_beta1.2749: 116 train / 12 val configs
rung L16_beta1.7484: 116 train / 12 val configs
rung L16_beta1.8367: 116 train / 12 val configs
rung L16_beta1.8781: 116 train / 12 val configs
rung L16_beta2.122: 116 train / 12 val configs
rung L16_beta2.1285: 116 train / 12 val configs
rung L16_beta2.1757: 116 train / 12 val configs
rung L16_beta2.1862: 116 train / 12 val configs
rung L16_beta2.2983: 116 train / 12 val configs
rung L16_beta2.3046: 116 train / 12 val configs
rung L16_beta2.3454: 116 train / 12 val configs
rung L16_beta2.7647: 116 train / 12 val configs
rung L16_beta3.1518: 116 train / 12 val configs
rung L16_beta3.1669: 116 train / 12 val configs
rung L16_beta3.2922: 116 train / 12 val configs
rung L16_beta3.3842: 116 train / 12 val configs
rung L16_beta3.4006: 116 train / 12 val configs
rung L16_beta3.6231: 116 train / 12 val configs
rung L16_beta3.7225: 116 train / 12 val configs
rung L16_beta4.0764: 116 train / 12 val configs
rung L16_beta4.7323: 116 train / 12 val configs
rung L16_beta4.7632: 116 train / 12 val configs
rung L16_beta5.586: 116 train / 12 val configs
rung L16_beta6.2411: 116 train / 12 val configs
rung L16_beta6.4184: 116 train / 12 val configs
rung L16_beta6.8771: 116 train / 12 val configs
rung L16_beta8.3946: 116 train / 12 val configs
rung L16_beta8.4548: 116 train / 12 val configs
rung L16_beta8.7139: 116 train / 12 val configs
rung L16_beta9.287: 116 train / 12 val configs
rung L16_beta9.571: 116 train / 12 val configs
rung L16_beta9.8499: 116 train / 12 val configs
rung L16_beta10.2188: 116 train / 12 val configs
rung L16_beta11.8501: 116 train / 12 val configs
rung L16_beta11.8784: 116 train / 12 val configs
rung L16_beta12.9259: 116 train / 12 val configs
rung L16_beta14.4687: 116 train / 12 val configs
rung L16_beta15.5366: 116 train / 12 val configs
rung L16_beta17.502: 116 train / 12 val configs
rung L16_beta17.7602: 116 train / 12 val configs
rung L16_beta19.403: 116 train / 12 val configs
rung L16_beta20.2412: 116 train / 12 val configs
rung L16_beta21.8857: 116 train / 12 val configs
rung L16_beta27.0442: 116 train / 12 val configs
rung L16_beta27.3387: 116 train / 12 val configs
rung L16_beta27.7875: 116 train / 12 val configs
rung L16_beta30.5978: 116 train / 12 val configs
rung L16_beta33.325: 116 train / 12 val configs
rung L16_beta34.3422: 116 train / 12 val configs
rung L16_beta38.5957: 116 train / 12 val configs
rung L16_beta39.6475: 116 train / 12 val configs
rung L16_beta47.0386: 116 train / 12 val configs
rung L16_beta47.4228: 116 train / 12 val configs
rung L16_beta54.11: 116 train / 12 val configs
rung L16_beta56.1944: 116 train / 12 val configs
rung L16_beta57.2189: 116 train / 12 val configs
rung L32_beta2.1926: 116 train / 12 val configs
rung L32_beta2.4697: 116 train / 12 val configs
rung L32_beta2.8622: 116 train / 12 val configs
rung L32_beta4.994: 116 train / 12 val configs
rung L32_beta8.069: 116 train / 12 val configs
rung L32_beta11.2015: 116 train / 12 val configs
rung L32_beta12.3504: 116 train / 12 val configs
rung L32_beta12.688: 116 train / 12 val configs
rung L32_beta14.1441: 116 train / 12 val configs
rung L32_beta18.0708: 116 train / 12 val configs
rung L32_beta18.6487: 116 train / 12 val configs
rung L32_beta52.6284: 116 train / 12 val configs
rung L8_beta1.4347: 116 train / 12 val configs
rung L8_beta1.4977: 116 train / 12 val configs
rung L8_beta1.7872: 116 train / 12 val configs
rung L8_beta1.9783: 116 train / 12 val configs
rung L8_beta2.4006: 116 train / 12 val configs
rung L8_beta2.4786: 116 train / 12 val configs
rung L32_beta2.0799: 116 train / 12 val configs
rung L32_beta2.4378: 116 train / 12 val configs
rung L32_beta2.5092: 116 train / 12 val configs
rung L32_beta4.0939: 116 train / 12 val configs
rung L32_beta4.2586: 116 train / 12 val configs
rung L32_beta4.2761: 116 train / 12 val configs
rung L32_beta5.2987: 116 train / 12 val configs
rung L32_beta5.7905: 116 train / 12 val configs
rung L32_beta6.1747: 116 train / 12 val configs
rung L32_beta8.7467: 116 train / 12 val configs
rung L32_beta8.9764: 116 train / 12 val configs
rung L32_beta9.3874: 116 train / 12 val configs
rung L32_beta9.5767: 116 train / 12 val configs
rung L32_beta9.6729: 116 train / 12 val configs
rung L32_beta10.8745: 116 train / 12 val configs
rung L32_beta11.9792: 116 train / 12 val configs
rung L32_beta25.9011: 116 train / 12 val configs
rung L32_beta30.6638: 116 train / 12 val configs
rung L32_beta31.4382: 116 train / 12 val configs
rung L32_beta40.9956: 116 train / 12 val configs
rung L32_beta43.8647: 116 train / 12 val configs
rung L32_beta44.3339: 116 train / 12 val configs
rung L32_beta44.5075: 116 train / 12 val configs
rung L32_beta50.1987: 116 train / 12 val configs
epoch   0  train=0.7532  val_L16_beta14.1464=0.6517 val_L16_beta25=0.6514 val_L16_beta40=0.6482 val_L16_beta55.0237=0.6222 val_L16_beta1.0119=0.7496 val_L16_beta1.0397=0.8424 val_L16_beta1.0743=0.6874 val_L16_beta1.2464=0.7078 val_L16_beta1.2749=0.6504 val_L16_beta1.7484=0.5333 val_L16_beta1.8367=0.8616 val_L16_beta1.8781=0.7167 val_L16_beta2.122=0.5693 val_L16_beta2.1285=0.8037 val_L16_beta2.1757=0.7581 val_L16_beta2.1862=0.6537 val_L16_beta2.2983=0.6717 val_L16_beta2.3046=0.8096 val_L16_beta2.3454=0.7565 val_L16_beta2.7647=0.8156 val_L16_beta3.1518=0.7347 val_L16_beta3.1669=0.9016 val_L16_beta3.2922=0.5316 val_L16_beta3.3842=0.7518 val_L16_beta3.4006=0.6853 val_L16_beta3.6231=0.8495 val_L16_beta3.7225=0.8236 val_L16_beta4.0764=0.7744 val_L16_beta4.7323=0.7756 val_L16_beta4.7632=0.6726 val_L16_beta5.586=0.7101 val_L16_beta6.2411=0.5616 val_L16_beta6.4184=0.5951 val_L16_beta6.8771=0.4554 val_L16_beta8.3946=0.6222 val_L16_beta8.4548=0.6799 val_L16_beta8.7139=0.7157 val_L16_beta9.287=0.8493 val_L16_beta9.571=0.5682 val_L16_beta9.8499=0.5899 val_L16_beta10.2188=0.6615 val_L16_beta11.8501=0.7193 val_L16_beta11.8784=0.6624 val_L16_beta12.9259=0.6004 val_L16_beta14.4687=0.7619 val_L16_beta15.5366=0.5538 val_L16_beta17.502=0.5618 val_L16_beta17.7602=0.7967 val_L16_beta19.403=0.6821 val_L16_beta20.2412=0.7744 val_L16_beta21.8857=0.6290 val_L16_beta27.0442=0.7000 val_L16_beta27.3387=0.7482 val_L16_beta27.7875=0.7198 val_L16_beta30.5978=0.7227 val_L16_beta33.325=0.6394 val_L16_beta34.3422=0.6398 val_L16_beta38.5957=0.5492 val_L16_beta39.6475=0.5804 val_L16_beta47.0386=0.6158 val_L16_beta47.4228=0.7055 val_L16_beta54.11=0.4537 val_L16_beta56.1944=0.5981 val_L16_beta57.2189=0.5403 val_L32_beta2.1926=1.1283 val_L32_beta2.4697=1.1692 val_L32_beta2.8622=0.8192 val_L32_beta4.994=0.7600 val_L32_beta8.069=0.7056 val_L32_beta11.2015=0.8405 val_L32_beta12.3504=0.9966 val_L32_beta12.688=0.8206 val_L32_beta14.1441=0.7486 val_L32_beta18.0708=0.5034 val_L32_beta18.6487=0.4956 val_L32_beta52.6284=0.6740 val_L8_beta1.4347=0.5800 val_L8_beta1.4977=0.8010 val_L8_beta1.7872=0.6746 val_L8_beta1.9783=0.6778 val_L8_beta2.4006=0.7396 val_L8_beta2.4786=0.8211 val_L32_beta2.0799=0.8447 val_L32_beta2.4378=0.9699 val_L32_beta2.5092=0.7383 val_L32_beta4.0939=0.7121 val_L32_beta4.2586=0.6411 val_L32_beta4.2761=0.7782 val_L32_beta5.2987=0.8029 val_L32_beta5.7905=0.7845 val_L32_beta6.1747=0.7418 val_L32_beta8.7467=0.9020 val_L32_beta8.9764=0.7751 val_L32_beta9.3874=0.5205 val_L32_beta9.5767=0.7958 val_L32_beta9.6729=0.8672 val_L32_beta10.8745=0.7808 val_L32_beta11.9792=0.8021 val_L32_beta25.9011=0.6606 val_L32_beta30.6638=0.6165 val_L32_beta31.4382=0.5876 val_L32_beta40.9956=0.5893 val_L32_beta43.8647=0.7217 val_L32_beta44.3339=0.6077 val_L32_beta44.5075=0.7162 val_L32_beta50.1987=0.5297 val_total=75.0670
epoch   1  train=0.7221  val_L16_beta14.1464=0.5910 val_L16_beta25=0.5857 val_L16_beta40=0.5843 val_L16_beta55.0237=0.5518 val_L16_beta1.0119=0.7407 val_L16_beta1.0397=0.8423 val_L16_beta1.0743=0.6818 val_L16_beta1.2464=0.7032 val_L16_beta1.2749=0.6521 val_L16_beta1.7484=0.5143 val_L16_beta1.8367=0.8466 val_L16_beta1.8781=0.7048 val_L16_beta2.122=0.5565 val_L16_beta2.1285=0.7948 val_L16_beta2.1757=0.7102 val_L16_beta2.1862=0.6307 val_L16_beta2.2983=0.6492 val_L16_beta2.3046=0.7893 val_L16_beta2.3454=0.7245 val_L16_beta2.7647=0.8014 val_L16_beta3.1518=0.7101 val_L16_beta3.1669=0.8347 val_L16_beta3.2922=0.5033 val_L16_beta3.3842=0.7199 val_L16_beta3.4006=0.6391 val_L16_beta3.6231=0.8122 val_L16_beta3.7225=0.7723 val_L16_beta4.0764=0.7336 val_L16_beta4.7323=0.7443 val_L16_beta4.7632=0.6303 val_L16_beta5.586=0.6819 val_L16_beta6.2411=0.5256 val_L16_beta6.4184=0.5530 val_L16_beta6.8771=0.4308 val_L16_beta8.3946=0.5682 val_L16_beta8.4548=0.6192 val_L16_beta8.7139=0.6737 val_L16_beta9.287=0.7828 val_L16_beta9.571=0.5276 val_L16_beta9.8499=0.5545 val_L16_beta10.2188=0.6301 val_L16_beta11.8501=0.6742 val_L16_beta11.8784=0.5934 val_L16_beta12.9259=0.5628 val_L16_beta14.4687=0.6899 val_L16_beta15.5366=0.5063 val_L16_beta17.502=0.5294 val_L16_beta17.7602=0.7515 val_L16_beta19.403=0.6132 val_L16_beta20.2412=0.7288 val_L16_beta21.8857=0.5886 val_L16_beta27.0442=0.6528 val_L16_beta27.3387=0.6771 val_L16_beta27.7875=0.6569 val_L16_beta30.5978=0.6730 val_L16_beta33.325=0.5749 val_L16_beta34.3422=0.5761 val_L16_beta38.5957=0.4826 val_L16_beta39.6475=0.5151 val_L16_beta47.0386=0.5657 val_L16_beta47.4228=0.6146 val_L16_beta54.11=0.4099 val_L16_beta56.1944=0.5440 val_L16_beta57.2189=0.4803 val_L32_beta2.1926=1.0640 val_L32_beta2.4697=1.1450 val_L32_beta2.8622=0.7790 val_L32_beta4.994=0.6909 val_L32_beta8.069=0.6307 val_L32_beta11.2015=0.7874 val_L32_beta12.3504=0.8207 val_L32_beta12.688=0.8043 val_L32_beta14.1441=0.6747 val_L32_beta18.0708=0.4270 val_L32_beta18.6487=0.4278 val_L32_beta52.6284=0.5935 val_L8_beta1.4347=0.5787 val_L8_beta1.4977=0.7943 val_L8_beta1.7872=0.6689 val_L8_beta1.9783=0.6704 val_L8_beta2.4006=0.7243 val_L8_beta2.4786=0.8051 val_L32_beta2.0799=0.7916 val_L32_beta2.4378=0.9073 val_L32_beta2.5092=0.6948 val_L32_beta4.0939=0.6577 val_L32_beta4.2586=0.6156 val_L32_beta4.2761=0.7525 val_L32_beta5.2987=0.7478 val_L32_beta5.7905=0.7203 val_L32_beta6.1747=0.6656 val_L32_beta8.7467=0.8607 val_L32_beta8.9764=0.7268 val_L32_beta9.3874=0.4909 val_L32_beta9.5767=0.7498 val_L32_beta9.6729=0.7428 val_L32_beta10.8745=0.7305 val_L32_beta11.9792=0.7606 val_L32_beta25.9011=0.6032 val_L32_beta30.6638=0.5529 val_L32_beta31.4382=0.5323 val_L32_beta40.9956=0.4941 val_L32_beta43.8647=0.6552 val_L32_beta44.3339=0.5314 val_L32_beta44.5075=0.5737 val_L32_beta50.1987=0.4926 val_total=70.1008
epoch   2  train=0.7007  val_L16_beta14.1464=0.5760 val_L16_beta25=0.5658 val_L16_beta40=0.5666 val_L16_beta55.0237=0.5324 val_L16_beta1.0119=0.7381 val_L16_beta1.0397=0.8397 val_L16_beta1.0743=0.6831 val_L16_beta1.2464=0.7030 val_L16_beta1.2749=0.6508 val_L16_beta1.7484=0.5082 val_L16_beta1.8367=0.8413 val_L16_beta1.8781=0.6954 val_L16_beta2.122=0.5475 val_L16_beta2.1285=0.7948 val_L16_beta2.1757=0.6721 val_L16_beta2.1862=0.6216 val_L16_beta2.2983=0.6376 val_L16_beta2.3046=0.7844 val_L16_beta2.3454=0.7100 val_L16_beta2.7647=0.7930 val_L16_beta3.1518=0.6995 val_L16_beta3.1669=0.8046 val_L16_beta3.2922=0.4940 val_L16_beta3.3842=0.7030 val_L16_beta3.4006=0.6261 val_L16_beta3.6231=0.7953 val_L16_beta3.7225=0.7575 val_L16_beta4.0764=0.7236 val_L16_beta4.7323=0.7313 val_L16_beta4.7632=0.6151 val_L16_beta5.586=0.6771 val_L16_beta6.2411=0.5194 val_L16_beta6.4184=0.5379 val_L16_beta6.8771=0.4232 val_L16_beta8.3946=0.5499 val_L16_beta8.4548=0.5999 val_L16_beta8.7139=0.6591 val_L16_beta9.287=0.7631 val_L16_beta9.571=0.5157 val_L16_beta9.8499=0.5439 val_L16_beta10.2188=0.6212 val_L16_beta11.8501=0.6617 val_L16_beta11.8784=0.5800 val_L16_beta12.9259=0.5502 val_L16_beta14.4687=0.6675 val_L16_beta15.5366=0.4943 val_L16_beta17.502=0.5179 val_L16_beta17.7602=0.7411 val_L16_beta19.403=0.5849 val_L16_beta20.2412=0.7190 val_L16_beta21.8857=0.5810 val_L16_beta27.0442=0.6364 val_L16_beta27.3387=0.6545 val_L16_beta27.7875=0.6406 val_L16_beta30.5978=0.6497 val_L16_beta33.325=0.5488 val_L16_beta34.3422=0.5597 val_L16_beta38.5957=0.4625 val_L16_beta39.6475=0.5003 val_L16_beta47.0386=0.5497 val_L16_beta47.4228=0.5927 val_L16_beta54.11=0.3954 val_L16_beta56.1944=0.5299 val_L16_beta57.2189=0.4639 val_L32_beta2.1926=1.0310 val_L32_beta2.4697=1.1451 val_L32_beta2.8622=0.7698 val_L32_beta4.994=0.6720 val_L32_beta8.069=0.6128 val_L32_beta11.2015=0.7587 val_L32_beta12.3504=0.7502 val_L32_beta12.688=0.8157 val_L32_beta14.1441=0.6508 val_L32_beta18.0708=0.4002 val_L32_beta18.6487=0.4147 val_L32_beta52.6284=0.5776 val_L8_beta1.4347=0.5787 val_L8_beta1.4977=0.7920 val_L8_beta1.7872=0.6672 val_L8_beta1.9783=0.6675 val_L8_beta2.4006=0.7190 val_L8_beta2.4786=0.8028 val_L32_beta2.0799=0.7711 val_L32_beta2.4378=0.8882 val_L32_beta2.5092=0.7090 val_L32_beta4.0939=0.6468 val_L32_beta4.2586=0.6001 val_L32_beta4.2761=0.7205 val_L32_beta5.2987=0.7291 val_L32_beta5.7905=0.7080 val_L32_beta6.1747=0.6384 val_L32_beta8.7467=0.8483 val_L32_beta8.9764=0.7069 val_L32_beta9.3874=0.4835 val_L32_beta9.5767=0.7195 val_L32_beta9.6729=0.7132 val_L32_beta10.8745=0.7154 val_L32_beta11.9792=0.7289 val_L32_beta25.9011=0.5912 val_L32_beta30.6638=0.5340 val_L32_beta31.4382=0.4800 val_L32_beta40.9956=0.4763 val_L32_beta43.8647=0.6337 val_L32_beta44.3339=0.4969 val_L32_beta44.5075=0.5410 val_L32_beta50.1987=0.4648 val_total=68.4736
epoch   3  train=0.6757  val_L16_beta14.1464=0.5612 val_L16_beta25=0.5500 val_L16_beta40=0.5546 val_L16_beta55.0237=0.5230 val_L16_beta1.0119=0.7366 val_L16_beta1.0397=0.8362 val_L16_beta1.0743=0.6841 val_L16_beta1.2464=0.6975 val_L16_beta1.2749=0.6449 val_L16_beta1.7484=0.5033 val_L16_beta1.8367=0.8381 val_L16_beta1.8781=0.6846 val_L16_beta2.122=0.5435 val_L16_beta2.1285=0.7904 val_L16_beta2.1757=0.6491 val_L16_beta2.1862=0.6122 val_L16_beta2.2983=0.6252 val_L16_beta2.3046=0.7713 val_L16_beta2.3454=0.6945 val_L16_beta2.7647=0.7778 val_L16_beta3.1518=0.6874 val_L16_beta3.1669=0.7775 val_L16_beta3.2922=0.4816 val_L16_beta3.3842=0.6844 val_L16_beta3.4006=0.6106 val_L16_beta3.6231=0.7752 val_L16_beta3.7225=0.7425 val_L16_beta4.0764=0.7085 val_L16_beta4.7323=0.7175 val_L16_beta4.7632=0.6013 val_L16_beta5.586=0.6654 val_L16_beta6.2411=0.5038 val_L16_beta6.4184=0.5260 val_L16_beta6.8771=0.4095 val_L16_beta8.3946=0.5361 val_L16_beta8.4548=0.5746 val_L16_beta8.7139=0.6384 val_L16_beta9.287=0.7465 val_L16_beta9.571=0.5062 val_L16_beta9.8499=0.5261 val_L16_beta10.2188=0.6042 val_L16_beta11.8501=0.6468 val_L16_beta11.8784=0.5699 val_L16_beta12.9259=0.5311 val_L16_beta14.4687=0.6476 val_L16_beta15.5366=0.4824 val_L16_beta17.502=0.5079 val_L16_beta17.7602=0.7297 val_L16_beta19.403=0.5659 val_L16_beta20.2412=0.7007 val_L16_beta21.8857=0.5674 val_L16_beta27.0442=0.6188 val_L16_beta27.3387=0.6334 val_L16_beta27.7875=0.6267 val_L16_beta30.5978=0.6310 val_L16_beta33.325=0.5343 val_L16_beta34.3422=0.5496 val_L16_beta38.5957=0.4536 val_L16_beta39.6475=0.4935 val_L16_beta47.0386=0.5307 val_L16_beta47.4228=0.5827 val_L16_beta54.11=0.3841 val_L16_beta56.1944=0.5238 val_L16_beta57.2189=0.4554 val_L32_beta2.1926=1.0080 val_L32_beta2.4697=1.1237 val_L32_beta2.8622=0.7425 val_L32_beta4.994=0.6314 val_L32_beta8.069=0.5838 val_L32_beta11.2015=0.7312 val_L32_beta12.3504=0.7061 val_L32_beta12.688=0.8098 val_L32_beta14.1441=0.6223 val_L32_beta18.0708=0.3809 val_L32_beta18.6487=0.4023 val_L32_beta52.6284=0.5665 val_L8_beta1.4347=0.5783 val_L8_beta1.4977=0.7879 val_L8_beta1.7872=0.6624 val_L8_beta1.9783=0.6621 val_L8_beta2.4006=0.7093 val_L8_beta2.4786=0.7861 val_L32_beta2.0799=0.7492 val_L32_beta2.4378=0.8705 val_L32_beta2.5092=0.7315 val_L32_beta4.0939=0.6417 val_L32_beta4.2586=0.5842 val_L32_beta4.2761=0.7002 val_L32_beta5.2987=0.6816 val_L32_beta5.7905=0.6902 val_L32_beta6.1747=0.6081 val_L32_beta8.7467=0.8115 val_L32_beta8.9764=0.6723 val_L32_beta9.3874=0.4708 val_L32_beta9.5767=0.6881 val_L32_beta9.6729=0.6884 val_L32_beta10.8745=0.6875 val_L32_beta11.9792=0.6914 val_L32_beta25.9011=0.5933 val_L32_beta30.6638=0.5227 val_L32_beta31.4382=0.4642 val_L32_beta40.9956=0.4648 val_L32_beta43.8647=0.6192 val_L32_beta44.3339=0.4696 val_L32_beta44.5075=0.5206 val_L32_beta50.1987=0.4503 val_total=66.8350
epoch   4  train=0.6735  val_L16_beta14.1464=0.5498 val_L16_beta25=0.5391 val_L16_beta40=0.5433 val_L16_beta55.0237=0.5140 val_L16_beta1.0119=0.7296 val_L16_beta1.0397=0.8272 val_L16_beta1.0743=0.6774 val_L16_beta1.2464=0.6886 val_L16_beta1.2749=0.6401 val_L16_beta1.7484=0.4986 val_L16_beta1.8367=0.8252 val_L16_beta1.8781=0.6681 val_L16_beta2.122=0.5286 val_L16_beta2.1285=0.7715 val_L16_beta2.1757=0.6243 val_L16_beta2.1862=0.5978 val_L16_beta2.2983=0.6073 val_L16_beta2.3046=0.7549 val_L16_beta2.3454=0.6694 val_L16_beta2.7647=0.7517 val_L16_beta3.1518=0.6674 val_L16_beta3.1669=0.7541 val_L16_beta3.2922=0.4657 val_L16_beta3.3842=0.6640 val_L16_beta3.4006=0.5918 val_L16_beta3.6231=0.7540 val_L16_beta3.7225=0.7218 val_L16_beta4.0764=0.6818 val_L16_beta4.7323=0.7069 val_L16_beta4.7632=0.5927 val_L16_beta5.586=0.6508 val_L16_beta6.2411=0.4896 val_L16_beta6.4184=0.5166 val_L16_beta6.8771=0.3972 val_L16_beta8.3946=0.5273 val_L16_beta8.4548=0.5626 val_L16_beta8.7139=0.6258 val_L16_beta9.287=0.7339 val_L16_beta9.571=0.4967 val_L16_beta9.8499=0.5089 val_L16_beta10.2188=0.5900 val_L16_beta11.8501=0.6339 val_L16_beta11.8784=0.5634 val_L16_beta12.9259=0.5162 val_L16_beta14.4687=0.6344 val_L16_beta15.5366=0.4702 val_L16_beta17.502=0.4978 val_L16_beta17.7602=0.7158 val_L16_beta19.403=0.5543 val_L16_beta20.2412=0.6789 val_L16_beta21.8857=0.5553 val_L16_beta27.0442=0.6030 val_L16_beta27.3387=0.6189 val_L16_beta27.7875=0.6101 val_L16_beta30.5978=0.6160 val_L16_beta33.325=0.5262 val_L16_beta34.3422=0.5390 val_L16_beta38.5957=0.4459 val_L16_beta39.6475=0.4868 val_L16_beta47.0386=0.5151 val_L16_beta47.4228=0.5744 val_L16_beta54.11=0.3761 val_L16_beta56.1944=0.5189 val_L16_beta57.2189=0.4475 val_L32_beta2.1926=0.9767 val_L32_beta2.4697=1.0706 val_L32_beta2.8622=0.7102 val_L32_beta4.994=0.6018 val_L32_beta8.069=0.5702 val_L32_beta11.2015=0.7030 val_L32_beta12.3504=0.7043 val_L32_beta12.688=0.7895 val_L32_beta14.1441=0.5971 val_L32_beta18.0708=0.3750 val_L32_beta18.6487=0.3925 val_L32_beta52.6284=0.5509 val_L8_beta1.4347=0.5703 val_L8_beta1.4977=0.7714 val_L8_beta1.7872=0.6481 val_L8_beta1.9783=0.6487 val_L8_beta2.4006=0.6903 val_L8_beta2.4786=0.7606 val_L32_beta2.0799=0.7288 val_L32_beta2.4378=0.8430 val_L32_beta2.5092=0.7065 val_L32_beta4.0939=0.6291 val_L32_beta4.2586=0.5720 val_L32_beta4.2761=0.6731 val_L32_beta5.2987=0.6514 val_L32_beta5.7905=0.6844 val_L32_beta6.1747=0.5788 val_L32_beta8.7467=0.7865 val_L32_beta8.9764=0.6481 val_L32_beta9.3874=0.4565 val_L32_beta9.5767=0.6599 val_L32_beta9.6729=0.6789 val_L32_beta10.8745=0.6680 val_L32_beta11.9792=0.6658 val_L32_beta25.9011=0.5922 val_L32_beta30.6638=0.5191 val_L32_beta31.4382=0.4539 val_L32_beta40.9956=0.4550 val_L32_beta43.8647=0.6090 val_L32_beta44.3339=0.4670 val_L32_beta44.5075=0.5124 val_L32_beta50.1987=0.4469 val_total=65.2215
epoch   5  train=0.6648  val_L16_beta14.1464=0.5462 val_L16_beta25=0.5355 val_L16_beta40=0.5406 val_L16_beta55.0237=0.5116 val_L16_beta1.0119=0.7229 val_L16_beta1.0397=0.8156 val_L16_beta1.0743=0.6705 val_L16_beta1.2464=0.6812 val_L16_beta1.2749=0.6293 val_L16_beta1.7484=0.4955 val_L16_beta1.8367=0.8182 val_L16_beta1.8781=0.6587 val_L16_beta2.122=0.5212 val_L16_beta2.1285=0.7656 val_L16_beta2.1757=0.6091 val_L16_beta2.1862=0.5884 val_L16_beta2.2983=0.5971 val_L16_beta2.3046=0.7482 val_L16_beta2.3454=0.6601 val_L16_beta2.7647=0.7416 val_L16_beta3.1518=0.6620 val_L16_beta3.1669=0.7447 val_L16_beta3.2922=0.4609 val_L16_beta3.3842=0.6553 val_L16_beta3.4006=0.5871 val_L16_beta3.6231=0.7480 val_L16_beta3.7225=0.7142 val_L16_beta4.0764=0.6742 val_L16_beta4.7323=0.7028 val_L16_beta4.7632=0.5885 val_L16_beta5.586=0.6456 val_L16_beta6.2411=0.4823 val_L16_beta6.4184=0.5127 val_L16_beta6.8771=0.3948 val_L16_beta8.3946=0.5232 val_L16_beta8.4548=0.5558 val_L16_beta8.7139=0.6228 val_L16_beta9.287=0.7303 val_L16_beta9.571=0.4938 val_L16_beta9.8499=0.5039 val_L16_beta10.2188=0.5881 val_L16_beta11.8501=0.6309 val_L16_beta11.8784=0.5609 val_L16_beta12.9259=0.5125 val_L16_beta14.4687=0.6289 val_L16_beta15.5366=0.4674 val_L16_beta17.502=0.4945 val_L16_beta17.7602=0.7137 val_L16_beta19.403=0.5523 val_L16_beta20.2412=0.6743 val_L16_beta21.8857=0.5527 val_L16_beta27.0442=0.5993 val_L16_beta27.3387=0.6139 val_L16_beta27.7875=0.6067 val_L16_beta30.5978=0.6129 val_L16_beta33.325=0.5210 val_L16_beta34.3422=0.5377 val_L16_beta38.5957=0.4445 val_L16_beta39.6475=0.4843 val_L16_beta47.0386=0.5085 val_L16_beta47.4228=0.5709 val_L16_beta54.11=0.3738 val_L16_beta56.1944=0.5174 val_L16_beta57.2189=0.4461 val_L32_beta2.1926=0.9644 val_L32_beta2.4697=1.0135 val_L32_beta2.8622=0.7029 val_L32_beta4.994=0.5825 val_L32_beta8.069=0.5610 val_L32_beta11.2015=0.6917 val_L32_beta12.3504=0.7102 val_L32_beta12.688=0.7886 val_L32_beta14.1441=0.5889 val_L32_beta18.0708=0.3647 val_L32_beta18.6487=0.3892 val_L32_beta52.6284=0.5460 val_L8_beta1.4347=0.5645 val_L8_beta1.4977=0.7599 val_L8_beta1.7872=0.6414 val_L8_beta1.9783=0.6431 val_L8_beta2.4006=0.6832 val_L8_beta2.4786=0.7546 val_L32_beta2.0799=0.7106 val_L32_beta2.4378=0.8190 val_L32_beta2.5092=0.6882 val_L32_beta4.0939=0.6307 val_L32_beta4.2586=0.5626 val_L32_beta4.2761=0.6643 val_L32_beta5.2987=0.6404 val_L32_beta5.7905=0.6838 val_L32_beta6.1747=0.5679 val_L32_beta8.7467=0.7850 val_L32_beta8.9764=0.6389 val_L32_beta9.3874=0.4505 val_L32_beta9.5767=0.6548 val_L32_beta9.6729=0.6750 val_L32_beta10.8745=0.6594 val_L32_beta11.9792=0.6577 val_L32_beta25.9011=0.5837 val_L32_beta30.6638=0.5122 val_L32_beta31.4382=0.4531 val_L32_beta40.9956=0.4538 val_L32_beta43.8647=0.6031 val_L32_beta44.3339=0.4534 val_L32_beta44.5075=0.5035 val_L32_beta50.1987=0.4468 val_total=64.5216
epoch   6  train=0.6590  val_L16_beta14.1464=0.5448 val_L16_beta25=0.5344 val_L16_beta40=0.5399 val_L16_beta55.0237=0.5095 val_L16_beta1.0119=0.7197 val_L16_beta1.0397=0.8078 val_L16_beta1.0743=0.6656 val_L16_beta1.2464=0.6792 val_L16_beta1.2749=0.6259 val_L16_beta1.7484=0.4963 val_L16_beta1.8367=0.8124 val_L16_beta1.8781=0.6517 val_L16_beta2.122=0.5173 val_L16_beta2.1285=0.7611 val_L16_beta2.1757=0.6029 val_L16_beta2.1862=0.5836 val_L16_beta2.2983=0.5924 val_L16_beta2.3046=0.7436 val_L16_beta2.3454=0.6570 val_L16_beta2.7647=0.7356 val_L16_beta3.1518=0.6587 val_L16_beta3.1669=0.7412 val_L16_beta3.2922=0.4587 val_L16_beta3.3842=0.6507 val_L16_beta3.4006=0.5832 val_L16_beta3.6231=0.7454 val_L16_beta3.7225=0.7103 val_L16_beta4.0764=0.6706 val_L16_beta4.7323=0.7014 val_L16_beta4.7632=0.5867 val_L16_beta5.586=0.6408 val_L16_beta6.2411=0.4782 val_L16_beta6.4184=0.5112 val_L16_beta6.8771=0.3942 val_L16_beta8.3946=0.5220 val_L16_beta8.4548=0.5541 val_L16_beta8.7139=0.6219 val_L16_beta9.287=0.7289 val_L16_beta9.571=0.4920 val_L16_beta9.8499=0.5020 val_L16_beta10.2188=0.5882 val_L16_beta11.8501=0.6288 val_L16_beta11.8784=0.5594 val_L16_beta12.9259=0.5116 val_L16_beta14.4687=0.6255 val_L16_beta15.5366=0.4666 val_L16_beta17.502=0.4933 val_L16_beta17.7602=0.7123 val_L16_beta19.403=0.5514 val_L16_beta20.2412=0.6728 val_L16_beta21.8857=0.5517 val_L16_beta27.0442=0.5990 val_L16_beta27.3387=0.6102 val_L16_beta27.7875=0.6051 val_L16_beta30.5978=0.6124 val_L16_beta33.325=0.5182 val_L16_beta34.3422=0.5356 val_L16_beta38.5957=0.4421 val_L16_beta39.6475=0.4821 val_L16_beta47.0386=0.5069 val_L16_beta47.4228=0.5690 val_L16_beta54.11=0.3725 val_L16_beta56.1944=0.5174 val_L16_beta57.2189=0.4449 val_L32_beta2.1926=0.9349 val_L32_beta2.4697=0.9845 val_L32_beta2.8622=0.6984 val_L32_beta4.994=0.5736 val_L32_beta8.069=0.5595 val_L32_beta11.2015=0.6906 val_L32_beta12.3504=0.7065 val_L32_beta12.688=0.7827 val_L32_beta14.1441=0.5858 val_L32_beta18.0708=0.3630 val_L32_beta18.6487=0.3861 val_L32_beta52.6284=0.5444 val_L8_beta1.4347=0.5588 val_L8_beta1.4977=0.7574 val_L8_beta1.7872=0.6393 val_L8_beta1.9783=0.6402 val_L8_beta2.4006=0.6788 val_L8_beta2.4786=0.7495 val_L32_beta2.0799=0.6876 val_L32_beta2.4378=0.8046 val_L32_beta2.5092=0.6712 val_L32_beta4.0939=0.6258 val_L32_beta4.2586=0.5622 val_L32_beta4.2761=0.6586 val_L32_beta5.2987=0.6311 val_L32_beta5.7905=0.6719 val_L32_beta6.1747=0.5625 val_L32_beta8.7467=0.7760 val_L32_beta8.9764=0.6299 val_L32_beta9.3874=0.4477 val_L32_beta9.5767=0.6545 val_L32_beta9.6729=0.6730 val_L32_beta10.8745=0.6604 val_L32_beta11.9792=0.6553 val_L32_beta25.9011=0.5720 val_L32_beta30.6638=0.5122 val_L32_beta31.4382=0.4472 val_L32_beta40.9956=0.4536 val_L32_beta43.8647=0.6033 val_L32_beta44.3339=0.4467 val_L32_beta44.5075=0.4988 val_L32_beta50.1987=0.4419 val_total=64.0921
epoch   7  train=0.6680  val_L16_beta14.1464=0.5443 val_L16_beta25=0.5335 val_L16_beta40=0.5393 val_L16_beta55.0237=0.5093 val_L16_beta1.0119=0.7203 val_L16_beta1.0397=0.8035 val_L16_beta1.0743=0.6620 val_L16_beta1.2464=0.6782 val_L16_beta1.2749=0.6220 val_L16_beta1.7484=0.4949 val_L16_beta1.8367=0.8084 val_L16_beta1.8781=0.6489 val_L16_beta2.122=0.5161 val_L16_beta2.1285=0.7617 val_L16_beta2.1757=0.5998 val_L16_beta2.1862=0.5808 val_L16_beta2.2983=0.5916 val_L16_beta2.3046=0.7415 val_L16_beta2.3454=0.6560 val_L16_beta2.7647=0.7344 val_L16_beta3.1518=0.6562 val_L16_beta3.1669=0.7387 val_L16_beta3.2922=0.4577 val_L16_beta3.3842=0.6488 val_L16_beta3.4006=0.5812 val_L16_beta3.6231=0.7420 val_L16_beta3.7225=0.7075 val_L16_beta4.0764=0.6670 val_L16_beta4.7323=0.6998 val_L16_beta4.7632=0.5857 val_L16_beta5.586=0.6389 val_L16_beta6.2411=0.4769 val_L16_beta6.4184=0.5100 val_L16_beta6.8771=0.3943 val_L16_beta8.3946=0.5188 val_L16_beta8.4548=0.5517 val_L16_beta8.7139=0.6208 val_L16_beta9.287=0.7281 val_L16_beta9.571=0.4912 val_L16_beta9.8499=0.5011 val_L16_beta10.2188=0.5860 val_L16_beta11.8501=0.6280 val_L16_beta11.8784=0.5588 val_L16_beta12.9259=0.5116 val_L16_beta14.4687=0.6245 val_L16_beta15.5366=0.4661 val_L16_beta17.502=0.4933 val_L16_beta17.7602=0.7111 val_L16_beta19.403=0.5497 val_L16_beta20.2412=0.6719 val_L16_beta21.8857=0.5508 val_L16_beta27.0442=0.5985 val_L16_beta27.3387=0.6084 val_L16_beta27.7875=0.6048 val_L16_beta30.5978=0.6131 val_L16_beta33.325=0.5180 val_L16_beta34.3422=0.5357 val_L16_beta38.5957=0.4409 val_L16_beta39.6475=0.4818 val_L16_beta47.0386=0.5070 val_L16_beta47.4228=0.5698 val_L16_beta54.11=0.3718 val_L16_beta56.1944=0.5171 val_L16_beta57.2189=0.4439 val_L32_beta2.1926=0.9150 val_L32_beta2.4697=0.9957 val_L32_beta2.8622=0.6952 val_L32_beta4.994=0.5681 val_L32_beta8.069=0.5556 val_L32_beta11.2015=0.6906 val_L32_beta12.3504=0.6981 val_L32_beta12.688=0.7858 val_L32_beta14.1441=0.5859 val_L32_beta18.0708=0.3626 val_L32_beta18.6487=0.3885 val_L32_beta52.6284=0.5447 val_L8_beta1.4347=0.5556 val_L8_beta1.4977=0.7528 val_L8_beta1.7872=0.6367 val_L8_beta1.9783=0.6393 val_L8_beta2.4006=0.6741 val_L8_beta2.4786=0.7460 val_L32_beta2.0799=0.6826 val_L32_beta2.4378=0.7971 val_L32_beta2.5092=0.6791 val_L32_beta4.0939=0.6234 val_L32_beta4.2586=0.5658 val_L32_beta4.2761=0.6539 val_L32_beta5.2987=0.6259 val_L32_beta5.7905=0.6770 val_L32_beta6.1747=0.5620 val_L32_beta8.7467=0.7735 val_L32_beta8.9764=0.6285 val_L32_beta9.3874=0.4461 val_L32_beta9.5767=0.6536 val_L32_beta9.6729=0.6708 val_L32_beta10.8745=0.6586 val_L32_beta11.9792=0.6553 val_L32_beta25.9011=0.5576 val_L32_beta30.6638=0.5122 val_L32_beta31.4382=0.4443 val_L32_beta40.9956=0.4542 val_L32_beta43.8647=0.6030 val_L32_beta44.3339=0.4498 val_L32_beta44.5075=0.4972 val_L32_beta50.1987=0.4358 val_total=63.9232
epoch   8  train=0.6558  val_L16_beta14.1464=0.5431 val_L16_beta25=0.5325 val_L16_beta40=0.5390 val_L16_beta55.0237=0.5084 val_L16_beta1.0119=0.7187 val_L16_beta1.0397=0.7993 val_L16_beta1.0743=0.6593 val_L16_beta1.2464=0.6760 val_L16_beta1.2749=0.6196 val_L16_beta1.7484=0.4940 val_L16_beta1.8367=0.8047 val_L16_beta1.8781=0.6456 val_L16_beta2.122=0.5167 val_L16_beta2.1285=0.7612 val_L16_beta2.1757=0.5976 val_L16_beta2.1862=0.5780 val_L16_beta2.2983=0.5920 val_L16_beta2.3046=0.7386 val_L16_beta2.3454=0.6536 val_L16_beta2.7647=0.7343 val_L16_beta3.1518=0.6544 val_L16_beta3.1669=0.7390 val_L16_beta3.2922=0.4562 val_L16_beta3.3842=0.6469 val_L16_beta3.4006=0.5786 val_L16_beta3.6231=0.7398 val_L16_beta3.7225=0.7061 val_L16_beta4.0764=0.6667 val_L16_beta4.7323=0.6998 val_L16_beta4.7632=0.5856 val_L16_beta5.586=0.6387 val_L16_beta6.2411=0.4766 val_L16_beta6.4184=0.5086 val_L16_beta6.8771=0.3934 val_L16_beta8.3946=0.5182 val_L16_beta8.4548=0.5497 val_L16_beta8.7139=0.6203 val_L16_beta9.287=0.7272 val_L16_beta9.571=0.4924 val_L16_beta9.8499=0.5000 val_L16_beta10.2188=0.5861 val_L16_beta11.8501=0.6270 val_L16_beta11.8784=0.5582 val_L16_beta12.9259=0.5110 val_L16_beta14.4687=0.6241 val_L16_beta15.5366=0.4649 val_L16_beta17.502=0.4924 val_L16_beta17.7602=0.7100 val_L16_beta19.403=0.5473 val_L16_beta20.2412=0.6715 val_L16_beta21.8857=0.5505 val_L16_beta27.0442=0.5972 val_L16_beta27.3387=0.6062 val_L16_beta27.7875=0.6045 val_L16_beta30.5978=0.6113 val_L16_beta33.325=0.5159 val_L16_beta34.3422=0.5352 val_L16_beta38.5957=0.4403 val_L16_beta39.6475=0.4817 val_L16_beta47.0386=0.5070 val_L16_beta47.4228=0.5689 val_L16_beta54.11=0.3713 val_L16_beta56.1944=0.5161 val_L16_beta57.2189=0.4433 val_L32_beta2.1926=0.9128 val_L32_beta2.4697=1.0133 val_L32_beta2.8622=0.6952 val_L32_beta4.994=0.5683 val_L32_beta8.069=0.5499 val_L32_beta11.2015=0.6872 val_L32_beta12.3504=0.7026 val_L32_beta12.688=0.7835 val_L32_beta14.1441=0.5858 val_L32_beta18.0708=0.3591 val_L32_beta18.6487=0.3863 val_L32_beta52.6284=0.5438 val_L8_beta1.4347=0.5525 val_L8_beta1.4977=0.7487 val_L8_beta1.7872=0.6348 val_L8_beta1.9783=0.6378 val_L8_beta2.4006=0.6720 val_L8_beta2.4786=0.7444 val_L32_beta2.0799=0.6826 val_L32_beta2.4378=0.7915 val_L32_beta2.5092=0.6887 val_L32_beta4.0939=0.6200 val_L32_beta4.2586=0.5677 val_L32_beta4.2761=0.6530 val_L32_beta5.2987=0.6218 val_L32_beta5.7905=0.6825 val_L32_beta6.1747=0.5597 val_L32_beta8.7467=0.7725 val_L32_beta8.9764=0.6276 val_L32_beta9.3874=0.4464 val_L32_beta9.5767=0.6549 val_L32_beta9.6729=0.6678 val_L32_beta10.8745=0.6596 val_L32_beta11.9792=0.6547 val_L32_beta25.9011=0.5588 val_L32_beta30.6638=0.5100 val_L32_beta31.4382=0.4453 val_L32_beta40.9956=0.4536 val_L32_beta43.8647=0.6021 val_L32_beta44.3339=0.4553 val_L32_beta44.5075=0.4999 val_L32_beta50.1987=0.4329 val_total=63.8390
epoch   9  train=0.6497  val_L16_beta14.1464=0.5425 val_L16_beta25=0.5323 val_L16_beta40=0.5376 val_L16_beta55.0237=0.5081 val_L16_beta1.0119=0.7152 val_L16_beta1.0397=0.7965 val_L16_beta1.0743=0.6550 val_L16_beta1.2464=0.6723 val_L16_beta1.2749=0.6201 val_L16_beta1.7484=0.4958 val_L16_beta1.8367=0.8041 val_L16_beta1.8781=0.6419 val_L16_beta2.122=0.5130 val_L16_beta2.1285=0.7602 val_L16_beta2.1757=0.5943 val_L16_beta2.1862=0.5764 val_L16_beta2.2983=0.5928 val_L16_beta2.3046=0.7371 val_L16_beta2.3454=0.6515 val_L16_beta2.7647=0.7324 val_L16_beta3.1518=0.6538 val_L16_beta3.1669=0.7390 val_L16_beta3.2922=0.4552 val_L16_beta3.3842=0.6447 val_L16_beta3.4006=0.5757 val_L16_beta3.6231=0.7391 val_L16_beta3.7225=0.7043 val_L16_beta4.0764=0.6645 val_L16_beta4.7323=0.6993 val_L16_beta4.7632=0.5847 val_L16_beta5.586=0.6346 val_L16_beta6.2411=0.4736 val_L16_beta6.4184=0.5092 val_L16_beta6.8771=0.3927 val_L16_beta8.3946=0.5171 val_L16_beta8.4548=0.5470 val_L16_beta8.7139=0.6197 val_L16_beta9.287=0.7271 val_L16_beta9.571=0.4933 val_L16_beta9.8499=0.4998 val_L16_beta10.2188=0.5864 val_L16_beta11.8501=0.6269 val_L16_beta11.8784=0.5575 val_L16_beta12.9259=0.5097 val_L16_beta14.4687=0.6244 val_L16_beta15.5366=0.4652 val_L16_beta17.502=0.4910 val_L16_beta17.7602=0.7099 val_L16_beta19.403=0.5468 val_L16_beta20.2412=0.6709 val_L16_beta21.8857=0.5503 val_L16_beta27.0442=0.5970 val_L16_beta27.3387=0.6066 val_L16_beta27.7875=0.6036 val_L16_beta30.5978=0.6111 val_L16_beta33.325=0.5135 val_L16_beta34.3422=0.5340 val_L16_beta38.5957=0.4404 val_L16_beta39.6475=0.4805 val_L16_beta47.0386=0.5076 val_L16_beta47.4228=0.5687 val_L16_beta54.11=0.3710 val_L16_beta56.1944=0.5161 val_L16_beta57.2189=0.4410 val_L32_beta2.1926=0.9021 val_L32_beta2.4697=1.0082 val_L32_beta2.8622=0.6891 val_L32_beta4.994=0.5683 val_L32_beta8.069=0.5530 val_L32_beta11.2015=0.6855 val_L32_beta12.3504=0.6940 val_L32_beta12.688=0.7829 val_L32_beta14.1441=0.5837 val_L32_beta18.0708=0.3558 val_L32_beta18.6487=0.3857 val_L32_beta52.6284=0.5457 val_L8_beta1.4347=0.5506 val_L8_beta1.4977=0.7457 val_L8_beta1.7872=0.6342 val_L8_beta1.9783=0.6389 val_L8_beta2.4006=0.6709 val_L8_beta2.4786=0.7420 val_L32_beta2.0799=0.6913 val_L32_beta2.4378=0.7871 val_L32_beta2.5092=0.6984 val_L32_beta4.0939=0.6243 val_L32_beta4.2586=0.5723 val_L32_beta4.2761=0.6484 val_L32_beta5.2987=0.6184 val_L32_beta5.7905=0.6734 val_L32_beta6.1747=0.5577 val_L32_beta8.7467=0.7673 val_L32_beta8.9764=0.6256 val_L32_beta9.3874=0.4459 val_L32_beta9.5767=0.6520 val_L32_beta9.6729=0.6670 val_L32_beta10.8745=0.6615 val_L32_beta11.9792=0.6544 val_L32_beta25.9011=0.5661 val_L32_beta30.6638=0.5120 val_L32_beta31.4382=0.4460 val_L32_beta40.9956=0.4512 val_L32_beta43.8647=0.6013 val_L32_beta44.3339=0.4550 val_L32_beta44.5075=0.4952 val_L32_beta50.1987=0.4338 val_total=63.7250
epoch  10  train=0.6538  val_L16_beta14.1464=0.5422 val_L16_beta25=0.5322 val_L16_beta40=0.5374 val_L16_beta55.0237=0.5077 val_L16_beta1.0119=0.7175 val_L16_beta1.0397=0.7930 val_L16_beta1.0743=0.6527 val_L16_beta1.2464=0.6718 val_L16_beta1.2749=0.6205 val_L16_beta1.7484=0.4957 val_L16_beta1.8367=0.8047 val_L16_beta1.8781=0.6382 val_L16_beta2.122=0.5118 val_L16_beta2.1285=0.7575 val_L16_beta2.1757=0.5932 val_L16_beta2.1862=0.5756 val_L16_beta2.2983=0.5893 val_L16_beta2.3046=0.7376 val_L16_beta2.3454=0.6498 val_L16_beta2.7647=0.7290 val_L16_beta3.1518=0.6524 val_L16_beta3.1669=0.7384 val_L16_beta3.2922=0.4545 val_L16_beta3.3842=0.6425 val_L16_beta3.4006=0.5751 val_L16_beta3.6231=0.7383 val_L16_beta3.7225=0.7027 val_L16_beta4.0764=0.6638 val_L16_beta4.7323=0.6983 val_L16_beta4.7632=0.5834 val_L16_beta5.586=0.6332 val_L16_beta6.2411=0.4733 val_L16_beta6.4184=0.5098 val_L16_beta6.8771=0.3933 val_L16_beta8.3946=0.5159 val_L16_beta8.4548=0.5480 val_L16_beta8.7139=0.6183 val_L16_beta9.287=0.7265 val_L16_beta9.571=0.4919 val_L16_beta9.8499=0.4992 val_L16_beta10.2188=0.5874 val_L16_beta11.8501=0.6270 val_L16_beta11.8784=0.5567 val_L16_beta12.9259=0.5093 val_L16_beta14.4687=0.6233 val_L16_beta15.5366=0.4655 val_L16_beta17.502=0.4911 val_L16_beta17.7602=0.7092 val_L16_beta19.403=0.5469 val_L16_beta20.2412=0.6703 val_L16_beta21.8857=0.5494 val_L16_beta27.0442=0.5965 val_L16_beta27.3387=0.6066 val_L16_beta27.7875=0.6038 val_L16_beta30.5978=0.6097 val_L16_beta33.325=0.5114 val_L16_beta34.3422=0.5325 val_L16_beta38.5957=0.4398 val_L16_beta39.6475=0.4805 val_L16_beta47.0386=0.5034 val_L16_beta47.4228=0.5667 val_L16_beta54.11=0.3706 val_L16_beta56.1944=0.5167 val_L16_beta57.2189=0.4415 val_L32_beta2.1926=0.9037 val_L32_beta2.4697=1.0017 val_L32_beta2.8622=0.6866 val_L32_beta4.994=0.5605 val_L32_beta8.069=0.5497 val_L32_beta11.2015=0.6843 val_L32_beta12.3504=0.6949 val_L32_beta12.688=0.7829 val_L32_beta14.1441=0.5813 val_L32_beta18.0708=0.3561 val_L32_beta18.6487=0.3844 val_L32_beta52.6284=0.5411 val_L8_beta1.4347=0.5483 val_L8_beta1.4977=0.7451 val_L8_beta1.7872=0.6326 val_L8_beta1.9783=0.6374 val_L8_beta2.4006=0.6695 val_L8_beta2.4786=0.7409 val_L32_beta2.0799=0.6824 val_L32_beta2.4378=0.7764 val_L32_beta2.5092=0.6957 val_L32_beta4.0939=0.6209 val_L32_beta4.2586=0.5598 val_L32_beta4.2761=0.6468 val_L32_beta5.2987=0.6244 val_L32_beta5.7905=0.6644 val_L32_beta6.1747=0.5595 val_L32_beta8.7467=0.7666 val_L32_beta8.9764=0.6292 val_L32_beta9.3874=0.4437 val_L32_beta9.5767=0.6490 val_L32_beta9.6729=0.6653 val_L32_beta10.8745=0.6596 val_L32_beta11.9792=0.6531 val_L32_beta25.9011=0.5637 val_L32_beta30.6638=0.5094 val_L32_beta31.4382=0.4479 val_L32_beta40.9956=0.4540 val_L32_beta43.8647=0.6005 val_L32_beta44.3339=0.4599 val_L32_beta44.5075=0.4985 val_L32_beta50.1987=0.4357 val_total=63.5986
epoch  11  train=0.6467  val_L16_beta14.1464=0.5414 val_L16_beta25=0.5319 val_L16_beta40=0.5374 val_L16_beta55.0237=0.5075 val_L16_beta1.0119=0.7155 val_L16_beta1.0397=0.7933 val_L16_beta1.0743=0.6510 val_L16_beta1.2464=0.6704 val_L16_beta1.2749=0.6161 val_L16_beta1.7484=0.4947 val_L16_beta1.8367=0.8014 val_L16_beta1.8781=0.6355 val_L16_beta2.122=0.5095 val_L16_beta2.1285=0.7565 val_L16_beta2.1757=0.5921 val_L16_beta2.1862=0.5738 val_L16_beta2.2983=0.5894 val_L16_beta2.3046=0.7375 val_L16_beta2.3454=0.6499 val_L16_beta2.7647=0.7269 val_L16_beta3.1518=0.6504 val_L16_beta3.1669=0.7399 val_L16_beta3.2922=0.4536 val_L16_beta3.3842=0.6442 val_L16_beta3.4006=0.5756 val_L16_beta3.6231=0.7367 val_L16_beta3.7225=0.7015 val_L16_beta4.0764=0.6643 val_L16_beta4.7323=0.6976 val_L16_beta4.7632=0.5819 val_L16_beta5.586=0.6342 val_L16_beta6.2411=0.4729 val_L16_beta6.4184=0.5068 val_L16_beta6.8771=0.3929 val_L16_beta8.3946=0.5136 val_L16_beta8.4548=0.5476 val_L16_beta8.7139=0.6182 val_L16_beta9.287=0.7258 val_L16_beta9.571=0.4904 val_L16_beta9.8499=0.4987 val_L16_beta10.2188=0.5857 val_L16_beta11.8501=0.6268 val_L16_beta11.8784=0.5559 val_L16_beta12.9259=0.5099 val_L16_beta14.4687=0.6218 val_L16_beta15.5366=0.4649 val_L16_beta17.502=0.4904 val_L16_beta17.7602=0.7081 val_L16_beta19.403=0.5448 val_L16_beta20.2412=0.6699 val_L16_beta21.8857=0.5492 val_L16_beta27.0442=0.5963 val_L16_beta27.3387=0.6044 val_L16_beta27.7875=0.6031 val_L16_beta30.5978=0.6079 val_L16_beta33.325=0.5103 val_L16_beta34.3422=0.5319 val_L16_beta38.5957=0.4390 val_L16_beta39.6475=0.4806 val_L16_beta47.0386=0.5031 val_L16_beta47.4228=0.5660 val_L16_beta54.11=0.3699 val_L16_beta56.1944=0.5167 val_L16_beta57.2189=0.4411 val_L32_beta2.1926=0.9055 val_L32_beta2.4697=0.9938 val_L32_beta2.8622=0.6841 val_L32_beta4.994=0.5585 val_L32_beta8.069=0.5478 val_L32_beta11.2015=0.6846 val_L32_beta12.3504=0.6960 val_L32_beta12.688=0.7829 val_L32_beta14.1441=0.5837 val_L32_beta18.0708=0.3579 val_L32_beta18.6487=0.3841 val_L32_beta52.6284=0.5396 val_L8_beta1.4347=0.5474 val_L8_beta1.4977=0.7446 val_L8_beta1.7872=0.6304 val_L8_beta1.9783=0.6370 val_L8_beta2.4006=0.6667 val_L8_beta2.4786=0.7410 val_L32_beta2.0799=0.6789 val_L32_beta2.4378=0.7664 val_L32_beta2.5092=0.7068 val_L32_beta4.0939=0.6237 val_L32_beta4.2586=0.5569 val_L32_beta4.2761=0.6464 val_L32_beta5.2987=0.6313 val_L32_beta5.7905=0.6639 val_L32_beta6.1747=0.5567 val_L32_beta8.7467=0.7651 val_L32_beta8.9764=0.6283 val_L32_beta9.3874=0.4432 val_L32_beta9.5767=0.6425 val_L32_beta9.6729=0.6636 val_L32_beta10.8745=0.6643 val_L32_beta11.9792=0.6527 val_L32_beta25.9011=0.5497 val_L32_beta30.6638=0.5085 val_L32_beta31.4382=0.4464 val_L32_beta40.9956=0.4565 val_L32_beta43.8647=0.6015 val_L32_beta44.3339=0.4585 val_L32_beta44.5075=0.5014 val_L32_beta50.1987=0.4283 val_total=63.5029
epoch  12  train=0.6485  val_L16_beta14.1464=0.5414 val_L16_beta25=0.5309 val_L16_beta40=0.5372 val_L16_beta55.0237=0.5074 val_L16_beta1.0119=0.7095 val_L16_beta1.0397=0.7926 val_L16_beta1.0743=0.6492 val_L16_beta1.2464=0.6648 val_L16_beta1.2749=0.6195 val_L16_beta1.7484=0.4955 val_L16_beta1.8367=0.8021 val_L16_beta1.8781=0.6365 val_L16_beta2.122=0.5102 val_L16_beta2.1285=0.7545 val_L16_beta2.1757=0.5904 val_L16_beta2.1862=0.5741 val_L16_beta2.2983=0.5888 val_L16_beta2.3046=0.7393 val_L16_beta2.3454=0.6482 val_L16_beta2.7647=0.7245 val_L16_beta3.1518=0.6494 val_L16_beta3.1669=0.7397 val_L16_beta3.2922=0.4532 val_L16_beta3.3842=0.6428 val_L16_beta3.4006=0.5732 val_L16_beta3.6231=0.7363 val_L16_beta3.7225=0.7009 val_L16_beta4.0764=0.6643 val_L16_beta4.7323=0.6969 val_L16_beta4.7632=0.5831 val_L16_beta5.586=0.6335 val_L16_beta6.2411=0.4723 val_L16_beta6.4184=0.5086 val_L16_beta6.8771=0.3928 val_L16_beta8.3946=0.5140 val_L16_beta8.4548=0.5475 val_L16_beta8.7139=0.6188 val_L16_beta9.287=0.7247 val_L16_beta9.571=0.4892 val_L16_beta9.8499=0.4982 val_L16_beta10.2188=0.5857 val_L16_beta11.8501=0.6274 val_L16_beta11.8784=0.5556 val_L16_beta12.9259=0.5098 val_L16_beta14.4687=0.6205 val_L16_beta15.5366=0.4643 val_L16_beta17.502=0.4898 val_L16_beta17.7602=0.7084 val_L16_beta19.403=0.5450 val_L16_beta20.2412=0.6699 val_L16_beta21.8857=0.5493 val_L16_beta27.0442=0.5962 val_L16_beta27.3387=0.6035 val_L16_beta27.7875=0.6029 val_L16_beta30.5978=0.6080 val_L16_beta33.325=0.5098 val_L16_beta34.3422=0.5333 val_L16_beta38.5957=0.4386 val_L16_beta39.6475=0.4803 val_L16_beta47.0386=0.5020 val_L16_beta47.4228=0.5654 val_L16_beta54.11=0.3702 val_L16_beta56.1944=0.5160 val_L16_beta57.2189=0.4422 val_L32_beta2.1926=0.9013 val_L32_beta2.4697=0.9732 val_L32_beta2.8622=0.6846 val_L32_beta4.994=0.5599 val_L32_beta8.069=0.5536 val_L32_beta11.2015=0.6864 val_L32_beta12.3504=0.6905 val_L32_beta12.688=0.7733 val_L32_beta14.1441=0.5846 val_L32_beta18.0708=0.3567 val_L32_beta18.6487=0.3844 val_L32_beta52.6284=0.5428 val_L8_beta1.4347=0.5450 val_L8_beta1.4977=0.7437 val_L8_beta1.7872=0.6299 val_L8_beta1.9783=0.6367 val_L8_beta2.4006=0.6648 val_L8_beta2.4786=0.7410 val_L32_beta2.0799=0.6809 val_L32_beta2.4378=0.7588 val_L32_beta2.5092=0.6941 val_L32_beta4.0939=0.6234 val_L32_beta4.2586=0.5686 val_L32_beta4.2761=0.6437 val_L32_beta5.2987=0.6222 val_L32_beta5.7905=0.6767 val_L32_beta6.1747=0.5529 val_L32_beta8.7467=0.7634 val_L32_beta8.9764=0.6246 val_L32_beta9.3874=0.4432 val_L32_beta9.5767=0.6407 val_L32_beta9.6729=0.6619 val_L32_beta10.8745=0.6610 val_L32_beta11.9792=0.6558 val_L32_beta25.9011=0.5413 val_L32_beta30.6638=0.5089 val_L32_beta31.4382=0.4447 val_L32_beta40.9956=0.4537 val_L32_beta43.8647=0.6015 val_L32_beta44.3339=0.4560 val_L32_beta44.5075=0.4974 val_L32_beta50.1987=0.4274 val_total=63.4050
epoch  13  train=0.6544  val_L16_beta14.1464=0.5416 val_L16_beta25=0.5310 val_L16_beta40=0.5373 val_L16_beta55.0237=0.5070 val_L16_beta1.0119=0.7121 val_L16_beta1.0397=0.7869 val_L16_beta1.0743=0.6493 val_L16_beta1.2464=0.6610 val_L16_beta1.2749=0.6184 val_L16_beta1.7484=0.4969 val_L16_beta1.8367=0.8009 val_L16_beta1.8781=0.6352 val_L16_beta2.122=0.5116 val_L16_beta2.1285=0.7545 val_L16_beta2.1757=0.5883 val_L16_beta2.1862=0.5754 val_L16_beta2.2983=0.5867 val_L16_beta2.3046=0.7358 val_L16_beta2.3454=0.6466 val_L16_beta2.7647=0.7245 val_L16_beta3.1518=0.6491 val_L16_beta3.1669=0.7397 val_L16_beta3.2922=0.4527 val_L16_beta3.3842=0.6419 val_L16_beta3.4006=0.5735 val_L16_beta3.6231=0.7373 val_L16_beta3.7225=0.7003 val_L16_beta4.0764=0.6643 val_L16_beta4.7323=0.6960 val_L16_beta4.7632=0.5840 val_L16_beta5.586=0.6311 val_L16_beta6.2411=0.4718 val_L16_beta6.4184=0.5086 val_L16_beta6.8771=0.3922 val_L16_beta8.3946=0.5161 val_L16_beta8.4548=0.5487 val_L16_beta8.7139=0.6180 val_L16_beta9.287=0.7243 val_L16_beta9.571=0.4889 val_L16_beta9.8499=0.4981 val_L16_beta10.2188=0.5869 val_L16_beta11.8501=0.6271 val_L16_beta11.8784=0.5555 val_L16_beta12.9259=0.5091 val_L16_beta14.4687=0.6200 val_L16_beta15.5366=0.4651 val_L16_beta17.502=0.4896 val_L16_beta17.7602=0.7088 val_L16_beta19.403=0.5441 val_L16_beta20.2412=0.6697 val_L16_beta21.8857=0.5493 val_L16_beta27.0442=0.5958 val_L16_beta27.3387=0.6036 val_L16_beta27.7875=0.6027 val_L16_beta30.5978=0.6075 val_L16_beta33.325=0.5088 val_L16_beta34.3422=0.5323 val_L16_beta38.5957=0.4388 val_L16_beta39.6475=0.4796 val_L16_beta47.0386=0.5019 val_L16_beta47.4228=0.5656 val_L16_beta54.11=0.3698 val_L16_beta56.1944=0.5168 val_L16_beta57.2189=0.4419 val_L32_beta2.1926=0.9059 val_L32_beta2.4697=0.9924 val_L32_beta2.8622=0.6828 val_L32_beta4.994=0.5639 val_L32_beta8.069=0.5521 val_L32_beta11.2015=0.6836 val_L32_beta12.3504=0.6859 val_L32_beta12.688=0.7743 val_L32_beta14.1441=0.5862 val_L32_beta18.0708=0.3534 val_L32_beta18.6487=0.3835 val_L32_beta52.6284=0.5414 val_L8_beta1.4347=0.5423 val_L8_beta1.4977=0.7410 val_L8_beta1.7872=0.6296 val_L8_beta1.9783=0.6350 val_L8_beta2.4006=0.6644 val_L8_beta2.4786=0.7409 val_L32_beta2.0799=0.6816 val_L32_beta2.4378=0.7516 val_L32_beta2.5092=0.6914 val_L32_beta4.0939=0.6241 val_L32_beta4.2586=0.5777 val_L32_beta4.2761=0.6417 val_L32_beta5.2987=0.6210 val_L32_beta5.7905=0.6723 val_L32_beta6.1747=0.5555 val_L32_beta8.7467=0.7637 val_L32_beta8.9764=0.6259 val_L32_beta9.3874=0.4438 val_L32_beta9.5767=0.6384 val_L32_beta9.6729=0.6605 val_L32_beta10.8745=0.6603 val_L32_beta11.9792=0.6546 val_L32_beta25.9011=0.5458 val_L32_beta30.6638=0.5054 val_L32_beta31.4382=0.4403 val_L32_beta40.9956=0.4511 val_L32_beta43.8647=0.5987 val_L32_beta44.3339=0.4521 val_L32_beta44.5075=0.4974 val_L32_beta50.1987=0.4293 val_total=63.3707
epoch  14  train=0.6502  val_L16_beta14.1464=0.5414 val_L16_beta25=0.5303 val_L16_beta40=0.5360 val_L16_beta55.0237=0.5069 val_L16_beta1.0119=0.7102 val_L16_beta1.0397=0.7855 val_L16_beta1.0743=0.6489 val_L16_beta1.2464=0.6601 val_L16_beta1.2749=0.6142 val_L16_beta1.7484=0.4949 val_L16_beta1.8367=0.8034 val_L16_beta1.8781=0.6339 val_L16_beta2.122=0.5124 val_L16_beta2.1285=0.7560 val_L16_beta2.1757=0.5880 val_L16_beta2.1862=0.5741 val_L16_beta2.2983=0.5875 val_L16_beta2.3046=0.7395 val_L16_beta2.3454=0.6436 val_L16_beta2.7647=0.7241 val_L16_beta3.1518=0.6489 val_L16_beta3.1669=0.7367 val_L16_beta3.2922=0.4521 val_L16_beta3.3842=0.6401 val_L16_beta3.4006=0.5713 val_L16_beta3.6231=0.7376 val_L16_beta3.7225=0.6999 val_L16_beta4.0764=0.6630 val_L16_beta4.7323=0.6954 val_L16_beta4.7632=0.5835 val_L16_beta5.586=0.6300 val_L16_beta6.2411=0.4720 val_L16_beta6.4184=0.5074 val_L16_beta6.8771=0.3918 val_L16_beta8.3946=0.5143 val_L16_beta8.4548=0.5457 val_L16_beta8.7139=0.6179 val_L16_beta9.287=0.7243 val_L16_beta9.571=0.4879 val_L16_beta9.8499=0.4985 val_L16_beta10.2188=0.5877 val_L16_beta11.8501=0.6266 val_L16_beta11.8784=0.5556 val_L16_beta12.9259=0.5096 val_L16_beta14.4687=0.6190 val_L16_beta15.5366=0.4644 val_L16_beta17.502=0.4892 val_L16_beta17.7602=0.7086 val_L16_beta19.403=0.5428 val_L16_beta20.2412=0.6695 val_L16_beta21.8857=0.5492 val_L16_beta27.0442=0.5955 val_L16_beta27.3387=0.6024 val_L16_beta27.7875=0.6024 val_L16_beta30.5978=0.6068 val_L16_beta33.325=0.5087 val_L16_beta34.3422=0.5307 val_L16_beta38.5957=0.4385 val_L16_beta39.6475=0.4792 val_L16_beta47.0386=0.5032 val_L16_beta47.4228=0.5652 val_L16_beta54.11=0.3694 val_L16_beta56.1944=0.5157 val_L16_beta57.2189=0.4422 val_L32_beta2.1926=0.8978 val_L32_beta2.4697=0.9708 val_L32_beta2.8622=0.6825 val_L32_beta4.994=0.5571 val_L32_beta8.069=0.5460 val_L32_beta11.2015=0.6822 val_L32_beta12.3504=0.6713 val_L32_beta12.688=0.7730 val_L32_beta14.1441=0.5835 val_L32_beta18.0708=0.3552 val_L32_beta18.6487=0.3832 val_L32_beta52.6284=0.5382 val_L8_beta1.4347=0.5412 val_L8_beta1.4977=0.7399 val_L8_beta1.7872=0.6290 val_L8_beta1.9783=0.6352 val_L8_beta2.4006=0.6645 val_L8_beta2.4786=0.7405 val_L32_beta2.0799=0.6843 val_L32_beta2.4378=0.7481 val_L32_beta2.5092=0.6897 val_L32_beta4.0939=0.6229 val_L32_beta4.2586=0.5820 val_L32_beta4.2761=0.6450 val_L32_beta5.2987=0.6195 val_L32_beta5.7905=0.6597 val_L32_beta6.1747=0.5547 val_L32_beta8.7467=0.7623 val_L32_beta8.9764=0.6244 val_L32_beta9.3874=0.4440 val_L32_beta9.5767=0.6364 val_L32_beta9.6729=0.6593 val_L32_beta10.8745=0.6564 val_L32_beta11.9792=0.6549 val_L32_beta25.9011=0.5427 val_L32_beta30.6638=0.5100 val_L32_beta31.4382=0.4397 val_L32_beta40.9956=0.4506 val_L32_beta43.8647=0.6002 val_L32_beta44.3339=0.4491 val_L32_beta44.5075=0.4953 val_L32_beta50.1987=0.4264 val_total=63.2394
epoch  15  train=0.6490  val_L16_beta14.1464=0.5410 val_L16_beta25=0.5299 val_L16_beta40=0.5361 val_L16_beta55.0237=0.5068 val_L16_beta1.0119=0.7094 val_L16_beta1.0397=0.7852 val_L16_beta1.0743=0.6487 val_L16_beta1.2464=0.6602 val_L16_beta1.2749=0.6129 val_L16_beta1.7484=0.4945 val_L16_beta1.8367=0.8022 val_L16_beta1.8781=0.6342 val_L16_beta2.122=0.5111 val_L16_beta2.1285=0.7535 val_L16_beta2.1757=0.5865 val_L16_beta2.1862=0.5733 val_L16_beta2.2983=0.5871 val_L16_beta2.3046=0.7374 val_L16_beta2.3454=0.6436 val_L16_beta2.7647=0.7241 val_L16_beta3.1518=0.6481 val_L16_beta3.1669=0.7371 val_L16_beta3.2922=0.4516 val_L16_beta3.3842=0.6401 val_L16_beta3.4006=0.5713 val_L16_beta3.6231=0.7377 val_L16_beta3.7225=0.7000 val_L16_beta4.0764=0.6626 val_L16_beta4.7323=0.6940 val_L16_beta4.7632=0.5805 val_L16_beta5.586=0.6296 val_L16_beta6.2411=0.4710 val_L16_beta6.4184=0.5065 val_L16_beta6.8771=0.3922 val_L16_beta8.3946=0.5118 val_L16_beta8.4548=0.5446 val_L16_beta8.7139=0.6175 val_L16_beta9.287=0.7245 val_L16_beta9.571=0.4867 val_L16_beta9.8499=0.4991 val_L16_beta10.2188=0.5866 val_L16_beta11.8501=0.6266 val_L16_beta11.8784=0.5560 val_L16_beta12.9259=0.5101 val_L16_beta14.4687=0.6176 val_L16_beta15.5366=0.4637 val_L16_beta17.502=0.4892 val_L16_beta17.7602=0.7078 val_L16_beta19.403=0.5445 val_L16_beta20.2412=0.6695 val_L16_beta21.8857=0.5492 val_L16_beta27.0442=0.5956 val_L16_beta27.3387=0.6023 val_L16_beta27.7875=0.6026 val_L16_beta30.5978=0.6079 val_L16_beta33.325=0.5091 val_L16_beta34.3422=0.5292 val_L16_beta38.5957=0.4385 val_L16_beta39.6475=0.4787 val_L16_beta47.0386=0.5032 val_L16_beta47.4228=0.5652 val_L16_beta54.11=0.3696 val_L16_beta56.1944=0.5148 val_L16_beta57.2189=0.4426 val_L32_beta2.1926=0.8915 val_L32_beta2.4697=0.9511 val_L32_beta2.8622=0.6827 val_L32_beta4.994=0.5535 val_L32_beta8.069=0.5468 val_L32_beta11.2015=0.6804 val_L32_beta12.3504=0.6622 val_L32_beta12.688=0.7781 val_L32_beta14.1441=0.5832 val_L32_beta18.0708=0.3541 val_L32_beta18.6487=0.3840 val_L32_beta52.6284=0.5409 val_L8_beta1.4347=0.5399 val_L8_beta1.4977=0.7389 val_L8_beta1.7872=0.6268 val_L8_beta1.9783=0.6337 val_L8_beta2.4006=0.6618 val_L8_beta2.4786=0.7392 val_L32_beta2.0799=0.6822 val_L32_beta2.4378=0.7480 val_L32_beta2.5092=0.6799 val_L32_beta4.0939=0.6193 val_L32_beta4.2586=0.5714 val_L32_beta4.2761=0.6447 val_L32_beta5.2987=0.6174 val_L32_beta5.7905=0.6534 val_L32_beta6.1747=0.5562 val_L32_beta8.7467=0.7606 val_L32_beta8.9764=0.6231 val_L32_beta9.3874=0.4442 val_L32_beta9.5767=0.6340 val_L32_beta9.6729=0.6584 val_L32_beta10.8745=0.6571 val_L32_beta11.9792=0.6541 val_L32_beta25.9011=0.5415 val_L32_beta30.6638=0.5159 val_L32_beta31.4382=0.4398 val_L32_beta40.9956=0.4511 val_L32_beta43.8647=0.5994 val_L32_beta44.3339=0.4492 val_L32_beta44.5075=0.4978 val_L32_beta50.1987=0.4259 val_total=63.1374
epoch  16  train=0.6464  val_L16_beta14.1464=0.5406 val_L16_beta25=0.5298 val_L16_beta40=0.5357 val_L16_beta55.0237=0.5066 val_L16_beta1.0119=0.7081 val_L16_beta1.0397=0.7857 val_L16_beta1.0743=0.6495 val_L16_beta1.2464=0.6619 val_L16_beta1.2749=0.6103 val_L16_beta1.7484=0.4937 val_L16_beta1.8367=0.8016 val_L16_beta1.8781=0.6342 val_L16_beta2.122=0.5099 val_L16_beta2.1285=0.7513 val_L16_beta2.1757=0.5860 val_L16_beta2.1862=0.5720 val_L16_beta2.2983=0.5858 val_L16_beta2.3046=0.7358 val_L16_beta2.3454=0.6447 val_L16_beta2.7647=0.7266 val_L16_beta3.1518=0.6475 val_L16_beta3.1669=0.7353 val_L16_beta3.2922=0.4509 val_L16_beta3.3842=0.6418 val_L16_beta3.4006=0.5725 val_L16_beta3.6231=0.7363 val_L16_beta3.7225=0.6992 val_L16_beta4.0764=0.6634 val_L16_beta4.7323=0.6925 val_L16_beta4.7632=0.5790 val_L16_beta5.586=0.6280 val_L16_beta6.2411=0.4703 val_L16_beta6.4184=0.5055 val_L16_beta6.8771=0.3917 val_L16_beta8.3946=0.5116 val_L16_beta8.4548=0.5438 val_L16_beta8.7139=0.6165 val_L16_beta9.287=0.7239 val_L16_beta9.571=0.4858 val_L16_beta9.8499=0.4991 val_L16_beta10.2188=0.5841 val_L16_beta11.8501=0.6265 val_L16_beta11.8784=0.5568 val_L16_beta12.9259=0.5096 val_L16_beta14.4687=0.6171 val_L16_beta15.5366=0.4635 val_L16_beta17.502=0.4893 val_L16_beta17.7602=0.7077 val_L16_beta19.403=0.5447 val_L16_beta20.2412=0.6695 val_L16_beta21.8857=0.5490 val_L16_beta27.0442=0.5959 val_L16_beta27.3387=0.6008 val_L16_beta27.7875=0.6020 val_L16_beta30.5978=0.6084 val_L16_beta33.325=0.5087 val_L16_beta34.3422=0.5265 val_L16_beta38.5957=0.4388 val_L16_beta39.6475=0.4791 val_L16_beta47.0386=0.5014 val_L16_beta47.4228=0.5643 val_L16_beta54.11=0.3693 val_L16_beta56.1944=0.5142 val_L16_beta57.2189=0.4407 val_L32_beta2.1926=0.9063 val_L32_beta2.4697=0.9593 val_L32_beta2.8622=0.6818 val_L32_beta4.994=0.5516 val_L32_beta8.069=0.5429 val_L32_beta11.2015=0.6799 val_L32_beta12.3504=0.6610 val_L32_beta12.688=0.7864 val_L32_beta14.1441=0.5810 val_L32_beta18.0708=0.3531 val_L32_beta18.6487=0.3844 val_L32_beta52.6284=0.5372 val_L8_beta1.4347=0.5408 val_L8_beta1.4977=0.7376 val_L8_beta1.7872=0.6261 val_L8_beta1.9783=0.6326 val_L8_beta2.4006=0.6599 val_L8_beta2.4786=0.7382 val_L32_beta2.0799=0.6825 val_L32_beta2.4378=0.7509 val_L32_beta2.5092=0.6753 val_L32_beta4.0939=0.6198 val_L32_beta4.2586=0.5731 val_L32_beta4.2761=0.6445 val_L32_beta5.2987=0.6160 val_L32_beta5.7905=0.6477 val_L32_beta6.1747=0.5532 val_L32_beta8.7467=0.7591 val_L32_beta8.9764=0.6209 val_L32_beta9.3874=0.4440 val_L32_beta9.5767=0.6345 val_L32_beta9.6729=0.6585 val_L32_beta10.8745=0.6589 val_L32_beta11.9792=0.6540 val_L32_beta25.9011=0.5369 val_L32_beta30.6638=0.5159 val_L32_beta31.4382=0.4404 val_L32_beta40.9956=0.4518 val_L32_beta43.8647=0.6007 val_L32_beta44.3339=0.4554 val_L32_beta44.5075=0.4993 val_L32_beta50.1987=0.4236 val_total=63.1099
epoch  17  train=0.6469  val_L16_beta14.1464=0.5400 val_L16_beta25=0.5292 val_L16_beta40=0.5357 val_L16_beta55.0237=0.5061 val_L16_beta1.0119=0.7077 val_L16_beta1.0397=0.7818 val_L16_beta1.0743=0.6498 val_L16_beta1.2464=0.6581 val_L16_beta1.2749=0.6133 val_L16_beta1.7484=0.4926 val_L16_beta1.8367=0.7980 val_L16_beta1.8781=0.6340 val_L16_beta2.122=0.5100 val_L16_beta2.1285=0.7561 val_L16_beta2.1757=0.5848 val_L16_beta2.1862=0.5690 val_L16_beta2.2983=0.5857 val_L16_beta2.3046=0.7345 val_L16_beta2.3454=0.6411 val_L16_beta2.7647=0.7274 val_L16_beta3.1518=0.6473 val_L16_beta3.1669=0.7388 val_L16_beta3.2922=0.4506 val_L16_beta3.3842=0.6425 val_L16_beta3.4006=0.5727 val_L16_beta3.6231=0.7355 val_L16_beta3.7225=0.6979 val_L16_beta4.0764=0.6628 val_L16_beta4.7323=0.6915 val_L16_beta4.7632=0.5780 val_L16_beta5.586=0.6287 val_L16_beta6.2411=0.4701 val_L16_beta6.4184=0.5045 val_L16_beta6.8771=0.3915 val_L16_beta8.3946=0.5095 val_L16_beta8.4548=0.5435 val_L16_beta8.7139=0.6166 val_L16_beta9.287=0.7238 val_L16_beta9.571=0.4853 val_L16_beta9.8499=0.4987 val_L16_beta10.2188=0.5854 val_L16_beta11.8501=0.6262 val_L16_beta11.8784=0.5554 val_L16_beta12.9259=0.5077 val_L16_beta14.4687=0.6170 val_L16_beta15.5366=0.4633 val_L16_beta17.502=0.4896 val_L16_beta17.7602=0.7068 val_L16_beta19.403=0.5441 val_L16_beta20.2412=0.6693 val_L16_beta21.8857=0.5491 val_L16_beta27.0442=0.5949 val_L16_beta27.3387=0.6000 val_L16_beta27.7875=0.6019 val_L16_beta30.5978=0.6067 val_L16_beta33.325=0.5077 val_L16_beta34.3422=0.5267 val_L16_beta38.5957=0.4380 val_L16_beta39.6475=0.4799 val_L16_beta47.0386=0.5008 val_L16_beta47.4228=0.5639 val_L16_beta54.11=0.3683 val_L16_beta56.1944=0.5150 val_L16_beta57.2189=0.4404 val_L32_beta2.1926=0.8885 val_L32_beta2.4697=0.9898 val_L32_beta2.8622=0.6809 val_L32_beta4.994=0.5497 val_L32_beta8.069=0.5453 val_L32_beta11.2015=0.6790 val_L32_beta12.3504=0.6717 val_L32_beta12.688=0.7952 val_L32_beta14.1441=0.5821 val_L32_beta18.0708=0.3520 val_L32_beta18.6487=0.3825 val_L32_beta52.6284=0.5345 val_L8_beta1.4347=0.5408 val_L8_beta1.4977=0.7362 val_L8_beta1.7872=0.6272 val_L8_beta1.9783=0.6312 val_L8_beta2.4006=0.6621 val_L8_beta2.4786=0.7376 val_L32_beta2.0799=0.6908 val_L32_beta2.4378=0.7503 val_L32_beta2.5092=0.6865 val_L32_beta4.0939=0.6168 val_L32_beta4.2586=0.5680 val_L32_beta4.2761=0.6435 val_L32_beta5.2987=0.6161 val_L32_beta5.7905=0.6476 val_L32_beta6.1747=0.5532 val_L32_beta8.7467=0.7595 val_L32_beta8.9764=0.6217 val_L32_beta9.3874=0.4427 val_L32_beta9.5767=0.6331 val_L32_beta9.6729=0.6571 val_L32_beta10.8745=0.6595 val_L32_beta11.9792=0.6540 val_L32_beta25.9011=0.5408 val_L32_beta30.6638=0.5162 val_L32_beta31.4382=0.4404 val_L32_beta40.9956=0.4527 val_L32_beta43.8647=0.5996 val_L32_beta44.3339=0.4568 val_L32_beta44.5075=0.5042 val_L32_beta50.1987=0.4267 val_total=63.1270
epoch  18  train=0.6489  val_L16_beta14.1464=0.5402 val_L16_beta25=0.5279 val_L16_beta40=0.5355 val_L16_beta55.0237=0.5061 val_L16_beta1.0119=0.7078 val_L16_beta1.0397=0.7822 val_L16_beta1.0743=0.6495 val_L16_beta1.2464=0.6576 val_L16_beta1.2749=0.6112 val_L16_beta1.7484=0.4919 val_L16_beta1.8367=0.7964 val_L16_beta1.8781=0.6332 val_L16_beta2.122=0.5106 val_L16_beta2.1285=0.7528 val_L16_beta2.1757=0.5871 val_L16_beta2.1862=0.5687 val_L16_beta2.2983=0.5837 val_L16_beta2.3046=0.7304 val_L16_beta2.3454=0.6413 val_L16_beta2.7647=0.7247 val_L16_beta3.1518=0.6476 val_L16_beta3.1669=0.7394 val_L16_beta3.2922=0.4505 val_L16_beta3.3842=0.6413 val_L16_beta3.4006=0.5729 val_L16_beta3.6231=0.7344 val_L16_beta3.7225=0.6977 val_L16_beta4.0764=0.6631 val_L16_beta4.7323=0.6908 val_L16_beta4.7632=0.5783 val_L16_beta5.586=0.6286 val_L16_beta6.2411=0.4697 val_L16_beta6.4184=0.5047 val_L16_beta6.8771=0.3920 val_L16_beta8.3946=0.5082 val_L16_beta8.4548=0.5441 val_L16_beta8.7139=0.6172 val_L16_beta9.287=0.7237 val_L16_beta9.571=0.4847 val_L16_beta9.8499=0.4979 val_L16_beta10.2188=0.5847 val_L16_beta11.8501=0.6260 val_L16_beta11.8784=0.5554 val_L16_beta12.9259=0.5068 val_L16_beta14.4687=0.6176 val_L16_beta15.5366=0.4634 val_L16_beta17.502=0.4896 val_L16_beta17.7602=0.7075 val_L16_beta19.403=0.5434 val_L16_beta20.2412=0.6691 val_L16_beta21.8857=0.5487 val_L16_beta27.0442=0.5952 val_L16_beta27.3387=0.6001 val_L16_beta27.7875=0.6019 val_L16_beta30.5978=0.6064 val_L16_beta33.325=0.5076 val_L16_beta34.3422=0.5272 val_L16_beta38.5957=0.4385 val_L16_beta39.6475=0.4798 val_L16_beta47.0386=0.5007 val_L16_beta47.4228=0.5640 val_L16_beta54.11=0.3691 val_L16_beta56.1944=0.5140 val_L16_beta57.2189=0.4408 val_L32_beta2.1926=0.8910 val_L32_beta2.4697=0.9979 val_L32_beta2.8622=0.6801 val_L32_beta4.994=0.5494 val_L32_beta8.069=0.5431 val_L32_beta11.2015=0.6791 val_L32_beta12.3504=0.6713 val_L32_beta12.688=0.7839 val_L32_beta14.1441=0.5804 val_L32_beta18.0708=0.3499 val_L32_beta18.6487=0.3829 val_L32_beta52.6284=0.5366 val_L8_beta1.4347=0.5377 val_L8_beta1.4977=0.7353 val_L8_beta1.7872=0.6282 val_L8_beta1.9783=0.6288 val_L8_beta2.4006=0.6630 val_L8_beta2.4786=0.7383 val_L32_beta2.0799=0.6834 val_L32_beta2.4378=0.7488 val_L32_beta2.5092=0.6736 val_L32_beta4.0939=0.6210 val_L32_beta4.2586=0.5665 val_L32_beta4.2761=0.6397 val_L32_beta5.2987=0.6211 val_L32_beta5.7905=0.6464 val_L32_beta6.1747=0.5563 val_L32_beta8.7467=0.7612 val_L32_beta8.9764=0.6233 val_L32_beta9.3874=0.4427 val_L32_beta9.5767=0.6316 val_L32_beta9.6729=0.6552 val_L32_beta10.8745=0.6574 val_L32_beta11.9792=0.6534 val_L32_beta25.9011=0.5447 val_L32_beta30.6638=0.5183 val_L32_beta31.4382=0.4407 val_L32_beta40.9956=0.4516 val_L32_beta43.8647=0.5981 val_L32_beta44.3339=0.4523 val_L32_beta44.5075=0.5040 val_L32_beta50.1987=0.4292 val_total=63.0804
epoch  19  train=0.6426  val_L16_beta14.1464=0.5402 val_L16_beta25=0.5278 val_L16_beta40=0.5352 val_L16_beta55.0237=0.5058 val_L16_beta1.0119=0.7090 val_L16_beta1.0397=0.7796 val_L16_beta1.0743=0.6499 val_L16_beta1.2464=0.6552 val_L16_beta1.2749=0.6110 val_L16_beta1.7484=0.4913 val_L16_beta1.8367=0.7965 val_L16_beta1.8781=0.6302 val_L16_beta2.122=0.5109 val_L16_beta2.1285=0.7515 val_L16_beta2.1757=0.5853 val_L16_beta2.1862=0.5691 val_L16_beta2.2983=0.5836 val_L16_beta2.3046=0.7320 val_L16_beta2.3454=0.6413 val_L16_beta2.7647=0.7225 val_L16_beta3.1518=0.6469 val_L16_beta3.1669=0.7386 val_L16_beta3.2922=0.4507 val_L16_beta3.3842=0.6407 val_L16_beta3.4006=0.5705 val_L16_beta3.6231=0.7344 val_L16_beta3.7225=0.6970 val_L16_beta4.0764=0.6620 val_L16_beta4.7323=0.6911 val_L16_beta4.7632=0.5788 val_L16_beta5.586=0.6308 val_L16_beta6.2411=0.4696 val_L16_beta6.4184=0.5055 val_L16_beta6.8771=0.3920 val_L16_beta8.3946=0.5083 val_L16_beta8.4548=0.5452 val_L16_beta8.7139=0.6171 val_L16_beta9.287=0.7237 val_L16_beta9.571=0.4841 val_L16_beta9.8499=0.4977 val_L16_beta10.2188=0.5844 val_L16_beta11.8501=0.6262 val_L16_beta11.8784=0.5555 val_L16_beta12.9259=0.5071 val_L16_beta14.4687=0.6160 val_L16_beta15.5366=0.4634 val_L16_beta17.502=0.4895 val_L16_beta17.7602=0.7090 val_L16_beta19.403=0.5430 val_L16_beta20.2412=0.6693 val_L16_beta21.8857=0.5485 val_L16_beta27.0442=0.5954 val_L16_beta27.3387=0.6002 val_L16_beta27.7875=0.6018 val_L16_beta30.5978=0.6049 val_L16_beta33.325=0.5078 val_L16_beta34.3422=0.5273 val_L16_beta38.5957=0.4381 val_L16_beta39.6475=0.4797 val_L16_beta47.0386=0.5002 val_L16_beta47.4228=0.5640 val_L16_beta54.11=0.3688 val_L16_beta56.1944=0.5134 val_L16_beta57.2189=0.4422 val_L32_beta2.1926=0.8891 val_L32_beta2.4697=0.9829 val_L32_beta2.8622=0.6797 val_L32_beta4.994=0.5473 val_L32_beta8.069=0.5425 val_L32_beta11.2015=0.6786 val_L32_beta12.3504=0.6633 val_L32_beta12.688=0.7743 val_L32_beta14.1441=0.5807 val_L32_beta18.0708=0.3478 val_L32_beta18.6487=0.3820 val_L32_beta52.6284=0.5375 val_L8_beta1.4347=0.5352 val_L8_beta1.4977=0.7341 val_L8_beta1.7872=0.6266 val_L8_beta1.9783=0.6291 val_L8_beta2.4006=0.6623 val_L8_beta2.4786=0.7385 val_L32_beta2.0799=0.6924 val_L32_beta2.4378=0.7423 val_L32_beta2.5092=0.6678 val_L32_beta4.0939=0.6209 val_L32_beta4.2586=0.5672 val_L32_beta4.2761=0.6378 val_L32_beta5.2987=0.6186 val_L32_beta5.7905=0.6437 val_L32_beta6.1747=0.5545 val_L32_beta8.7467=0.7603 val_L32_beta8.9764=0.6190 val_L32_beta9.3874=0.4427 val_L32_beta9.5767=0.6256 val_L32_beta9.6729=0.6549 val_L32_beta10.8745=0.6618 val_L32_beta11.9792=0.6554 val_L32_beta25.9011=0.5400 val_L32_beta30.6638=0.5189 val_L32_beta31.4382=0.4403 val_L32_beta40.9956=0.4501 val_L32_beta43.8647=0.5980 val_L32_beta44.3339=0.4496 val_L32_beta44.5075=0.5026 val_L32_beta50.1987=0.4242 val_total=62.9888
epoch  20  train=0.6441  val_L16_beta14.1464=0.5401 val_L16_beta25=0.5280 val_L16_beta40=0.5351 val_L16_beta55.0237=0.5058 val_L16_beta1.0119=0.7092 val_L16_beta1.0397=0.7780 val_L16_beta1.0743=0.6495 val_L16_beta1.2464=0.6541 val_L16_beta1.2749=0.6093 val_L16_beta1.7484=0.4908 val_L16_beta1.8367=0.7978 val_L16_beta1.8781=0.6316 val_L16_beta2.122=0.5116 val_L16_beta2.1285=0.7489 val_L16_beta2.1757=0.5851 val_L16_beta2.1862=0.5692 val_L16_beta2.2983=0.5829 val_L16_beta2.3046=0.7254 val_L16_beta2.3454=0.6420 val_L16_beta2.7647=0.7237 val_L16_beta3.1518=0.6471 val_L16_beta3.1669=0.7425 val_L16_beta3.2922=0.4506 val_L16_beta3.3842=0.6406 val_L16_beta3.4006=0.5702 val_L16_beta3.6231=0.7333 val_L16_beta3.7225=0.6967 val_L16_beta4.0764=0.6619 val_L16_beta4.7323=0.6907 val_L16_beta4.7632=0.5787 val_L16_beta5.586=0.6312 val_L16_beta6.2411=0.4698 val_L16_beta6.4184=0.5053 val_L16_beta6.8771=0.3917 val_L16_beta8.3946=0.5088 val_L16_beta8.4548=0.5472 val_L16_beta8.7139=0.6167 val_L16_beta9.287=0.7233 val_L16_beta9.571=0.4836 val_L16_beta9.8499=0.4974 val_L16_beta10.2188=0.5877 val_L16_beta11.8501=0.6262 val_L16_beta11.8784=0.5550 val_L16_beta12.9259=0.5066 val_L16_beta14.4687=0.6153 val_L16_beta15.5366=0.4631 val_L16_beta17.502=0.4895 val_L16_beta17.7602=0.7072 val_L16_beta19.403=0.5422 val_L16_beta20.2412=0.6692 val_L16_beta21.8857=0.5483 val_L16_beta27.0442=0.5946 val_L16_beta27.3387=0.6001 val_L16_beta27.7875=0.6015 val_L16_beta30.5978=0.6046 val_L16_beta33.325=0.5078 val_L16_beta34.3422=0.5261 val_L16_beta38.5957=0.4383 val_L16_beta39.6475=0.4797 val_L16_beta47.0386=0.4990 val_L16_beta47.4228=0.5632 val_L16_beta54.11=0.3687 val_L16_beta56.1944=0.5131 val_L16_beta57.2189=0.4426 val_L32_beta2.1926=0.8962 val_L32_beta2.4697=0.9675 val_L32_beta2.8622=0.6782 val_L32_beta4.994=0.5483 val_L32_beta8.069=0.5437 val_L32_beta11.2015=0.6767 val_L32_beta12.3504=0.6683 val_L32_beta12.688=0.7773 val_L32_beta14.1441=0.5820 val_L32_beta18.0708=0.3482 val_L32_beta18.6487=0.3821 val_L32_beta52.6284=0.5384 val_L8_beta1.4347=0.5364 val_L8_beta1.4977=0.7342 val_L8_beta1.7872=0.6258 val_L8_beta1.9783=0.6280 val_L8_beta2.4006=0.6624 val_L8_beta2.4786=0.7391 val_L32_beta2.0799=0.6892 val_L32_beta2.4378=0.7410 val_L32_beta2.5092=0.6595 val_L32_beta4.0939=0.6200 val_L32_beta4.2586=0.5715 val_L32_beta4.2761=0.6350 val_L32_beta5.2987=0.6196 val_L32_beta5.7905=0.6491 val_L32_beta6.1747=0.5515 val_L32_beta8.7467=0.7603 val_L32_beta8.9764=0.6193 val_L32_beta9.3874=0.4431 val_L32_beta9.5767=0.6222 val_L32_beta9.6729=0.6549 val_L32_beta10.8745=0.6607 val_L32_beta11.9792=0.6562 val_L32_beta25.9011=0.5398 val_L32_beta30.6638=0.5218 val_L32_beta31.4382=0.4385 val_L32_beta40.9956=0.4510 val_L32_beta43.8647=0.5972 val_L32_beta44.3339=0.4523 val_L32_beta44.5075=0.5079 val_L32_beta50.1987=0.4239 val_total=62.9733
epoch  21  train=0.6380  val_L16_beta14.1464=0.5399 val_L16_beta25=0.5273 val_L16_beta40=0.5350 val_L16_beta55.0237=0.5054 val_L16_beta1.0119=0.7088 val_L16_beta1.0397=0.7763 val_L16_beta1.0743=0.6456 val_L16_beta1.2464=0.6542 val_L16_beta1.2749=0.6083 val_L16_beta1.7484=0.4900 val_L16_beta1.8367=0.7987 val_L16_beta1.8781=0.6302 val_L16_beta2.122=0.5098 val_L16_beta2.1285=0.7463 val_L16_beta2.1757=0.5822 val_L16_beta2.1862=0.5686 val_L16_beta2.2983=0.5831 val_L16_beta2.3046=0.7266 val_L16_beta2.3454=0.6411 val_L16_beta2.7647=0.7246 val_L16_beta3.1518=0.6468 val_L16_beta3.1669=0.7407 val_L16_beta3.2922=0.4501 val_L16_beta3.3842=0.6402 val_L16_beta3.4006=0.5709 val_L16_beta3.6231=0.7339 val_L16_beta3.7225=0.6964 val_L16_beta4.0764=0.6610 val_L16_beta4.7323=0.6904 val_L16_beta4.7632=0.5792 val_L16_beta5.586=0.6282 val_L16_beta6.2411=0.4693 val_L16_beta6.4184=0.5043 val_L16_beta6.8771=0.3919 val_L16_beta8.3946=0.5067 val_L16_beta8.4548=0.5456 val_L16_beta8.7139=0.6176 val_L16_beta9.287=0.7234 val_L16_beta9.571=0.4821 val_L16_beta9.8499=0.4977 val_L16_beta10.2188=0.5872 val_L16_beta11.8501=0.6265 val_L16_beta11.8784=0.5547 val_L16_beta12.9259=0.5066 val_L16_beta14.4687=0.6145 val_L16_beta15.5366=0.4624 val_L16_beta17.502=0.4893 val_L16_beta17.7602=0.7066 val_L16_beta19.403=0.5421 val_L16_beta20.2412=0.6689 val_L16_beta21.8857=0.5484 val_L16_beta27.0442=0.5944 val_L16_beta27.3387=0.5996 val_L16_beta27.7875=0.6013 val_L16_beta30.5978=0.6046 val_L16_beta33.325=0.5072 val_L16_beta34.3422=0.5265 val_L16_beta38.5957=0.4380 val_L16_beta39.6475=0.4795 val_L16_beta47.0386=0.5001 val_L16_beta47.4228=0.5641 val_L16_beta54.11=0.3682 val_L16_beta56.1944=0.5135 val_L16_beta57.2189=0.4424 val_L32_beta2.1926=0.8973 val_L32_beta2.4697=1.0009 val_L32_beta2.8622=0.6771 val_L32_beta4.994=0.5483 val_L32_beta8.069=0.5425 val_L32_beta11.2015=0.6758 val_L32_beta12.3504=0.6618 val_L32_beta12.688=0.7809 val_L32_beta14.1441=0.5786 val_L32_beta18.0708=0.3486 val_L32_beta18.6487=0.3831 val_L32_beta52.6284=0.5387 val_L8_beta1.4347=0.5365 val_L8_beta1.4977=0.7332 val_L8_beta1.7872=0.6250 val_L8_beta1.9783=0.6268 val_L8_beta2.4006=0.6610 val_L8_beta2.4786=0.7390 val_L32_beta2.0799=0.6915 val_L32_beta2.4378=0.7415 val_L32_beta2.5092=0.6847 val_L32_beta4.0939=0.6246 val_L32_beta4.2586=0.5741 val_L32_beta4.2761=0.6351 val_L32_beta5.2987=0.6199 val_L32_beta5.7905=0.6512 val_L32_beta6.1747=0.5565 val_L32_beta8.7467=0.7620 val_L32_beta8.9764=0.6204 val_L32_beta9.3874=0.4429 val_L32_beta9.5767=0.6255 val_L32_beta9.6729=0.6549 val_L32_beta10.8745=0.6581 val_L32_beta11.9792=0.6570 val_L32_beta25.9011=0.5419 val_L32_beta30.6638=0.5231 val_L32_beta31.4382=0.4381 val_L32_beta40.9956=0.4505 val_L32_beta43.8647=0.5976 val_L32_beta44.3339=0.4502 val_L32_beta44.5075=0.5030 val_L32_beta50.1987=0.4278 val_total=63.0125
epoch  22  train=0.6483  val_L16_beta14.1464=0.5398 val_L16_beta25=0.5273 val_L16_beta40=0.5345 val_L16_beta55.0237=0.5048 val_L16_beta1.0119=0.7074 val_L16_beta1.0397=0.7760 val_L16_beta1.0743=0.6441 val_L16_beta1.2464=0.6523 val_L16_beta1.2749=0.6041 val_L16_beta1.7484=0.4881 val_L16_beta1.8367=0.7989 val_L16_beta1.8781=0.6278 val_L16_beta2.122=0.5055 val_L16_beta2.1285=0.7482 val_L16_beta2.1757=0.5816 val_L16_beta2.1862=0.5679 val_L16_beta2.2983=0.5825 val_L16_beta2.3046=0.7254 val_L16_beta2.3454=0.6402 val_L16_beta2.7647=0.7218 val_L16_beta3.1518=0.6463 val_L16_beta3.1669=0.7345 val_L16_beta3.2922=0.4497 val_L16_beta3.3842=0.6392 val_L16_beta3.4006=0.5704 val_L16_beta3.6231=0.7340 val_L16_beta3.7225=0.6961 val_L16_beta4.0764=0.6597 val_L16_beta4.7323=0.6919 val_L16_beta4.7632=0.5798 val_L16_beta5.586=0.6260 val_L16_beta6.2411=0.4687 val_L16_beta6.4184=0.5058 val_L16_beta6.8771=0.3916 val_L16_beta8.3946=0.5085 val_L16_beta8.4548=0.5453 val_L16_beta8.7139=0.6175 val_L16_beta9.287=0.7231 val_L16_beta9.571=0.4820 val_L16_beta9.8499=0.4974 val_L16_beta10.2188=0.5883 val_L16_beta11.8501=0.6264 val_L16_beta11.8784=0.5552 val_L16_beta12.9259=0.5061 val_L16_beta14.4687=0.6144 val_L16_beta15.5366=0.4616 val_L16_beta17.502=0.4894 val_L16_beta17.7602=0.7067 val_L16_beta19.403=0.5420 val_L16_beta20.2412=0.6688 val_L16_beta21.8857=0.5485 val_L16_beta27.0442=0.5942 val_L16_beta27.3387=0.5984 val_L16_beta27.7875=0.6011 val_L16_beta30.5978=0.6040 val_L16_beta33.325=0.5071 val_L16_beta34.3422=0.5253 val_L16_beta38.5957=0.4376 val_L16_beta39.6475=0.4792 val_L16_beta47.0386=0.4998 val_L16_beta47.4228=0.5646 val_L16_beta54.11=0.3681 val_L16_beta56.1944=0.5131 val_L16_beta57.2189=0.4429 val_L32_beta2.1926=0.8915 val_L32_beta2.4697=0.9714 val_L32_beta2.8622=0.6775 val_L32_beta4.994=0.5557 val_L32_beta8.069=0.5425 val_L32_beta11.2015=0.6755 val_L32_beta12.3504=0.6577 val_L32_beta12.688=0.7788 val_L32_beta14.1441=0.5798 val_L32_beta18.0708=0.3483 val_L32_beta18.6487=0.3833 val_L32_beta52.6284=0.5379 val_L8_beta1.4347=0.5362 val_L8_beta1.4977=0.7335 val_L8_beta1.7872=0.6244 val_L8_beta1.9783=0.6272 val_L8_beta2.4006=0.6594 val_L8_beta2.4786=0.7387 val_L32_beta2.0799=0.6921 val_L32_beta2.4378=0.7366 val_L32_beta2.5092=0.6711 val_L32_beta4.0939=0.6237 val_L32_beta4.2586=0.5744 val_L32_beta4.2761=0.6342 val_L32_beta5.2987=0.6178 val_L32_beta5.7905=0.6469 val_L32_beta6.1747=0.5526 val_L32_beta8.7467=0.7625 val_L32_beta8.9764=0.6194 val_L32_beta9.3874=0.4430 val_L32_beta9.5767=0.6278 val_L32_beta9.6729=0.6542 val_L32_beta10.8745=0.6569 val_L32_beta11.9792=0.6576 val_L32_beta25.9011=0.5334 val_L32_beta30.6638=0.5143 val_L32_beta31.4382=0.4391 val_L32_beta40.9956=0.4506 val_L32_beta43.8647=0.5974 val_L32_beta44.3339=0.4488 val_L32_beta44.5075=0.4995 val_L32_beta50.1987=0.4275 val_total=62.8890
epoch  23  train=0.6386  val_L16_beta14.1464=0.5397 val_L16_beta25=0.5265 val_L16_beta40=0.5337 val_L16_beta55.0237=0.5048 val_L16_beta1.0119=0.7067 val_L16_beta1.0397=0.7741 val_L16_beta1.0743=0.6438 val_L16_beta1.2464=0.6528 val_L16_beta1.2749=0.6067 val_L16_beta1.7484=0.4864 val_L16_beta1.8367=0.7977 val_L16_beta1.8781=0.6268 val_L16_beta2.122=0.5049 val_L16_beta2.1285=0.7473 val_L16_beta2.1757=0.5821 val_L16_beta2.1862=0.5671 val_L16_beta2.2983=0.5824 val_L16_beta2.3046=0.7208 val_L16_beta2.3454=0.6405 val_L16_beta2.7647=0.7209 val_L16_beta3.1518=0.6466 val_L16_beta3.1669=0.7328 val_L16_beta3.2922=0.4496 val_L16_beta3.3842=0.6371 val_L16_beta3.4006=0.5692 val_L16_beta3.6231=0.7345 val_L16_beta3.7225=0.6957 val_L16_beta4.0764=0.6600 val_L16_beta4.7323=0.6912 val_L16_beta4.7632=0.5801 val_L16_beta5.586=0.6254 val_L16_beta6.2411=0.4679 val_L16_beta6.4184=0.5055 val_L16_beta6.8771=0.3917 val_L16_beta8.3946=0.5074 val_L16_beta8.4548=0.5435 val_L16_beta8.7139=0.6172 val_L16_beta9.287=0.7236 val_L16_beta9.571=0.4825 val_L16_beta9.8499=0.4976 val_L16_beta10.2188=0.5873 val_L16_beta11.8501=0.6265 val_L16_beta11.8784=0.5552 val_L16_beta12.9259=0.5057 val_L16_beta14.4687=0.6145 val_L16_beta15.5366=0.4617 val_L16_beta17.502=0.4889 val_L16_beta17.7602=0.7050 val_L16_beta19.403=0.5405 val_L16_beta20.2412=0.6689 val_L16_beta21.8857=0.5486 val_L16_beta27.0442=0.5942 val_L16_beta27.3387=0.5977 val_L16_beta27.7875=0.6007 val_L16_beta30.5978=0.6031 val_L16_beta33.325=0.5061 val_L16_beta34.3422=0.5264 val_L16_beta38.5957=0.4378 val_L16_beta39.6475=0.4784 val_L16_beta47.0386=0.4998 val_L16_beta47.4228=0.5642 val_L16_beta54.11=0.3679 val_L16_beta56.1944=0.5125 val_L16_beta57.2189=0.4415 val_L32_beta2.1926=0.8883 val_L32_beta2.4697=0.9433 val_L32_beta2.8622=0.6786 val_L32_beta4.994=0.5510 val_L32_beta8.069=0.5409 val_L32_beta11.2015=0.6747 val_L32_beta12.3504=0.6525 val_L32_beta12.688=0.7682 val_L32_beta14.1441=0.5825 val_L32_beta18.0708=0.3472 val_L32_beta18.6487=0.3831 val_L32_beta52.6284=0.5373 val_L8_beta1.4347=0.5323 val_L8_beta1.4977=0.7335 val_L8_beta1.7872=0.6233 val_L8_beta1.9783=0.6251 val_L8_beta2.4006=0.6591 val_L8_beta2.4786=0.7388 val_L32_beta2.0799=0.6966 val_L32_beta2.4378=0.7307 val_L32_beta2.5092=0.6599 val_L32_beta4.0939=0.6128 val_L32_beta4.2586=0.5731 val_L32_beta4.2761=0.6333 val_L32_beta5.2987=0.6180 val_L32_beta5.7905=0.6424 val_L32_beta6.1747=0.5503 val_L32_beta8.7467=0.7628 val_L32_beta8.9764=0.6191 val_L32_beta9.3874=0.4431 val_L32_beta9.5767=0.6228 val_L32_beta9.6729=0.6516 val_L32_beta10.8745=0.6588 val_L32_beta11.9792=0.6565 val_L32_beta25.9011=0.5291 val_L32_beta30.6638=0.5056 val_L32_beta31.4382=0.4405 val_L32_beta40.9956=0.4487 val_L32_beta43.8647=0.5980 val_L32_beta44.3339=0.4471 val_L32_beta44.5075=0.4944 val_L32_beta50.1987=0.4244 val_total=62.7370
epoch  24  train=0.6405  val_L16_beta14.1464=0.5396 val_L16_beta25=0.5264 val_L16_beta40=0.5336 val_L16_beta55.0237=0.5050 val_L16_beta1.0119=0.7044 val_L16_beta1.0397=0.7781 val_L16_beta1.0743=0.6439 val_L16_beta1.2464=0.6533 val_L16_beta1.2749=0.6040 val_L16_beta1.7484=0.4863 val_L16_beta1.8367=0.7960 val_L16_beta1.8781=0.6258 val_L16_beta2.122=0.5037 val_L16_beta2.1285=0.7481 val_L16_beta2.1757=0.5819 val_L16_beta2.1862=0.5666 val_L16_beta2.2983=0.5821 val_L16_beta2.3046=0.7210 val_L16_beta2.3454=0.6400 val_L16_beta2.7647=0.7204 val_L16_beta3.1518=0.6466 val_L16_beta3.1669=0.7322 val_L16_beta3.2922=0.4496 val_L16_beta3.3842=0.6371 val_L16_beta3.4006=0.5684 val_L16_beta3.6231=0.7340 val_L16_beta3.7225=0.6960 val_L16_beta4.0764=0.6585 val_L16_beta4.7323=0.6908 val_L16_beta4.7632=0.5808 val_L16_beta5.586=0.6249 val_L16_beta6.2411=0.4673 val_L16_beta6.4184=0.5064 val_L16_beta6.8771=0.3915 val_L16_beta8.3946=0.5068 val_L16_beta8.4548=0.5450 val_L16_beta8.7139=0.6167 val_L16_beta9.287=0.7237 val_L16_beta9.571=0.4824 val_L16_beta9.8499=0.4974 val_L16_beta10.2188=0.5849 val_L16_beta11.8501=0.6260 val_L16_beta11.8784=0.5550 val_L16_beta12.9259=0.5062 val_L16_beta14.4687=0.6151 val_L16_beta15.5366=0.4625 val_L16_beta17.502=0.4883 val_L16_beta17.7602=0.7043 val_L16_beta19.403=0.5393 val_L16_beta20.2412=0.6689 val_L16_beta21.8857=0.5484 val_L16_beta27.0442=0.5943 val_L16_beta27.3387=0.5997 val_L16_beta27.7875=0.6012 val_L16_beta30.5978=0.6020 val_L16_beta33.325=0.5067 val_L16_beta34.3422=0.5267 val_L16_beta38.5957=0.4378 val_L16_beta39.6475=0.4789 val_L16_beta47.0386=0.4994 val_L16_beta47.4228=0.5634 val_L16_beta54.11=0.3677 val_L16_beta56.1944=0.5127 val_L16_beta57.2189=0.4415 val_L32_beta2.1926=0.8827 val_L32_beta2.4697=0.9311 val_L32_beta2.8622=0.6790 val_L32_beta4.994=0.5541 val_L32_beta8.069=0.5424 val_L32_beta11.2015=0.6746 val_L32_beta12.3504=0.6519 val_L32_beta12.688=0.7590 val_L32_beta14.1441=0.5819 val_L32_beta18.0708=0.3457 val_L32_beta18.6487=0.3827 val_L32_beta52.6284=0.5391 val_L8_beta1.4347=0.5325 val_L8_beta1.4977=0.7319 val_L8_beta1.7872=0.6235 val_L8_beta1.9783=0.6264 val_L8_beta2.4006=0.6593 val_L8_beta2.4786=0.7383 val_L32_beta2.0799=0.7018 val_L32_beta2.4378=0.7246 val_L32_beta2.5092=0.6411 val_L32_beta4.0939=0.6038 val_L32_beta4.2586=0.5761 val_L32_beta4.2761=0.6379 val_L32_beta5.2987=0.6174 val_L32_beta5.7905=0.6456 val_L32_beta6.1747=0.5530 val_L32_beta8.7467=0.7625 val_L32_beta8.9764=0.6176 val_L32_beta9.3874=0.4423 val_L32_beta9.5767=0.6218 val_L32_beta9.6729=0.6503 val_L32_beta10.8745=0.6620 val_L32_beta11.9792=0.6564 val_L32_beta25.9011=0.5271 val_L32_beta30.6638=0.5013 val_L32_beta31.4382=0.4399 val_L32_beta40.9956=0.4507 val_L32_beta43.8647=0.5980 val_L32_beta44.3339=0.4511 val_L32_beta44.5075=0.4973 val_L32_beta50.1987=0.4228 val_total=62.6857
epoch  25  train=0.6421  val_L16_beta14.1464=0.5394 val_L16_beta25=0.5262 val_L16_beta40=0.5333 val_L16_beta55.0237=0.5049 val_L16_beta1.0119=0.7067 val_L16_beta1.0397=0.7744 val_L16_beta1.0743=0.6424 val_L16_beta1.2464=0.6509 val_L16_beta1.2749=0.6063 val_L16_beta1.7484=0.4867 val_L16_beta1.8367=0.7910 val_L16_beta1.8781=0.6270 val_L16_beta2.122=0.5033 val_L16_beta2.1285=0.7486 val_L16_beta2.1757=0.5815 val_L16_beta2.1862=0.5656 val_L16_beta2.2983=0.5808 val_L16_beta2.3046=0.7207 val_L16_beta2.3454=0.6395 val_L16_beta2.7647=0.7221 val_L16_beta3.1518=0.6464 val_L16_beta3.1669=0.7296 val_L16_beta3.2922=0.4495 val_L16_beta3.3842=0.6369 val_L16_beta3.4006=0.5654 val_L16_beta3.6231=0.7329 val_L16_beta3.7225=0.6956 val_L16_beta4.0764=0.6569 val_L16_beta4.7323=0.6914 val_L16_beta4.7632=0.5798 val_L16_beta5.586=0.6236 val_L16_beta6.2411=0.4669 val_L16_beta6.4184=0.5048 val_L16_beta6.8771=0.3910 val_L16_beta8.3946=0.5071 val_L16_beta8.4548=0.5433 val_L16_beta8.7139=0.6174 val_L16_beta9.287=0.7231 val_L16_beta9.571=0.4810 val_L16_beta9.8499=0.4973 val_L16_beta10.2188=0.5865 val_L16_beta11.8501=0.6255 val_L16_beta11.8784=0.5547 val_L16_beta12.9259=0.5057 val_L16_beta14.4687=0.6149 val_L16_beta15.5366=0.4627 val_L16_beta17.502=0.4883 val_L16_beta17.7602=0.7045 val_L16_beta19.403=0.5396 val_L16_beta20.2412=0.6689 val_L16_beta21.8857=0.5485 val_L16_beta27.0442=0.5946 val_L16_beta27.3387=0.5990 val_L16_beta27.7875=0.6009 val_L16_beta30.5978=0.6018 val_L16_beta33.325=0.5068 val_L16_beta34.3422=0.5264 val_L16_beta38.5957=0.4375 val_L16_beta39.6475=0.4784 val_L16_beta47.0386=0.4979 val_L16_beta47.4228=0.5636 val_L16_beta54.11=0.3678 val_L16_beta56.1944=0.5126 val_L16_beta57.2189=0.4410 val_L32_beta2.1926=0.8878 val_L32_beta2.4697=0.9491 val_L32_beta2.8622=0.6758 val_L32_beta4.994=0.5522 val_L32_beta8.069=0.5369 val_L32_beta11.2015=0.6751 val_L32_beta12.3504=0.6497 val_L32_beta12.688=0.7636 val_L32_beta14.1441=0.5786 val_L32_beta18.0708=0.3462 val_L32_beta18.6487=0.3824 val_L32_beta52.6284=0.5355 val_L8_beta1.4347=0.5338 val_L8_beta1.4977=0.7308 val_L8_beta1.7872=0.6229 val_L8_beta1.9783=0.6269 val_L8_beta2.4006=0.6583 val_L8_beta2.4786=0.7376 val_L32_beta2.0799=0.6906 val_L32_beta2.4378=0.7300 val_L32_beta2.5092=0.6499 val_L32_beta4.0939=0.6078 val_L32_beta4.2586=0.5763 val_L32_beta4.2761=0.6384 val_L32_beta5.2987=0.6170 val_L32_beta5.7905=0.6505 val_L32_beta6.1747=0.5537 val_L32_beta8.7467=0.7621 val_L32_beta8.9764=0.6199 val_L32_beta9.3874=0.4427 val_L32_beta9.5767=0.6209 val_L32_beta9.6729=0.6524 val_L32_beta10.8745=0.6588 val_L32_beta11.9792=0.6555 val_L32_beta25.9011=0.5287 val_L32_beta30.6638=0.4959 val_L32_beta31.4382=0.4390 val_L32_beta40.9956=0.4487 val_L32_beta43.8647=0.6006 val_L32_beta44.3339=0.4482 val_L32_beta44.5075=0.4972 val_L32_beta50.1987=0.4248 val_total=62.6718
epoch  26  train=0.6409  val_L16_beta14.1464=0.5393 val_L16_beta25=0.5260 val_L16_beta40=0.5332 val_L16_beta55.0237=0.5049 val_L16_beta1.0119=0.7051 val_L16_beta1.0397=0.7707 val_L16_beta1.0743=0.6433 val_L16_beta1.2464=0.6496 val_L16_beta1.2749=0.6075 val_L16_beta1.7484=0.4855 val_L16_beta1.8367=0.7897 val_L16_beta1.8781=0.6260 val_L16_beta2.122=0.5038 val_L16_beta2.1285=0.7454 val_L16_beta2.1757=0.5825 val_L16_beta2.1862=0.5650 val_L16_beta2.2983=0.5806 val_L16_beta2.3046=0.7219 val_L16_beta2.3454=0.6394 val_L16_beta2.7647=0.7222 val_L16_beta3.1518=0.6463 val_L16_beta3.1669=0.7279 val_L16_beta3.2922=0.4494 val_L16_beta3.3842=0.6360 val_L16_beta3.4006=0.5659 val_L16_beta3.6231=0.7325 val_L16_beta3.7225=0.6950 val_L16_beta4.0764=0.6569 val_L16_beta4.7323=0.6910 val_L16_beta4.7632=0.5807 val_L16_beta5.586=0.6232 val_L16_beta6.2411=0.4670 val_L16_beta6.4184=0.5041 val_L16_beta6.8771=0.3909 val_L16_beta8.3946=0.5051 val_L16_beta8.4548=0.5429 val_L16_beta8.7139=0.6169 val_L16_beta9.287=0.7227 val_L16_beta9.571=0.4806 val_L16_beta9.8499=0.4970 val_L16_beta10.2188=0.5846 val_L16_beta11.8501=0.6254 val_L16_beta11.8784=0.5544 val_L16_beta12.9259=0.5062 val_L16_beta14.4687=0.6145 val_L16_beta15.5366=0.4620 val_L16_beta17.502=0.4879 val_L16_beta17.7602=0.7047 val_L16_beta19.403=0.5401 val_L16_beta20.2412=0.6689 val_L16_beta21.8857=0.5484 val_L16_beta27.0442=0.5944 val_L16_beta27.3387=0.5988 val_L16_beta27.7875=0.6011 val_L16_beta30.5978=0.6021 val_L16_beta33.325=0.5066 val_L16_beta34.3422=0.5267 val_L16_beta38.5957=0.4379 val_L16_beta39.6475=0.4790 val_L16_beta47.0386=0.4989 val_L16_beta47.4228=0.5634 val_L16_beta54.11=0.3680 val_L16_beta56.1944=0.5141 val_L16_beta57.2189=0.4416 val_L32_beta2.1926=0.8980 val_L32_beta2.4697=0.9652 val_L32_beta2.8622=0.6741 val_L32_beta4.994=0.5449 val_L32_beta8.069=0.5400 val_L32_beta11.2015=0.6739 val_L32_beta12.3504=0.6542 val_L32_beta12.688=0.7652 val_L32_beta14.1441=0.5776 val_L32_beta18.0708=0.3457 val_L32_beta18.6487=0.3828 val_L32_beta52.6284=0.5353 val_L8_beta1.4347=0.5298 val_L8_beta1.4977=0.7296 val_L8_beta1.7872=0.6228 val_L8_beta1.9783=0.6242 val_L8_beta2.4006=0.6578 val_L8_beta2.4786=0.7364 val_L32_beta2.0799=0.6860 val_L32_beta2.4378=0.7302 val_L32_beta2.5092=0.6602 val_L32_beta4.0939=0.6134 val_L32_beta4.2586=0.5798 val_L32_beta4.2761=0.6366 val_L32_beta5.2987=0.6168 val_L32_beta5.7905=0.6469 val_L32_beta6.1747=0.5567 val_L32_beta8.7467=0.7610 val_L32_beta8.9764=0.6196 val_L32_beta9.3874=0.4432 val_L32_beta9.5767=0.6196 val_L32_beta9.6729=0.6517 val_L32_beta10.8745=0.6569 val_L32_beta11.9792=0.6562 val_L32_beta25.9011=0.5296 val_L32_beta30.6638=0.5024 val_L32_beta31.4382=0.4392 val_L32_beta40.9956=0.4496 val_L32_beta43.8647=0.5974 val_L32_beta44.3339=0.4531 val_L32_beta44.5075=0.5006 val_L32_beta50.1987=0.4248 val_total=62.6919
epoch  27  train=0.6344  val_L16_beta14.1464=0.5391 val_L16_beta25=0.5259 val_L16_beta40=0.5331 val_L16_beta55.0237=0.5044 val_L16_beta1.0119=0.7055 val_L16_beta1.0397=0.7708 val_L16_beta1.0743=0.6419 val_L16_beta1.2464=0.6484 val_L16_beta1.2749=0.6063 val_L16_beta1.7484=0.4850 val_L16_beta1.8367=0.7920 val_L16_beta1.8781=0.6265 val_L16_beta2.122=0.5048 val_L16_beta2.1285=0.7426 val_L16_beta2.1757=0.5834 val_L16_beta2.1862=0.5647 val_L16_beta2.2983=0.5814 val_L16_beta2.3046=0.7181 val_L16_beta2.3454=0.6389 val_L16_beta2.7647=0.7226 val_L16_beta3.1518=0.6461 val_L16_beta3.1669=0.7314 val_L16_beta3.2922=0.4499 val_L16_beta3.3842=0.6355 val_L16_beta3.4006=0.5668 val_L16_beta3.6231=0.7322 val_L16_beta3.7225=0.6954 val_L16_beta4.0764=0.6576 val_L16_beta4.7323=0.6898 val_L16_beta4.7632=0.5799 val_L16_beta5.586=0.6222 val_L16_beta6.2411=0.4669 val_L16_beta6.4184=0.5025 val_L16_beta6.8771=0.3908 val_L16_beta8.3946=0.5057 val_L16_beta8.4548=0.5430 val_L16_beta8.7139=0.6161 val_L16_beta9.287=0.7226 val_L16_beta9.571=0.4811 val_L16_beta9.8499=0.4968 val_L16_beta10.2188=0.5849 val_L16_beta11.8501=0.6256 val_L16_beta11.8784=0.5544 val_L16_beta12.9259=0.5058 val_L16_beta14.4687=0.6141 val_L16_beta15.5366=0.4614 val_L16_beta17.502=0.4879 val_L16_beta17.7602=0.7048 val_L16_beta19.403=0.5395 val_L16_beta20.2412=0.6686 val_L16_beta21.8857=0.5480 val_L16_beta27.0442=0.5940 val_L16_beta27.3387=0.5972 val_L16_beta27.7875=0.6014 val_L16_beta30.5978=0.6018 val_L16_beta33.325=0.5056 val_L16_beta34.3422=0.5245 val_L16_beta38.5957=0.4378 val_L16_beta39.6475=0.4792 val_L16_beta47.0386=0.4988 val_L16_beta47.4228=0.5627 val_L16_beta54.11=0.3679 val_L16_beta56.1944=0.5129 val_L16_beta57.2189=0.4414 val_L32_beta2.1926=0.9073 val_L32_beta2.4697=0.9392 val_L32_beta2.8622=0.6742 val_L32_beta4.994=0.5418 val_L32_beta8.069=0.5415 val_L32_beta11.2015=0.6739 val_L32_beta12.3504=0.6483 val_L32_beta12.688=0.7705 val_L32_beta14.1441=0.5778 val_L32_beta18.0708=0.3462 val_L32_beta18.6487=0.3834 val_L32_beta52.6284=0.5338 val_L8_beta1.4347=0.5226 val_L8_beta1.4977=0.7273 val_L8_beta1.7872=0.6217 val_L8_beta1.9783=0.6228 val_L8_beta2.4006=0.6551 val_L8_beta2.4786=0.7358 val_L32_beta2.0799=0.6987 val_L32_beta2.4378=0.7268 val_L32_beta2.5092=0.6525 val_L32_beta4.0939=0.6079 val_L32_beta4.2586=0.5715 val_L32_beta4.2761=0.6376 val_L32_beta5.2987=0.6172 val_L32_beta5.7905=0.6424 val_L32_beta6.1747=0.5497 val_L32_beta8.7467=0.7629 val_L32_beta8.9764=0.6212 val_L32_beta9.3874=0.4433 val_L32_beta9.5767=0.6181 val_L32_beta9.6729=0.6517 val_L32_beta10.8745=0.6597 val_L32_beta11.9792=0.6564 val_L32_beta25.9011=0.5318 val_L32_beta30.6638=0.5019 val_L32_beta31.4382=0.4421 val_L32_beta40.9956=0.4486 val_L32_beta43.8647=0.5970 val_L32_beta44.3339=0.4465 val_L32_beta44.5075=0.4991 val_L32_beta50.1987=0.4251 val_total=62.6210
epoch  28  train=0.6395  val_L16_beta14.1464=0.5390 val_L16_beta25=0.5264 val_L16_beta40=0.5330 val_L16_beta55.0237=0.5046 val_L16_beta1.0119=0.7059 val_L16_beta1.0397=0.7710 val_L16_beta1.0743=0.6402 val_L16_beta1.2464=0.6491 val_L16_beta1.2749=0.6071 val_L16_beta1.7484=0.4891 val_L16_beta1.8367=0.7898 val_L16_beta1.8781=0.6271 val_L16_beta2.122=0.5049 val_L16_beta2.1285=0.7436 val_L16_beta2.1757=0.5816 val_L16_beta2.1862=0.5643 val_L16_beta2.2983=0.5804 val_L16_beta2.3046=0.7164 val_L16_beta2.3454=0.6389 val_L16_beta2.7647=0.7221 val_L16_beta3.1518=0.6457 val_L16_beta3.1669=0.7335 val_L16_beta3.2922=0.4497 val_L16_beta3.3842=0.6363 val_L16_beta3.4006=0.5681 val_L16_beta3.6231=0.7319 val_L16_beta3.7225=0.6949 val_L16_beta4.0764=0.6579 val_L16_beta4.7323=0.6896 val_L16_beta4.7632=0.5804 val_L16_beta5.586=0.6238 val_L16_beta6.2411=0.4660 val_L16_beta6.4184=0.5035 val_L16_beta6.8771=0.3906 val_L16_beta8.3946=0.5065 val_L16_beta8.4548=0.5430 val_L16_beta8.7139=0.6156 val_L16_beta9.287=0.7230 val_L16_beta9.571=0.4811 val_L16_beta9.8499=0.4967 val_L16_beta10.2188=0.5838 val_L16_beta11.8501=0.6258 val_L16_beta11.8784=0.5546 val_L16_beta12.9259=0.5065 val_L16_beta14.4687=0.6131 val_L16_beta15.5366=0.4612 val_L16_beta17.502=0.4879 val_L16_beta17.7602=0.7046 val_L16_beta19.403=0.5391 val_L16_beta20.2412=0.6685 val_L16_beta21.8857=0.5483 val_L16_beta27.0442=0.5942 val_L16_beta27.3387=0.5961 val_L16_beta27.7875=0.6013 val_L16_beta30.5978=0.6015 val_L16_beta33.325=0.5065 val_L16_beta34.3422=0.5251 val_L16_beta38.5957=0.4375 val_L16_beta39.6475=0.4786 val_L16_beta47.0386=0.4972 val_L16_beta47.4228=0.5629 val_L16_beta54.11=0.3675 val_L16_beta56.1944=0.5119 val_L16_beta57.2189=0.4419 val_L32_beta2.1926=0.8924 val_L32_beta2.4697=0.9542 val_L32_beta2.8622=0.6777 val_L32_beta4.994=0.5425 val_L32_beta8.069=0.5417 val_L32_beta11.2015=0.6741 val_L32_beta12.3504=0.6458 val_L32_beta12.688=0.7660 val_L32_beta14.1441=0.5814 val_L32_beta18.0708=0.3453 val_L32_beta18.6487=0.3828 val_L32_beta52.6284=0.5329 val_L8_beta1.4347=0.5217 val_L8_beta1.4977=0.7259 val_L8_beta1.7872=0.6218 val_L8_beta1.9783=0.6235 val_L8_beta2.4006=0.6546 val_L8_beta2.4786=0.7352 val_L32_beta2.0799=0.6921 val_L32_beta2.4378=0.7304 val_L32_beta2.5092=0.6461 val_L32_beta4.0939=0.6010 val_L32_beta4.2586=0.5662 val_L32_beta4.2761=0.6381 val_L32_beta5.2987=0.6172 val_L32_beta5.7905=0.6327 val_L32_beta6.1747=0.5485 val_L32_beta8.7467=0.7629 val_L32_beta8.9764=0.6205 val_L32_beta9.3874=0.4431 val_L32_beta9.5767=0.6168 val_L32_beta9.6729=0.6505 val_L32_beta10.8745=0.6589 val_L32_beta11.9792=0.6560 val_L32_beta25.9011=0.5311 val_L32_beta30.6638=0.4997 val_L32_beta31.4382=0.4434 val_L32_beta40.9956=0.4466 val_L32_beta43.8647=0.5970 val_L32_beta44.3339=0.4444 val_L32_beta44.5075=0.4963 val_L32_beta50.1987=0.4232 val_total=62.5699
epoch  29  train=0.6374  val_L16_beta14.1464=0.5390 val_L16_beta25=0.5262 val_L16_beta40=0.5331 val_L16_beta55.0237=0.5046 val_L16_beta1.0119=0.7092 val_L16_beta1.0397=0.7697 val_L16_beta1.0743=0.6415 val_L16_beta1.2464=0.6477 val_L16_beta1.2749=0.6048 val_L16_beta1.7484=0.4867 val_L16_beta1.8367=0.7902 val_L16_beta1.8781=0.6257 val_L16_beta2.122=0.5052 val_L16_beta2.1285=0.7426 val_L16_beta2.1757=0.5805 val_L16_beta2.1862=0.5643 val_L16_beta2.2983=0.5808 val_L16_beta2.3046=0.7159 val_L16_beta2.3454=0.6390 val_L16_beta2.7647=0.7225 val_L16_beta3.1518=0.6453 val_L16_beta3.1669=0.7319 val_L16_beta3.2922=0.4491 val_L16_beta3.3842=0.6363 val_L16_beta3.4006=0.5669 val_L16_beta3.6231=0.7328 val_L16_beta3.7225=0.6947 val_L16_beta4.0764=0.6570 val_L16_beta4.7323=0.6895 val_L16_beta4.7632=0.5791 val_L16_beta5.586=0.6244 val_L16_beta6.2411=0.4660 val_L16_beta6.4184=0.5022 val_L16_beta6.8771=0.3909 val_L16_beta8.3946=0.5051 val_L16_beta8.4548=0.5409 val_L16_beta8.7139=0.6154 val_L16_beta9.287=0.7233 val_L16_beta9.571=0.4818 val_L16_beta9.8499=0.4966 val_L16_beta10.2188=0.5827 val_L16_beta11.8501=0.6253 val_L16_beta11.8784=0.5545 val_L16_beta12.9259=0.5056 val_L16_beta14.4687=0.6131 val_L16_beta15.5366=0.4612 val_L16_beta17.502=0.4879 val_L16_beta17.7602=0.7044 val_L16_beta19.403=0.5394 val_L16_beta20.2412=0.6685 val_L16_beta21.8857=0.5483 val_L16_beta27.0442=0.5943 val_L16_beta27.3387=0.5958 val_L16_beta27.7875=0.6009 val_L16_beta30.5978=0.6024 val_L16_beta33.325=0.5066 val_L16_beta34.3422=0.5244 val_L16_beta38.5957=0.4376 val_L16_beta39.6475=0.4784 val_L16_beta47.0386=0.4975 val_L16_beta47.4228=0.5625 val_L16_beta54.11=0.3670 val_L16_beta56.1944=0.5122 val_L16_beta57.2189=0.4408 val_L32_beta2.1926=0.8952 val_L32_beta2.4697=1.0011 val_L32_beta2.8622=0.6759 val_L32_beta4.994=0.5415 val_L32_beta8.069=0.5384 val_L32_beta11.2015=0.6747 val_L32_beta12.3504=0.6497 val_L32_beta12.688=0.7680 val_L32_beta14.1441=0.5805 val_L32_beta18.0708=0.3455 val_L32_beta18.6487=0.3829 val_L32_beta52.6284=0.5331 val_L8_beta1.4347=0.5196 val_L8_beta1.4977=0.7271 val_L8_beta1.7872=0.6222 val_L8_beta1.9783=0.6223 val_L8_beta2.4006=0.6537 val_L8_beta2.4786=0.7360 val_L32_beta2.0799=0.6795 val_L32_beta2.4378=0.7311 val_L32_beta2.5092=0.6599 val_L32_beta4.0939=0.6011 val_L32_beta4.2586=0.5670 val_L32_beta4.2761=0.6387 val_L32_beta5.2987=0.6173 val_L32_beta5.7905=0.6288 val_L32_beta6.1747=0.5529 val_L32_beta8.7467=0.7615 val_L32_beta8.9764=0.6217 val_L32_beta9.3874=0.4428 val_L32_beta9.5767=0.6179 val_L32_beta9.6729=0.6508 val_L32_beta10.8745=0.6583 val_L32_beta11.9792=0.6545 val_L32_beta25.9011=0.5330 val_L32_beta30.6638=0.5037 val_L32_beta31.4382=0.4404 val_L32_beta40.9956=0.4481 val_L32_beta43.8647=0.5968 val_L32_beta44.3339=0.4441 val_L32_beta44.5075=0.4974 val_L32_beta50.1987=0.4265 val_total=62.6112
epoch  30  train=0.6367  val_L16_beta14.1464=0.5388 val_L16_beta25=0.5257 val_L16_beta40=0.5326 val_L16_beta55.0237=0.5046 val_L16_beta1.0119=0.7102 val_L16_beta1.0397=0.7703 val_L16_beta1.0743=0.6423 val_L16_beta1.2464=0.6505 val_L16_beta1.2749=0.6023 val_L16_beta1.7484=0.4863 val_L16_beta1.8367=0.7913 val_L16_beta1.8781=0.6249 val_L16_beta2.122=0.5032 val_L16_beta2.1285=0.7422 val_L16_beta2.1757=0.5812 val_L16_beta2.1862=0.5649 val_L16_beta2.2983=0.5815 val_L16_beta2.3046=0.7162 val_L16_beta2.3454=0.6391 val_L16_beta2.7647=0.7227 val_L16_beta3.1518=0.6450 val_L16_beta3.1669=0.7320 val_L16_beta3.2922=0.4491 val_L16_beta3.3842=0.6360 val_L16_beta3.4006=0.5663 val_L16_beta3.6231=0.7324 val_L16_beta3.7225=0.6940 val_L16_beta4.0764=0.6573 val_L16_beta4.7323=0.6900 val_L16_beta4.7632=0.5789 val_L16_beta5.586=0.6228 val_L16_beta6.2411=0.4659 val_L16_beta6.4184=0.5023 val_L16_beta6.8771=0.3909 val_L16_beta8.3946=0.5059 val_L16_beta8.4548=0.5416 val_L16_beta8.7139=0.6150 val_L16_beta9.287=0.7226 val_L16_beta9.571=0.4815 val_L16_beta9.8499=0.4964 val_L16_beta10.2188=0.5839 val_L16_beta11.8501=0.6249 val_L16_beta11.8784=0.5545 val_L16_beta12.9259=0.5061 val_L16_beta14.4687=0.6130 val_L16_beta15.5366=0.4609 val_L16_beta17.502=0.4878 val_L16_beta17.7602=0.7032 val_L16_beta19.403=0.5401 val_L16_beta20.2412=0.6685 val_L16_beta21.8857=0.5482 val_L16_beta27.0442=0.5943 val_L16_beta27.3387=0.5945 val_L16_beta27.7875=0.6010 val_L16_beta30.5978=0.6030 val_L16_beta33.325=0.5066 val_L16_beta34.3422=0.5246 val_L16_beta38.5957=0.4373 val_L16_beta39.6475=0.4787 val_L16_beta47.0386=0.4971 val_L16_beta47.4228=0.5620 val_L16_beta54.11=0.3667 val_L16_beta56.1944=0.5123 val_L16_beta57.2189=0.4402 val_L32_beta2.1926=0.8928 val_L32_beta2.4697=0.9763 val_L32_beta2.8622=0.6746 val_L32_beta4.994=0.5436 val_L32_beta8.069=0.5407 val_L32_beta11.2015=0.6755 val_L32_beta12.3504=0.6499 val_L32_beta12.688=0.7634 val_L32_beta14.1441=0.5801 val_L32_beta18.0708=0.3458 val_L32_beta18.6487=0.3838 val_L32_beta52.6284=0.5335 val_L8_beta1.4347=0.5167 val_L8_beta1.4977=0.7251 val_L8_beta1.7872=0.6226 val_L8_beta1.9783=0.6217 val_L8_beta2.4006=0.6533 val_L8_beta2.4786=0.7356 val_L32_beta2.0799=0.6869 val_L32_beta2.4378=0.7227 val_L32_beta2.5092=0.6580 val_L32_beta4.0939=0.5982 val_L32_beta4.2586=0.5705 val_L32_beta4.2761=0.6398 val_L32_beta5.2987=0.6173 val_L32_beta5.7905=0.6247 val_L32_beta6.1747=0.5494 val_L32_beta8.7467=0.7638 val_L32_beta8.9764=0.6234 val_L32_beta9.3874=0.4424 val_L32_beta9.5767=0.6187 val_L32_beta9.6729=0.6513 val_L32_beta10.8745=0.6596 val_L32_beta11.9792=0.6544 val_L32_beta25.9011=0.5253 val_L32_beta30.6638=0.4995 val_L32_beta31.4382=0.4377 val_L32_beta40.9956=0.4509 val_L32_beta43.8647=0.5968 val_L32_beta44.3339=0.4483 val_L32_beta44.5075=0.4990 val_L32_beta50.1987=0.4217 val_total=62.5619
epoch  31  train=0.6315  val_L16_beta14.1464=0.5389 val_L16_beta25=0.5255 val_L16_beta40=0.5325 val_L16_beta55.0237=0.5045 val_L16_beta1.0119=0.7071 val_L16_beta1.0397=0.7732 val_L16_beta1.0743=0.6400 val_L16_beta1.2464=0.6499 val_L16_beta1.2749=0.6019 val_L16_beta1.7484=0.4880 val_L16_beta1.8367=0.7927 val_L16_beta1.8781=0.6244 val_L16_beta2.122=0.5046 val_L16_beta2.1285=0.7441 val_L16_beta2.1757=0.5820 val_L16_beta2.1862=0.5644 val_L16_beta2.2983=0.5812 val_L16_beta2.3046=0.7196 val_L16_beta2.3454=0.6374 val_L16_beta2.7647=0.7238 val_L16_beta3.1518=0.6450 val_L16_beta3.1669=0.7293 val_L16_beta3.2922=0.4490 val_L16_beta3.3842=0.6364 val_L16_beta3.4006=0.5648 val_L16_beta3.6231=0.7314 val_L16_beta3.7225=0.6947 val_L16_beta4.0764=0.6580 val_L16_beta4.7323=0.6905 val_L16_beta4.7632=0.5794 val_L16_beta5.586=0.6225 val_L16_beta6.2411=0.4662 val_L16_beta6.4184=0.5019 val_L16_beta6.8771=0.3904 val_L16_beta8.3946=0.5052 val_L16_beta8.4548=0.5424 val_L16_beta8.7139=0.6148 val_L16_beta9.287=0.7224 val_L16_beta9.571=0.4817 val_L16_beta9.8499=0.4962 val_L16_beta10.2188=0.5840 val_L16_beta11.8501=0.6249 val_L16_beta11.8784=0.5545 val_L16_beta12.9259=0.5067 val_L16_beta14.4687=0.6127 val_L16_beta15.5366=0.4607 val_L16_beta17.502=0.4882 val_L16_beta17.7602=0.7037 val_L16_beta19.403=0.5395 val_L16_beta20.2412=0.6687 val_L16_beta21.8857=0.5483 val_L16_beta27.0442=0.5941 val_L16_beta27.3387=0.5943 val_L16_beta27.7875=0.6011 val_L16_beta30.5978=0.6022 val_L16_beta33.325=0.5069 val_L16_beta34.3422=0.5247 val_L16_beta38.5957=0.4373 val_L16_beta39.6475=0.4791 val_L16_beta47.0386=0.4972 val_L16_beta47.4228=0.5620 val_L16_beta54.11=0.3666 val_L16_beta56.1944=0.5120 val_L16_beta57.2189=0.4388 val_L32_beta2.1926=0.8871 val_L32_beta2.4697=0.9737 val_L32_beta2.8622=0.6761 val_L32_beta4.994=0.5425 val_L32_beta8.069=0.5427 val_L32_beta11.2015=0.6754 val_L32_beta12.3504=0.6513 val_L32_beta12.688=0.7550 val_L32_beta14.1441=0.5817 val_L32_beta18.0708=0.3459 val_L32_beta18.6487=0.3835 val_L32_beta52.6284=0.5367 val_L8_beta1.4347=0.5201 val_L8_beta1.4977=0.7256 val_L8_beta1.7872=0.6228 val_L8_beta1.9783=0.6206 val_L8_beta2.4006=0.6554 val_L8_beta2.4786=0.7365 val_L32_beta2.0799=0.6928 val_L32_beta2.4378=0.7246 val_L32_beta2.5092=0.6570 val_L32_beta4.0939=0.5979 val_L32_beta4.2586=0.5713 val_L32_beta4.2761=0.6414 val_L32_beta5.2987=0.6142 val_L32_beta5.7905=0.6219 val_L32_beta6.1747=0.5466 val_L32_beta8.7467=0.7639 val_L32_beta8.9764=0.6227 val_L32_beta9.3874=0.4424 val_L32_beta9.5767=0.6181 val_L32_beta9.6729=0.6509 val_L32_beta10.8745=0.6654 val_L32_beta11.9792=0.6541 val_L32_beta25.9011=0.5245 val_L32_beta30.6638=0.5052 val_L32_beta31.4382=0.4378 val_L32_beta40.9956=0.4519 val_L32_beta43.8647=0.5962 val_L32_beta44.3339=0.4485 val_L32_beta44.5075=0.5001 val_L32_beta50.1987=0.4210 val_total=62.5690
epoch  32  train=0.6419  val_L16_beta14.1464=0.5390 val_L16_beta25=0.5254 val_L16_beta40=0.5323 val_L16_beta55.0237=0.5044 val_L16_beta1.0119=0.7077 val_L16_beta1.0397=0.7716 val_L16_beta1.0743=0.6414 val_L16_beta1.2464=0.6476 val_L16_beta1.2749=0.6016 val_L16_beta1.7484=0.4857 val_L16_beta1.8367=0.7914 val_L16_beta1.8781=0.6250 val_L16_beta2.122=0.5048 val_L16_beta2.1285=0.7435 val_L16_beta2.1757=0.5849 val_L16_beta2.1862=0.5631 val_L16_beta2.2983=0.5832 val_L16_beta2.3046=0.7209 val_L16_beta2.3454=0.6359 val_L16_beta2.7647=0.7242 val_L16_beta3.1518=0.6446 val_L16_beta3.1669=0.7305 val_L16_beta3.2922=0.4487 val_L16_beta3.3842=0.6363 val_L16_beta3.4006=0.5661 val_L16_beta3.6231=0.7318 val_L16_beta3.7225=0.6954 val_L16_beta4.0764=0.6573 val_L16_beta4.7323=0.6903 val_L16_beta4.7632=0.5792 val_L16_beta5.586=0.6218 val_L16_beta6.2411=0.4666 val_L16_beta6.4184=0.5012 val_L16_beta6.8771=0.3903 val_L16_beta8.3946=0.5047 val_L16_beta8.4548=0.5435 val_L16_beta8.7139=0.6151 val_L16_beta9.287=0.7223 val_L16_beta9.571=0.4810 val_L16_beta9.8499=0.4963 val_L16_beta10.2188=0.5833 val_L16_beta11.8501=0.6247 val_L16_beta11.8784=0.5542 val_L16_beta12.9259=0.5058 val_L16_beta14.4687=0.6124 val_L16_beta15.5366=0.4614 val_L16_beta17.502=0.4883 val_L16_beta17.7602=0.7041 val_L16_beta19.403=0.5388 val_L16_beta20.2412=0.6685 val_L16_beta21.8857=0.5482 val_L16_beta27.0442=0.5939 val_L16_beta27.3387=0.5948 val_L16_beta27.7875=0.6008 val_L16_beta30.5978=0.6015 val_L16_beta33.325=0.5070 val_L16_beta34.3422=0.5244 val_L16_beta38.5957=0.4371 val_L16_beta39.6475=0.4783 val_L16_beta47.0386=0.4967 val_L16_beta47.4228=0.5620 val_L16_beta54.11=0.3666 val_L16_beta56.1944=0.5121 val_L16_beta57.2189=0.4388 val_L32_beta2.1926=0.8932 val_L32_beta2.4697=0.9667 val_L32_beta2.8622=0.6748 val_L32_beta4.994=0.5408 val_L32_beta8.069=0.5439 val_L32_beta11.2015=0.6753 val_L32_beta12.3504=0.6547 val_L32_beta12.688=0.7612 val_L32_beta14.1441=0.5803 val_L32_beta18.0708=0.3459 val_L32_beta18.6487=0.3820 val_L32_beta52.6284=0.5320 val_L8_beta1.4347=0.5206 val_L8_beta1.4977=0.7249 val_L8_beta1.7872=0.6227 val_L8_beta1.9783=0.6190 val_L8_beta2.4006=0.6557 val_L8_beta2.4786=0.7365 val_L32_beta2.0799=0.7006 val_L32_beta2.4378=0.7166 val_L32_beta2.5092=0.6585 val_L32_beta4.0939=0.6005 val_L32_beta4.2586=0.5737 val_L32_beta4.2761=0.6392 val_L32_beta5.2987=0.6148 val_L32_beta5.7905=0.6222 val_L32_beta6.1747=0.5469 val_L32_beta8.7467=0.7642 val_L32_beta8.9764=0.6203 val_L32_beta9.3874=0.4427 val_L32_beta9.5767=0.6183 val_L32_beta9.6729=0.6507 val_L32_beta10.8745=0.6678 val_L32_beta11.9792=0.6550 val_L32_beta25.9011=0.5270 val_L32_beta30.6638=0.5002 val_L32_beta31.4382=0.4375 val_L32_beta40.9956=0.4509 val_L32_beta43.8647=0.5972 val_L32_beta44.3339=0.4471 val_L32_beta44.5075=0.4944 val_L32_beta50.1987=0.4190 val_total=62.5557
epoch  33  train=0.6388  val_L16_beta14.1464=0.5393 val_L16_beta25=0.5251 val_L16_beta40=0.5320 val_L16_beta55.0237=0.5041 val_L16_beta1.0119=0.7070 val_L16_beta1.0397=0.7707 val_L16_beta1.0743=0.6411 val_L16_beta1.2464=0.6463 val_L16_beta1.2749=0.6049 val_L16_beta1.7484=0.4861 val_L16_beta1.8367=0.7918 val_L16_beta1.8781=0.6238 val_L16_beta2.122=0.5052 val_L16_beta2.1285=0.7434 val_L16_beta2.1757=0.5815 val_L16_beta2.1862=0.5620 val_L16_beta2.2983=0.5835 val_L16_beta2.3046=0.7195 val_L16_beta2.3454=0.6351 val_L16_beta2.7647=0.7218 val_L16_beta3.1518=0.6445 val_L16_beta3.1669=0.7283 val_L16_beta3.2922=0.4485 val_L16_beta3.3842=0.6348 val_L16_beta3.4006=0.5643 val_L16_beta3.6231=0.7309 val_L16_beta3.7225=0.6969 val_L16_beta4.0764=0.6565 val_L16_beta4.7323=0.6902 val_L16_beta4.7632=0.5798 val_L16_beta5.586=0.6222 val_L16_beta6.2411=0.4665 val_L16_beta6.4184=0.5007 val_L16_beta6.8771=0.3904 val_L16_beta8.3946=0.5047 val_L16_beta8.4548=0.5419 val_L16_beta8.7139=0.6155 val_L16_beta9.287=0.7221 val_L16_beta9.571=0.4810 val_L16_beta9.8499=0.4963 val_L16_beta10.2188=0.5820 val_L16_beta11.8501=0.6248 val_L16_beta11.8784=0.5541 val_L16_beta12.9259=0.5055 val_L16_beta14.4687=0.6124 val_L16_beta15.5366=0.4609 val_L16_beta17.502=0.4884 val_L16_beta17.7602=0.7037 val_L16_beta19.403=0.5379 val_L16_beta20.2412=0.6684 val_L16_beta21.8857=0.5484 val_L16_beta27.0442=0.5938 val_L16_beta27.3387=0.5951 val_L16_beta27.7875=0.6006 val_L16_beta30.5978=0.6017 val_L16_beta33.325=0.5074 val_L16_beta34.3422=0.5252 val_L16_beta38.5957=0.4370 val_L16_beta39.6475=0.4778 val_L16_beta47.0386=0.4977 val_L16_beta47.4228=0.5622 val_L16_beta54.11=0.3664 val_L16_beta56.1944=0.5118 val_L16_beta57.2189=0.4379 val_L32_beta2.1926=0.8911 val_L32_beta2.4697=0.9421 val_L32_beta2.8622=0.6733 val_L32_beta4.994=0.5406 val_L32_beta8.069=0.5425 val_L32_beta11.2015=0.6751 val_L32_beta12.3504=0.6494 val_L32_beta12.688=0.7587 val_L32_beta14.1441=0.5801 val_L32_beta18.0708=0.3455 val_L32_beta18.6487=0.3810 val_L32_beta52.6284=0.5329 val_L8_beta1.4347=0.5197 val_L8_beta1.4977=0.7260 val_L8_beta1.7872=0.6223 val_L8_beta1.9783=0.6189 val_L8_beta2.4006=0.6542 val_L8_beta2.4786=0.7362 val_L32_beta2.0799=0.7003 val_L32_beta2.4378=0.7199 val_L32_beta2.5092=0.6550 val_L32_beta4.0939=0.5999 val_L32_beta4.2586=0.5785 val_L32_beta4.2761=0.6392 val_L32_beta5.2987=0.6150 val_L32_beta5.7905=0.6289 val_L32_beta6.1747=0.5455 val_L32_beta8.7467=0.7642 val_L32_beta8.9764=0.6167 val_L32_beta9.3874=0.4429 val_L32_beta9.5767=0.6178 val_L32_beta9.6729=0.6496 val_L32_beta10.8745=0.6658 val_L32_beta11.9792=0.6560 val_L32_beta25.9011=0.5256 val_L32_beta30.6638=0.5019 val_L32_beta31.4382=0.4390 val_L32_beta40.9956=0.4495 val_L32_beta43.8647=0.5974 val_L32_beta44.3339=0.4447 val_L32_beta44.5075=0.4926 val_L32_beta50.1987=0.4185 val_total=62.4954
epoch  34  train=0.6352  val_L16_beta14.1464=0.5393 val_L16_beta25=0.5247 val_L16_beta40=0.5314 val_L16_beta55.0237=0.5037 val_L16_beta1.0119=0.7050 val_L16_beta1.0397=0.7720 val_L16_beta1.0743=0.6421 val_L16_beta1.2464=0.6474 val_L16_beta1.2749=0.6050 val_L16_beta1.7484=0.4874 val_L16_beta1.8367=0.7901 val_L16_beta1.8781=0.6229 val_L16_beta2.122=0.5033 val_L16_beta2.1285=0.7422 val_L16_beta2.1757=0.5808 val_L16_beta2.1862=0.5628 val_L16_beta2.2983=0.5808 val_L16_beta2.3046=0.7157 val_L16_beta2.3454=0.6355 val_L16_beta2.7647=0.7208 val_L16_beta3.1518=0.6446 val_L16_beta3.1669=0.7298 val_L16_beta3.2922=0.4489 val_L16_beta3.3842=0.6333 val_L16_beta3.4006=0.5649 val_L16_beta3.6231=0.7311 val_L16_beta3.7225=0.6964 val_L16_beta4.0764=0.6567 val_L16_beta4.7323=0.6896 val_L16_beta4.7632=0.5792 val_L16_beta5.586=0.6210 val_L16_beta6.2411=0.4663 val_L16_beta6.4184=0.4995 val_L16_beta6.8771=0.3904 val_L16_beta8.3946=0.5055 val_L16_beta8.4548=0.5406 val_L16_beta8.7139=0.6157 val_L16_beta9.287=0.7222 val_L16_beta9.571=0.4797 val_L16_beta9.8499=0.4960 val_L16_beta10.2188=0.5819 val_L16_beta11.8501=0.6250 val_L16_beta11.8784=0.5538 val_L16_beta12.9259=0.5051 val_L16_beta14.4687=0.6120 val_L16_beta15.5366=0.4607 val_L16_beta17.502=0.4883 val_L16_beta17.7602=0.7026 val_L16_beta19.403=0.5381 val_L16_beta20.2412=0.6684 val_L16_beta21.8857=0.5489 val_L16_beta27.0442=0.5936 val_L16_beta27.3387=0.5941 val_L16_beta27.7875=0.6007 val_L16_beta30.5978=0.6004 val_L16_beta33.325=0.5064 val_L16_beta34.3422=0.5257 val_L16_beta38.5957=0.4370 val_L16_beta39.6475=0.4778 val_L16_beta47.0386=0.4976 val_L16_beta47.4228=0.5620 val_L16_beta54.11=0.3661 val_L16_beta56.1944=0.5111 val_L16_beta57.2189=0.4383 val_L32_beta2.1926=0.8888 val_L32_beta2.4697=0.9418 val_L32_beta2.8622=0.6735 val_L32_beta4.994=0.5439 val_L32_beta8.069=0.5396 val_L32_beta11.2015=0.6741 val_L32_beta12.3504=0.6421 val_L32_beta12.688=0.7592 val_L32_beta14.1441=0.5791 val_L32_beta18.0708=0.3454 val_L32_beta18.6487=0.3810 val_L32_beta52.6284=0.5345 val_L8_beta1.4347=0.5175 val_L8_beta1.4977=0.7258 val_L8_beta1.7872=0.6217 val_L8_beta1.9783=0.6183 val_L8_beta2.4006=0.6545 val_L8_beta2.4786=0.7366 val_L32_beta2.0799=0.7003 val_L32_beta2.4378=0.7205 val_L32_beta2.5092=0.6484 val_L32_beta4.0939=0.6022 val_L32_beta4.2586=0.5735 val_L32_beta4.2761=0.6376 val_L32_beta5.2987=0.6155 val_L32_beta5.7905=0.6226 val_L32_beta6.1747=0.5464 val_L32_beta8.7467=0.7653 val_L32_beta8.9764=0.6176 val_L32_beta9.3874=0.4423 val_L32_beta9.5767=0.6167 val_L32_beta9.6729=0.6491 val_L32_beta10.8745=0.6620 val_L32_beta11.9792=0.6565 val_L32_beta25.9011=0.5264 val_L32_beta30.6638=0.5014 val_L32_beta31.4382=0.4392 val_L32_beta40.9956=0.4483 val_L32_beta43.8647=0.5979 val_L32_beta44.3339=0.4439 val_L32_beta44.5075=0.4909 val_L32_beta50.1987=0.4199 val_total=62.4418
epoch  35  train=0.6365  val_L16_beta14.1464=0.5392 val_L16_beta25=0.5244 val_L16_beta40=0.5314 val_L16_beta55.0237=0.5040 val_L16_beta1.0119=0.7066 val_L16_beta1.0397=0.7720 val_L16_beta1.0743=0.6398 val_L16_beta1.2464=0.6457 val_L16_beta1.2749=0.6040 val_L16_beta1.7484=0.4880 val_L16_beta1.8367=0.7898 val_L16_beta1.8781=0.6224 val_L16_beta2.122=0.5027 val_L16_beta2.1285=0.7432 val_L16_beta2.1757=0.5803 val_L16_beta2.1862=0.5630 val_L16_beta2.2983=0.5791 val_L16_beta2.3046=0.7134 val_L16_beta2.3454=0.6357 val_L16_beta2.7647=0.7202 val_L16_beta3.1518=0.6446 val_L16_beta3.1669=0.7301 val_L16_beta3.2922=0.4491 val_L16_beta3.3842=0.6328 val_L16_beta3.4006=0.5648 val_L16_beta3.6231=0.7307 val_L16_beta3.7225=0.6956 val_L16_beta4.0764=0.6563 val_L16_beta4.7323=0.6898 val_L16_beta4.7632=0.5790 val_L16_beta5.586=0.6215 val_L16_beta6.2411=0.4662 val_L16_beta6.4184=0.4996 val_L16_beta6.8771=0.3902 val_L16_beta8.3946=0.5052 val_L16_beta8.4548=0.5406 val_L16_beta8.7139=0.6152 val_L16_beta9.287=0.7224 val_L16_beta9.571=0.4787 val_L16_beta9.8499=0.4959 val_L16_beta10.2188=0.5805 val_L16_beta11.8501=0.6249 val_L16_beta11.8784=0.5538 val_L16_beta12.9259=0.5055 val_L16_beta14.4687=0.6115 val_L16_beta15.5366=0.4609 val_L16_beta17.502=0.4881 val_L16_beta17.7602=0.7029 val_L16_beta19.403=0.5390 val_L16_beta20.2412=0.6684 val_L16_beta21.8857=0.5489 val_L16_beta27.0442=0.5935 val_L16_beta27.3387=0.5939 val_L16_beta27.7875=0.6005 val_L16_beta30.5978=0.6008 val_L16_beta33.325=0.5062 val_L16_beta34.3422=0.5246 val_L16_beta38.5957=0.4369 val_L16_beta39.6475=0.4779 val_L16_beta47.0386=0.4976 val_L16_beta47.4228=0.5624 val_L16_beta54.11=0.3660 val_L16_beta56.1944=0.5107 val_L16_beta57.2189=0.4378 val_L32_beta2.1926=0.8886 val_L32_beta2.4697=0.9514 val_L32_beta2.8622=0.6742 val_L32_beta4.994=0.5438 val_L32_beta8.069=0.5388 val_L32_beta11.2015=0.6740 val_L32_beta12.3504=0.6404 val_L32_beta12.688=0.7546 val_L32_beta14.1441=0.5796 val_L32_beta18.0708=0.3450 val_L32_beta18.6487=0.3813 val_L32_beta52.6284=0.5344 val_L8_beta1.4347=0.5166 val_L8_beta1.4977=0.7251 val_L8_beta1.7872=0.6210 val_L8_beta1.9783=0.6175 val_L8_beta2.4006=0.6539 val_L8_beta2.4786=0.7364 val_L32_beta2.0799=0.7004 val_L32_beta2.4378=0.7219 val_L32_beta2.5092=0.6533 val_L32_beta4.0939=0.6036 val_L32_beta4.2586=0.5706 val_L32_beta4.2761=0.6378 val_L32_beta5.2987=0.6172 val_L32_beta5.7905=0.6163 val_L32_beta6.1747=0.5456 val_L32_beta8.7467=0.7664 val_L32_beta8.9764=0.6164 val_L32_beta9.3874=0.4421 val_L32_beta9.5767=0.6164 val_L32_beta9.6729=0.6495 val_L32_beta10.8745=0.6626 val_L32_beta11.9792=0.6559 val_L32_beta25.9011=0.5254 val_L32_beta30.6638=0.5004 val_L32_beta31.4382=0.4385 val_L32_beta40.9956=0.4492 val_L32_beta43.8647=0.5976 val_L32_beta44.3339=0.4484 val_L32_beta44.5075=0.4921 val_L32_beta50.1987=0.4214 val_total=62.4321
epoch  36  train=0.6418  val_L16_beta14.1464=0.5391 val_L16_beta25=0.5243 val_L16_beta40=0.5314 val_L16_beta55.0237=0.5039 val_L16_beta1.0119=0.7087 val_L16_beta1.0397=0.7687 val_L16_beta1.0743=0.6386 val_L16_beta1.2464=0.6430 val_L16_beta1.2749=0.6087 val_L16_beta1.7484=0.4877 val_L16_beta1.8367=0.7907 val_L16_beta1.8781=0.6223 val_L16_beta2.122=0.5057 val_L16_beta2.1285=0.7447 val_L16_beta2.1757=0.5790 val_L16_beta2.1862=0.5628 val_L16_beta2.2983=0.5790 val_L16_beta2.3046=0.7148 val_L16_beta2.3454=0.6341 val_L16_beta2.7647=0.7200 val_L16_beta3.1518=0.6447 val_L16_beta3.1669=0.7303 val_L16_beta3.2922=0.4489 val_L16_beta3.3842=0.6325 val_L16_beta3.4006=0.5641 val_L16_beta3.6231=0.7307 val_L16_beta3.7225=0.6957 val_L16_beta4.0764=0.6569 val_L16_beta4.7323=0.6907 val_L16_beta4.7632=0.5785 val_L16_beta5.586=0.6209 val_L16_beta6.2411=0.4661 val_L16_beta6.4184=0.5001 val_L16_beta6.8771=0.3899 val_L16_beta8.3946=0.5045 val_L16_beta8.4548=0.5407 val_L16_beta8.7139=0.6152 val_L16_beta9.287=0.7220 val_L16_beta9.571=0.4781 val_L16_beta9.8499=0.4957 val_L16_beta10.2188=0.5800 val_L16_beta11.8501=0.6246 val_L16_beta11.8784=0.5538 val_L16_beta12.9259=0.5050 val_L16_beta14.4687=0.6108 val_L16_beta15.5366=0.4609 val_L16_beta17.502=0.4877 val_L16_beta17.7602=0.7034 val_L16_beta19.403=0.5396 val_L16_beta20.2412=0.6684 val_L16_beta21.8857=0.5488 val_L16_beta27.0442=0.5938 val_L16_beta27.3387=0.5945 val_L16_beta27.7875=0.6006 val_L16_beta30.5978=0.6004 val_L16_beta33.325=0.5062 val_L16_beta34.3422=0.5240 val_L16_beta38.5957=0.4368 val_L16_beta39.6475=0.4777 val_L16_beta47.0386=0.4979 val_L16_beta47.4228=0.5624 val_L16_beta54.11=0.3663 val_L16_beta56.1944=0.5101 val_L16_beta57.2189=0.4371 val_L32_beta2.1926=0.8833 val_L32_beta2.4697=0.9609 val_L32_beta2.8622=0.6745 val_L32_beta4.994=0.5424 val_L32_beta8.069=0.5370 val_L32_beta11.2015=0.6737 val_L32_beta12.3504=0.6407 val_L32_beta12.688=0.7485 val_L32_beta14.1441=0.5790 val_L32_beta18.0708=0.3456 val_L32_beta18.6487=0.3807 val_L32_beta52.6284=0.5323 val_L8_beta1.4347=0.5142 val_L8_beta1.4977=0.7243 val_L8_beta1.7872=0.6204 val_L8_beta1.9783=0.6180 val_L8_beta2.4006=0.6540 val_L8_beta2.4786=0.7363 val_L32_beta2.0799=0.6976 val_L32_beta2.4378=0.7244 val_L32_beta2.5092=0.6553 val_L32_beta4.0939=0.6052 val_L32_beta4.2586=0.5691 val_L32_beta4.2761=0.6373 val_L32_beta5.2987=0.6163 val_L32_beta5.7905=0.6114 val_L32_beta6.1747=0.5476 val_L32_beta8.7467=0.7675 val_L32_beta8.9764=0.6152 val_L32_beta9.3874=0.4423 val_L32_beta9.5767=0.6156 val_L32_beta9.6729=0.6493 val_L32_beta10.8745=0.6597 val_L32_beta11.9792=0.6568 val_L32_beta25.9011=0.5257 val_L32_beta30.6638=0.5006 val_L32_beta31.4382=0.4373 val_L32_beta40.9956=0.4481 val_L32_beta43.8647=0.5965 val_L32_beta44.3339=0.4513 val_L32_beta44.5075=0.4937 val_L32_beta50.1987=0.4251 val_total=62.4186
epoch  37  train=0.6340  val_L16_beta14.1464=0.5391 val_L16_beta25=0.5240 val_L16_beta40=0.5316 val_L16_beta55.0237=0.5040 val_L16_beta1.0119=0.7082 val_L16_beta1.0397=0.7693 val_L16_beta1.0743=0.6405 val_L16_beta1.2464=0.6406 val_L16_beta1.2749=0.6041 val_L16_beta1.7484=0.4852 val_L16_beta1.8367=0.7931 val_L16_beta1.8781=0.6218 val_L16_beta2.122=0.5059 val_L16_beta2.1285=0.7426 val_L16_beta2.1757=0.5791 val_L16_beta2.1862=0.5615 val_L16_beta2.2983=0.5804 val_L16_beta2.3046=0.7157 val_L16_beta2.3454=0.6339 val_L16_beta2.7647=0.7201 val_L16_beta3.1518=0.6442 val_L16_beta3.1669=0.7323 val_L16_beta3.2922=0.4488 val_L16_beta3.3842=0.6342 val_L16_beta3.4006=0.5635 val_L16_beta3.6231=0.7301 val_L16_beta3.7225=0.6958 val_L16_beta4.0764=0.6563 val_L16_beta4.7323=0.6911 val_L16_beta4.7632=0.5784 val_L16_beta5.586=0.6203 val_L16_beta6.2411=0.4654 val_L16_beta6.4184=0.5002 val_L16_beta6.8771=0.3898 val_L16_beta8.3946=0.5047 val_L16_beta8.4548=0.5399 val_L16_beta8.7139=0.6155 val_L16_beta9.287=0.7222 val_L16_beta9.571=0.4780 val_L16_beta9.8499=0.4955 val_L16_beta10.2188=0.5788 val_L16_beta11.8501=0.6248 val_L16_beta11.8784=0.5537 val_L16_beta12.9259=0.5043 val_L16_beta14.4687=0.6103 val_L16_beta15.5366=0.4602 val_L16_beta17.502=0.4876 val_L16_beta17.7602=0.7025 val_L16_beta19.403=0.5391 val_L16_beta20.2412=0.6681 val_L16_beta21.8857=0.5487 val_L16_beta27.0442=0.5936 val_L16_beta27.3387=0.5946 val_L16_beta27.7875=0.6003 val_L16_beta30.5978=0.6007 val_L16_beta33.325=0.5063 val_L16_beta34.3422=0.5230 val_L16_beta38.5957=0.4369 val_L16_beta39.6475=0.4776 val_L16_beta47.0386=0.4971 val_L16_beta47.4228=0.5624 val_L16_beta54.11=0.3665 val_L16_beta56.1944=0.5099 val_L16_beta57.2189=0.4370 val_L32_beta2.1926=0.8930 val_L32_beta2.4697=0.9498 val_L32_beta2.8622=0.6761 val_L32_beta4.994=0.5435 val_L32_beta8.069=0.5394 val_L32_beta11.2015=0.6737 val_L32_beta12.3504=0.6385 val_L32_beta12.688=0.7496 val_L32_beta14.1441=0.5798 val_L32_beta18.0708=0.3461 val_L32_beta18.6487=0.3813 val_L32_beta52.6284=0.5320 val_L8_beta1.4347=0.5144 val_L8_beta1.4977=0.7243 val_L8_beta1.7872=0.6209 val_L8_beta1.9783=0.6171 val_L8_beta2.4006=0.6554 val_L8_beta2.4786=0.7363 val_L32_beta2.0799=0.7093 val_L32_beta2.4378=0.7120 val_L32_beta2.5092=0.6593 val_L32_beta4.0939=0.6061 val_L32_beta4.2586=0.5740 val_L32_beta4.2761=0.6381 val_L32_beta5.2987=0.6132 val_L32_beta5.7905=0.6079 val_L32_beta6.1747=0.5454 val_L32_beta8.7467=0.7681 val_L32_beta8.9764=0.6144 val_L32_beta9.3874=0.4426 val_L32_beta9.5767=0.6162 val_L32_beta9.6729=0.6490 val_L32_beta10.8745=0.6610 val_L32_beta11.9792=0.6559 val_L32_beta25.9011=0.5235 val_L32_beta30.6638=0.4967 val_L32_beta31.4382=0.4367 val_L32_beta40.9956=0.4485 val_L32_beta43.8647=0.5964 val_L32_beta44.3339=0.4508 val_L32_beta44.5075=0.4923 val_L32_beta50.1987=0.4226 val_total=62.4021
epoch  38  train=0.6317  val_L16_beta14.1464=0.5389 val_L16_beta25=0.5239 val_L16_beta40=0.5314 val_L16_beta55.0237=0.5040 val_L16_beta1.0119=0.7083 val_L16_beta1.0397=0.7671 val_L16_beta1.0743=0.6409 val_L16_beta1.2464=0.6400 val_L16_beta1.2749=0.6055 val_L16_beta1.7484=0.4855 val_L16_beta1.8367=0.7911 val_L16_beta1.8781=0.6221 val_L16_beta2.122=0.5055 val_L16_beta2.1285=0.7414 val_L16_beta2.1757=0.5776 val_L16_beta2.1862=0.5619 val_L16_beta2.2983=0.5784 val_L16_beta2.3046=0.7151 val_L16_beta2.3454=0.6339 val_L16_beta2.7647=0.7210 val_L16_beta3.1518=0.6444 val_L16_beta3.1669=0.7330 val_L16_beta3.2922=0.4489 val_L16_beta3.3842=0.6337 val_L16_beta3.4006=0.5630 val_L16_beta3.6231=0.7293 val_L16_beta3.7225=0.6950 val_L16_beta4.0764=0.6554 val_L16_beta4.7323=0.6908 val_L16_beta4.7632=0.5784 val_L16_beta5.586=0.6206 val_L16_beta6.2411=0.4650 val_L16_beta6.4184=0.4995 val_L16_beta6.8771=0.3899 val_L16_beta8.3946=0.5039 val_L16_beta8.4548=0.5405 val_L16_beta8.7139=0.6150 val_L16_beta9.287=0.7224 val_L16_beta9.571=0.4764 val_L16_beta9.8499=0.4958 val_L16_beta10.2188=0.5791 val_L16_beta11.8501=0.6248 val_L16_beta11.8784=0.5536 val_L16_beta12.9259=0.5044 val_L16_beta14.4687=0.6105 val_L16_beta15.5366=0.4603 val_L16_beta17.502=0.4877 val_L16_beta17.7602=0.7023 val_L16_beta19.403=0.5393 val_L16_beta20.2412=0.6681 val_L16_beta21.8857=0.5488 val_L16_beta27.0442=0.5937 val_L16_beta27.3387=0.5943 val_L16_beta27.7875=0.6003 val_L16_beta30.5978=0.6002 val_L16_beta33.325=0.5064 val_L16_beta34.3422=0.5229 val_L16_beta38.5957=0.4367 val_L16_beta39.6475=0.4777 val_L16_beta47.0386=0.4969 val_L16_beta47.4228=0.5620 val_L16_beta54.11=0.3663 val_L16_beta56.1944=0.5095 val_L16_beta57.2189=0.4365 val_L32_beta2.1926=0.8869 val_L32_beta2.4697=0.9497 val_L32_beta2.8622=0.6785 val_L32_beta4.994=0.5451 val_L32_beta8.069=0.5404 val_L32_beta11.2015=0.6739 val_L32_beta12.3504=0.6344 val_L32_beta12.688=0.7503 val_L32_beta14.1441=0.5798 val_L32_beta18.0708=0.3458 val_L32_beta18.6487=0.3809 val_L32_beta52.6284=0.5364 val_L8_beta1.4347=0.5143 val_L8_beta1.4977=0.7242 val_L8_beta1.7872=0.6206 val_L8_beta1.9783=0.6166 val_L8_beta2.4006=0.6560 val_L8_beta2.4786=0.7369 val_L32_beta2.0799=0.7046 val_L32_beta2.4378=0.7162 val_L32_beta2.5092=0.6565 val_L32_beta4.0939=0.6053 val_L32_beta4.2586=0.5690 val_L32_beta4.2761=0.6375 val_L32_beta5.2987=0.6137 val_L32_beta5.7905=0.6056 val_L32_beta6.1747=0.5442 val_L32_beta8.7467=0.7637 val_L32_beta8.9764=0.6159 val_L32_beta9.3874=0.4422 val_L32_beta9.5767=0.6171 val_L32_beta9.6729=0.6493 val_L32_beta10.8745=0.6616 val_L32_beta11.9792=0.6545 val_L32_beta25.9011=0.5243 val_L32_beta30.6638=0.4949 val_L32_beta31.4382=0.4360 val_L32_beta40.9956=0.4484 val_L32_beta43.8647=0.5970 val_L32_beta44.3339=0.4463 val_L32_beta44.5075=0.4899 val_L32_beta50.1987=0.4226 val_total=62.3638
epoch  39  train=0.6390  val_L16_beta14.1464=0.5389 val_L16_beta25=0.5235 val_L16_beta40=0.5314 val_L16_beta55.0237=0.5042 val_L16_beta1.0119=0.7081 val_L16_beta1.0397=0.7678 val_L16_beta1.0743=0.6425 val_L16_beta1.2464=0.6394 val_L16_beta1.2749=0.6055 val_L16_beta1.7484=0.4851 val_L16_beta1.8367=0.7864 val_L16_beta1.8781=0.6210 val_L16_beta2.122=0.5045 val_L16_beta2.1285=0.7397 val_L16_beta2.1757=0.5774 val_L16_beta2.1862=0.5631 val_L16_beta2.2983=0.5793 val_L16_beta2.3046=0.7143 val_L16_beta2.3454=0.6345 val_L16_beta2.7647=0.7202 val_L16_beta3.1518=0.6443 val_L16_beta3.1669=0.7317 val_L16_beta3.2922=0.4490 val_L16_beta3.3842=0.6330 val_L16_beta3.4006=0.5631 val_L16_beta3.6231=0.7294 val_L16_beta3.7225=0.6950 val_L16_beta4.0764=0.6554 val_L16_beta4.7323=0.6908 val_L16_beta4.7632=0.5779 val_L16_beta5.586=0.6197 val_L16_beta6.2411=0.4652 val_L16_beta6.4184=0.4992 val_L16_beta6.8771=0.3896 val_L16_beta8.3946=0.5039 val_L16_beta8.4548=0.5401 val_L16_beta8.7139=0.6151 val_L16_beta9.287=0.7221 val_L16_beta9.571=0.4764 val_L16_beta9.8499=0.4956 val_L16_beta10.2188=0.5780 val_L16_beta11.8501=0.6249 val_L16_beta11.8784=0.5537 val_L16_beta12.9259=0.5050 val_L16_beta14.4687=0.6103 val_L16_beta15.5366=0.4605 val_L16_beta17.502=0.4877 val_L16_beta17.7602=0.7018 val_L16_beta19.403=0.5398 val_L16_beta20.2412=0.6682 val_L16_beta21.8857=0.5485 val_L16_beta27.0442=0.5937 val_L16_beta27.3387=0.5956 val_L16_beta27.7875=0.6002 val_L16_beta30.5978=0.5998 val_L16_beta33.325=0.5066 val_L16_beta34.3422=0.5235 val_L16_beta38.5957=0.4370 val_L16_beta39.6475=0.4775 val_L16_beta47.0386=0.4961 val_L16_beta47.4228=0.5616 val_L16_beta54.11=0.3664 val_L16_beta56.1944=0.5101 val_L16_beta57.2189=0.4369 val_L32_beta2.1926=0.8849 val_L32_beta2.4697=0.9650 val_L32_beta2.8622=0.6778 val_L32_beta4.994=0.5429 val_L32_beta8.069=0.5400 val_L32_beta11.2015=0.6734 val_L32_beta12.3504=0.6348 val_L32_beta12.688=0.7533 val_L32_beta14.1441=0.5789 val_L32_beta18.0708=0.3458 val_L32_beta18.6487=0.3819 val_L32_beta52.6284=0.5345 val_L8_beta1.4347=0.5148 val_L8_beta1.4977=0.7245 val_L8_beta1.7872=0.6208 val_L8_beta1.9783=0.6174 val_L8_beta2.4006=0.6537 val_L8_beta2.4786=0.7367 val_L32_beta2.0799=0.7164 val_L32_beta2.4378=0.7176 val_L32_beta2.5092=0.6482 val_L32_beta4.0939=0.6084 val_L32_beta4.2586=0.5630 val_L32_beta4.2761=0.6343 val_L32_beta5.2987=0.6166 val_L32_beta5.7905=0.6039 val_L32_beta6.1747=0.5453 val_L32_beta8.7467=0.7629 val_L32_beta8.9764=0.6175 val_L32_beta9.3874=0.4421 val_L32_beta9.5767=0.6156 val_L32_beta9.6729=0.6487 val_L32_beta10.8745=0.6612 val_L32_beta11.9792=0.6552 val_L32_beta25.9011=0.5255 val_L32_beta30.6638=0.4921 val_L32_beta31.4382=0.4365 val_L32_beta40.9956=0.4467 val_L32_beta43.8647=0.5963 val_L32_beta44.3339=0.4446 val_L32_beta44.5075=0.4892 val_L32_beta50.1987=0.4231 val_total=62.3591
epoch  40  train=0.6297  val_L16_beta14.1464=0.5391 val_L16_beta25=0.5234 val_L16_beta40=0.5314 val_L16_beta55.0237=0.5039 val_L16_beta1.0119=0.7076 val_L16_beta1.0397=0.7682 val_L16_beta1.0743=0.6409 val_L16_beta1.2464=0.6398 val_L16_beta1.2749=0.6022 val_L16_beta1.7484=0.4854 val_L16_beta1.8367=0.7843 val_L16_beta1.8781=0.6208 val_L16_beta2.122=0.5052 val_L16_beta2.1285=0.7407 val_L16_beta2.1757=0.5766 val_L16_beta2.1862=0.5624 val_L16_beta2.2983=0.5798 val_L16_beta2.3046=0.7123 val_L16_beta2.3454=0.6341 val_L16_beta2.7647=0.7191 val_L16_beta3.1518=0.6442 val_L16_beta3.1669=0.7303 val_L16_beta3.2922=0.4487 val_L16_beta3.3842=0.6333 val_L16_beta3.4006=0.5623 val_L16_beta3.6231=0.7302 val_L16_beta3.7225=0.6943 val_L16_beta4.0764=0.6561 val_L16_beta4.7323=0.6912 val_L16_beta4.7632=0.5783 val_L16_beta5.586=0.6203 val_L16_beta6.2411=0.4649 val_L16_beta6.4184=0.4986 val_L16_beta6.8771=0.3893 val_L16_beta8.3946=0.5037 val_L16_beta8.4548=0.5401 val_L16_beta8.7139=0.6145 val_L16_beta9.287=0.7222 val_L16_beta9.571=0.4765 val_L16_beta9.8499=0.4956 val_L16_beta10.2188=0.5783 val_L16_beta11.8501=0.6250 val_L16_beta11.8784=0.5536 val_L16_beta12.9259=0.5051 val_L16_beta14.4687=0.6102 val_L16_beta15.5366=0.4606 val_L16_beta17.502=0.4878 val_L16_beta17.7602=0.7022 val_L16_beta19.403=0.5404 val_L16_beta20.2412=0.6683 val_L16_beta21.8857=0.5483 val_L16_beta27.0442=0.5936 val_L16_beta27.3387=0.5952 val_L16_beta27.7875=0.6002 val_L16_beta30.5978=0.5997 val_L16_beta33.325=0.5066 val_L16_beta34.3422=0.5237 val_L16_beta38.5957=0.4370 val_L16_beta39.6475=0.4772 val_L16_beta47.0386=0.4960 val_L16_beta47.4228=0.5612 val_L16_beta54.11=0.3664 val_L16_beta56.1944=0.5091 val_L16_beta57.2189=0.4360 val_L32_beta2.1926=0.8795 val_L32_beta2.4697=0.9739 val_L32_beta2.8622=0.6776 val_L32_beta4.994=0.5407 val_L32_beta8.069=0.5360 val_L32_beta11.2015=0.6737 val_L32_beta12.3504=0.6357 val_L32_beta12.688=0.7483 val_L32_beta14.1441=0.5791 val_L32_beta18.0708=0.3445 val_L32_beta18.6487=0.3804 val_L32_beta52.6284=0.5297 val_L8_beta1.4347=0.5149 val_L8_beta1.4977=0.7242 val_L8_beta1.7872=0.6211 val_L8_beta1.9783=0.6173 val_L8_beta2.4006=0.6540 val_L8_beta2.4786=0.7373 val_L32_beta2.0799=0.7138 val_L32_beta2.4378=0.7141 val_L32_beta2.5092=0.6569 val_L32_beta4.0939=0.6110 val_L32_beta4.2586=0.5653 val_L32_beta4.2761=0.6342 val_L32_beta5.2987=0.6163 val_L32_beta5.7905=0.6019 val_L32_beta6.1747=0.5455 val_L32_beta8.7467=0.7629 val_L32_beta8.9764=0.6173 val_L32_beta9.3874=0.4422 val_L32_beta9.5767=0.6157 val_L32_beta9.6729=0.6486 val_L32_beta10.8745=0.6619 val_L32_beta11.9792=0.6559 val_L32_beta25.9011=0.5246 val_L32_beta30.6638=0.4949 val_L32_beta31.4382=0.4370 val_L32_beta40.9956=0.4471 val_L32_beta43.8647=0.5959 val_L32_beta44.3339=0.4464 val_L32_beta44.5075=0.4890 val_L32_beta50.1987=0.4232 val_total=62.3430
epoch  41  train=0.6337  val_L16_beta14.1464=0.5391 val_L16_beta25=0.5233 val_L16_beta40=0.5312 val_L16_beta55.0237=0.5037 val_L16_beta1.0119=0.7051 val_L16_beta1.0397=0.7684 val_L16_beta1.0743=0.6413 val_L16_beta1.2464=0.6399 val_L16_beta1.2749=0.5990 val_L16_beta1.7484=0.4832 val_L16_beta1.8367=0.7854 val_L16_beta1.8781=0.6199 val_L16_beta2.122=0.5038 val_L16_beta2.1285=0.7412 val_L16_beta2.1757=0.5765 val_L16_beta2.1862=0.5620 val_L16_beta2.2983=0.5804 val_L16_beta2.3046=0.7093 val_L16_beta2.3454=0.6347 val_L16_beta2.7647=0.7186 val_L16_beta3.1518=0.6442 val_L16_beta3.1669=0.7270 val_L16_beta3.2922=0.4489 val_L16_beta3.3842=0.6328 val_L16_beta3.4006=0.5622 val_L16_beta3.6231=0.7315 val_L16_beta3.7225=0.6938 val_L16_beta4.0764=0.6549 val_L16_beta4.7323=0.6912 val_L16_beta4.7632=0.5788 val_L16_beta5.586=0.6204 val_L16_beta6.2411=0.4646 val_L16_beta6.4184=0.4991 val_L16_beta6.8771=0.3886 val_L16_beta8.3946=0.5043 val_L16_beta8.4548=0.5387 val_L16_beta8.7139=0.6140 val_L16_beta9.287=0.7221 val_L16_beta9.571=0.4759 val_L16_beta9.8499=0.4954 val_L16_beta10.2188=0.5790 val_L16_beta11.8501=0.6250 val_L16_beta11.8784=0.5536 val_L16_beta12.9259=0.5047 val_L16_beta14.4687=0.6105 val_L16_beta15.5366=0.4604 val_L16_beta17.502=0.4879 val_L16_beta17.7602=0.7015 val_L16_beta19.403=0.5401 val_L16_beta20.2412=0.6684 val_L16_beta21.8857=0.5483 val_L16_beta27.0442=0.5936 val_L16_beta27.3387=0.5940 val_L16_beta27.7875=0.6001 val_L16_beta30.5978=0.5998 val_L16_beta33.325=0.5079 val_L16_beta34.3422=0.5236 val_L16_beta38.5957=0.4370 val_L16_beta39.6475=0.4771 val_L16_beta47.0386=0.4949 val_L16_beta47.4228=0.5610 val_L16_beta54.11=0.3667 val_L16_beta56.1944=0.5085 val_L16_beta57.2189=0.4371 val_L32_beta2.1926=0.8857 val_L32_beta2.4697=0.9759 val_L32_beta2.8622=0.6785 val_L32_beta4.994=0.5424 val_L32_beta8.069=0.5364 val_L32_beta11.2015=0.6743 val_L32_beta12.3504=0.6364 val_L32_beta12.688=0.7429 val_L32_beta14.1441=0.5795 val_L32_beta18.0708=0.3446 val_L32_beta18.6487=0.3799 val_L32_beta52.6284=0.5297 val_L8_beta1.4347=0.5151 val_L8_beta1.4977=0.7258 val_L8_beta1.7872=0.6211 val_L8_beta1.9783=0.6160 val_L8_beta2.4006=0.6538 val_L8_beta2.4786=0.7378 val_L32_beta2.0799=0.7031 val_L32_beta2.4378=0.7192 val_L32_beta2.5092=0.6668 val_L32_beta4.0939=0.6092 val_L32_beta4.2586=0.5595 val_L32_beta4.2761=0.6358 val_L32_beta5.2987=0.6155 val_L32_beta5.7905=0.6005 val_L32_beta6.1747=0.5420 val_L32_beta8.7467=0.7628 val_L32_beta8.9764=0.6163 val_L32_beta9.3874=0.4424 val_L32_beta9.5767=0.6155 val_L32_beta9.6729=0.6482 val_L32_beta10.8745=0.6653 val_L32_beta11.9792=0.6571 val_L32_beta25.9011=0.5215 val_L32_beta30.6638=0.4922 val_L32_beta31.4382=0.4382 val_L32_beta40.9956=0.4472 val_L32_beta43.8647=0.5964 val_L32_beta44.3339=0.4460 val_L32_beta44.5075=0.4886 val_L32_beta50.1987=0.4205 val_total=62.3206
epoch  42  train=0.6305  val_L16_beta14.1464=0.5390 val_L16_beta25=0.5234 val_L16_beta40=0.5310 val_L16_beta55.0237=0.5036 val_L16_beta1.0119=0.7057 val_L16_beta1.0397=0.7686 val_L16_beta1.0743=0.6433 val_L16_beta1.2464=0.6395 val_L16_beta1.2749=0.5996 val_L16_beta1.7484=0.4838 val_L16_beta1.8367=0.7856 val_L16_beta1.8781=0.6199 val_L16_beta2.122=0.5015 val_L16_beta2.1285=0.7410 val_L16_beta2.1757=0.5765 val_L16_beta2.1862=0.5621 val_L16_beta2.2983=0.5789 val_L16_beta2.3046=0.7081 val_L16_beta2.3454=0.6339 val_L16_beta2.7647=0.7184 val_L16_beta3.1518=0.6442 val_L16_beta3.1669=0.7275 val_L16_beta3.2922=0.4487 val_L16_beta3.3842=0.6332 val_L16_beta3.4006=0.5620 val_L16_beta3.6231=0.7321 val_L16_beta3.7225=0.6941 val_L16_beta4.0764=0.6553 val_L16_beta4.7323=0.6919 val_L16_beta4.7632=0.5791 val_L16_beta5.586=0.6208 val_L16_beta6.2411=0.4643 val_L16_beta6.4184=0.4999 val_L16_beta6.8771=0.3887 val_L16_beta8.3946=0.5035 val_L16_beta8.4548=0.5387 val_L16_beta8.7139=0.6140 val_L16_beta9.287=0.7220 val_L16_beta9.571=0.4759 val_L16_beta9.8499=0.4952 val_L16_beta10.2188=0.5802 val_L16_beta11.8501=0.6250 val_L16_beta11.8784=0.5534 val_L16_beta12.9259=0.5046 val_L16_beta14.4687=0.6105 val_L16_beta15.5366=0.4603 val_L16_beta17.502=0.4876 val_L16_beta17.7602=0.7019 val_L16_beta19.403=0.5386 val_L16_beta20.2412=0.6685 val_L16_beta21.8857=0.5485 val_L16_beta27.0442=0.5935 val_L16_beta27.3387=0.5926 val_L16_beta27.7875=0.6000 val_L16_beta30.5978=0.5997 val_L16_beta33.325=0.5059 val_L16_beta34.3422=0.5239 val_L16_beta38.5957=0.4370 val_L16_beta39.6475=0.4770 val_L16_beta47.0386=0.4954 val_L16_beta47.4228=0.5614 val_L16_beta54.11=0.3664 val_L16_beta56.1944=0.5081 val_L16_beta57.2189=0.4380 val_L32_beta2.1926=0.8837 val_L32_beta2.4697=0.9620 val_L32_beta2.8622=0.6742 val_L32_beta4.994=0.5413 val_L32_beta8.069=0.5346 val_L32_beta11.2015=0.6744 val_L32_beta12.3504=0.6356 val_L32_beta12.688=0.7450 val_L32_beta14.1441=0.5775 val_L32_beta18.0708=0.3440 val_L32_beta18.6487=0.3798 val_L32_beta52.6284=0.5295 val_L8_beta1.4347=0.5137 val_L8_beta1.4977=0.7243 val_L8_beta1.7872=0.6218 val_L8_beta1.9783=0.6159 val_L8_beta2.4006=0.6528 val_L8_beta2.4786=0.7381 val_L32_beta2.0799=0.6952 val_L32_beta2.4378=0.7193 val_L32_beta2.5092=0.6523 val_L32_beta4.0939=0.6085 val_L32_beta4.2586=0.5607 val_L32_beta4.2761=0.6360 val_L32_beta5.2987=0.6141 val_L32_beta5.7905=0.6010 val_L32_beta6.1747=0.5432 val_L32_beta8.7467=0.7639 val_L32_beta8.9764=0.6163 val_L32_beta9.3874=0.4427 val_L32_beta9.5767=0.6151 val_L32_beta9.6729=0.6484 val_L32_beta10.8745=0.6617 val_L32_beta11.9792=0.6569 val_L32_beta25.9011=0.5233 val_L32_beta30.6638=0.4924 val_L32_beta31.4382=0.4378 val_L32_beta40.9956=0.4470 val_L32_beta43.8647=0.5957 val_L32_beta44.3339=0.4430 val_L32_beta44.5075=0.4882 val_L32_beta50.1987=0.4239 val_total=62.2672
epoch  43  train=0.6345  val_L16_beta14.1464=0.5390 val_L16_beta25=0.5238 val_L16_beta40=0.5309 val_L16_beta55.0237=0.5037 val_L16_beta1.0119=0.7044 val_L16_beta1.0397=0.7685 val_L16_beta1.0743=0.6428 val_L16_beta1.2464=0.6371 val_L16_beta1.2749=0.5977 val_L16_beta1.7484=0.4826 val_L16_beta1.8367=0.7853 val_L16_beta1.8781=0.6193 val_L16_beta2.122=0.5011 val_L16_beta2.1285=0.7402 val_L16_beta2.1757=0.5764 val_L16_beta2.1862=0.5626 val_L16_beta2.2983=0.5793 val_L16_beta2.3046=0.7106 val_L16_beta2.3454=0.6337 val_L16_beta2.7647=0.7188 val_L16_beta3.1518=0.6443 val_L16_beta3.1669=0.7269 val_L16_beta3.2922=0.4485 val_L16_beta3.3842=0.6338 val_L16_beta3.4006=0.5616 val_L16_beta3.6231=0.7310 val_L16_beta3.7225=0.6946 val_L16_beta4.0764=0.6557 val_L16_beta4.7323=0.6918 val_L16_beta4.7632=0.5789 val_L16_beta5.586=0.6199 val_L16_beta6.2411=0.4642 val_L16_beta6.4184=0.4997 val_L16_beta6.8771=0.3890 val_L16_beta8.3946=0.5028 val_L16_beta8.4548=0.5390 val_L16_beta8.7139=0.6137 val_L16_beta9.287=0.7220 val_L16_beta9.571=0.4763 val_L16_beta9.8499=0.4950 val_L16_beta10.2188=0.5777 val_L16_beta11.8501=0.6251 val_L16_beta11.8784=0.5535 val_L16_beta12.9259=0.5050 val_L16_beta14.4687=0.6104 val_L16_beta15.5366=0.4602 val_L16_beta17.502=0.4876 val_L16_beta17.7602=0.7018 val_L16_beta19.403=0.5394 val_L16_beta20.2412=0.6685 val_L16_beta21.8857=0.5486 val_L16_beta27.0442=0.5933 val_L16_beta27.3387=0.5922 val_L16_beta27.7875=0.6000 val_L16_beta30.5978=0.5995 val_L16_beta33.325=0.5048 val_L16_beta34.3422=0.5239 val_L16_beta38.5957=0.4370 val_L16_beta39.6475=0.4773 val_L16_beta47.0386=0.4949 val_L16_beta47.4228=0.5616 val_L16_beta54.11=0.3660 val_L16_beta56.1944=0.5087 val_L16_beta57.2189=0.4374 val_L32_beta2.1926=0.8880 val_L32_beta2.4697=0.9553 val_L32_beta2.8622=0.6737 val_L32_beta4.994=0.5444 val_L32_beta8.069=0.5381 val_L32_beta11.2015=0.6744 val_L32_beta12.3504=0.6349 val_L32_beta12.688=0.7376 val_L32_beta14.1441=0.5777 val_L32_beta18.0708=0.3446 val_L32_beta18.6487=0.3799 val_L32_beta52.6284=0.5339 val_L8_beta1.4347=0.5127 val_L8_beta1.4977=0.7235 val_L8_beta1.7872=0.6218 val_L8_beta1.9783=0.6149 val_L8_beta2.4006=0.6530 val_L8_beta2.4786=0.7375 val_L32_beta2.0799=0.6974 val_L32_beta2.4378=0.7164 val_L32_beta2.5092=0.6519 val_L32_beta4.0939=0.6048 val_L32_beta4.2586=0.5541 val_L32_beta4.2761=0.6372 val_L32_beta5.2987=0.6155 val_L32_beta5.7905=0.6000 val_L32_beta6.1747=0.5432 val_L32_beta8.7467=0.7647 val_L32_beta8.9764=0.6176 val_L32_beta9.3874=0.4428 val_L32_beta9.5767=0.6170 val_L32_beta9.6729=0.6492 val_L32_beta10.8745=0.6613 val_L32_beta11.9792=0.6587 val_L32_beta25.9011=0.5195 val_L32_beta30.6638=0.4885 val_L32_beta31.4382=0.4366 val_L32_beta40.9956=0.4479 val_L32_beta43.8647=0.5959 val_L32_beta44.3339=0.4472 val_L32_beta44.5075=0.4898 val_L32_beta50.1987=0.4207 val_total=62.2449
epoch  44  train=0.6283  val_L16_beta14.1464=0.5390 val_L16_beta25=0.5238 val_L16_beta40=0.5307 val_L16_beta55.0237=0.5036 val_L16_beta1.0119=0.7038 val_L16_beta1.0397=0.7667 val_L16_beta1.0743=0.6415 val_L16_beta1.2464=0.6358 val_L16_beta1.2749=0.5970 val_L16_beta1.7484=0.4827 val_L16_beta1.8367=0.7836 val_L16_beta1.8781=0.6191 val_L16_beta2.122=0.5022 val_L16_beta2.1285=0.7369 val_L16_beta2.1757=0.5769 val_L16_beta2.1862=0.5619 val_L16_beta2.2983=0.5788 val_L16_beta2.3046=0.7116 val_L16_beta2.3454=0.6347 val_L16_beta2.7647=0.7190 val_L16_beta3.1518=0.6442 val_L16_beta3.1669=0.7279 val_L16_beta3.2922=0.4483 val_L16_beta3.3842=0.6334 val_L16_beta3.4006=0.5612 val_L16_beta3.6231=0.7296 val_L16_beta3.7225=0.6949 val_L16_beta4.0764=0.6556 val_L16_beta4.7323=0.6916 val_L16_beta4.7632=0.5799 val_L16_beta5.586=0.6210 val_L16_beta6.2411=0.4642 val_L16_beta6.4184=0.4992 val_L16_beta6.8771=0.3889 val_L16_beta8.3946=0.5028 val_L16_beta8.4548=0.5395 val_L16_beta8.7139=0.6137 val_L16_beta9.287=0.7220 val_L16_beta9.571=0.4758 val_L16_beta9.8499=0.4950 val_L16_beta10.2188=0.5767 val_L16_beta11.8501=0.6255 val_L16_beta11.8784=0.5535 val_L16_beta12.9259=0.5047 val_L16_beta14.4687=0.6104 val_L16_beta15.5366=0.4597 val_L16_beta17.502=0.4875 val_L16_beta17.7602=0.7015 val_L16_beta19.403=0.5386 val_L16_beta20.2412=0.6685 val_L16_beta21.8857=0.5485 val_L16_beta27.0442=0.5932 val_L16_beta27.3387=0.5920 val_L16_beta27.7875=0.6002 val_L16_beta30.5978=0.5993 val_L16_beta33.325=0.5045 val_L16_beta34.3422=0.5241 val_L16_beta38.5957=0.4371 val_L16_beta39.6475=0.4772 val_L16_beta47.0386=0.4950 val_L16_beta47.4228=0.5612 val_L16_beta54.11=0.3660 val_L16_beta56.1944=0.5085 val_L16_beta57.2189=0.4377 val_L32_beta2.1926=0.8932 val_L32_beta2.4697=0.9457 val_L32_beta2.8622=0.6747 val_L32_beta4.994=0.5433 val_L32_beta8.069=0.5374 val_L32_beta11.2015=0.6746 val_L32_beta12.3504=0.6313 val_L32_beta12.688=0.7370 val_L32_beta14.1441=0.5784 val_L32_beta18.0708=0.3443 val_L32_beta18.6487=0.3801 val_L32_beta52.6284=0.5318 val_L8_beta1.4347=0.5114 val_L8_beta1.4977=0.7227 val_L8_beta1.7872=0.6215 val_L8_beta1.9783=0.6153 val_L8_beta2.4006=0.6536 val_L8_beta2.4786=0.7364 val_L32_beta2.0799=0.6907 val_L32_beta2.4378=0.7195 val_L32_beta2.5092=0.6459 val_L32_beta4.0939=0.6021 val_L32_beta4.2586=0.5540 val_L32_beta4.2761=0.6412 val_L32_beta5.2987=0.6152 val_L32_beta5.7905=0.5974 val_L32_beta6.1747=0.5426 val_L32_beta8.7467=0.7664 val_L32_beta8.9764=0.6175 val_L32_beta9.3874=0.4430 val_L32_beta9.5767=0.6163 val_L32_beta9.6729=0.6492 val_L32_beta10.8745=0.6644 val_L32_beta11.9792=0.6590 val_L32_beta25.9011=0.5180 val_L32_beta30.6638=0.4852 val_L32_beta31.4382=0.4367 val_L32_beta40.9956=0.4464 val_L32_beta43.8647=0.5956 val_L32_beta44.3339=0.4453 val_L32_beta44.5075=0.4889 val_L32_beta50.1987=0.4208 val_total=62.2032
epoch  45  train=0.6290  val_L16_beta14.1464=0.5389 val_L16_beta25=0.5236 val_L16_beta40=0.5304 val_L16_beta55.0237=0.5035 val_L16_beta1.0119=0.7028 val_L16_beta1.0397=0.7662 val_L16_beta1.0743=0.6406 val_L16_beta1.2464=0.6354 val_L16_beta1.2749=0.5953 val_L16_beta1.7484=0.4829 val_L16_beta1.8367=0.7833 val_L16_beta1.8781=0.6189 val_L16_beta2.122=0.5014 val_L16_beta2.1285=0.7365 val_L16_beta2.1757=0.5771 val_L16_beta2.1862=0.5605 val_L16_beta2.2983=0.5797 val_L16_beta2.3046=0.7087 val_L16_beta2.3454=0.6343 val_L16_beta2.7647=0.7185 val_L16_beta3.1518=0.6442 val_L16_beta3.1669=0.7281 val_L16_beta3.2922=0.4483 val_L16_beta3.3842=0.6330 val_L16_beta3.4006=0.5620 val_L16_beta3.6231=0.7288 val_L16_beta3.7225=0.6949 val_L16_beta4.0764=0.6571 val_L16_beta4.7323=0.6917 val_L16_beta4.7632=0.5790 val_L16_beta5.586=0.6204 val_L16_beta6.2411=0.4641 val_L16_beta6.4184=0.4988 val_L16_beta6.8771=0.3891 val_L16_beta8.3946=0.5025 val_L16_beta8.4548=0.5399 val_L16_beta8.7139=0.6135 val_L16_beta9.287=0.7221 val_L16_beta9.571=0.4750 val_L16_beta9.8499=0.4950 val_L16_beta10.2188=0.5776 val_L16_beta11.8501=0.6254 val_L16_beta11.8784=0.5534 val_L16_beta12.9259=0.5041 val_L16_beta14.4687=0.6098 val_L16_beta15.5366=0.4596 val_L16_beta17.502=0.4875 val_L16_beta17.7602=0.7010 val_L16_beta19.403=0.5390 val_L16_beta20.2412=0.6685 val_L16_beta21.8857=0.5486 val_L16_beta27.0442=0.5930 val_L16_beta27.3387=0.5927 val_L16_beta27.7875=0.6003 val_L16_beta30.5978=0.5993 val_L16_beta33.325=0.5049 val_L16_beta34.3422=0.5236 val_L16_beta38.5957=0.4372 val_L16_beta39.6475=0.4774 val_L16_beta47.0386=0.4954 val_L16_beta47.4228=0.5609 val_L16_beta54.11=0.3659 val_L16_beta56.1944=0.5076 val_L16_beta57.2189=0.4371 val_L32_beta2.1926=0.8867 val_L32_beta2.4697=0.9490 val_L32_beta2.8622=0.6764 val_L32_beta4.994=0.5384 val_L32_beta8.069=0.5356 val_L32_beta11.2015=0.6744 val_L32_beta12.3504=0.6310 val_L32_beta12.688=0.7419 val_L32_beta14.1441=0.5779 val_L32_beta18.0708=0.3443 val_L32_beta18.6487=0.3816 val_L32_beta52.6284=0.5304 val_L8_beta1.4347=0.5106 val_L8_beta1.4977=0.7219 val_L8_beta1.7872=0.6213 val_L8_beta1.9783=0.6155 val_L8_beta2.4006=0.6546 val_L8_beta2.4786=0.7360 val_L32_beta2.0799=0.6959 val_L32_beta2.4378=0.7156 val_L32_beta2.5092=0.6409 val_L32_beta4.0939=0.6014 val_L32_beta4.2586=0.5562 val_L32_beta4.2761=0.6428 val_L32_beta5.2987=0.6151 val_L32_beta5.7905=0.5905 val_L32_beta6.1747=0.5455 val_L32_beta8.7467=0.7664 val_L32_beta8.9764=0.6163 val_L32_beta9.3874=0.4425 val_L32_beta9.5767=0.6163 val_L32_beta9.6729=0.6496 val_L32_beta10.8745=0.6622 val_L32_beta11.9792=0.6595 val_L32_beta25.9011=0.5218 val_L32_beta30.6638=0.4829 val_L32_beta31.4382=0.4365 val_L32_beta40.9956=0.4456 val_L32_beta43.8647=0.5959 val_L32_beta44.3339=0.4437 val_L32_beta44.5075=0.4893 val_L32_beta50.1987=0.4249 val_total=62.1808
epoch  46  train=0.6323  val_L16_beta14.1464=0.5390 val_L16_beta25=0.5235 val_L16_beta40=0.5305 val_L16_beta55.0237=0.5033 val_L16_beta1.0119=0.7033 val_L16_beta1.0397=0.7651 val_L16_beta1.0743=0.6410 val_L16_beta1.2464=0.6356 val_L16_beta1.2749=0.5967 val_L16_beta1.7484=0.4833 val_L16_beta1.8367=0.7838 val_L16_beta1.8781=0.6193 val_L16_beta2.122=0.5009 val_L16_beta2.1285=0.7381 val_L16_beta2.1757=0.5767 val_L16_beta2.1862=0.5605 val_L16_beta2.2983=0.5791 val_L16_beta2.3046=0.7108 val_L16_beta2.3454=0.6346 val_L16_beta2.7647=0.7188 val_L16_beta3.1518=0.6440 val_L16_beta3.1669=0.7276 val_L16_beta3.2922=0.4481 val_L16_beta3.3842=0.6327 val_L16_beta3.4006=0.5628 val_L16_beta3.6231=0.7284 val_L16_beta3.7225=0.6949 val_L16_beta4.0764=0.6571 val_L16_beta4.7323=0.6912 val_L16_beta4.7632=0.5781 val_L16_beta5.586=0.6210 val_L16_beta6.2411=0.4645 val_L16_beta6.4184=0.5000 val_L16_beta6.8771=0.3887 val_L16_beta8.3946=0.5019 val_L16_beta8.4548=0.5407 val_L16_beta8.7139=0.6137 val_L16_beta9.287=0.7224 val_L16_beta9.571=0.4753 val_L16_beta9.8499=0.4951 val_L16_beta10.2188=0.5778 val_L16_beta11.8501=0.6251 val_L16_beta11.8784=0.5534 val_L16_beta12.9259=0.5041 val_L16_beta14.4687=0.6100 val_L16_beta15.5366=0.4593 val_L16_beta17.502=0.4877 val_L16_beta17.7602=0.7011 val_L16_beta19.403=0.5384 val_L16_beta20.2412=0.6685 val_L16_beta21.8857=0.5485 val_L16_beta27.0442=0.5930 val_L16_beta27.3387=0.5930 val_L16_beta27.7875=0.6003 val_L16_beta30.5978=0.5992 val_L16_beta33.325=0.5046 val_L16_beta34.3422=0.5230 val_L16_beta38.5957=0.4371 val_L16_beta39.6475=0.4774 val_L16_beta47.0386=0.4949 val_L16_beta47.4228=0.5610 val_L16_beta54.11=0.3657 val_L16_beta56.1944=0.5080 val_L16_beta57.2189=0.4361 val_L32_beta2.1926=0.8888 val_L32_beta2.4697=0.9425 val_L32_beta2.8622=0.6766 val_L32_beta4.994=0.5372 val_L32_beta8.069=0.5350 val_L32_beta11.2015=0.6739 val_L32_beta12.3504=0.6328 val_L32_beta12.688=0.7410 val_L32_beta14.1441=0.5793 val_L32_beta18.0708=0.3439 val_L32_beta18.6487=0.3814 val_L32_beta52.6284=0.5303 val_L8_beta1.4347=0.5108 val_L8_beta1.4977=0.7213 val_L8_beta1.7872=0.6200 val_L8_beta1.9783=0.6152 val_L8_beta2.4006=0.6550 val_L8_beta2.4786=0.7350 val_L32_beta2.0799=0.6891 val_L32_beta2.4378=0.7171 val_L32_beta2.5092=0.6304 val_L32_beta4.0939=0.6011 val_L32_beta4.2586=0.5544 val_L32_beta4.2761=0.6429 val_L32_beta5.2987=0.6156 val_L32_beta5.7905=0.5901 val_L32_beta6.1747=0.5438 val_L32_beta8.7467=0.7655 val_L32_beta8.9764=0.6170 val_L32_beta9.3874=0.4421 val_L32_beta9.5767=0.6164 val_L32_beta9.6729=0.6492 val_L32_beta10.8745=0.6636 val_L32_beta11.9792=0.6579 val_L32_beta25.9011=0.5218 val_L32_beta30.6638=0.4818 val_L32_beta31.4382=0.4364 val_L32_beta40.9956=0.4458 val_L32_beta43.8647=0.5953 val_L32_beta44.3339=0.4433 val_L32_beta44.5075=0.4898 val_L32_beta50.1987=0.4240 val_total=62.1536
epoch  47  train=0.6329  val_L16_beta14.1464=0.5391 val_L16_beta25=0.5234 val_L16_beta40=0.5304 val_L16_beta55.0237=0.5031 val_L16_beta1.0119=0.7038 val_L16_beta1.0397=0.7667 val_L16_beta1.0743=0.6435 val_L16_beta1.2464=0.6369 val_L16_beta1.2749=0.5971 val_L16_beta1.7484=0.4841 val_L16_beta1.8367=0.7828 val_L16_beta1.8781=0.6191 val_L16_beta2.122=0.5015 val_L16_beta2.1285=0.7387 val_L16_beta2.1757=0.5770 val_L16_beta2.1862=0.5604 val_L16_beta2.2983=0.5793 val_L16_beta2.3046=0.7104 val_L16_beta2.3454=0.6337 val_L16_beta2.7647=0.7187 val_L16_beta3.1518=0.6441 val_L16_beta3.1669=0.7269 val_L16_beta3.2922=0.4479 val_L16_beta3.3842=0.6329 val_L16_beta3.4006=0.5623 val_L16_beta3.6231=0.7277 val_L16_beta3.7225=0.6952 val_L16_beta4.0764=0.6565 val_L16_beta4.7323=0.6911 val_L16_beta4.7632=0.5786 val_L16_beta5.586=0.6202 val_L16_beta6.2411=0.4640 val_L16_beta6.4184=0.5000 val_L16_beta6.8771=0.3884 val_L16_beta8.3946=0.5018 val_L16_beta8.4548=0.5391 val_L16_beta8.7139=0.6134 val_L16_beta9.287=0.7224 val_L16_beta9.571=0.4748 val_L16_beta9.8499=0.4950 val_L16_beta10.2188=0.5762 val_L16_beta11.8501=0.6250 val_L16_beta11.8784=0.5534 val_L16_beta12.9259=0.5046 val_L16_beta14.4687=0.6102 val_L16_beta15.5366=0.4593 val_L16_beta17.502=0.4878 val_L16_beta17.7602=0.7013 val_L16_beta19.403=0.5385 val_L16_beta20.2412=0.6683 val_L16_beta21.8857=0.5485 val_L16_beta27.0442=0.5929 val_L16_beta27.3387=0.5924 val_L16_beta27.7875=0.6002 val_L16_beta30.5978=0.5991 val_L16_beta33.325=0.5039 val_L16_beta34.3422=0.5229 val_L16_beta38.5957=0.4369 val_L16_beta39.6475=0.4773 val_L16_beta47.0386=0.4951 val_L16_beta47.4228=0.5613 val_L16_beta54.11=0.3660 val_L16_beta56.1944=0.5079 val_L16_beta57.2189=0.4352 val_L32_beta2.1926=0.8893 val_L32_beta2.4697=0.9326 val_L32_beta2.8622=0.6769 val_L32_beta4.994=0.5384 val_L32_beta8.069=0.5360 val_L32_beta11.2015=0.6741 val_L32_beta12.3504=0.6326 val_L32_beta12.688=0.7384 val_L32_beta14.1441=0.5782 val_L32_beta18.0708=0.3442 val_L32_beta18.6487=0.3810 val_L32_beta52.6284=0.5294 val_L8_beta1.4347=0.5107 val_L8_beta1.4977=0.7207 val_L8_beta1.7872=0.6198 val_L8_beta1.9783=0.6149 val_L8_beta2.4006=0.6543 val_L8_beta2.4786=0.7352 val_L32_beta2.0799=0.6868 val_L32_beta2.4378=0.7168 val_L32_beta2.5092=0.6315 val_L32_beta4.0939=0.6001 val_L32_beta4.2586=0.5538 val_L32_beta4.2761=0.6433 val_L32_beta5.2987=0.6146 val_L32_beta5.7905=0.5905 val_L32_beta6.1747=0.5425 val_L32_beta8.7467=0.7669 val_L32_beta8.9764=0.6146 val_L32_beta9.3874=0.4418 val_L32_beta9.5767=0.6166 val_L32_beta9.6729=0.6484 val_L32_beta10.8745=0.6646 val_L32_beta11.9792=0.6569 val_L32_beta25.9011=0.5179 val_L32_beta30.6638=0.4809 val_L32_beta31.4382=0.4358 val_L32_beta40.9956=0.4473 val_L32_beta43.8647=0.5949 val_L32_beta44.3339=0.4429 val_L32_beta44.5075=0.4907 val_L32_beta50.1987=0.4228 val_total=62.1256
epoch  48  train=0.6331  val_L16_beta14.1464=0.5391 val_L16_beta25=0.5234 val_L16_beta40=0.5304 val_L16_beta55.0237=0.5030 val_L16_beta1.0119=0.7031 val_L16_beta1.0397=0.7659 val_L16_beta1.0743=0.6456 val_L16_beta1.2464=0.6365 val_L16_beta1.2749=0.5951 val_L16_beta1.7484=0.4824 val_L16_beta1.8367=0.7828 val_L16_beta1.8781=0.6187 val_L16_beta2.122=0.5019 val_L16_beta2.1285=0.7385 val_L16_beta2.1757=0.5770 val_L16_beta2.1862=0.5606 val_L16_beta2.2983=0.5807 val_L16_beta2.3046=0.7100 val_L16_beta2.3454=0.6334 val_L16_beta2.7647=0.7194 val_L16_beta3.1518=0.6442 val_L16_beta3.1669=0.7272 val_L16_beta3.2922=0.4479 val_L16_beta3.3842=0.6332 val_L16_beta3.4006=0.5621 val_L16_beta3.6231=0.7274 val_L16_beta3.7225=0.6956 val_L16_beta4.0764=0.6561 val_L16_beta4.7323=0.6910 val_L16_beta4.7632=0.5795 val_L16_beta5.586=0.6203 val_L16_beta6.2411=0.4641 val_L16_beta6.4184=0.4990 val_L16_beta6.8771=0.3885 val_L16_beta8.3946=0.5020 val_L16_beta8.4548=0.5376 val_L16_beta8.7139=0.6134 val_L16_beta9.287=0.7220 val_L16_beta9.571=0.4744 val_L16_beta9.8499=0.4952 val_L16_beta10.2188=0.5756 val_L16_beta11.8501=0.6248 val_L16_beta11.8784=0.5532 val_L16_beta12.9259=0.5041 val_L16_beta14.4687=0.6101 val_L16_beta15.5366=0.4593 val_L16_beta17.502=0.4877 val_L16_beta17.7602=0.7006 val_L16_beta19.403=0.5377 val_L16_beta20.2412=0.6683 val_L16_beta21.8857=0.5486 val_L16_beta27.0442=0.5927 val_L16_beta27.3387=0.5925 val_L16_beta27.7875=0.6003 val_L16_beta30.5978=0.5987 val_L16_beta33.325=0.5042 val_L16_beta34.3422=0.5225 val_L16_beta38.5957=0.4368 val_L16_beta39.6475=0.4771 val_L16_beta47.0386=0.4949 val_L16_beta47.4228=0.5613 val_L16_beta54.11=0.3659 val_L16_beta56.1944=0.5077 val_L16_beta57.2189=0.4349 val_L32_beta2.1926=0.9046 val_L32_beta2.4697=0.9268 val_L32_beta2.8622=0.6754 val_L32_beta4.994=0.5402 val_L32_beta8.069=0.5337 val_L32_beta11.2015=0.6738 val_L32_beta12.3504=0.6306 val_L32_beta12.688=0.7397 val_L32_beta14.1441=0.5772 val_L32_beta18.0708=0.3441 val_L32_beta18.6487=0.3807 val_L32_beta52.6284=0.5289 val_L8_beta1.4347=0.5110 val_L8_beta1.4977=0.7212 val_L8_beta1.7872=0.6197 val_L8_beta1.9783=0.6145 val_L8_beta2.4006=0.6541 val_L8_beta2.4786=0.7354 val_L32_beta2.0799=0.6876 val_L32_beta2.4378=0.7160 val_L32_beta2.5092=0.6373 val_L32_beta4.0939=0.6030 val_L32_beta4.2586=0.5524 val_L32_beta4.2761=0.6464 val_L32_beta5.2987=0.6138 val_L32_beta5.7905=0.5891 val_L32_beta6.1747=0.5413 val_L32_beta8.7467=0.7652 val_L32_beta8.9764=0.6146 val_L32_beta9.3874=0.4418 val_L32_beta9.5767=0.6150 val_L32_beta9.6729=0.6480 val_L32_beta10.8745=0.6655 val_L32_beta11.9792=0.6547 val_L32_beta25.9011=0.5177 val_L32_beta30.6638=0.4789 val_L32_beta31.4382=0.4359 val_L32_beta40.9956=0.4470 val_L32_beta43.8647=0.5951 val_L32_beta44.3339=0.4422 val_L32_beta44.5075=0.4908 val_L32_beta50.1987=0.4218 val_total=62.1209
epoch  49  train=0.6333  val_L16_beta14.1464=0.5391 val_L16_beta25=0.5232 val_L16_beta40=0.5303 val_L16_beta55.0237=0.5033 val_L16_beta1.0119=0.7019 val_L16_beta1.0397=0.7675 val_L16_beta1.0743=0.6501 val_L16_beta1.2464=0.6368 val_L16_beta1.2749=0.5942 val_L16_beta1.7484=0.4814 val_L16_beta1.8367=0.7840 val_L16_beta1.8781=0.6185 val_L16_beta2.122=0.5017 val_L16_beta2.1285=0.7384 val_L16_beta2.1757=0.5765 val_L16_beta2.1862=0.5609 val_L16_beta2.2983=0.5808 val_L16_beta2.3046=0.7077 val_L16_beta2.3454=0.6329 val_L16_beta2.7647=0.7181 val_L16_beta3.1518=0.6444 val_L16_beta3.1669=0.7250 val_L16_beta3.2922=0.4482 val_L16_beta3.3842=0.6338 val_L16_beta3.4006=0.5619 val_L16_beta3.6231=0.7270 val_L16_beta3.7225=0.6952 val_L16_beta4.0764=0.6557 val_L16_beta4.7323=0.6911 val_L16_beta4.7632=0.5798 val_L16_beta5.586=0.6202 val_L16_beta6.2411=0.4639 val_L16_beta6.4184=0.4985 val_L16_beta6.8771=0.3887 val_L16_beta8.3946=0.5022 val_L16_beta8.4548=0.5370 val_L16_beta8.7139=0.6131 val_L16_beta9.287=0.7221 val_L16_beta9.571=0.4744 val_L16_beta9.8499=0.4951 val_L16_beta10.2188=0.5750 val_L16_beta11.8501=0.6248 val_L16_beta11.8784=0.5531 val_L16_beta12.9259=0.5037 val_L16_beta14.4687=0.6099 val_L16_beta15.5366=0.4593 val_L16_beta17.502=0.4878 val_L16_beta17.7602=0.7005 val_L16_beta19.403=0.5374 val_L16_beta20.2412=0.6682 val_L16_beta21.8857=0.5485 val_L16_beta27.0442=0.5924 val_L16_beta27.3387=0.5921 val_L16_beta27.7875=0.6002 val_L16_beta30.5978=0.5984 val_L16_beta33.325=0.5054 val_L16_beta34.3422=0.5219 val_L16_beta38.5957=0.4367 val_L16_beta39.6475=0.4770 val_L16_beta47.0386=0.4948 val_L16_beta47.4228=0.5613 val_L16_beta54.11=0.3660 val_L16_beta56.1944=0.5078 val_L16_beta57.2189=0.4354 val_L32_beta2.1926=0.9029 val_L32_beta2.4697=0.9303 val_L32_beta2.8622=0.6742 val_L32_beta4.994=0.5424 val_L32_beta8.069=0.5316 val_L32_beta11.2015=0.6738 val_L32_beta12.3504=0.6304 val_L32_beta12.688=0.7370 val_L32_beta14.1441=0.5763 val_L32_beta18.0708=0.3442 val_L32_beta18.6487=0.3803 val_L32_beta52.6284=0.5283 val_L8_beta1.4347=0.5129 val_L8_beta1.4977=0.7209 val_L8_beta1.7872=0.6197 val_L8_beta1.9783=0.6147 val_L8_beta2.4006=0.6543 val_L8_beta2.4786=0.7364 val_L32_beta2.0799=0.6878 val_L32_beta2.4378=0.7129 val_L32_beta2.5092=0.6374 val_L32_beta4.0939=0.6063 val_L32_beta4.2586=0.5550 val_L32_beta4.2761=0.6457 val_L32_beta5.2987=0.6144 val_L32_beta5.7905=0.5906 val_L32_beta6.1747=0.5428 val_L32_beta8.7467=0.7661 val_L32_beta8.9764=0.6153 val_L32_beta9.3874=0.4419 val_L32_beta9.5767=0.6152 val_L32_beta9.6729=0.6484 val_L32_beta10.8745=0.6666 val_L32_beta11.9792=0.6551 val_L32_beta25.9011=0.5168 val_L32_beta30.6638=0.4762 val_L32_beta31.4382=0.4357 val_L32_beta40.9956=0.4466 val_L32_beta43.8647=0.5954 val_L32_beta44.3339=0.4442 val_L32_beta44.5075=0.4908 val_L32_beta50.1987=0.4236 val_total=62.1237
epoch  50  train=0.6267  val_L16_beta14.1464=0.5390 val_L16_beta25=0.5234 val_L16_beta40=0.5303 val_L16_beta55.0237=0.5032 val_L16_beta1.0119=0.7038 val_L16_beta1.0397=0.7672 val_L16_beta1.0743=0.6500 val_L16_beta1.2464=0.6353 val_L16_beta1.2749=0.5949 val_L16_beta1.7484=0.4823 val_L16_beta1.8367=0.7847 val_L16_beta1.8781=0.6185 val_L16_beta2.122=0.5010 val_L16_beta2.1285=0.7385 val_L16_beta2.1757=0.5769 val_L16_beta2.1862=0.5609 val_L16_beta2.2983=0.5802 val_L16_beta2.3046=0.7070 val_L16_beta2.3454=0.6324 val_L16_beta2.7647=0.7163 val_L16_beta3.1518=0.6442 val_L16_beta3.1669=0.7242 val_L16_beta3.2922=0.4480 val_L16_beta3.3842=0.6336 val_L16_beta3.4006=0.5617 val_L16_beta3.6231=0.7266 val_L16_beta3.7225=0.6952 val_L16_beta4.0764=0.6549 val_L16_beta4.7323=0.6912 val_L16_beta4.7632=0.5798 val_L16_beta5.586=0.6209 val_L16_beta6.2411=0.4642 val_L16_beta6.4184=0.4977 val_L16_beta6.8771=0.3887 val_L16_beta8.3946=0.5024 val_L16_beta8.4548=0.5375 val_L16_beta8.7139=0.6127 val_L16_beta9.287=0.7222 val_L16_beta9.571=0.4746 val_L16_beta9.8499=0.4951 val_L16_beta10.2188=0.5744 val_L16_beta11.8501=0.6246 val_L16_beta11.8784=0.5531 val_L16_beta12.9259=0.5036 val_L16_beta14.4687=0.6099 val_L16_beta15.5366=0.4594 val_L16_beta17.502=0.4878 val_L16_beta17.7602=0.7005 val_L16_beta19.403=0.5382 val_L16_beta20.2412=0.6680 val_L16_beta21.8857=0.5483 val_L16_beta27.0442=0.5922 val_L16_beta27.3387=0.5924 val_L16_beta27.7875=0.6003 val_L16_beta30.5978=0.5983 val_L16_beta33.325=0.5074 val_L16_beta34.3422=0.5217 val_L16_beta38.5957=0.4367 val_L16_beta39.6475=0.4771 val_L16_beta47.0386=0.4946 val_L16_beta47.4228=0.5613 val_L16_beta54.11=0.3659 val_L16_beta56.1944=0.5084 val_L16_beta57.2189=0.4354 val_L32_beta2.1926=0.8922 val_L32_beta2.4697=0.9338 val_L32_beta2.8622=0.6728 val_L32_beta4.994=0.5436 val_L32_beta8.069=0.5320 val_L32_beta11.2015=0.6731 val_L32_beta12.3504=0.6283 val_L32_beta12.688=0.7363 val_L32_beta14.1441=0.5763 val_L32_beta18.0708=0.3438 val_L32_beta18.6487=0.3801 val_L32_beta52.6284=0.5315 val_L8_beta1.4347=0.5098 val_L8_beta1.4977=0.7204 val_L8_beta1.7872=0.6203 val_L8_beta1.9783=0.6149 val_L8_beta2.4006=0.6543 val_L8_beta2.4786=0.7369 val_L32_beta2.0799=0.6884 val_L32_beta2.4378=0.7149 val_L32_beta2.5092=0.6269 val_L32_beta4.0939=0.6048 val_L32_beta4.2586=0.5555 val_L32_beta4.2761=0.6461 val_L32_beta5.2987=0.6147 val_L32_beta5.7905=0.5892 val_L32_beta6.1747=0.5439 val_L32_beta8.7467=0.7657 val_L32_beta8.9764=0.6154 val_L32_beta9.3874=0.4417 val_L32_beta9.5767=0.6157 val_L32_beta9.6729=0.6483 val_L32_beta10.8745=0.6669 val_L32_beta11.9792=0.6558 val_L32_beta25.9011=0.5180 val_L32_beta30.6638=0.4779 val_L32_beta31.4382=0.4358 val_L32_beta40.9956=0.4459 val_L32_beta43.8647=0.5951 val_L32_beta44.3339=0.4451 val_L32_beta44.5075=0.4924 val_L32_beta50.1987=0.4242 val_total=62.1094
epoch  51  train=0.6359  val_L16_beta14.1464=0.5390 val_L16_beta25=0.5229 val_L16_beta40=0.5302 val_L16_beta55.0237=0.5032 val_L16_beta1.0119=0.7048 val_L16_beta1.0397=0.7653 val_L16_beta1.0743=0.6500 val_L16_beta1.2464=0.6341 val_L16_beta1.2749=0.5953 val_L16_beta1.7484=0.4829 val_L16_beta1.8367=0.7844 val_L16_beta1.8781=0.6187 val_L16_beta2.122=0.5006 val_L16_beta2.1285=0.7395 val_L16_beta2.1757=0.5765 val_L16_beta2.1862=0.5607 val_L16_beta2.2983=0.5798 val_L16_beta2.3046=0.7058 val_L16_beta2.3454=0.6320 val_L16_beta2.7647=0.7165 val_L16_beta3.1518=0.6441 val_L16_beta3.1669=0.7232 val_L16_beta3.2922=0.4479 val_L16_beta3.3842=0.6334 val_L16_beta3.4006=0.5615 val_L16_beta3.6231=0.7265 val_L16_beta3.7225=0.6951 val_L16_beta4.0764=0.6548 val_L16_beta4.7323=0.6913 val_L16_beta4.7632=0.5800 val_L16_beta5.586=0.6212 val_L16_beta6.2411=0.4643 val_L16_beta6.4184=0.4966 val_L16_beta6.8771=0.3887 val_L16_beta8.3946=0.5022 val_L16_beta8.4548=0.5373 val_L16_beta8.7139=0.6123 val_L16_beta9.287=0.7222 val_L16_beta9.571=0.4743 val_L16_beta9.8499=0.4949 val_L16_beta10.2188=0.5737 val_L16_beta11.8501=0.6245 val_L16_beta11.8784=0.5532 val_L16_beta12.9259=0.5036 val_L16_beta14.4687=0.6098 val_L16_beta15.5366=0.4591 val_L16_beta17.502=0.4875 val_L16_beta17.7602=0.7005 val_L16_beta19.403=0.5396 val_L16_beta20.2412=0.6681 val_L16_beta21.8857=0.5481 val_L16_beta27.0442=0.5919 val_L16_beta27.3387=0.5924 val_L16_beta27.7875=0.6002 val_L16_beta30.5978=0.5987 val_L16_beta33.325=0.5082 val_L16_beta34.3422=0.5218 val_L16_beta38.5957=0.4369 val_L16_beta39.6475=0.4772 val_L16_beta47.0386=0.4947 val_L16_beta47.4228=0.5613 val_L16_beta54.11=0.3655 val_L16_beta56.1944=0.5079 val_L16_beta57.2189=0.4352 val_L32_beta2.1926=0.8917 val_L32_beta2.4697=0.9270 val_L32_beta2.8622=0.6752 val_L32_beta4.994=0.5430 val_L32_beta8.069=0.5337 val_L32_beta11.2015=0.6734 val_L32_beta12.3504=0.6287 val_L32_beta12.688=0.7341 val_L32_beta14.1441=0.5766 val_L32_beta18.0708=0.3440 val_L32_beta18.6487=0.3797 val_L32_beta52.6284=0.5306 val_L8_beta1.4347=0.5092 val_L8_beta1.4977=0.7199 val_L8_beta1.7872=0.6201 val_L8_beta1.9783=0.6135 val_L8_beta2.4006=0.6544 val_L8_beta2.4786=0.7374 val_L32_beta2.0799=0.6920 val_L32_beta2.4378=0.7146 val_L32_beta2.5092=0.6293 val_L32_beta4.0939=0.6040 val_L32_beta4.2586=0.5506 val_L32_beta4.2761=0.6438 val_L32_beta5.2987=0.6148 val_L32_beta5.7905=0.5898 val_L32_beta6.1747=0.5418 val_L32_beta8.7467=0.7662 val_L32_beta8.9764=0.6147 val_L32_beta9.3874=0.4417 val_L32_beta9.5767=0.6160 val_L32_beta9.6729=0.6475 val_L32_beta10.8745=0.6692 val_L32_beta11.9792=0.6561 val_L32_beta25.9011=0.5150 val_L32_beta30.6638=0.4760 val_L32_beta31.4382=0.4353 val_L32_beta40.9956=0.4467 val_L32_beta43.8647=0.5948 val_L32_beta44.3339=0.4466 val_L32_beta44.5075=0.4923 val_L32_beta50.1987=0.4237 val_total=62.0881
epoch  52  train=0.6305  val_L16_beta14.1464=0.5389 val_L16_beta25=0.5227 val_L16_beta40=0.5299 val_L16_beta55.0237=0.5031 val_L16_beta1.0119=0.7033 val_L16_beta1.0397=0.7648 val_L16_beta1.0743=0.6525 val_L16_beta1.2464=0.6323 val_L16_beta1.2749=0.5973 val_L16_beta1.7484=0.4829 val_L16_beta1.8367=0.7838 val_L16_beta1.8781=0.6183 val_L16_beta2.122=0.4983 val_L16_beta2.1285=0.7402 val_L16_beta2.1757=0.5759 val_L16_beta2.1862=0.5612 val_L16_beta2.2983=0.5805 val_L16_beta2.3046=0.7050 val_L16_beta2.3454=0.6318 val_L16_beta2.7647=0.7170 val_L16_beta3.1518=0.6438 val_L16_beta3.1669=0.7215 val_L16_beta3.2922=0.4479 val_L16_beta3.3842=0.6331 val_L16_beta3.4006=0.5615 val_L16_beta3.6231=0.7269 val_L16_beta3.7225=0.6951 val_L16_beta4.0764=0.6546 val_L16_beta4.7323=0.6913 val_L16_beta4.7632=0.5806 val_L16_beta5.586=0.6212 val_L16_beta6.2411=0.4636 val_L16_beta6.4184=0.4968 val_L16_beta6.8771=0.3888 val_L16_beta8.3946=0.5028 val_L16_beta8.4548=0.5375 val_L16_beta8.7139=0.6122 val_L16_beta9.287=0.7221 val_L16_beta9.571=0.4739 val_L16_beta9.8499=0.4948 val_L16_beta10.2188=0.5747 val_L16_beta11.8501=0.6245 val_L16_beta11.8784=0.5532 val_L16_beta12.9259=0.5035 val_L16_beta14.4687=0.6095 val_L16_beta15.5366=0.4589 val_L16_beta17.502=0.4876 val_L16_beta17.7602=0.7003 val_L16_beta19.403=0.5388 val_L16_beta20.2412=0.6682 val_L16_beta21.8857=0.5483 val_L16_beta27.0442=0.5918 val_L16_beta27.3387=0.5921 val_L16_beta27.7875=0.6001 val_L16_beta30.5978=0.5984 val_L16_beta33.325=0.5072 val_L16_beta34.3422=0.5213 val_L16_beta38.5957=0.4368 val_L16_beta39.6475=0.4770 val_L16_beta47.0386=0.4941 val_L16_beta47.4228=0.5615 val_L16_beta54.11=0.3655 val_L16_beta56.1944=0.5076 val_L16_beta57.2189=0.4355 val_L32_beta2.1926=0.8856 val_L32_beta2.4697=0.9244 val_L32_beta2.8622=0.6752 val_L32_beta4.994=0.5435 val_L32_beta8.069=0.5357 val_L32_beta11.2015=0.6735 val_L32_beta12.3504=0.6282 val_L32_beta12.688=0.7333 val_L32_beta14.1441=0.5761 val_L32_beta18.0708=0.3440 val_L32_beta18.6487=0.3804 val_L32_beta52.6284=0.5294 val_L8_beta1.4347=0.5080 val_L8_beta1.4977=0.7193 val_L8_beta1.7872=0.6204 val_L8_beta1.9783=0.6132 val_L8_beta2.4006=0.6534 val_L8_beta2.4786=0.7377 val_L32_beta2.0799=0.6982 val_L32_beta2.4378=0.7109 val_L32_beta2.5092=0.6331 val_L32_beta4.0939=0.6070 val_L32_beta4.2586=0.5497 val_L32_beta4.2761=0.6431 val_L32_beta5.2987=0.6148 val_L32_beta5.7905=0.5909 val_L32_beta6.1747=0.5405 val_L32_beta8.7467=0.7681 val_L32_beta8.9764=0.6138 val_L32_beta9.3874=0.4417 val_L32_beta9.5767=0.6154 val_L32_beta9.6729=0.6470 val_L32_beta10.8745=0.6669 val_L32_beta11.9792=0.6559 val_L32_beta25.9011=0.5148 val_L32_beta30.6638=0.4744 val_L32_beta31.4382=0.4352 val_L32_beta40.9956=0.4478 val_L32_beta43.8647=0.5949 val_L32_beta44.3339=0.4458 val_L32_beta44.5075=0.4918 val_L32_beta50.1987=0.4218 val_total=62.0710
epoch  53  train=0.6210  val_L16_beta14.1464=0.5389 val_L16_beta25=0.5226 val_L16_beta40=0.5298 val_L16_beta55.0237=0.5030 val_L16_beta1.0119=0.7024 val_L16_beta1.0397=0.7639 val_L16_beta1.0743=0.6511 val_L16_beta1.2464=0.6299 val_L16_beta1.2749=0.5964 val_L16_beta1.7484=0.4826 val_L16_beta1.8367=0.7862 val_L16_beta1.8781=0.6177 val_L16_beta2.122=0.4977 val_L16_beta2.1285=0.7404 val_L16_beta2.1757=0.5761 val_L16_beta2.1862=0.5611 val_L16_beta2.2983=0.5803 val_L16_beta2.3046=0.7026 val_L16_beta2.3454=0.6320 val_L16_beta2.7647=0.7172 val_L16_beta3.1518=0.6436 val_L16_beta3.1669=0.7206 val_L16_beta3.2922=0.4477 val_L16_beta3.3842=0.6335 val_L16_beta3.4006=0.5619 val_L16_beta3.6231=0.7263 val_L16_beta3.7225=0.6950 val_L16_beta4.0764=0.6543 val_L16_beta4.7323=0.6917 val_L16_beta4.7632=0.5806 val_L16_beta5.586=0.6203 val_L16_beta6.2411=0.4635 val_L16_beta6.4184=0.4970 val_L16_beta6.8771=0.3887 val_L16_beta8.3946=0.5021 val_L16_beta8.4548=0.5378 val_L16_beta8.7139=0.6125 val_L16_beta9.287=0.7219 val_L16_beta9.571=0.4737 val_L16_beta9.8499=0.4946 val_L16_beta10.2188=0.5750 val_L16_beta11.8501=0.6245 val_L16_beta11.8784=0.5532 val_L16_beta12.9259=0.5030 val_L16_beta14.4687=0.6098 val_L16_beta15.5366=0.4589 val_L16_beta17.502=0.4874 val_L16_beta17.7602=0.7003 val_L16_beta19.403=0.5375 val_L16_beta20.2412=0.6681 val_L16_beta21.8857=0.5482 val_L16_beta27.0442=0.5917 val_L16_beta27.3387=0.5924 val_L16_beta27.7875=0.5999 val_L16_beta30.5978=0.5986 val_L16_beta33.325=0.5066 val_L16_beta34.3422=0.5204 val_L16_beta38.5957=0.4370 val_L16_beta39.6475=0.4768 val_L16_beta47.0386=0.4938 val_L16_beta47.4228=0.5613 val_L16_beta54.11=0.3655 val_L16_beta56.1944=0.5070 val_L16_beta57.2189=0.4354 val_L32_beta2.1926=0.8923 val_L32_beta2.4697=0.9155 val_L32_beta2.8622=0.6741 val_L32_beta4.994=0.5418 val_L32_beta8.069=0.5341 val_L32_beta11.2015=0.6733 val_L32_beta12.3504=0.6287 val_L32_beta12.688=0.7349 val_L32_beta14.1441=0.5758 val_L32_beta18.0708=0.3441 val_L32_beta18.6487=0.3802 val_L32_beta52.6284=0.5286 val_L8_beta1.4347=0.5075 val_L8_beta1.4977=0.7192 val_L8_beta1.7872=0.6200 val_L8_beta1.9783=0.6121 val_L8_beta2.4006=0.6542 val_L8_beta2.4786=0.7379 val_L32_beta2.0799=0.7004 val_L32_beta2.4378=0.7071 val_L32_beta2.5092=0.6295 val_L32_beta4.0939=0.6101 val_L32_beta4.2586=0.5546 val_L32_beta4.2761=0.6432 val_L32_beta5.2987=0.6147 val_L32_beta5.7905=0.5892 val_L32_beta6.1747=0.5401 val_L32_beta8.7467=0.7690 val_L32_beta8.9764=0.6148 val_L32_beta9.3874=0.4417 val_L32_beta9.5767=0.6152 val_L32_beta9.6729=0.6472 val_L32_beta10.8745=0.6634 val_L32_beta11.9792=0.6553 val_L32_beta25.9011=0.5161 val_L32_beta30.6638=0.4711 val_L32_beta31.4382=0.4356 val_L32_beta40.9956=0.4457 val_L32_beta43.8647=0.5946 val_L32_beta44.3339=0.4437 val_L32_beta44.5075=0.4926 val_L32_beta50.1987=0.4219 val_total=62.0429
epoch  54  train=0.6204  val_L16_beta14.1464=0.5389 val_L16_beta25=0.5227 val_L16_beta40=0.5298 val_L16_beta55.0237=0.5029 val_L16_beta1.0119=0.7020 val_L16_beta1.0397=0.7638 val_L16_beta1.0743=0.6499 val_L16_beta1.2464=0.6293 val_L16_beta1.2749=0.5953 val_L16_beta1.7484=0.4830 val_L16_beta1.8367=0.7882 val_L16_beta1.8781=0.6178 val_L16_beta2.122=0.4992 val_L16_beta2.1285=0.7408 val_L16_beta2.1757=0.5765 val_L16_beta2.1862=0.5609 val_L16_beta2.2983=0.5797 val_L16_beta2.3046=0.7029 val_L16_beta2.3454=0.6323 val_L16_beta2.7647=0.7176 val_L16_beta3.1518=0.6438 val_L16_beta3.1669=0.7204 val_L16_beta3.2922=0.4475 val_L16_beta3.3842=0.6338 val_L16_beta3.4006=0.5615 val_L16_beta3.6231=0.7264 val_L16_beta3.7225=0.6949 val_L16_beta4.0764=0.6538 val_L16_beta4.7323=0.6913 val_L16_beta4.7632=0.5805 val_L16_beta5.586=0.6195 val_L16_beta6.2411=0.4635 val_L16_beta6.4184=0.4979 val_L16_beta6.8771=0.3888 val_L16_beta8.3946=0.5015 val_L16_beta8.4548=0.5381 val_L16_beta8.7139=0.6125 val_L16_beta9.287=0.7220 val_L16_beta9.571=0.4741 val_L16_beta9.8499=0.4946 val_L16_beta10.2188=0.5751 val_L16_beta11.8501=0.6247 val_L16_beta11.8784=0.5532 val_L16_beta12.9259=0.5030 val_L16_beta14.4687=0.6096 val_L16_beta15.5366=0.4590 val_L16_beta17.502=0.4875 val_L16_beta17.7602=0.7001 val_L16_beta19.403=0.5385 val_L16_beta20.2412=0.6680 val_L16_beta21.8857=0.5484 val_L16_beta27.0442=0.5917 val_L16_beta27.3387=0.5924 val_L16_beta27.7875=0.5999 val_L16_beta30.5978=0.5985 val_L16_beta33.325=0.5060 val_L16_beta34.3422=0.5202 val_L16_beta38.5957=0.4370 val_L16_beta39.6475=0.4768 val_L16_beta47.0386=0.4939 val_L16_beta47.4228=0.5613 val_L16_beta54.11=0.3656 val_L16_beta56.1944=0.5069 val_L16_beta57.2189=0.4352 val_L32_beta2.1926=0.8913 val_L32_beta2.4697=0.9055 val_L32_beta2.8622=0.6751 val_L32_beta4.994=0.5418 val_L32_beta8.069=0.5335 val_L32_beta11.2015=0.6735 val_L32_beta12.3504=0.6277 val_L32_beta12.688=0.7301 val_L32_beta14.1441=0.5767 val_L32_beta18.0708=0.3437 val_L32_beta18.6487=0.3802 val_L32_beta52.6284=0.5283 val_L8_beta1.4347=0.5070 val_L8_beta1.4977=0.7197 val_L8_beta1.7872=0.6200 val_L8_beta1.9783=0.6111 val_L8_beta2.4006=0.6541 val_L8_beta2.4786=0.7371 val_L32_beta2.0799=0.6939 val_L32_beta2.4378=0.7080 val_L32_beta2.5092=0.6243 val_L32_beta4.0939=0.6057 val_L32_beta4.2586=0.5483 val_L32_beta4.2761=0.6455 val_L32_beta5.2987=0.6140 val_L32_beta5.7905=0.5842 val_L32_beta6.1747=0.5406 val_L32_beta8.7467=0.7676 val_L32_beta8.9764=0.6143 val_L32_beta9.3874=0.4415 val_L32_beta9.5767=0.6164 val_L32_beta9.6729=0.6473 val_L32_beta10.8745=0.6634 val_L32_beta11.9792=0.6554 val_L32_beta25.9011=0.5150 val_L32_beta30.6638=0.4717 val_L32_beta31.4382=0.4362 val_L32_beta40.9956=0.4452 val_L32_beta43.8647=0.5946 val_L32_beta44.3339=0.4437 val_L32_beta44.5075=0.4888 val_L32_beta50.1987=0.4184 val_total=61.9925
epoch  55  train=0.6274  val_L16_beta14.1464=0.5389 val_L16_beta25=0.5226 val_L16_beta40=0.5300 val_L16_beta55.0237=0.5029 val_L16_beta1.0119=0.7001 val_L16_beta1.0397=0.7640 val_L16_beta1.0743=0.6476 val_L16_beta1.2464=0.6288 val_L16_beta1.2749=0.5938 val_L16_beta1.7484=0.4836 val_L16_beta1.8367=0.7875 val_L16_beta1.8781=0.6178 val_L16_beta2.122=0.4998 val_L16_beta2.1285=0.7388 val_L16_beta2.1757=0.5776 val_L16_beta2.1862=0.5601 val_L16_beta2.2983=0.5795 val_L16_beta2.3046=0.7021 val_L16_beta2.3454=0.6322 val_L16_beta2.7647=0.7181 val_L16_beta3.1518=0.6439 val_L16_beta3.1669=0.7204 val_L16_beta3.2922=0.4474 val_L16_beta3.3842=0.6334 val_L16_beta3.4006=0.5614 val_L16_beta3.6231=0.7266 val_L16_beta3.7225=0.6945 val_L16_beta4.0764=0.6536 val_L16_beta4.7323=0.6913 val_L16_beta4.7632=0.5800 val_L16_beta5.586=0.6194 val_L16_beta6.2411=0.4633 val_L16_beta6.4184=0.4974 val_L16_beta6.8771=0.3888 val_L16_beta8.3946=0.5008 val_L16_beta8.4548=0.5379 val_L16_beta8.7139=0.6123 val_L16_beta9.287=0.7222 val_L16_beta9.571=0.4739 val_L16_beta9.8499=0.4946 val_L16_beta10.2188=0.5752 val_L16_beta11.8501=0.6246 val_L16_beta11.8784=0.5532 val_L16_beta12.9259=0.5027 val_L16_beta14.4687=0.6094 val_L16_beta15.5366=0.4591 val_L16_beta17.502=0.4875 val_L16_beta17.7602=0.7000 val_L16_beta19.403=0.5385 val_L16_beta20.2412=0.6680 val_L16_beta21.8857=0.5484 val_L16_beta27.0442=0.5918 val_L16_beta27.3387=0.5926 val_L16_beta27.7875=0.5998 val_L16_beta30.5978=0.5983 val_L16_beta33.325=0.5067 val_L16_beta34.3422=0.5197 val_L16_beta38.5957=0.4369 val_L16_beta39.6475=0.4768 val_L16_beta47.0386=0.4940 val_L16_beta47.4228=0.5613 val_L16_beta54.11=0.3656 val_L16_beta56.1944=0.5071 val_L16_beta57.2189=0.4351 val_L32_beta2.1926=0.8940 val_L32_beta2.4697=0.9203 val_L32_beta2.8622=0.6764 val_L32_beta4.994=0.5371 val_L32_beta8.069=0.5349 val_L32_beta11.2015=0.6737 val_L32_beta12.3504=0.6266 val_L32_beta12.688=0.7294 val_L32_beta14.1441=0.5768 val_L32_beta18.0708=0.3434 val_L32_beta18.6487=0.3798 val_L32_beta52.6284=0.5295 val_L8_beta1.4347=0.5062 val_L8_beta1.4977=0.7197 val_L8_beta1.7872=0.6200 val_L8_beta1.9783=0.6110 val_L8_beta2.4006=0.6542 val_L8_beta2.4786=0.7369 val_L32_beta2.0799=0.6955 val_L32_beta2.4378=0.7072 val_L32_beta2.5092=0.6272 val_L32_beta4.0939=0.6070 val_L32_beta4.2586=0.5462 val_L32_beta4.2761=0.6450 val_L32_beta5.2987=0.6139 val_L32_beta5.7905=0.5809 val_L32_beta6.1747=0.5436 val_L32_beta8.7467=0.7657 val_L32_beta8.9764=0.6138 val_L32_beta9.3874=0.4414 val_L32_beta9.5767=0.6162 val_L32_beta9.6729=0.6473 val_L32_beta10.8745=0.6637 val_L32_beta11.9792=0.6566 val_L32_beta25.9011=0.5146 val_L32_beta30.6638=0.4719 val_L32_beta31.4382=0.4360 val_L32_beta40.9956=0.4450 val_L32_beta43.8647=0.5948 val_L32_beta44.3339=0.4444 val_L32_beta44.5075=0.4899 val_L32_beta50.1987=0.4198 val_total=61.9991
epoch  56  train=0.6311  val_L16_beta14.1464=0.5389 val_L16_beta25=0.5225 val_L16_beta40=0.5299 val_L16_beta55.0237=0.5029 val_L16_beta1.0119=0.7005 val_L16_beta1.0397=0.7640 val_L16_beta1.0743=0.6509 val_L16_beta1.2464=0.6280 val_L16_beta1.2749=0.5936 val_L16_beta1.7484=0.4840 val_L16_beta1.8367=0.7882 val_L16_beta1.8781=0.6180 val_L16_beta2.122=0.4998 val_L16_beta2.1285=0.7388 val_L16_beta2.1757=0.5775 val_L16_beta2.1862=0.5597 val_L16_beta2.2983=0.5791 val_L16_beta2.3046=0.7019 val_L16_beta2.3454=0.6322 val_L16_beta2.7647=0.7185 val_L16_beta3.1518=0.6438 val_L16_beta3.1669=0.7203 val_L16_beta3.2922=0.4475 val_L16_beta3.3842=0.6332 val_L16_beta3.4006=0.5614 val_L16_beta3.6231=0.7268 val_L16_beta3.7225=0.6946 val_L16_beta4.0764=0.6533 val_L16_beta4.7323=0.6909 val_L16_beta4.7632=0.5804 val_L16_beta5.586=0.6198 val_L16_beta6.2411=0.4636 val_L16_beta6.4184=0.4971 val_L16_beta6.8771=0.3888 val_L16_beta8.3946=0.5019 val_L16_beta8.4548=0.5381 val_L16_beta8.7139=0.6123 val_L16_beta9.287=0.7219 val_L16_beta9.571=0.4740 val_L16_beta9.8499=0.4948 val_L16_beta10.2188=0.5749 val_L16_beta11.8501=0.6245 val_L16_beta11.8784=0.5531 val_L16_beta12.9259=0.5027 val_L16_beta14.4687=0.6095 val_L16_beta15.5366=0.4591 val_L16_beta17.502=0.4874 val_L16_beta17.7602=0.7000 val_L16_beta19.403=0.5381 val_L16_beta20.2412=0.6680 val_L16_beta21.8857=0.5484 val_L16_beta27.0442=0.5917 val_L16_beta27.3387=0.5922 val_L16_beta27.7875=0.5999 val_L16_beta30.5978=0.5982 val_L16_beta33.325=0.5071 val_L16_beta34.3422=0.5195 val_L16_beta38.5957=0.4368 val_L16_beta39.6475=0.4766 val_L16_beta47.0386=0.4940 val_L16_beta47.4228=0.5611 val_L16_beta54.11=0.3658 val_L16_beta56.1944=0.5070 val_L16_beta57.2189=0.4344 val_L32_beta2.1926=0.8946 val_L32_beta2.4697=0.9123 val_L32_beta2.8622=0.6769 val_L32_beta4.994=0.5402 val_L32_beta8.069=0.5344 val_L32_beta11.2015=0.6736 val_L32_beta12.3504=0.6246 val_L32_beta12.688=0.7297 val_L32_beta14.1441=0.5766 val_L32_beta18.0708=0.3432 val_L32_beta18.6487=0.3806 val_L32_beta52.6284=0.5315 val_L8_beta1.4347=0.5055 val_L8_beta1.4977=0.7204 val_L8_beta1.7872=0.6206 val_L8_beta1.9783=0.6118 val_L8_beta2.4006=0.6534 val_L8_beta2.4786=0.7367 val_L32_beta2.0799=0.6969 val_L32_beta2.4378=0.7097 val_L32_beta2.5092=0.6271 val_L32_beta4.0939=0.6070 val_L32_beta4.2586=0.5449 val_L32_beta4.2761=0.6434 val_L32_beta5.2987=0.6144 val_L32_beta5.7905=0.5817 val_L32_beta6.1747=0.5430 val_L32_beta8.7467=0.7661 val_L32_beta8.9764=0.6132 val_L32_beta9.3874=0.4417 val_L32_beta9.5767=0.6154 val_L32_beta9.6729=0.6477 val_L32_beta10.8745=0.6608 val_L32_beta11.9792=0.6567 val_L32_beta25.9011=0.5170 val_L32_beta30.6638=0.4734 val_L32_beta31.4382=0.4361 val_L32_beta40.9956=0.4455 val_L32_beta43.8647=0.5949 val_L32_beta44.3339=0.4440 val_L32_beta44.5075=0.4894 val_L32_beta50.1987=0.4213 val_total=62.0014
epoch  57  train=0.6276  val_L16_beta14.1464=0.5389 val_L16_beta25=0.5226 val_L16_beta40=0.5299 val_L16_beta55.0237=0.5029 val_L16_beta1.0119=0.7016 val_L16_beta1.0397=0.7640 val_L16_beta1.0743=0.6515 val_L16_beta1.2464=0.6287 val_L16_beta1.2749=0.5953 val_L16_beta1.7484=0.4844 val_L16_beta1.8367=0.7872 val_L16_beta1.8781=0.6181 val_L16_beta2.122=0.5007 val_L16_beta2.1285=0.7394 val_L16_beta2.1757=0.5769 val_L16_beta2.1862=0.5597 val_L16_beta2.2983=0.5790 val_L16_beta2.3046=0.7026 val_L16_beta2.3454=0.6321 val_L16_beta2.7647=0.7197 val_L16_beta3.1518=0.6439 val_L16_beta3.1669=0.7204 val_L16_beta3.2922=0.4475 val_L16_beta3.3842=0.6330 val_L16_beta3.4006=0.5612 val_L16_beta3.6231=0.7263 val_L16_beta3.7225=0.6944 val_L16_beta4.0764=0.6534 val_L16_beta4.7323=0.6912 val_L16_beta4.7632=0.5802 val_L16_beta5.586=0.6201 val_L16_beta6.2411=0.4637 val_L16_beta6.4184=0.4967 val_L16_beta6.8771=0.3885 val_L16_beta8.3946=0.5008 val_L16_beta8.4548=0.5382 val_L16_beta8.7139=0.6123 val_L16_beta9.287=0.7219 val_L16_beta9.571=0.4739 val_L16_beta9.8499=0.4946 val_L16_beta10.2188=0.5747 val_L16_beta11.8501=0.6247 val_L16_beta11.8784=0.5531 val_L16_beta12.9259=0.5029 val_L16_beta14.4687=0.6096 val_L16_beta15.5366=0.4589 val_L16_beta17.502=0.4872 val_L16_beta17.7602=0.7001 val_L16_beta19.403=0.5384 val_L16_beta20.2412=0.6681 val_L16_beta21.8857=0.5485 val_L16_beta27.0442=0.5919 val_L16_beta27.3387=0.5927 val_L16_beta27.7875=0.5999 val_L16_beta30.5978=0.5981 val_L16_beta33.325=0.5065 val_L16_beta34.3422=0.5196 val_L16_beta38.5957=0.4367 val_L16_beta39.6475=0.4767 val_L16_beta47.0386=0.4937 val_L16_beta47.4228=0.5611 val_L16_beta54.11=0.3656 val_L16_beta56.1944=0.5071 val_L16_beta57.2189=0.4344 val_L32_beta2.1926=0.8914 val_L32_beta2.4697=0.9225 val_L32_beta2.8622=0.6787 val_L32_beta4.994=0.5396 val_L32_beta8.069=0.5312 val_L32_beta11.2015=0.6738 val_L32_beta12.3504=0.6263 val_L32_beta12.688=0.7298 val_L32_beta14.1441=0.5767 val_L32_beta18.0708=0.3435 val_L32_beta18.6487=0.3801 val_L32_beta52.6284=0.5334 val_L8_beta1.4347=0.5055 val_L8_beta1.4977=0.7199 val_L8_beta1.7872=0.6201 val_L8_beta1.9783=0.6123 val_L8_beta2.4006=0.6526 val_L8_beta2.4786=0.7370 val_L32_beta2.0799=0.7019 val_L32_beta2.4378=0.7138 val_L32_beta2.5092=0.6267 val_L32_beta4.0939=0.6046 val_L32_beta4.2586=0.5431 val_L32_beta4.2761=0.6469 val_L32_beta5.2987=0.6141 val_L32_beta5.7905=0.5797 val_L32_beta6.1747=0.5425 val_L32_beta8.7467=0.7657 val_L32_beta8.9764=0.6124 val_L32_beta9.3874=0.4415 val_L32_beta9.5767=0.6160 val_L32_beta9.6729=0.6482 val_L32_beta10.8745=0.6628 val_L32_beta11.9792=0.6555 val_L32_beta25.9011=0.5165 val_L32_beta30.6638=0.4727 val_L32_beta31.4382=0.4358 val_L32_beta40.9956=0.4460 val_L32_beta43.8647=0.5951 val_L32_beta44.3339=0.4445 val_L32_beta44.5075=0.4883 val_L32_beta50.1987=0.4211 val_total=62.0175
epoch  58  train=0.6256  val_L16_beta14.1464=0.5388 val_L16_beta25=0.5223 val_L16_beta40=0.5298 val_L16_beta55.0237=0.5028 val_L16_beta1.0119=0.7021 val_L16_beta1.0397=0.7633 val_L16_beta1.0743=0.6499 val_L16_beta1.2464=0.6276 val_L16_beta1.2749=0.5930 val_L16_beta1.7484=0.4857 val_L16_beta1.8367=0.7918 val_L16_beta1.8781=0.6191 val_L16_beta2.122=0.5002 val_L16_beta2.1285=0.7409 val_L16_beta2.1757=0.5766 val_L16_beta2.1862=0.5599 val_L16_beta2.2983=0.5784 val_L16_beta2.3046=0.7017 val_L16_beta2.3454=0.6325 val_L16_beta2.7647=0.7195 val_L16_beta3.1518=0.6441 val_L16_beta3.1669=0.7195 val_L16_beta3.2922=0.4472 val_L16_beta3.3842=0.6329 val_L16_beta3.4006=0.5610 val_L16_beta3.6231=0.7261 val_L16_beta3.7225=0.6945 val_L16_beta4.0764=0.6529 val_L16_beta4.7323=0.6920 val_L16_beta4.7632=0.5807 val_L16_beta5.586=0.6200 val_L16_beta6.2411=0.4636 val_L16_beta6.4184=0.4973 val_L16_beta6.8771=0.3886 val_L16_beta8.3946=0.5005 val_L16_beta8.4548=0.5380 val_L16_beta8.7139=0.6123 val_L16_beta9.287=0.7220 val_L16_beta9.571=0.4738 val_L16_beta9.8499=0.4945 val_L16_beta10.2188=0.5740 val_L16_beta11.8501=0.6246 val_L16_beta11.8784=0.5530 val_L16_beta12.9259=0.5031 val_L16_beta14.4687=0.6097 val_L16_beta15.5366=0.4588 val_L16_beta17.502=0.4872 val_L16_beta17.7602=0.6997 val_L16_beta19.403=0.5383 val_L16_beta20.2412=0.6681 val_L16_beta21.8857=0.5484 val_L16_beta27.0442=0.5919 val_L16_beta27.3387=0.5920 val_L16_beta27.7875=0.5998 val_L16_beta30.5978=0.5980 val_L16_beta33.325=0.5062 val_L16_beta34.3422=0.5197 val_L16_beta38.5957=0.4367 val_L16_beta39.6475=0.4766 val_L16_beta47.0386=0.4940 val_L16_beta47.4228=0.5611 val_L16_beta54.11=0.3655 val_L16_beta56.1944=0.5070 val_L16_beta57.2189=0.4343 val_L32_beta2.1926=0.8933 val_L32_beta2.4697=0.9040 val_L32_beta2.8622=0.6792 val_L32_beta4.994=0.5384 val_L32_beta8.069=0.5317 val_L32_beta11.2015=0.6735 val_L32_beta12.3504=0.6270 val_L32_beta12.688=0.7289 val_L32_beta14.1441=0.5767 val_L32_beta18.0708=0.3439 val_L32_beta18.6487=0.3795 val_L32_beta52.6284=0.5296 val_L8_beta1.4347=0.5063 val_L8_beta1.4977=0.7205 val_L8_beta1.7872=0.6198 val_L8_beta1.9783=0.6120 val_L8_beta2.4006=0.6525 val_L8_beta2.4786=0.7370 val_L32_beta2.0799=0.6953 val_L32_beta2.4378=0.7160 val_L32_beta2.5092=0.6189 val_L32_beta4.0939=0.6060 val_L32_beta4.2586=0.5426 val_L32_beta4.2761=0.6466 val_L32_beta5.2987=0.6146 val_L32_beta5.7905=0.5834 val_L32_beta6.1747=0.5399 val_L32_beta8.7467=0.7691 val_L32_beta8.9764=0.6129 val_L32_beta9.3874=0.4415 val_L32_beta9.5767=0.6160 val_L32_beta9.6729=0.6479 val_L32_beta10.8745=0.6627 val_L32_beta11.9792=0.6553 val_L32_beta25.9011=0.5144 val_L32_beta30.6638=0.4720 val_L32_beta31.4382=0.4360 val_L32_beta40.9956=0.4466 val_L32_beta43.8647=0.5951 val_L32_beta44.3339=0.4462 val_L32_beta44.5075=0.4894 val_L32_beta50.1987=0.4193 val_total=61.9869
epoch  59  train=0.6341  val_L16_beta14.1464=0.5389 val_L16_beta25=0.5221 val_L16_beta40=0.5298 val_L16_beta55.0237=0.5027 val_L16_beta1.0119=0.7007 val_L16_beta1.0397=0.7641 val_L16_beta1.0743=0.6506 val_L16_beta1.2464=0.6270 val_L16_beta1.2749=0.5920 val_L16_beta1.7484=0.4849 val_L16_beta1.8367=0.7944 val_L16_beta1.8781=0.6191 val_L16_beta2.122=0.4987 val_L16_beta2.1285=0.7408 val_L16_beta2.1757=0.5760 val_L16_beta2.1862=0.5598 val_L16_beta2.2983=0.5785 val_L16_beta2.3046=0.7023 val_L16_beta2.3454=0.6322 val_L16_beta2.7647=0.7184 val_L16_beta3.1518=0.6442 val_L16_beta3.1669=0.7195 val_L16_beta3.2922=0.4473 val_L16_beta3.3842=0.6327 val_L16_beta3.4006=0.5610 val_L16_beta3.6231=0.7259 val_L16_beta3.7225=0.6945 val_L16_beta4.0764=0.6524 val_L16_beta4.7323=0.6921 val_L16_beta4.7632=0.5811 val_L16_beta5.586=0.6202 val_L16_beta6.2411=0.4635 val_L16_beta6.4184=0.4972 val_L16_beta6.8771=0.3888 val_L16_beta8.3946=0.5001 val_L16_beta8.4548=0.5370 val_L16_beta8.7139=0.6123 val_L16_beta9.287=0.7218 val_L16_beta9.571=0.4734 val_L16_beta9.8499=0.4945 val_L16_beta10.2188=0.5736 val_L16_beta11.8501=0.6247 val_L16_beta11.8784=0.5531 val_L16_beta12.9259=0.5031 val_L16_beta14.4687=0.6095 val_L16_beta15.5366=0.4586 val_L16_beta17.502=0.4872 val_L16_beta17.7602=0.6997 val_L16_beta19.403=0.5384 val_L16_beta20.2412=0.6680 val_L16_beta21.8857=0.5484 val_L16_beta27.0442=0.5918 val_L16_beta27.3387=0.5921 val_L16_beta27.7875=0.5998 val_L16_beta30.5978=0.5980 val_L16_beta33.325=0.5064 val_L16_beta34.3422=0.5194 val_L16_beta38.5957=0.4367 val_L16_beta39.6475=0.4766 val_L16_beta47.0386=0.4940 val_L16_beta47.4228=0.5612 val_L16_beta54.11=0.3654 val_L16_beta56.1944=0.5066 val_L16_beta57.2189=0.4339 val_L32_beta2.1926=0.8964 val_L32_beta2.4697=0.9027 val_L32_beta2.8622=0.6793 val_L32_beta4.994=0.5363 val_L32_beta8.069=0.5299 val_L32_beta11.2015=0.6733 val_L32_beta12.3504=0.6236 val_L32_beta12.688=0.7299 val_L32_beta14.1441=0.5758 val_L32_beta18.0708=0.3436 val_L32_beta18.6487=0.3793 val_L32_beta52.6284=0.5289 val_L8_beta1.4347=0.5067 val_L8_beta1.4977=0.7201 val_L8_beta1.7872=0.6202 val_L8_beta1.9783=0.6120 val_L8_beta2.4006=0.6521 val_L8_beta2.4786=0.7373 val_L32_beta2.0799=0.6967 val_L32_beta2.4378=0.7137 val_L32_beta2.5092=0.6203 val_L32_beta4.0939=0.6063 val_L32_beta4.2586=0.5426 val_L32_beta4.2761=0.6466 val_L32_beta5.2987=0.6140 val_L32_beta5.7905=0.5849 val_L32_beta6.1747=0.5405 val_L32_beta8.7467=0.7691 val_L32_beta8.9764=0.6133 val_L32_beta9.3874=0.4413 val_L32_beta9.5767=0.6159 val_L32_beta9.6729=0.6481 val_L32_beta10.8745=0.6607 val_L32_beta11.9792=0.6554 val_L32_beta25.9011=0.5145 val_L32_beta30.6638=0.4715 val_L32_beta31.4382=0.4355 val_L32_beta40.9956=0.4461 val_L32_beta43.8647=0.5953 val_L32_beta44.3339=0.4428 val_L32_beta44.5075=0.4905 val_L32_beta50.1987=0.4213 val_total=61.9732
epoch  60  train=0.6290  val_L16_beta14.1464=0.5389 val_L16_beta25=0.5224 val_L16_beta40=0.5298 val_L16_beta55.0237=0.5028 val_L16_beta1.0119=0.6993 val_L16_beta1.0397=0.7650 val_L16_beta1.0743=0.6494 val_L16_beta1.2464=0.6277 val_L16_beta1.2749=0.5902 val_L16_beta1.7484=0.4835 val_L16_beta1.8367=0.7919 val_L16_beta1.8781=0.6183 val_L16_beta2.122=0.4986 val_L16_beta2.1285=0.7397 val_L16_beta2.1757=0.5765 val_L16_beta2.1862=0.5591 val_L16_beta2.2983=0.5790 val_L16_beta2.3046=0.7034 val_L16_beta2.3454=0.6323 val_L16_beta2.7647=0.7185 val_L16_beta3.1518=0.6441 val_L16_beta3.1669=0.7213 val_L16_beta3.2922=0.4474 val_L16_beta3.3842=0.6327 val_L16_beta3.4006=0.5610 val_L16_beta3.6231=0.7255 val_L16_beta3.7225=0.6942 val_L16_beta4.0764=0.6524 val_L16_beta4.7323=0.6912 val_L16_beta4.7632=0.5811 val_L16_beta5.586=0.6205 val_L16_beta6.2411=0.4634 val_L16_beta6.4184=0.4970 val_L16_beta6.8771=0.3888 val_L16_beta8.3946=0.5002 val_L16_beta8.4548=0.5377 val_L16_beta8.7139=0.6122 val_L16_beta9.287=0.7219 val_L16_beta9.571=0.4733 val_L16_beta9.8499=0.4945 val_L16_beta10.2188=0.5737 val_L16_beta11.8501=0.6247 val_L16_beta11.8784=0.5530 val_L16_beta12.9259=0.5035 val_L16_beta14.4687=0.6093 val_L16_beta15.5366=0.4588 val_L16_beta17.502=0.4872 val_L16_beta17.7602=0.6994 val_L16_beta19.403=0.5393 val_L16_beta20.2412=0.6679 val_L16_beta21.8857=0.5484 val_L16_beta27.0442=0.5917 val_L16_beta27.3387=0.5927 val_L16_beta27.7875=0.5999 val_L16_beta30.5978=0.5982 val_L16_beta33.325=0.5066 val_L16_beta34.3422=0.5188 val_L16_beta38.5957=0.4366 val_L16_beta39.6475=0.4767 val_L16_beta47.0386=0.4940 val_L16_beta47.4228=0.5610 val_L16_beta54.11=0.3652 val_L16_beta56.1944=0.5068 val_L16_beta57.2189=0.4340 val_L32_beta2.1926=0.8985 val_L32_beta2.4697=0.9053 val_L32_beta2.8622=0.6790 val_L32_beta4.994=0.5369 val_L32_beta8.069=0.5312 val_L32_beta11.2015=0.6734 val_L32_beta12.3504=0.6219 val_L32_beta12.688=0.7281 val_L32_beta14.1441=0.5766 val_L32_beta18.0708=0.3439 val_L32_beta18.6487=0.3794 val_L32_beta52.6284=0.5291 val_L8_beta1.4347=0.5069 val_L8_beta1.4977=0.7196 val_L8_beta1.7872=0.6197 val_L8_beta1.9783=0.6116 val_L8_beta2.4006=0.6515 val_L8_beta2.4786=0.7374 val_L32_beta2.0799=0.7066 val_L32_beta2.4378=0.7094 val_L32_beta2.5092=0.6204 val_L32_beta4.0939=0.6052 val_L32_beta4.2586=0.5398 val_L32_beta4.2761=0.6466 val_L32_beta5.2987=0.6141 val_L32_beta5.7905=0.5823 val_L32_beta6.1747=0.5417 val_L32_beta8.7467=0.7672 val_L32_beta8.9764=0.6135 val_L32_beta9.3874=0.4411 val_L32_beta9.5767=0.6169 val_L32_beta9.6729=0.6476 val_L32_beta10.8745=0.6598 val_L32_beta11.9792=0.6538 val_L32_beta25.9011=0.5125 val_L32_beta30.6638=0.4697 val_L32_beta31.4382=0.4350 val_L32_beta40.9956=0.4471 val_L32_beta43.8647=0.5956 val_L32_beta44.3339=0.4458 val_L32_beta44.5075=0.4888 val_L32_beta50.1987=0.4206 val_total=61.9655
epoch  61  train=0.6269  val_L16_beta14.1464=0.5388 val_L16_beta25=0.5223 val_L16_beta40=0.5299 val_L16_beta55.0237=0.5026 val_L16_beta1.0119=0.7005 val_L16_beta1.0397=0.7640 val_L16_beta1.0743=0.6507 val_L16_beta1.2464=0.6288 val_L16_beta1.2749=0.5921 val_L16_beta1.7484=0.4836 val_L16_beta1.8367=0.7889 val_L16_beta1.8781=0.6180 val_L16_beta2.122=0.4986 val_L16_beta2.1285=0.7411 val_L16_beta2.1757=0.5766 val_L16_beta2.1862=0.5590 val_L16_beta2.2983=0.5783 val_L16_beta2.3046=0.7046 val_L16_beta2.3454=0.6324 val_L16_beta2.7647=0.7185 val_L16_beta3.1518=0.6440 val_L16_beta3.1669=0.7207 val_L16_beta3.2922=0.4473 val_L16_beta3.3842=0.6329 val_L16_beta3.4006=0.5604 val_L16_beta3.6231=0.7258 val_L16_beta3.7225=0.6942 val_L16_beta4.0764=0.6523 val_L16_beta4.7323=0.6913 val_L16_beta4.7632=0.5809 val_L16_beta5.586=0.6208 val_L16_beta6.2411=0.4635 val_L16_beta6.4184=0.4965 val_L16_beta6.8771=0.3887 val_L16_beta8.3946=0.5004 val_L16_beta8.4548=0.5376 val_L16_beta8.7139=0.6119 val_L16_beta9.287=0.7220 val_L16_beta9.571=0.4732 val_L16_beta9.8499=0.4945 val_L16_beta10.2188=0.5735 val_L16_beta11.8501=0.6247 val_L16_beta11.8784=0.5529 val_L16_beta12.9259=0.5034 val_L16_beta14.4687=0.6093 val_L16_beta15.5366=0.4586 val_L16_beta17.502=0.4872 val_L16_beta17.7602=0.6994 val_L16_beta19.403=0.5392 val_L16_beta20.2412=0.6679 val_L16_beta21.8857=0.5483 val_L16_beta27.0442=0.5917 val_L16_beta27.3387=0.5928 val_L16_beta27.7875=0.5998 val_L16_beta30.5978=0.5980 val_L16_beta33.325=0.5067 val_L16_beta34.3422=0.5181 val_L16_beta38.5957=0.4368 val_L16_beta39.6475=0.4766 val_L16_beta47.0386=0.4941 val_L16_beta47.4228=0.5611 val_L16_beta54.11=0.3650 val_L16_beta56.1944=0.5063 val_L16_beta57.2189=0.4336 val_L32_beta2.1926=0.8971 val_L32_beta2.4697=0.9112 val_L32_beta2.8622=0.6808 val_L32_beta4.994=0.5341 val_L32_beta8.069=0.5300 val_L32_beta11.2015=0.6733 val_L32_beta12.3504=0.6204 val_L32_beta12.688=0.7272 val_L32_beta14.1441=0.5772 val_L32_beta18.0708=0.3438 val_L32_beta18.6487=0.3794 val_L32_beta52.6284=0.5284 val_L8_beta1.4347=0.5069 val_L8_beta1.4977=0.7193 val_L8_beta1.7872=0.6196 val_L8_beta1.9783=0.6110 val_L8_beta2.4006=0.6514 val_L8_beta2.4786=0.7376 val_L32_beta2.0799=0.6993 val_L32_beta2.4378=0.7102 val_L32_beta2.5092=0.6249 val_L32_beta4.0939=0.6062 val_L32_beta4.2586=0.5423 val_L32_beta4.2761=0.6481 val_L32_beta5.2987=0.6134 val_L32_beta5.7905=0.5804 val_L32_beta6.1747=0.5424 val_L32_beta8.7467=0.7678 val_L32_beta8.9764=0.6134 val_L32_beta9.3874=0.4411 val_L32_beta9.5767=0.6165 val_L32_beta9.6729=0.6477 val_L32_beta10.8745=0.6593 val_L32_beta11.9792=0.6542 val_L32_beta25.9011=0.5127 val_L32_beta30.6638=0.4689 val_L32_beta31.4382=0.4348 val_L32_beta40.9956=0.4468 val_L32_beta43.8647=0.5950 val_L32_beta44.3339=0.4456 val_L32_beta44.5075=0.4886 val_L32_beta50.1987=0.4192 val_total=61.9608
epoch  62  train=0.6296  val_L16_beta14.1464=0.5388 val_L16_beta25=0.5223 val_L16_beta40=0.5298 val_L16_beta55.0237=0.5027 val_L16_beta1.0119=0.6993 val_L16_beta1.0397=0.7660 val_L16_beta1.0743=0.6538 val_L16_beta1.2464=0.6291 val_L16_beta1.2749=0.5921 val_L16_beta1.7484=0.4824 val_L16_beta1.8367=0.7876 val_L16_beta1.8781=0.6177 val_L16_beta2.122=0.4986 val_L16_beta2.1285=0.7399 val_L16_beta2.1757=0.5770 val_L16_beta2.1862=0.5583 val_L16_beta2.2983=0.5791 val_L16_beta2.3046=0.7036 val_L16_beta2.3454=0.6319 val_L16_beta2.7647=0.7183 val_L16_beta3.1518=0.6439 val_L16_beta3.1669=0.7211 val_L16_beta3.2922=0.4474 val_L16_beta3.3842=0.6330 val_L16_beta3.4006=0.5606 val_L16_beta3.6231=0.7257 val_L16_beta3.7225=0.6942 val_L16_beta4.0764=0.6518 val_L16_beta4.7323=0.6919 val_L16_beta4.7632=0.5810 val_L16_beta5.586=0.6206 val_L16_beta6.2411=0.4636 val_L16_beta6.4184=0.4963 val_L16_beta6.8771=0.3888 val_L16_beta8.3946=0.4999 val_L16_beta8.4548=0.5372 val_L16_beta8.7139=0.6117 val_L16_beta9.287=0.7219 val_L16_beta9.571=0.4731 val_L16_beta9.8499=0.4945 val_L16_beta10.2188=0.5731 val_L16_beta11.8501=0.6247 val_L16_beta11.8784=0.5529 val_L16_beta12.9259=0.5034 val_L16_beta14.4687=0.6094 val_L16_beta15.5366=0.4583 val_L16_beta17.502=0.4871 val_L16_beta17.7602=0.6991 val_L16_beta19.403=0.5389 val_L16_beta20.2412=0.6680 val_L16_beta21.8857=0.5483 val_L16_beta27.0442=0.5917 val_L16_beta27.3387=0.5931 val_L16_beta27.7875=0.5998 val_L16_beta30.5978=0.5979 val_L16_beta33.325=0.5060 val_L16_beta34.3422=0.5176 val_L16_beta38.5957=0.4367 val_L16_beta39.6475=0.4765 val_L16_beta47.0386=0.4939 val_L16_beta47.4228=0.5612 val_L16_beta54.11=0.3650 val_L16_beta56.1944=0.5062 val_L16_beta57.2189=0.4336 val_L32_beta2.1926=0.8994 val_L32_beta2.4697=0.9213 val_L32_beta2.8622=0.6823 val_L32_beta4.994=0.5326 val_L32_beta8.069=0.5293 val_L32_beta11.2015=0.6735 val_L32_beta12.3504=0.6196 val_L32_beta12.688=0.7259 val_L32_beta14.1441=0.5776 val_L32_beta18.0708=0.3436 val_L32_beta18.6487=0.3794 val_L32_beta52.6284=0.5282 val_L8_beta1.4347=0.5072 val_L8_beta1.4977=0.7192 val_L8_beta1.7872=0.6200 val_L8_beta1.9783=0.6109 val_L8_beta2.4006=0.6518 val_L8_beta2.4786=0.7381 val_L32_beta2.0799=0.7040 val_L32_beta2.4378=0.7076 val_L32_beta2.5092=0.6325 val_L32_beta4.0939=0.6068 val_L32_beta4.2586=0.5437 val_L32_beta4.2761=0.6493 val_L32_beta5.2987=0.6132 val_L32_beta5.7905=0.5795 val_L32_beta6.1747=0.5433 val_L32_beta8.7467=0.7680 val_L32_beta8.9764=0.6134 val_L32_beta9.3874=0.4412 val_L32_beta9.5767=0.6163 val_L32_beta9.6729=0.6476 val_L32_beta10.8745=0.6605 val_L32_beta11.9792=0.6545 val_L32_beta25.9011=0.5125 val_L32_beta30.6638=0.4685 val_L32_beta31.4382=0.4346 val_L32_beta40.9956=0.4466 val_L32_beta43.8647=0.5949 val_L32_beta44.3339=0.4452 val_L32_beta44.5075=0.4882 val_L32_beta50.1987=0.4190 val_total=61.9795
epoch  63  train=0.6272  val_L16_beta14.1464=0.5388 val_L16_beta25=0.5222 val_L16_beta40=0.5297 val_L16_beta55.0237=0.5025 val_L16_beta1.0119=0.6982 val_L16_beta1.0397=0.7652 val_L16_beta1.0743=0.6509 val_L16_beta1.2464=0.6285 val_L16_beta1.2749=0.5924 val_L16_beta1.7484=0.4831 val_L16_beta1.8367=0.7872 val_L16_beta1.8781=0.6181 val_L16_beta2.122=0.4989 val_L16_beta2.1285=0.7411 val_L16_beta2.1757=0.5763 val_L16_beta2.1862=0.5584 val_L16_beta2.2983=0.5788 val_L16_beta2.3046=0.7036 val_L16_beta2.3454=0.6319 val_L16_beta2.7647=0.7186 val_L16_beta3.1518=0.6439 val_L16_beta3.1669=0.7210 val_L16_beta3.2922=0.4473 val_L16_beta3.3842=0.6327 val_L16_beta3.4006=0.5610 val_L16_beta3.6231=0.7259 val_L16_beta3.7225=0.6941 val_L16_beta4.0764=0.6516 val_L16_beta4.7323=0.6919 val_L16_beta4.7632=0.5803 val_L16_beta5.586=0.6205 val_L16_beta6.2411=0.4638 val_L16_beta6.4184=0.4961 val_L16_beta6.8771=0.3887 val_L16_beta8.3946=0.4993 val_L16_beta8.4548=0.5371 val_L16_beta8.7139=0.6116 val_L16_beta9.287=0.7217 val_L16_beta9.571=0.4730 val_L16_beta9.8499=0.4946 val_L16_beta10.2188=0.5731 val_L16_beta11.8501=0.6248 val_L16_beta11.8784=0.5529 val_L16_beta12.9259=0.5033 val_L16_beta14.4687=0.6095 val_L16_beta15.5366=0.4582 val_L16_beta17.502=0.4871 val_L16_beta17.7602=0.6992 val_L16_beta19.403=0.5394 val_L16_beta20.2412=0.6680 val_L16_beta21.8857=0.5484 val_L16_beta27.0442=0.5916 val_L16_beta27.3387=0.5932 val_L16_beta27.7875=0.5999 val_L16_beta30.5978=0.5980 val_L16_beta33.325=0.5057 val_L16_beta34.3422=0.5181 val_L16_beta38.5957=0.4367 val_L16_beta39.6475=0.4765 val_L16_beta47.0386=0.4939 val_L16_beta47.4228=0.5611 val_L16_beta54.11=0.3650 val_L16_beta56.1944=0.5058 val_L16_beta57.2189=0.4337 val_L32_beta2.1926=0.9002 val_L32_beta2.4697=0.9299 val_L32_beta2.8622=0.6823 val_L32_beta4.994=0.5331 val_L32_beta8.069=0.5289 val_L32_beta11.2015=0.6736 val_L32_beta12.3504=0.6206 val_L32_beta12.688=0.7258 val_L32_beta14.1441=0.5776 val_L32_beta18.0708=0.3435 val_L32_beta18.6487=0.3795 val_L32_beta52.6284=0.5286 val_L8_beta1.4347=0.5072 val_L8_beta1.4977=0.7190 val_L8_beta1.7872=0.6203 val_L8_beta1.9783=0.6108 val_L8_beta2.4006=0.6520 val_L8_beta2.4786=0.7386 val_L32_beta2.0799=0.6973 val_L32_beta2.4378=0.7101 val_L32_beta2.5092=0.6382 val_L32_beta4.0939=0.6053 val_L32_beta4.2586=0.5416 val_L32_beta4.2761=0.6491 val_L32_beta5.2987=0.6140 val_L32_beta5.7905=0.5811 val_L32_beta6.1747=0.5432 val_L32_beta8.7467=0.7668 val_L32_beta8.9764=0.6133 val_L32_beta9.3874=0.4413 val_L32_beta9.5767=0.6168 val_L32_beta9.6729=0.6479 val_L32_beta10.8745=0.6609 val_L32_beta11.9792=0.6548 val_L32_beta25.9011=0.5127 val_L32_beta30.6638=0.4689 val_L32_beta31.4382=0.4345 val_L32_beta40.9956=0.4462 val_L32_beta43.8647=0.5951 val_L32_beta44.3339=0.4432 val_L32_beta44.5075=0.4875 val_L32_beta50.1987=0.4190 val_total=61.9839
epoch  64  train=0.6260  val_L16_beta14.1464=0.5388 val_L16_beta25=0.5221 val_L16_beta40=0.5296 val_L16_beta55.0237=0.5024 val_L16_beta1.0119=0.6976 val_L16_beta1.0397=0.7651 val_L16_beta1.0743=0.6492 val_L16_beta1.2464=0.6286 val_L16_beta1.2749=0.5923 val_L16_beta1.7484=0.4839 val_L16_beta1.8367=0.7870 val_L16_beta1.8781=0.6182 val_L16_beta2.122=0.4991 val_L16_beta2.1285=0.7415 val_L16_beta2.1757=0.5761 val_L16_beta2.1862=0.5584 val_L16_beta2.2983=0.5783 val_L16_beta2.3046=0.7034 val_L16_beta2.3454=0.6322 val_L16_beta2.7647=0.7186 val_L16_beta3.1518=0.6439 val_L16_beta3.1669=0.7213 val_L16_beta3.2922=0.4473 val_L16_beta3.3842=0.6326 val_L16_beta3.4006=0.5611 val_L16_beta3.6231=0.7258 val_L16_beta3.7225=0.6942 val_L16_beta4.0764=0.6517 val_L16_beta4.7323=0.6923 val_L16_beta4.7632=0.5802 val_L16_beta5.586=0.6204 val_L16_beta6.2411=0.4639 val_L16_beta6.4184=0.4964 val_L16_beta6.8771=0.3884 val_L16_beta8.3946=0.4993 val_L16_beta8.4548=0.5371 val_L16_beta8.7139=0.6114 val_L16_beta9.287=0.7219 val_L16_beta9.571=0.4730 val_L16_beta9.8499=0.4946 val_L16_beta10.2188=0.5729 val_L16_beta11.8501=0.6249 val_L16_beta11.8784=0.5529 val_L16_beta12.9259=0.5034 val_L16_beta14.4687=0.6094 val_L16_beta15.5366=0.4582 val_L16_beta17.502=0.4871 val_L16_beta17.7602=0.6992 val_L16_beta19.403=0.5394 val_L16_beta20.2412=0.6681 val_L16_beta21.8857=0.5484 val_L16_beta27.0442=0.5915 val_L16_beta27.3387=0.5930 val_L16_beta27.7875=0.5998 val_L16_beta30.5978=0.5981 val_L16_beta33.325=0.5055 val_L16_beta34.3422=0.5182 val_L16_beta38.5957=0.4366 val_L16_beta39.6475=0.4766 val_L16_beta47.0386=0.4940 val_L16_beta47.4228=0.5612 val_L16_beta54.11=0.3650 val_L16_beta56.1944=0.5054 val_L16_beta57.2189=0.4338 val_L32_beta2.1926=0.9005 val_L32_beta2.4697=0.9367 val_L32_beta2.8622=0.6808 val_L32_beta4.994=0.5339 val_L32_beta8.069=0.5293 val_L32_beta11.2015=0.6736 val_L32_beta12.3504=0.6210 val_L32_beta12.688=0.7245 val_L32_beta14.1441=0.5780 val_L32_beta18.0708=0.3436 val_L32_beta18.6487=0.3796 val_L32_beta52.6284=0.5282 val_L8_beta1.4347=0.5073 val_L8_beta1.4977=0.7188 val_L8_beta1.7872=0.6200 val_L8_beta1.9783=0.6104 val_L8_beta2.4006=0.6519 val_L8_beta2.4786=0.7390 val_L32_beta2.0799=0.6953 val_L32_beta2.4378=0.7105 val_L32_beta2.5092=0.6373 val_L32_beta4.0939=0.6034 val_L32_beta4.2586=0.5416 val_L32_beta4.2761=0.6485 val_L32_beta5.2987=0.6141 val_L32_beta5.7905=0.5810 val_L32_beta6.1747=0.5427 val_L32_beta8.7467=0.7671 val_L32_beta8.9764=0.6133 val_L32_beta9.3874=0.4414 val_L32_beta9.5767=0.6172 val_L32_beta9.6729=0.6479 val_L32_beta10.8745=0.6619 val_L32_beta11.9792=0.6548 val_L32_beta25.9011=0.5117 val_L32_beta30.6638=0.4686 val_L32_beta31.4382=0.4345 val_L32_beta40.9956=0.4466 val_L32_beta43.8647=0.5950 val_L32_beta44.3339=0.4425 val_L32_beta44.5075=0.4867 val_L32_beta50.1987=0.4177 val_total=61.9800
epoch  65  train=0.6277  val_L16_beta14.1464=0.5388 val_L16_beta25=0.5221 val_L16_beta40=0.5296 val_L16_beta55.0237=0.5025 val_L16_beta1.0119=0.6971 val_L16_beta1.0397=0.7653 val_L16_beta1.0743=0.6499 val_L16_beta1.2464=0.6288 val_L16_beta1.2749=0.5913 val_L16_beta1.7484=0.4834 val_L16_beta1.8367=0.7879 val_L16_beta1.8781=0.6181 val_L16_beta2.122=0.4980 val_L16_beta2.1285=0.7413 val_L16_beta2.1757=0.5760 val_L16_beta2.1862=0.5585 val_L16_beta2.2983=0.5784 val_L16_beta2.3046=0.7027 val_L16_beta2.3454=0.6320 val_L16_beta2.7647=0.7184 val_L16_beta3.1518=0.6438 val_L16_beta3.1669=0.7209 val_L16_beta3.2922=0.4473 val_L16_beta3.3842=0.6331 val_L16_beta3.4006=0.5609 val_L16_beta3.6231=0.7258 val_L16_beta3.7225=0.6946 val_L16_beta4.0764=0.6520 val_L16_beta4.7323=0.6926 val_L16_beta4.7632=0.5808 val_L16_beta5.586=0.6207 val_L16_beta6.2411=0.4638 val_L16_beta6.4184=0.4968 val_L16_beta6.8771=0.3883 val_L16_beta8.3946=0.5001 val_L16_beta8.4548=0.5368 val_L16_beta8.7139=0.6114 val_L16_beta9.287=0.7219 val_L16_beta9.571=0.4730 val_L16_beta9.8499=0.4947 val_L16_beta10.2188=0.5730 val_L16_beta11.8501=0.6249 val_L16_beta11.8784=0.5529 val_L16_beta12.9259=0.5031 val_L16_beta14.4687=0.6092 val_L16_beta15.5366=0.4582 val_L16_beta17.502=0.4871 val_L16_beta17.7602=0.6994 val_L16_beta19.403=0.5384 val_L16_beta20.2412=0.6681 val_L16_beta21.8857=0.5482 val_L16_beta27.0442=0.5916 val_L16_beta27.3387=0.5928 val_L16_beta27.7875=0.5998 val_L16_beta30.5978=0.5982 val_L16_beta33.325=0.5050 val_L16_beta34.3422=0.5182 val_L16_beta38.5957=0.4367 val_L16_beta39.6475=0.4766 val_L16_beta47.0386=0.4941 val_L16_beta47.4228=0.5610 val_L16_beta54.11=0.3649 val_L16_beta56.1944=0.5055 val_L16_beta57.2189=0.4338 val_L32_beta2.1926=0.8994 val_L32_beta2.4697=0.9260 val_L32_beta2.8622=0.6779 val_L32_beta4.994=0.5346 val_L32_beta8.069=0.5299 val_L32_beta11.2015=0.6737 val_L32_beta12.3504=0.6199 val_L32_beta12.688=0.7245 val_L32_beta14.1441=0.5777 val_L32_beta18.0708=0.3434 val_L32_beta18.6487=0.3794 val_L32_beta52.6284=0.5284 val_L8_beta1.4347=0.5074 val_L8_beta1.4977=0.7185 val_L8_beta1.7872=0.6199 val_L8_beta1.9783=0.6102 val_L8_beta2.4006=0.6524 val_L8_beta2.4786=0.7388 val_L32_beta2.0799=0.6993 val_L32_beta2.4378=0.7089 val_L32_beta2.5092=0.6289 val_L32_beta4.0939=0.6036 val_L32_beta4.2586=0.5437 val_L32_beta4.2761=0.6476 val_L32_beta5.2987=0.6137 val_L32_beta5.7905=0.5813 val_L32_beta6.1747=0.5425 val_L32_beta8.7467=0.7688 val_L32_beta8.9764=0.6123 val_L32_beta9.3874=0.4413 val_L32_beta9.5767=0.6160 val_L32_beta9.6729=0.6477 val_L32_beta10.8745=0.6611 val_L32_beta11.9792=0.6553 val_L32_beta25.9011=0.5115 val_L32_beta30.6638=0.4684 val_L32_beta31.4382=0.4347 val_L32_beta40.9956=0.4467 val_L32_beta43.8647=0.5948 val_L32_beta44.3339=0.4429 val_L32_beta44.5075=0.4865 val_L32_beta50.1987=0.4181 val_total=61.9582
epoch  66  train=0.6295  val_L16_beta14.1464=0.5388 val_L16_beta25=0.5221 val_L16_beta40=0.5296 val_L16_beta55.0237=0.5026 val_L16_beta1.0119=0.6988 val_L16_beta1.0397=0.7637 val_L16_beta1.0743=0.6499 val_L16_beta1.2464=0.6275 val_L16_beta1.2749=0.5895 val_L16_beta1.7484=0.4844 val_L16_beta1.8367=0.7895 val_L16_beta1.8781=0.6181 val_L16_beta2.122=0.4973 val_L16_beta2.1285=0.7409 val_L16_beta2.1757=0.5761 val_L16_beta2.1862=0.5594 val_L16_beta2.2983=0.5784 val_L16_beta2.3046=0.7017 val_L16_beta2.3454=0.6320 val_L16_beta2.7647=0.7174 val_L16_beta3.1518=0.6439 val_L16_beta3.1669=0.7197 val_L16_beta3.2922=0.4473 val_L16_beta3.3842=0.6332 val_L16_beta3.4006=0.5611 val_L16_beta3.6231=0.7255 val_L16_beta3.7225=0.6952 val_L16_beta4.0764=0.6522 val_L16_beta4.7323=0.6927 val_L16_beta4.7632=0.5809 val_L16_beta5.586=0.6209 val_L16_beta6.2411=0.4638 val_L16_beta6.4184=0.4970 val_L16_beta6.8771=0.3883 val_L16_beta8.3946=0.5006 val_L16_beta8.4548=0.5366 val_L16_beta8.7139=0.6113 val_L16_beta9.287=0.7220 val_L16_beta9.571=0.4730 val_L16_beta9.8499=0.4948 val_L16_beta10.2188=0.5720 val_L16_beta11.8501=0.6249 val_L16_beta11.8784=0.5530 val_L16_beta12.9259=0.5033 val_L16_beta14.4687=0.6090 val_L16_beta15.5366=0.4582 val_L16_beta17.502=0.4872 val_L16_beta17.7602=0.6993 val_L16_beta19.403=0.5396 val_L16_beta20.2412=0.6680 val_L16_beta21.8857=0.5483 val_L16_beta27.0442=0.5917 val_L16_beta27.3387=0.5925 val_L16_beta27.7875=0.5999 val_L16_beta30.5978=0.5982 val_L16_beta33.325=0.5049 val_L16_beta34.3422=0.5174 val_L16_beta38.5957=0.4368 val_L16_beta39.6475=0.4767 val_L16_beta47.0386=0.4942 val_L16_beta47.4228=0.5610 val_L16_beta54.11=0.3649 val_L16_beta56.1944=0.5055 val_L16_beta57.2189=0.4342 val_L32_beta2.1926=0.9016 val_L32_beta2.4697=0.9099 val_L32_beta2.8622=0.6751 val_L32_beta4.994=0.5370 val_L32_beta8.069=0.5298 val_L32_beta11.2015=0.6739 val_L32_beta12.3504=0.6183 val_L32_beta12.688=0.7226 val_L32_beta14.1441=0.5782 val_L32_beta18.0708=0.3435 val_L32_beta18.6487=0.3794 val_L32_beta52.6284=0.5286 val_L8_beta1.4347=0.5065 val_L8_beta1.4977=0.7185 val_L8_beta1.7872=0.6200 val_L8_beta1.9783=0.6100 val_L8_beta2.4006=0.6520 val_L8_beta2.4786=0.7387 val_L32_beta2.0799=0.6997 val_L32_beta2.4378=0.7113 val_L32_beta2.5092=0.6173 val_L32_beta4.0939=0.5998 val_L32_beta4.2586=0.5434 val_L32_beta4.2761=0.6495 val_L32_beta5.2987=0.6137 val_L32_beta5.7905=0.5803 val_L32_beta6.1747=0.5421 val_L32_beta8.7467=0.7707 val_L32_beta8.9764=0.6121 val_L32_beta9.3874=0.4413 val_L32_beta9.5767=0.6182 val_L32_beta9.6729=0.6477 val_L32_beta10.8745=0.6620 val_L32_beta11.9792=0.6556 val_L32_beta25.9011=0.5096 val_L32_beta30.6638=0.4677 val_L32_beta31.4382=0.4355 val_L32_beta40.9956=0.4467 val_L32_beta43.8647=0.5947 val_L32_beta44.3339=0.4436 val_L32_beta44.5075=0.4867 val_L32_beta50.1987=0.4175 val_total=61.9286
epoch  67  train=0.6309  val_L16_beta14.1464=0.5388 val_L16_beta25=0.5221 val_L16_beta40=0.5296 val_L16_beta55.0237=0.5025 val_L16_beta1.0119=0.6989 val_L16_beta1.0397=0.7635 val_L16_beta1.0743=0.6487 val_L16_beta1.2464=0.6278 val_L16_beta1.2749=0.5914 val_L16_beta1.7484=0.4841 val_L16_beta1.8367=0.7899 val_L16_beta1.8781=0.6178 val_L16_beta2.122=0.4973 val_L16_beta2.1285=0.7413 val_L16_beta2.1757=0.5760 val_L16_beta2.1862=0.5591 val_L16_beta2.2983=0.5787 val_L16_beta2.3046=0.7020 val_L16_beta2.3454=0.6320 val_L16_beta2.7647=0.7172 val_L16_beta3.1518=0.6438 val_L16_beta3.1669=0.7193 val_L16_beta3.2922=0.4473 val_L16_beta3.3842=0.6331 val_L16_beta3.4006=0.5610 val_L16_beta3.6231=0.7255 val_L16_beta3.7225=0.6953 val_L16_beta4.0764=0.6528 val_L16_beta4.7323=0.6925 val_L16_beta4.7632=0.5809 val_L16_beta5.586=0.6210 val_L16_beta6.2411=0.4638 val_L16_beta6.4184=0.4965 val_L16_beta6.8771=0.3883 val_L16_beta8.3946=0.5003 val_L16_beta8.4548=0.5365 val_L16_beta8.7139=0.6112 val_L16_beta9.287=0.7221 val_L16_beta9.571=0.4731 val_L16_beta9.8499=0.4948 val_L16_beta10.2188=0.5719 val_L16_beta11.8501=0.6249 val_L16_beta11.8784=0.5530 val_L16_beta12.9259=0.5033 val_L16_beta14.4687=0.6090 val_L16_beta15.5366=0.4582 val_L16_beta17.502=0.4872 val_L16_beta17.7602=0.6990 val_L16_beta19.403=0.5395 val_L16_beta20.2412=0.6680 val_L16_beta21.8857=0.5485 val_L16_beta27.0442=0.5916 val_L16_beta27.3387=0.5923 val_L16_beta27.7875=0.5999 val_L16_beta30.5978=0.5983 val_L16_beta33.325=0.5049 val_L16_beta34.3422=0.5171 val_L16_beta38.5957=0.4367 val_L16_beta39.6475=0.4767 val_L16_beta47.0386=0.4939 val_L16_beta47.4228=0.5610 val_L16_beta54.11=0.3649 val_L16_beta56.1944=0.5054 val_L16_beta57.2189=0.4339 val_L32_beta2.1926=0.8994 val_L32_beta2.4697=0.9043 val_L32_beta2.8622=0.6761 val_L32_beta4.994=0.5362 val_L32_beta8.069=0.5295 val_L32_beta11.2015=0.6737 val_L32_beta12.3504=0.6170 val_L32_beta12.688=0.7243 val_L32_beta14.1441=0.5777 val_L32_beta18.0708=0.3435 val_L32_beta18.6487=0.3795 val_L32_beta52.6284=0.5287 val_L8_beta1.4347=0.5064 val_L8_beta1.4977=0.7181 val_L8_beta1.7872=0.6203 val_L8_beta1.9783=0.6098 val_L8_beta2.4006=0.6520 val_L8_beta2.4786=0.7387 val_L32_beta2.0799=0.7064 val_L32_beta2.4378=0.7099 val_L32_beta2.5092=0.6209 val_L32_beta4.0939=0.6028 val_L32_beta4.2586=0.5425 val_L32_beta4.2761=0.6497 val_L32_beta5.2987=0.6138 val_L32_beta5.7905=0.5815 val_L32_beta6.1747=0.5410 val_L32_beta8.7467=0.7714 val_L32_beta8.9764=0.6120 val_L32_beta9.3874=0.4413 val_L32_beta9.5767=0.6175 val_L32_beta9.6729=0.6475 val_L32_beta10.8745=0.6603 val_L32_beta11.9792=0.6554 val_L32_beta25.9011=0.5088 val_L32_beta30.6638=0.4676 val_L32_beta31.4382=0.4357 val_L32_beta40.9956=0.4467 val_L32_beta43.8647=0.5947 val_L32_beta44.3339=0.4437 val_L32_beta44.5075=0.4873 val_L32_beta50.1987=0.4181 val_total=61.9288
epoch  68  train=0.6289  val_L16_beta14.1464=0.5388 val_L16_beta25=0.5220 val_L16_beta40=0.5297 val_L16_beta55.0237=0.5024 val_L16_beta1.0119=0.6981 val_L16_beta1.0397=0.7633 val_L16_beta1.0743=0.6486 val_L16_beta1.2464=0.6281 val_L16_beta1.2749=0.5926 val_L16_beta1.7484=0.4837 val_L16_beta1.8367=0.7890 val_L16_beta1.8781=0.6177 val_L16_beta2.122=0.4977 val_L16_beta2.1285=0.7410 val_L16_beta2.1757=0.5757 val_L16_beta2.1862=0.5587 val_L16_beta2.2983=0.5785 val_L16_beta2.3046=0.7026 val_L16_beta2.3454=0.6317 val_L16_beta2.7647=0.7176 val_L16_beta3.1518=0.6438 val_L16_beta3.1669=0.7191 val_L16_beta3.2922=0.4473 val_L16_beta3.3842=0.6329 val_L16_beta3.4006=0.5611 val_L16_beta3.6231=0.7255 val_L16_beta3.7225=0.6953 val_L16_beta4.0764=0.6527 val_L16_beta4.7323=0.6925 val_L16_beta4.7632=0.5810 val_L16_beta5.586=0.6216 val_L16_beta6.2411=0.4637 val_L16_beta6.4184=0.4963 val_L16_beta6.8771=0.3883 val_L16_beta8.3946=0.4994 val_L16_beta8.4548=0.5362 val_L16_beta8.7139=0.6113 val_L16_beta9.287=0.7222 val_L16_beta9.571=0.4729 val_L16_beta9.8499=0.4948 val_L16_beta10.2188=0.5719 val_L16_beta11.8501=0.6249 val_L16_beta11.8784=0.5530 val_L16_beta12.9259=0.5028 val_L16_beta14.4687=0.6089 val_L16_beta15.5366=0.4581 val_L16_beta17.502=0.4873 val_L16_beta17.7602=0.6991 val_L16_beta19.403=0.5383 val_L16_beta20.2412=0.6680 val_L16_beta21.8857=0.5485 val_L16_beta27.0442=0.5917 val_L16_beta27.3387=0.5922 val_L16_beta27.7875=0.5998 val_L16_beta30.5978=0.5982 val_L16_beta33.325=0.5050 val_L16_beta34.3422=0.5172 val_L16_beta38.5957=0.4366 val_L16_beta39.6475=0.4766 val_L16_beta47.0386=0.4937 val_L16_beta47.4228=0.5610 val_L16_beta54.11=0.3649 val_L16_beta56.1944=0.5052 val_L16_beta57.2189=0.4335 val_L32_beta2.1926=0.8991 val_L32_beta2.4697=0.9140 val_L32_beta2.8622=0.6791 val_L32_beta4.994=0.5344 val_L32_beta8.069=0.5290 val_L32_beta11.2015=0.6737 val_L32_beta12.3504=0.6165 val_L32_beta12.688=0.7263 val_L32_beta14.1441=0.5769 val_L32_beta18.0708=0.3433 val_L32_beta18.6487=0.3795 val_L32_beta52.6284=0.5290 val_L8_beta1.4347=0.5066 val_L8_beta1.4977=0.7179 val_L8_beta1.7872=0.6206 val_L8_beta1.9783=0.6101 val_L8_beta2.4006=0.6523 val_L8_beta2.4786=0.7390 val_L32_beta2.0799=0.7105 val_L32_beta2.4378=0.7083 val_L32_beta2.5092=0.6293 val_L32_beta4.0939=0.6070 val_L32_beta4.2586=0.5420 val_L32_beta4.2761=0.6499 val_L32_beta5.2987=0.6137 val_L32_beta5.7905=0.5820 val_L32_beta6.1747=0.5409 val_L32_beta8.7467=0.7702 val_L32_beta8.9764=0.6120 val_L32_beta9.3874=0.4414 val_L32_beta9.5767=0.6156 val_L32_beta9.6729=0.6477 val_L32_beta10.8745=0.6586 val_L32_beta11.9792=0.6556 val_L32_beta25.9011=0.5099 val_L32_beta30.6638=0.4682 val_L32_beta31.4382=0.4353 val_L32_beta40.9956=0.4463 val_L32_beta43.8647=0.5948 val_L32_beta44.3339=0.4424 val_L32_beta44.5075=0.4884 val_L32_beta50.1987=0.4192 val_total=61.9485
epoch  69  train=0.6302  val_L16_beta14.1464=0.5388 val_L16_beta25=0.5220 val_L16_beta40=0.5298 val_L16_beta55.0237=0.5024 val_L16_beta1.0119=0.6981 val_L16_beta1.0397=0.7621 val_L16_beta1.0743=0.6468 val_L16_beta1.2464=0.6274 val_L16_beta1.2749=0.5910 val_L16_beta1.7484=0.4832 val_L16_beta1.8367=0.7884 val_L16_beta1.8781=0.6176 val_L16_beta2.122=0.4979 val_L16_beta2.1285=0.7414 val_L16_beta2.1757=0.5750 val_L16_beta2.1862=0.5589 val_L16_beta2.2983=0.5782 val_L16_beta2.3046=0.7033 val_L16_beta2.3454=0.6316 val_L16_beta2.7647=0.7189 val_L16_beta3.1518=0.6437 val_L16_beta3.1669=0.7188 val_L16_beta3.2922=0.4472 val_L16_beta3.3842=0.6328 val_L16_beta3.4006=0.5611 val_L16_beta3.6231=0.7256 val_L16_beta3.7225=0.6950 val_L16_beta4.0764=0.6522 val_L16_beta4.7323=0.6925 val_L16_beta4.7632=0.5812 val_L16_beta5.586=0.6216 val_L16_beta6.2411=0.4636 val_L16_beta6.4184=0.4961 val_L16_beta6.8771=0.3883 val_L16_beta8.3946=0.4988 val_L16_beta8.4548=0.5359 val_L16_beta8.7139=0.6115 val_L16_beta9.287=0.7222 val_L16_beta9.571=0.4726 val_L16_beta9.8499=0.4946 val_L16_beta10.2188=0.5720 val_L16_beta11.8501=0.6247 val_L16_beta11.8784=0.5529 val_L16_beta12.9259=0.5026 val_L16_beta14.4687=0.6090 val_L16_beta15.5366=0.4581 val_L16_beta17.502=0.4873 val_L16_beta17.7602=0.6990 val_L16_beta19.403=0.5377 val_L16_beta20.2412=0.6679 val_L16_beta21.8857=0.5486 val_L16_beta27.0442=0.5917 val_L16_beta27.3387=0.5921 val_L16_beta27.7875=0.5997 val_L16_beta30.5978=0.5980 val_L16_beta33.325=0.5051 val_L16_beta34.3422=0.5172 val_L16_beta38.5957=0.4366 val_L16_beta39.6475=0.4765 val_L16_beta47.0386=0.4935 val_L16_beta47.4228=0.5609 val_L16_beta54.11=0.3649 val_L16_beta56.1944=0.5052 val_L16_beta57.2189=0.4334 val_L32_beta2.1926=0.9051 val_L32_beta2.4697=0.9231 val_L32_beta2.8622=0.6831 val_L32_beta4.994=0.5341 val_L32_beta8.069=0.5283 val_L32_beta11.2015=0.6736 val_L32_beta12.3504=0.6168 val_L32_beta12.688=0.7272 val_L32_beta14.1441=0.5770 val_L32_beta18.0708=0.3432 val_L32_beta18.6487=0.3790 val_L32_beta52.6284=0.5295 val_L8_beta1.4347=0.5072 val_L8_beta1.4977=0.7180 val_L8_beta1.7872=0.6202 val_L8_beta1.9783=0.6098 val_L8_beta2.4006=0.6525 val_L8_beta2.4786=0.7388 val_L32_beta2.0799=0.7050 val_L32_beta2.4378=0.7076 val_L32_beta2.5092=0.6388 val_L32_beta4.0939=0.6097 val_L32_beta4.2586=0.5395 val_L32_beta4.2761=0.6514 val_L32_beta5.2987=0.6138 val_L32_beta5.7905=0.5824 val_L32_beta6.1747=0.5401 val_L32_beta8.7467=0.7689 val_L32_beta8.9764=0.6125 val_L32_beta9.3874=0.4416 val_L32_beta9.5767=0.6152 val_L32_beta9.6729=0.6478 val_L32_beta10.8745=0.6587 val_L32_beta11.9792=0.6549 val_L32_beta25.9011=0.5105 val_L32_beta30.6638=0.4682 val_L32_beta31.4382=0.4349 val_L32_beta40.9956=0.4469 val_L32_beta43.8647=0.5948 val_L32_beta44.3339=0.4433 val_L32_beta44.5075=0.4891 val_L32_beta50.1987=0.4199 val_total=61.9650
epoch  70  train=0.6255  val_L16_beta14.1464=0.5388 val_L16_beta25=0.5220 val_L16_beta40=0.5297 val_L16_beta55.0237=0.5024 val_L16_beta1.0119=0.6992 val_L16_beta1.0397=0.7613 val_L16_beta1.0743=0.6463 val_L16_beta1.2464=0.6267 val_L16_beta1.2749=0.5893 val_L16_beta1.7484=0.4834 val_L16_beta1.8367=0.7881 val_L16_beta1.8781=0.6176 val_L16_beta2.122=0.4977 val_L16_beta2.1285=0.7410 val_L16_beta2.1757=0.5750 val_L16_beta2.1862=0.5594 val_L16_beta2.2983=0.5780 val_L16_beta2.3046=0.7031 val_L16_beta2.3454=0.6319 val_L16_beta2.7647=0.7190 val_L16_beta3.1518=0.6439 val_L16_beta3.1669=0.7186 val_L16_beta3.2922=0.4471 val_L16_beta3.3842=0.6325 val_L16_beta3.4006=0.5613 val_L16_beta3.6231=0.7256 val_L16_beta3.7225=0.6951 val_L16_beta4.0764=0.6521 val_L16_beta4.7323=0.6924 val_L16_beta4.7632=0.5813 val_L16_beta5.586=0.6216 val_L16_beta6.2411=0.4636 val_L16_beta6.4184=0.4962 val_L16_beta6.8771=0.3882 val_L16_beta8.3946=0.4986 val_L16_beta8.4548=0.5361 val_L16_beta8.7139=0.6115 val_L16_beta9.287=0.7222 val_L16_beta9.571=0.4726 val_L16_beta9.8499=0.4946 val_L16_beta10.2188=0.5718 val_L16_beta11.8501=0.6247 val_L16_beta11.8784=0.5529 val_L16_beta12.9259=0.5026 val_L16_beta14.4687=0.6090 val_L16_beta15.5366=0.4579 val_L16_beta17.502=0.4873 val_L16_beta17.7602=0.6988 val_L16_beta19.403=0.5382 val_L16_beta20.2412=0.6680 val_L16_beta21.8857=0.5485 val_L16_beta27.0442=0.5916 val_L16_beta27.3387=0.5921 val_L16_beta27.7875=0.5998 val_L16_beta30.5978=0.5980 val_L16_beta33.325=0.5052 val_L16_beta34.3422=0.5169 val_L16_beta38.5957=0.4366 val_L16_beta39.6475=0.4765 val_L16_beta47.0386=0.4934 val_L16_beta47.4228=0.5609 val_L16_beta54.11=0.3649 val_L16_beta56.1944=0.5052 val_L16_beta57.2189=0.4333 val_L32_beta2.1926=0.9089 val_L32_beta2.4697=0.9206 val_L32_beta2.8622=0.6838 val_L32_beta4.994=0.5355 val_L32_beta8.069=0.5284 val_L32_beta11.2015=0.6737 val_L32_beta12.3504=0.6164 val_L32_beta12.688=0.7257 val_L32_beta14.1441=0.5780 val_L32_beta18.0708=0.3430 val_L32_beta18.6487=0.3792 val_L32_beta52.6284=0.5289 val_L8_beta1.4347=0.5069 val_L8_beta1.4977=0.7178 val_L8_beta1.7872=0.6200 val_L8_beta1.9783=0.6093 val_L8_beta2.4006=0.6520 val_L8_beta2.4786=0.7390 val_L32_beta2.0799=0.6990 val_L32_beta2.4378=0.7078 val_L32_beta2.5092=0.6349 val_L32_beta4.0939=0.6077 val_L32_beta4.2586=0.5378 val_L32_beta4.2761=0.6515 val_L32_beta5.2987=0.6143 val_L32_beta5.7905=0.5813 val_L32_beta6.1747=0.5403 val_L32_beta8.7467=0.7692 val_L32_beta8.9764=0.6128 val_L32_beta9.3874=0.4415 val_L32_beta9.5767=0.6159 val_L32_beta9.6729=0.6480 val_L32_beta10.8745=0.6585 val_L32_beta11.9792=0.6548 val_L32_beta25.9011=0.5096 val_L32_beta30.6638=0.4674 val_L32_beta31.4382=0.4350 val_L32_beta40.9956=0.4466 val_L32_beta43.8647=0.5946 val_L32_beta44.3339=0.4436 val_L32_beta44.5075=0.4886 val_L32_beta50.1987=0.4182 val_total=61.9451
epoch  71  train=0.6251  val_L16_beta14.1464=0.5388 val_L16_beta25=0.5221 val_L16_beta40=0.5297 val_L16_beta55.0237=0.5023 val_L16_beta1.0119=0.7002 val_L16_beta1.0397=0.7610 val_L16_beta1.0743=0.6470 val_L16_beta1.2464=0.6266 val_L16_beta1.2749=0.5885 val_L16_beta1.7484=0.4841 val_L16_beta1.8367=0.7887 val_L16_beta1.8781=0.6175 val_L16_beta2.122=0.4976 val_L16_beta2.1285=0.7411 val_L16_beta2.1757=0.5750 val_L16_beta2.1862=0.5596 val_L16_beta2.2983=0.5775 val_L16_beta2.3046=0.7029 val_L16_beta2.3454=0.6319 val_L16_beta2.7647=0.7185 val_L16_beta3.1518=0.6440 val_L16_beta3.1669=0.7190 val_L16_beta3.2922=0.4471 val_L16_beta3.3842=0.6323 val_L16_beta3.4006=0.5611 val_L16_beta3.6231=0.7256 val_L16_beta3.7225=0.6950 val_L16_beta4.0764=0.6517 val_L16_beta4.7323=0.6918 val_L16_beta4.7632=0.5809 val_L16_beta5.586=0.6218 val_L16_beta6.2411=0.4635 val_L16_beta6.4184=0.4962 val_L16_beta6.8771=0.3882 val_L16_beta8.3946=0.4988 val_L16_beta8.4548=0.5363 val_L16_beta8.7139=0.6114 val_L16_beta9.287=0.7221 val_L16_beta9.571=0.4726 val_L16_beta9.8499=0.4946 val_L16_beta10.2188=0.5717 val_L16_beta11.8501=0.6248 val_L16_beta11.8784=0.5529 val_L16_beta12.9259=0.5028 val_L16_beta14.4687=0.6090 val_L16_beta15.5366=0.4580 val_L16_beta17.502=0.4873 val_L16_beta17.7602=0.6990 val_L16_beta19.403=0.5383 val_L16_beta20.2412=0.6680 val_L16_beta21.8857=0.5485 val_L16_beta27.0442=0.5914 val_L16_beta27.3387=0.5924 val_L16_beta27.7875=0.5998 val_L16_beta30.5978=0.5980 val_L16_beta33.325=0.5050 val_L16_beta34.3422=0.5168 val_L16_beta38.5957=0.4367 val_L16_beta39.6475=0.4765 val_L16_beta47.0386=0.4934 val_L16_beta47.4228=0.5609 val_L16_beta54.11=0.3649 val_L16_beta56.1944=0.5052 val_L16_beta57.2189=0.4332 val_L32_beta2.1926=0.9069 val_L32_beta2.4697=0.9168 val_L32_beta2.8622=0.6809 val_L32_beta4.994=0.5373 val_L32_beta8.069=0.5289 val_L32_beta11.2015=0.6737 val_L32_beta12.3504=0.6172 val_L32_beta12.688=0.7242 val_L32_beta14.1441=0.5789 val_L32_beta18.0708=0.3431 val_L32_beta18.6487=0.3793 val_L32_beta52.6284=0.5285 val_L8_beta1.4347=0.5064 val_L8_beta1.4977=0.7177 val_L8_beta1.7872=0.6199 val_L8_beta1.9783=0.6093 val_L8_beta2.4006=0.6514 val_L8_beta2.4786=0.7390 val_L32_beta2.0799=0.6981 val_L32_beta2.4378=0.7086 val_L32_beta2.5092=0.6282 val_L32_beta4.0939=0.6035 val_L32_beta4.2586=0.5362 val_L32_beta4.2761=0.6510 val_L32_beta5.2987=0.6145 val_L32_beta5.7905=0.5789 val_L32_beta6.1747=0.5410 val_L32_beta8.7467=0.7678 val_L32_beta8.9764=0.6127 val_L32_beta9.3874=0.4416 val_L32_beta9.5767=0.6166 val_L32_beta9.6729=0.6483 val_L32_beta10.8745=0.6594 val_L32_beta11.9792=0.6546 val_L32_beta25.9011=0.5100 val_L32_beta30.6638=0.4674 val_L32_beta31.4382=0.4347 val_L32_beta40.9956=0.4460 val_L32_beta43.8647=0.5947 val_L32_beta44.3339=0.4436 val_L32_beta44.5075=0.4875 val_L32_beta50.1987=0.4178 val_total=61.9211
epoch  72  train=0.6217  val_L16_beta14.1464=0.5388 val_L16_beta25=0.5221 val_L16_beta40=0.5297 val_L16_beta55.0237=0.5023 val_L16_beta1.0119=0.6995 val_L16_beta1.0397=0.7616 val_L16_beta1.0743=0.6482 val_L16_beta1.2464=0.6275 val_L16_beta1.2749=0.5894 val_L16_beta1.7484=0.4835 val_L16_beta1.8367=0.7877 val_L16_beta1.8781=0.6172 val_L16_beta2.122=0.4974 val_L16_beta2.1285=0.7404 val_L16_beta2.1757=0.5751 val_L16_beta2.1862=0.5594 val_L16_beta2.2983=0.5780 val_L16_beta2.3046=0.7030 val_L16_beta2.3454=0.6319 val_L16_beta2.7647=0.7182 val_L16_beta3.1518=0.6440 val_L16_beta3.1669=0.7193 val_L16_beta3.2922=0.4473 val_L16_beta3.3842=0.6323 val_L16_beta3.4006=0.5611 val_L16_beta3.6231=0.7256 val_L16_beta3.7225=0.6950 val_L16_beta4.0764=0.6520 val_L16_beta4.7323=0.6918 val_L16_beta4.7632=0.5809 val_L16_beta5.586=0.6218 val_L16_beta6.2411=0.4635 val_L16_beta6.4184=0.4960 val_L16_beta6.8771=0.3882 val_L16_beta8.3946=0.4989 val_L16_beta8.4548=0.5363 val_L16_beta8.7139=0.6113 val_L16_beta9.287=0.7220 val_L16_beta9.571=0.4728 val_L16_beta9.8499=0.4946 val_L16_beta10.2188=0.5718 val_L16_beta11.8501=0.6248 val_L16_beta11.8784=0.5529 val_L16_beta12.9259=0.5027 val_L16_beta14.4687=0.6090 val_L16_beta15.5366=0.4580 val_L16_beta17.502=0.4873 val_L16_beta17.7602=0.6990 val_L16_beta19.403=0.5380 val_L16_beta20.2412=0.6680 val_L16_beta21.8857=0.5484 val_L16_beta27.0442=0.5914 val_L16_beta27.3387=0.5924 val_L16_beta27.7875=0.5997 val_L16_beta30.5978=0.5981 val_L16_beta33.325=0.5051 val_L16_beta34.3422=0.5168 val_L16_beta38.5957=0.4366 val_L16_beta39.6475=0.4766 val_L16_beta47.0386=0.4934 val_L16_beta47.4228=0.5608 val_L16_beta54.11=0.3649 val_L16_beta56.1944=0.5052 val_L16_beta57.2189=0.4331 val_L32_beta2.1926=0.9073 val_L32_beta2.4697=0.9225 val_L32_beta2.8622=0.6812 val_L32_beta4.994=0.5370 val_L32_beta8.069=0.5291 val_L32_beta11.2015=0.6738 val_L32_beta12.3504=0.6173 val_L32_beta12.688=0.7244 val_L32_beta14.1441=0.5783 val_L32_beta18.0708=0.3432 val_L32_beta18.6487=0.3793 val_L32_beta52.6284=0.5286 val_L8_beta1.4347=0.5065 val_L8_beta1.4977=0.7174 val_L8_beta1.7872=0.6198 val_L8_beta1.9783=0.6093 val_L8_beta2.4006=0.6515 val_L8_beta2.4786=0.7390 val_L32_beta2.0799=0.7027 val_L32_beta2.4378=0.7065 val_L32_beta2.5092=0.6305 val_L32_beta4.0939=0.6045 val_L32_beta4.2586=0.5391 val_L32_beta4.2761=0.6498 val_L32_beta5.2987=0.6140 val_L32_beta5.7905=0.5796 val_L32_beta6.1747=0.5415 val_L32_beta8.7467=0.7682 val_L32_beta8.9764=0.6123 val_L32_beta9.3874=0.4415 val_L32_beta9.5767=0.6162 val_L32_beta9.6729=0.6481 val_L32_beta10.8745=0.6586 val_L32_beta11.9792=0.6547 val_L32_beta25.9011=0.5100 val_L32_beta30.6638=0.4676 val_L32_beta31.4382=0.4348 val_L32_beta40.9956=0.4460 val_L32_beta43.8647=0.5947 val_L32_beta44.3339=0.4436 val_L32_beta44.5075=0.4874 val_L32_beta50.1987=0.4184 val_total=61.9359
epoch  73  train=0.6224  val_L16_beta14.1464=0.5388 val_L16_beta25=0.5222 val_L16_beta40=0.5298 val_L16_beta55.0237=0.5023 val_L16_beta1.0119=0.7000 val_L16_beta1.0397=0.7614 val_L16_beta1.0743=0.6478 val_L16_beta1.2464=0.6275 val_L16_beta1.2749=0.5898 val_L16_beta1.7484=0.4839 val_L16_beta1.8367=0.7875 val_L16_beta1.8781=0.6171 val_L16_beta2.122=0.4974 val_L16_beta2.1285=0.7403 val_L16_beta2.1757=0.5752 val_L16_beta2.1862=0.5594 val_L16_beta2.2983=0.5779 val_L16_beta2.3046=0.7031 val_L16_beta2.3454=0.6319 val_L16_beta2.7647=0.7183 val_L16_beta3.1518=0.6441 val_L16_beta3.1669=0.7195 val_L16_beta3.2922=0.4473 val_L16_beta3.3842=0.6322 val_L16_beta3.4006=0.5608 val_L16_beta3.6231=0.7257 val_L16_beta3.7225=0.6951 val_L16_beta4.0764=0.6520 val_L16_beta4.7323=0.6917 val_L16_beta4.7632=0.5809 val_L16_beta5.586=0.6221 val_L16_beta6.2411=0.4636 val_L16_beta6.4184=0.4959 val_L16_beta6.8771=0.3881 val_L16_beta8.3946=0.4991 val_L16_beta8.4548=0.5362 val_L16_beta8.7139=0.6112 val_L16_beta9.287=0.7220 val_L16_beta9.571=0.4728 val_L16_beta9.8499=0.4946 val_L16_beta10.2188=0.5717 val_L16_beta11.8501=0.6249 val_L16_beta11.8784=0.5529 val_L16_beta12.9259=0.5027 val_L16_beta14.4687=0.6090 val_L16_beta15.5366=0.4579 val_L16_beta17.502=0.4873 val_L16_beta17.7602=0.6990 val_L16_beta19.403=0.5378 val_L16_beta20.2412=0.6680 val_L16_beta21.8857=0.5483 val_L16_beta27.0442=0.5914 val_L16_beta27.3387=0.5924 val_L16_beta27.7875=0.5997 val_L16_beta30.5978=0.5981 val_L16_beta33.325=0.5051 val_L16_beta34.3422=0.5168 val_L16_beta38.5957=0.4366 val_L16_beta39.6475=0.4766 val_L16_beta47.0386=0.4934 val_L16_beta47.4228=0.5607 val_L16_beta54.11=0.3649 val_L16_beta56.1944=0.5051 val_L16_beta57.2189=0.4330 val_L32_beta2.1926=0.9066 val_L32_beta2.4697=0.9205 val_L32_beta2.8622=0.6798 val_L32_beta4.994=0.5365 val_L32_beta8.069=0.5286 val_L32_beta11.2015=0.6740 val_L32_beta12.3504=0.6174 val_L32_beta12.688=0.7241 val_L32_beta14.1441=0.5781 val_L32_beta18.0708=0.3432 val_L32_beta18.6487=0.3792 val_L32_beta52.6284=0.5286 val_L8_beta1.4347=0.5062 val_L8_beta1.4977=0.7175 val_L8_beta1.7872=0.6197 val_L8_beta1.9783=0.6093 val_L8_beta2.4006=0.6515 val_L8_beta2.4786=0.7388 val_L32_beta2.0799=0.7025 val_L32_beta2.4378=0.7079 val_L32_beta2.5092=0.6263 val_L32_beta4.0939=0.6037 val_L32_beta4.2586=0.5388 val_L32_beta4.2761=0.6510 val_L32_beta5.2987=0.6138 val_L32_beta5.7905=0.5785 val_L32_beta6.1747=0.5417 val_L32_beta8.7467=0.7681 val_L32_beta8.9764=0.6121 val_L32_beta9.3874=0.4414 val_L32_beta9.5767=0.6163 val_L32_beta9.6729=0.6484 val_L32_beta10.8745=0.6588 val_L32_beta11.9792=0.6551 val_L32_beta25.9011=0.5104 val_L32_beta30.6638=0.4680 val_L32_beta31.4382=0.4348 val_L32_beta40.9956=0.4459 val_L32_beta43.8647=0.5947 val_L32_beta44.3339=0.4438 val_L32_beta44.5075=0.4874 val_L32_beta50.1987=0.4187 val_total=61.9276
epoch  74  train=0.6232  val_L16_beta14.1464=0.5388 val_L16_beta25=0.5221 val_L16_beta40=0.5297 val_L16_beta55.0237=0.5023 val_L16_beta1.0119=0.6997 val_L16_beta1.0397=0.7618 val_L16_beta1.0743=0.6481 val_L16_beta1.2464=0.6277 val_L16_beta1.2749=0.5901 val_L16_beta1.7484=0.4838 val_L16_beta1.8367=0.7874 val_L16_beta1.8781=0.6171 val_L16_beta2.122=0.4975 val_L16_beta2.1285=0.7408 val_L16_beta2.1757=0.5752 val_L16_beta2.1862=0.5590 val_L16_beta2.2983=0.5781 val_L16_beta2.3046=0.7035 val_L16_beta2.3454=0.6317 val_L16_beta2.7647=0.7184 val_L16_beta3.1518=0.6440 val_L16_beta3.1669=0.7193 val_L16_beta3.2922=0.4473 val_L16_beta3.3842=0.6325 val_L16_beta3.4006=0.5607 val_L16_beta3.6231=0.7258 val_L16_beta3.7225=0.6951 val_L16_beta4.0764=0.6520 val_L16_beta4.7323=0.6918 val_L16_beta4.7632=0.5809 val_L16_beta5.586=0.6224 val_L16_beta6.2411=0.4636 val_L16_beta6.4184=0.4958 val_L16_beta6.8771=0.3882 val_L16_beta8.3946=0.4990 val_L16_beta8.4548=0.5361 val_L16_beta8.7139=0.6113 val_L16_beta9.287=0.7220 val_L16_beta9.571=0.4728 val_L16_beta9.8499=0.4946 val_L16_beta10.2188=0.5716 val_L16_beta11.8501=0.6249 val_L16_beta11.8784=0.5529 val_L16_beta12.9259=0.5026 val_L16_beta14.4687=0.6090 val_L16_beta15.5366=0.4579 val_L16_beta17.502=0.4873 val_L16_beta17.7602=0.6990 val_L16_beta19.403=0.5380 val_L16_beta20.2412=0.6679 val_L16_beta21.8857=0.5484 val_L16_beta27.0442=0.5914 val_L16_beta27.3387=0.5923 val_L16_beta27.7875=0.5997 val_L16_beta30.5978=0.5980 val_L16_beta33.325=0.5053 val_L16_beta34.3422=0.5167 val_L16_beta38.5957=0.4366 val_L16_beta39.6475=0.4766 val_L16_beta47.0386=0.4933 val_L16_beta47.4228=0.5607 val_L16_beta54.11=0.3649 val_L16_beta56.1944=0.5052 val_L16_beta57.2189=0.4329 val_L32_beta2.1926=0.9052 val_L32_beta2.4697=0.9170 val_L32_beta2.8622=0.6801 val_L32_beta4.994=0.5365 val_L32_beta8.069=0.5279 val_L32_beta11.2015=0.6740 val_L32_beta12.3504=0.6166 val_L32_beta12.688=0.7241 val_L32_beta14.1441=0.5782 val_L32_beta18.0708=0.3431 val_L32_beta18.6487=0.3791 val_L32_beta52.6284=0.5287 val_L8_beta1.4347=0.5062 val_L8_beta1.4977=0.7175 val_L8_beta1.7872=0.6197 val_L8_beta1.9783=0.6093 val_L8_beta2.4006=0.6518 val_L8_beta2.4786=0.7388 val_L32_beta2.0799=0.7065 val_L32_beta2.4378=0.7064 val_L32_beta2.5092=0.6260 val_L32_beta4.0939=0.6041 val_L32_beta4.2586=0.5389 val_L32_beta4.2761=0.6519 val_L32_beta5.2987=0.6135 val_L32_beta5.7905=0.5788 val_L32_beta6.1747=0.5414 val_L32_beta8.7467=0.7682 val_L32_beta8.9764=0.6120 val_L32_beta9.3874=0.4414 val_L32_beta9.5767=0.6166 val_L32_beta9.6729=0.6485 val_L32_beta10.8745=0.6590 val_L32_beta11.9792=0.6551 val_L32_beta25.9011=0.5098 val_L32_beta30.6638=0.4678 val_L32_beta31.4382=0.4348 val_L32_beta40.9956=0.4459 val_L32_beta43.8647=0.5948 val_L32_beta44.3339=0.4438 val_L32_beta44.5075=0.4875 val_L32_beta50.1987=0.4181 val_total=61.9256
epoch  75  train=0.6254  val_L16_beta14.1464=0.5388 val_L16_beta25=0.5221 val_L16_beta40=0.5298 val_L16_beta55.0237=0.5023 val_L16_beta1.0119=0.6993 val_L16_beta1.0397=0.7620 val_L16_beta1.0743=0.6487 val_L16_beta1.2464=0.6279 val_L16_beta1.2749=0.5900 val_L16_beta1.7484=0.4833 val_L16_beta1.8367=0.7873 val_L16_beta1.8781=0.6169 val_L16_beta2.122=0.4974 val_L16_beta2.1285=0.7407 val_L16_beta2.1757=0.5754 val_L16_beta2.1862=0.5589 val_L16_beta2.2983=0.5783 val_L16_beta2.3046=0.7037 val_L16_beta2.3454=0.6316 val_L16_beta2.7647=0.7185 val_L16_beta3.1518=0.6440 val_L16_beta3.1669=0.7194 val_L16_beta3.2922=0.4473 val_L16_beta3.3842=0.6326 val_L16_beta3.4006=0.5608 val_L16_beta3.6231=0.7257 val_L16_beta3.7225=0.6951 val_L16_beta4.0764=0.6521 val_L16_beta4.7323=0.6918 val_L16_beta4.7632=0.5809 val_L16_beta5.586=0.6224 val_L16_beta6.2411=0.4636 val_L16_beta6.4184=0.4957 val_L16_beta6.8771=0.3882 val_L16_beta8.3946=0.4989 val_L16_beta8.4548=0.5360 val_L16_beta8.7139=0.6113 val_L16_beta9.287=0.7221 val_L16_beta9.571=0.4728 val_L16_beta9.8499=0.4947 val_L16_beta10.2188=0.5715 val_L16_beta11.8501=0.6249 val_L16_beta11.8784=0.5529 val_L16_beta12.9259=0.5027 val_L16_beta14.4687=0.6090 val_L16_beta15.5366=0.4579 val_L16_beta17.502=0.4873 val_L16_beta17.7602=0.6990 val_L16_beta19.403=0.5383 val_L16_beta20.2412=0.6679 val_L16_beta21.8857=0.5484 val_L16_beta27.0442=0.5914 val_L16_beta27.3387=0.5923 val_L16_beta27.7875=0.5997 val_L16_beta30.5978=0.5980 val_L16_beta33.325=0.5055 val_L16_beta34.3422=0.5166 val_L16_beta38.5957=0.4366 val_L16_beta39.6475=0.4766 val_L16_beta47.0386=0.4933 val_L16_beta47.4228=0.5608 val_L16_beta54.11=0.3649 val_L16_beta56.1944=0.5052 val_L16_beta57.2189=0.4329 val_L32_beta2.1926=0.9051 val_L32_beta2.4697=0.9166 val_L32_beta2.8622=0.6809 val_L32_beta4.994=0.5367 val_L32_beta8.069=0.5278 val_L32_beta11.2015=0.6739 val_L32_beta12.3504=0.6161 val_L32_beta12.688=0.7245 val_L32_beta14.1441=0.5783 val_L32_beta18.0708=0.3431 val_L32_beta18.6487=0.3791 val_L32_beta52.6284=0.5285 val_L8_beta1.4347=0.5063 val_L8_beta1.4977=0.7174 val_L8_beta1.7872=0.6197 val_L8_beta1.9783=0.6093 val_L8_beta2.4006=0.6520 val_L8_beta2.4786=0.7389 val_L32_beta2.0799=0.7115 val_L32_beta2.4378=0.7051 val_L32_beta2.5092=0.6268 val_L32_beta4.0939=0.6047 val_L32_beta4.2586=0.5389 val_L32_beta4.2761=0.6518 val_L32_beta5.2987=0.6135 val_L32_beta5.7905=0.5792 val_L32_beta6.1747=0.5413 val_L32_beta8.7467=0.7683 val_L32_beta8.9764=0.6119 val_L32_beta9.3874=0.4414 val_L32_beta9.5767=0.6167 val_L32_beta9.6729=0.6485 val_L32_beta10.8745=0.6583 val_L32_beta11.9792=0.6551 val_L32_beta25.9011=0.5097 val_L32_beta30.6638=0.4676 val_L32_beta31.4382=0.4348 val_L32_beta40.9956=0.4458 val_L32_beta43.8647=0.5947 val_L32_beta44.3339=0.4441 val_L32_beta44.5075=0.4878 val_L32_beta50.1987=0.4177 val_total=61.9316
epoch  76  train=0.6261  val_L16_beta14.1464=0.5388 val_L16_beta25=0.5221 val_L16_beta40=0.5298 val_L16_beta55.0237=0.5023 val_L16_beta1.0119=0.6990 val_L16_beta1.0397=0.7620 val_L16_beta1.0743=0.6486 val_L16_beta1.2464=0.6282 val_L16_beta1.2749=0.5909 val_L16_beta1.7484=0.4833 val_L16_beta1.8367=0.7866 val_L16_beta1.8781=0.6170 val_L16_beta2.122=0.4975 val_L16_beta2.1285=0.7411 val_L16_beta2.1757=0.5754 val_L16_beta2.1862=0.5588 val_L16_beta2.2983=0.5780 val_L16_beta2.3046=0.7037 val_L16_beta2.3454=0.6317 val_L16_beta2.7647=0.7189 val_L16_beta3.1518=0.6440 val_L16_beta3.1669=0.7192 val_L16_beta3.2922=0.4473 val_L16_beta3.3842=0.6324 val_L16_beta3.4006=0.5608 val_L16_beta3.6231=0.7258 val_L16_beta3.7225=0.6951 val_L16_beta4.0764=0.6518 val_L16_beta4.7323=0.6917 val_L16_beta4.7632=0.5808 val_L16_beta5.586=0.6226 val_L16_beta6.2411=0.4636 val_L16_beta6.4184=0.4957 val_L16_beta6.8771=0.3881 val_L16_beta8.3946=0.4987 val_L16_beta8.4548=0.5360 val_L16_beta8.7139=0.6114 val_L16_beta9.287=0.7221 val_L16_beta9.571=0.4727 val_L16_beta9.8499=0.4947 val_L16_beta10.2188=0.5714 val_L16_beta11.8501=0.6249 val_L16_beta11.8784=0.5529 val_L16_beta12.9259=0.5027 val_L16_beta14.4687=0.6090 val_L16_beta15.5366=0.4579 val_L16_beta17.502=0.4873 val_L16_beta17.7602=0.6989 val_L16_beta19.403=0.5384 val_L16_beta20.2412=0.6680 val_L16_beta21.8857=0.5484 val_L16_beta27.0442=0.5915 val_L16_beta27.3387=0.5923 val_L16_beta27.7875=0.5997 val_L16_beta30.5978=0.5981 val_L16_beta33.325=0.5055 val_L16_beta34.3422=0.5166 val_L16_beta38.5957=0.4366 val_L16_beta39.6475=0.4765 val_L16_beta47.0386=0.4933 val_L16_beta47.4228=0.5608 val_L16_beta54.11=0.3649 val_L16_beta56.1944=0.5052 val_L16_beta57.2189=0.4330 val_L32_beta2.1926=0.9045 val_L32_beta2.4697=0.9192 val_L32_beta2.8622=0.6816 val_L32_beta4.994=0.5371 val_L32_beta8.069=0.5278 val_L32_beta11.2015=0.6738 val_L32_beta12.3504=0.6159 val_L32_beta12.688=0.7244 val_L32_beta14.1441=0.5783 val_L32_beta18.0708=0.3431 val_L32_beta18.6487=0.3791 val_L32_beta52.6284=0.5284 val_L8_beta1.4347=0.5065 val_L8_beta1.4977=0.7175 val_L8_beta1.7872=0.6198 val_L8_beta1.9783=0.6091 val_L8_beta2.4006=0.6521 val_L8_beta2.4786=0.7388 val_L32_beta2.0799=0.7106 val_L32_beta2.4378=0.7065 val_L32_beta2.5092=0.6293 val_L32_beta4.0939=0.6044 val_L32_beta4.2586=0.5371 val_L32_beta4.2761=0.6523 val_L32_beta5.2987=0.6139 val_L32_beta5.7905=0.5789 val_L32_beta6.1747=0.5410 val_L32_beta8.7467=0.7677 val_L32_beta8.9764=0.6122 val_L32_beta9.3874=0.4415 val_L32_beta9.5767=0.6167 val_L32_beta9.6729=0.6486 val_L32_beta10.8745=0.6588 val_L32_beta11.9792=0.6550 val_L32_beta25.9011=0.5099 val_L32_beta30.6638=0.4674 val_L32_beta31.4382=0.4347 val_L32_beta40.9956=0.4457 val_L32_beta43.8647=0.5946 val_L32_beta44.3339=0.4439 val_L32_beta44.5075=0.4880 val_L32_beta50.1987=0.4176 val_total=61.9358
epoch  77  train=0.6243  val_L16_beta14.1464=0.5388 val_L16_beta25=0.5222 val_L16_beta40=0.5297 val_L16_beta55.0237=0.5023 val_L16_beta1.0119=0.6989 val_L16_beta1.0397=0.7619 val_L16_beta1.0743=0.6484 val_L16_beta1.2464=0.6283 val_L16_beta1.2749=0.5916 val_L16_beta1.7484=0.4833 val_L16_beta1.8367=0.7863 val_L16_beta1.8781=0.6171 val_L16_beta2.122=0.4975 val_L16_beta2.1285=0.7412 val_L16_beta2.1757=0.5754 val_L16_beta2.1862=0.5589 val_L16_beta2.2983=0.5776 val_L16_beta2.3046=0.7035 val_L16_beta2.3454=0.6318 val_L16_beta2.7647=0.7190 val_L16_beta3.1518=0.6441 val_L16_beta3.1669=0.7192 val_L16_beta3.2922=0.4472 val_L16_beta3.3842=0.6323 val_L16_beta3.4006=0.5608 val_L16_beta3.6231=0.7256 val_L16_beta3.7225=0.6951 val_L16_beta4.0764=0.6517 val_L16_beta4.7323=0.6916 val_L16_beta4.7632=0.5808 val_L16_beta5.586=0.6226 val_L16_beta6.2411=0.4637 val_L16_beta6.4184=0.4957 val_L16_beta6.8771=0.3881 val_L16_beta8.3946=0.4989 val_L16_beta8.4548=0.5362 val_L16_beta8.7139=0.6114 val_L16_beta9.287=0.7221 val_L16_beta9.571=0.4728 val_L16_beta9.8499=0.4946 val_L16_beta10.2188=0.5714 val_L16_beta11.8501=0.6249 val_L16_beta11.8784=0.5529 val_L16_beta12.9259=0.5028 val_L16_beta14.4687=0.6090 val_L16_beta15.5366=0.4579 val_L16_beta17.502=0.4873 val_L16_beta17.7602=0.6988 val_L16_beta19.403=0.5384 val_L16_beta20.2412=0.6680 val_L16_beta21.8857=0.5483 val_L16_beta27.0442=0.5915 val_L16_beta27.3387=0.5923 val_L16_beta27.7875=0.5997 val_L16_beta30.5978=0.5981 val_L16_beta33.325=0.5054 val_L16_beta34.3422=0.5165 val_L16_beta38.5957=0.4366 val_L16_beta39.6475=0.4765 val_L16_beta47.0386=0.4932 val_L16_beta47.4228=0.5608 val_L16_beta54.11=0.3649 val_L16_beta56.1944=0.5052 val_L16_beta57.2189=0.4330 val_L32_beta2.1926=0.9042 val_L32_beta2.4697=0.9171 val_L32_beta2.8622=0.6806 val_L32_beta4.994=0.5382 val_L32_beta8.069=0.5285 val_L32_beta11.2015=0.6737 val_L32_beta12.3504=0.6163 val_L32_beta12.688=0.7241 val_L32_beta14.1441=0.5785 val_L32_beta18.0708=0.3431 val_L32_beta18.6487=0.3790 val_L32_beta52.6284=0.5284 val_L8_beta1.4347=0.5065 val_L8_beta1.4977=0.7176 val_L8_beta1.7872=0.6198 val_L8_beta1.9783=0.6091 val_L8_beta2.4006=0.6520 val_L8_beta2.4786=0.7388 val_L32_beta2.0799=0.7086 val_L32_beta2.4378=0.7076 val_L32_beta2.5092=0.6273 val_L32_beta4.0939=0.6036 val_L32_beta4.2586=0.5369 val_L32_beta4.2761=0.6522 val_L32_beta5.2987=0.6141 val_L32_beta5.7905=0.5787 val_L32_beta6.1747=0.5409 val_L32_beta8.7467=0.7680 val_L32_beta8.9764=0.6124 val_L32_beta9.3874=0.4415 val_L32_beta9.5767=0.6168 val_L32_beta9.6729=0.6485 val_L32_beta10.8745=0.6592 val_L32_beta11.9792=0.6550 val_L32_beta25.9011=0.5100 val_L32_beta30.6638=0.4675 val_L32_beta31.4382=0.4347 val_L32_beta40.9956=0.4459 val_L32_beta43.8647=0.5946 val_L32_beta44.3339=0.4444 val_L32_beta44.5075=0.4881 val_L32_beta50.1987=0.4176 val_total=61.9316
epoch  78  train=0.6310  val_L16_beta14.1464=0.5389 val_L16_beta25=0.5221 val_L16_beta40=0.5297 val_L16_beta55.0237=0.5023 val_L16_beta1.0119=0.6988 val_L16_beta1.0397=0.7619 val_L16_beta1.0743=0.6483 val_L16_beta1.2464=0.6283 val_L16_beta1.2749=0.5921 val_L16_beta1.7484=0.4835 val_L16_beta1.8367=0.7866 val_L16_beta1.8781=0.6172 val_L16_beta2.122=0.4976 val_L16_beta2.1285=0.7417 val_L16_beta2.1757=0.5753 val_L16_beta2.1862=0.5589 val_L16_beta2.2983=0.5773 val_L16_beta2.3046=0.7034 val_L16_beta2.3454=0.6318 val_L16_beta2.7647=0.7191 val_L16_beta3.1518=0.6441 val_L16_beta3.1669=0.7191 val_L16_beta3.2922=0.4472 val_L16_beta3.3842=0.6324 val_L16_beta3.4006=0.5607 val_L16_beta3.6231=0.7256 val_L16_beta3.7225=0.6952 val_L16_beta4.0764=0.6518 val_L16_beta4.7323=0.6917 val_L16_beta4.7632=0.5810 val_L16_beta5.586=0.6226 val_L16_beta6.2411=0.4637 val_L16_beta6.4184=0.4956 val_L16_beta6.8771=0.3881 val_L16_beta8.3946=0.4989 val_L16_beta8.4548=0.5362 val_L16_beta8.7139=0.6113 val_L16_beta9.287=0.7221 val_L16_beta9.571=0.4728 val_L16_beta9.8499=0.4947 val_L16_beta10.2188=0.5714 val_L16_beta11.8501=0.6249 val_L16_beta11.8784=0.5529 val_L16_beta12.9259=0.5027 val_L16_beta14.4687=0.6090 val_L16_beta15.5366=0.4578 val_L16_beta17.502=0.4873 val_L16_beta17.7602=0.6988 val_L16_beta19.403=0.5384 val_L16_beta20.2412=0.6679 val_L16_beta21.8857=0.5483 val_L16_beta27.0442=0.5915 val_L16_beta27.3387=0.5922 val_L16_beta27.7875=0.5997 val_L16_beta30.5978=0.5981 val_L16_beta33.325=0.5055 val_L16_beta34.3422=0.5165 val_L16_beta38.5957=0.4366 val_L16_beta39.6475=0.4765 val_L16_beta47.0386=0.4932 val_L16_beta47.4228=0.5608 val_L16_beta54.11=0.3649 val_L16_beta56.1944=0.5052 val_L16_beta57.2189=0.4330 val_L32_beta2.1926=0.9037 val_L32_beta2.4697=0.9131 val_L32_beta2.8622=0.6802 val_L32_beta4.994=0.5385 val_L32_beta8.069=0.5287 val_L32_beta11.2015=0.6738 val_L32_beta12.3504=0.6160 val_L32_beta12.688=0.7241 val_L32_beta14.1441=0.5785 val_L32_beta18.0708=0.3430 val_L32_beta18.6487=0.3790 val_L32_beta52.6284=0.5285 val_L8_beta1.4347=0.5066 val_L8_beta1.4977=0.7178 val_L8_beta1.7872=0.6198 val_L8_beta1.9783=0.6092 val_L8_beta2.4006=0.6519 val_L8_beta2.4786=0.7388 val_L32_beta2.0799=0.7069 val_L32_beta2.4378=0.7083 val_L32_beta2.5092=0.6257 val_L32_beta4.0939=0.6040 val_L32_beta4.2586=0.5372 val_L32_beta4.2761=0.6524 val_L32_beta5.2987=0.6141 val_L32_beta5.7905=0.5794 val_L32_beta6.1747=0.5407 val_L32_beta8.7467=0.7685 val_L32_beta8.9764=0.6123 val_L32_beta9.3874=0.4415 val_L32_beta9.5767=0.6168 val_L32_beta9.6729=0.6483 val_L32_beta10.8745=0.6590 val_L32_beta11.9792=0.6552 val_L32_beta25.9011=0.5099 val_L32_beta30.6638=0.4674 val_L32_beta31.4382=0.4347 val_L32_beta40.9956=0.4458 val_L32_beta43.8647=0.5946 val_L32_beta44.3339=0.4439 val_L32_beta44.5075=0.4884 val_L32_beta50.1987=0.4176 val_total=61.9268
epoch  79  train=0.6271  val_L16_beta14.1464=0.5388 val_L16_beta25=0.5221 val_L16_beta40=0.5298 val_L16_beta55.0237=0.5023 val_L16_beta1.0119=0.6988 val_L16_beta1.0397=0.7620 val_L16_beta1.0743=0.6483 val_L16_beta1.2464=0.6283 val_L16_beta1.2749=0.5922 val_L16_beta1.7484=0.4834 val_L16_beta1.8367=0.7866 val_L16_beta1.8781=0.6172 val_L16_beta2.122=0.4974 val_L16_beta2.1285=0.7416 val_L16_beta2.1757=0.5753 val_L16_beta2.1862=0.5589 val_L16_beta2.2983=0.5774 val_L16_beta2.3046=0.7033 val_L16_beta2.3454=0.6319 val_L16_beta2.7647=0.7190 val_L16_beta3.1518=0.6441 val_L16_beta3.1669=0.7191 val_L16_beta3.2922=0.4472 val_L16_beta3.3842=0.6323 val_L16_beta3.4006=0.5607 val_L16_beta3.6231=0.7255 val_L16_beta3.7225=0.6951 val_L16_beta4.0764=0.6519 val_L16_beta4.7323=0.6917 val_L16_beta4.7632=0.5811 val_L16_beta5.586=0.6225 val_L16_beta6.2411=0.4637 val_L16_beta6.4184=0.4956 val_L16_beta6.8771=0.3881 val_L16_beta8.3946=0.4987 val_L16_beta8.4548=0.5362 val_L16_beta8.7139=0.6113 val_L16_beta9.287=0.7220 val_L16_beta9.571=0.4728 val_L16_beta9.8499=0.4947 val_L16_beta10.2188=0.5714 val_L16_beta11.8501=0.6250 val_L16_beta11.8784=0.5529 val_L16_beta12.9259=0.5026 val_L16_beta14.4687=0.6091 val_L16_beta15.5366=0.4578 val_L16_beta17.502=0.4873 val_L16_beta17.7602=0.6988 val_L16_beta19.403=0.5380 val_L16_beta20.2412=0.6679 val_L16_beta21.8857=0.5483 val_L16_beta27.0442=0.5914 val_L16_beta27.3387=0.5921 val_L16_beta27.7875=0.5997 val_L16_beta30.5978=0.5980 val_L16_beta33.325=0.5056 val_L16_beta34.3422=0.5166 val_L16_beta38.5957=0.4366 val_L16_beta39.6475=0.4766 val_L16_beta47.0386=0.4931 val_L16_beta47.4228=0.5608 val_L16_beta54.11=0.3649 val_L16_beta56.1944=0.5051 val_L16_beta57.2189=0.4329 val_L32_beta2.1926=0.9037 val_L32_beta2.4697=0.9137 val_L32_beta2.8622=0.6808 val_L32_beta4.994=0.5378 val_L32_beta8.069=0.5284 val_L32_beta11.2015=0.6737 val_L32_beta12.3504=0.6158 val_L32_beta12.688=0.7250 val_L32_beta14.1441=0.5780 val_L32_beta18.0708=0.3430 val_L32_beta18.6487=0.3791 val_L32_beta52.6284=0.5286 val_L8_beta1.4347=0.5065 val_L8_beta1.4977=0.7178 val_L8_beta1.7872=0.6198 val_L8_beta1.9783=0.6092 val_L8_beta2.4006=0.6520 val_L8_beta2.4786=0.7389 val_L32_beta2.0799=0.7076 val_L32_beta2.4378=0.7081 val_L32_beta2.5092=0.6259 val_L32_beta4.0939=0.6055 val_L32_beta4.2586=0.5373 val_L32_beta4.2761=0.6523 val_L32_beta5.2987=0.6142 val_L32_beta5.7905=0.5798 val_L32_beta6.1747=0.5407 val_L32_beta8.7467=0.7683 val_L32_beta8.9764=0.6123 val_L32_beta9.3874=0.4416 val_L32_beta9.5767=0.6160 val_L32_beta9.6729=0.6483 val_L32_beta10.8745=0.6579 val_L32_beta11.9792=0.6551 val_L32_beta25.9011=0.5103 val_L32_beta30.6638=0.4676 val_L32_beta31.4382=0.4346 val_L32_beta40.9956=0.4458 val_L32_beta43.8647=0.5948 val_L32_beta44.3339=0.4431 val_L32_beta44.5075=0.4888 val_L32_beta50.1987=0.4185 val_total=61.9276
heldout losses: {'heldout_L16_beta20': 0.4890117943286896}
checkpoint: out/u1_2d/checkpoints/score_net_big.pt
history:    out/u1_2d/checkpoints/history_big.json
[2026-08-08 10:19:22] STAGE_TRAIN_DONE (59.0 min)
[2026-08-08 10:19:22] STAGE_VERIFY_BASE_START: C:\Users\ompan\Desktop\Lattice QCD\inverse_rg_testing\.venv\Scripts\python.exe C:\Users\ompan\Desktop\Lattice QCD\inverse_rg_testing\u1_2d\scripts\19_ode_reweighting.py --config u1_2d/configs/v3_scale.yaml --checkpoint C:\Users\ompan\Desktop\Lattice QCD\inverse_rg_testing\out\u1_2d\checkpoints\score_net_big.pt --cases 16:14.1464 16:55.0237 32:55.0237 32:218.58 --out C:\Users\ompan\Desktop\Lattice QCD\inverse_rg_testing\out\u1_2d\ess_chain\verify_big_base
case L=16 beta=14.1464 ...
  {"n": 64, "ess_per_n": 0.02274942398071289, "log_weight_std": 15.608572006225586, "log_weight_range": 69.50927734375, "ess_per_n_fiber": 0.01666165702044964, "log_weight_std_fiber": 14.983489990234375, "log_weight_range_fiber": 68.6123046875, "free_energy_certificate": {"log_mean_w": 3319.0333651708274, "exact_delta_F": 3835.243320031347, "gap": -516.2099548605197, "sem": 0.9678812162676402, "n": 64, "kl_from_mean_log_w": 538.4566188289546, "kl_sem": 1.8729362261750186, "kl_per_site": 1.0516730836503019}, "fine_L": 16, "fine_beta": 14.1464, "coarse_L": 8, "coarse_beta": 3.9999887248909847, "imh_acceptance": 0.047619047619047616, "seconds_hmc_base": 5.7, "seconds_ode_sample": 87.4, "ode_steps": 120, "n_probes": 2}
case L=16 beta=55.0237 ...
  {"n": 64, "ess_per_n": 0.015880806371569633, "log_weight_std": 32.11294937133789, "log_weight_range": 167.625, "ess_per_n_fiber": 0.015794482082128525, "log_weight_std_fiber": 32.7393684387207, "log_weight_range_fiber": 174.51953125, "free_energy_certificate": {"log_mean_w": 12947.802574947766, "exact_delta_F": 13517.04287315473, "gap": -569.2402982069652, "sem": 0.9945345175908614, "n": 64, "kl_from_mean_log_w": 607.5125844584418, "kl_sem": 4.092420822909258, "kl_per_site": 1.186548016520394}, "fine_L": 16, "fine_beta": 55.0237, "coarse_L": 8, "coarse_beta": 14.146404977472109, "imh_acceptance": 0.031746031746031744, "seconds_hmc_base": 20.8, "seconds_ode_sample": 86.8, "ode_steps": 120, "n_probes": 2}
case L=32 beta=55.0237 ...
  {"n": 64, "ess_per_n": 0.015625569969415665, "log_weight_std": 59.36550521850586, "log_weight_range": 276.3671875, "ess_per_n_fiber": 0.02617468871176243, "log_weight_std_fiber": 56.8982048034668, "log_weight_range_fiber": 287.75390625, "free_energy_certificate": {"log_mean_w": 51706.188914211896, "exact_delta_F": 54068.17150017254, "gap": -2361.9825859606426, "sem": 0.7684745892136566, "n": 64, "kl_from_mean_log_w": 2445.836111988945, "kl_sem": 7.1122758366468455, "kl_per_site": 1.194255914057102}, "fine_L": 32, "fine_beta": 55.0237, "coarse_L": 16, "coarse_beta": 14.146404977472109, "imh_acceptance": 0.031746031746031744, "seconds_hmc_base": 22.3, "seconds_ode_sample": 92.3, "ode_steps": 120, "n_probes": 2}
case L=32 beta=218.58 ...
  {"n": 64, "ess_per_n": 0.01562616601586342, "log_weight_std": 155.6634063720703, "log_weight_range": 899.953125, "ess_per_n_fiber": 0.01562628149986267, "log_weight_std_fiber": 153.66845703125, "log_weight_range_fiber": 894.5625, "free_energy_certificate": {"log_mean_w": 207649.84115786647, "exact_delta_F": 210552.8657004265, "gap": -2903.024542560044, "sem": 0.9999584018112964, "n": 64, "kl_from_mean_log_w": 3066.1425558952615, "kl_sem": 19.20855770594741, "kl_per_site": 1.4971399198707331}, "fine_L": 32, "fine_beta": 218.58, "coarse_L": 16, "coarse_beta": 55.02364659738549, "imh_acceptance": 0.047619047619047616, "seconds_hmc_base": 152.7, "seconds_ode_sample": 84.3, "ode_steps": 120, "n_probes": 2}
wrote C:\Users\ompan\Desktop\Lattice QCD\inverse_rg_testing\out\u1_2d\ess_chain\verify_big_base\report.md
[2026-08-08 10:28:46] STAGE_VERIFY_BASE_DONE (9.4 min)
[2026-08-08 10:28:46] STAGE_RKL_START: C:\Users\ompan\Desktop\Lattice QCD\inverse_rg_testing\.venv\Scripts\python.exe C:\Users\ompan\Desktop\Lattice QCD\inverse_rg_testing\u1_2d\scripts\22_multicase_rkl.py --config u1_2d/configs/v3_scale.yaml --checkpoint C:\Users\ompan\Desktop\Lattice QCD\inverse_rg_testing\out\u1_2d\checkpoints\score_net_big.pt --out-checkpoint C:\Users\ompan\Desktop\Lattice QCD\inverse_rg_testing\out\u1_2d\checkpoints\score_net_big_rkl.pt --steps 300
pool 16:14.1464: 320 coarse @ beta_c=4.000 (7s)
pool 16:55.0237: 320 coarse @ beta_c=14.146 (26s)
pool 32:55.0237: 192 coarse @ beta_c=14.146 (23s)
pool 32:218.58: 128 coarse @ beta_c=55.024 (148s)
{"step": 0, "16:14.1464": {"ess": 0.03125026822090149, "log_w_std": 15.057703018188477, "mean_Q": -0.4375, "mean_Q2": 0.9375}, "16:55.0237": {"ess": 0.03404328599572182, "log_w_std": 27.994670867919922, "mean_Q": -0.0625, "mean_Q2": 0.625}, "32:55.0237": {"ess": 0.0625, "log_w_std": 36.22795867919922, "mean_Q": -0.0625, "mean_Q2": 2.8125}, "monitors": {"32:218.58": {"ess": 0.0625, "log_w_std": 196.1262664794922, "mean_Q": -1.4375, "mean_Q2": 2.5625}}, "mean_train_ess": 0.0425978514055411}
C:\Users\ompan\Desktop\Lattice QCD\inverse_rg_testing\u1_2d\scripts\22_multicase_rkl.py:253: UserWarning: Converting a tensor with requires_grad=True to a scalar may lead to unexpected behavior.
Consider using tensor.detach() first. (Triggered internally at C:\actions-runner\_work\pytorch\pytorch\pytorch\torch\csrc\autograd\generated\python_variable_methods.cpp:837.)
  "loss_rkl_per_dof": float(loss_rkl),
{"step": 1, "case": "16:14.1464", "loss_rkl_per_dof": -6.834381103515625, "loss_dsm": 0.43932458758354187, "seconds": 6.7}
{"step": 2, "case": "16:55.0237", "loss_rkl_per_dof": -26.98204231262207, "loss_dsm": 0.5769674777984619, "seconds": 5.6}
{"step": 3, "case": "32:55.0237", "loss_rkl_per_dof": -26.951709747314453, "loss_dsm": 0.5864980220794678, "seconds": 6.7}
{"step": 4, "case": "16:14.1464", "loss_rkl_per_dof": -6.865513801574707, "loss_dsm": 0.5103135108947754, "seconds": 5.7}
{"step": 5, "case": "16:55.0237", "loss_rkl_per_dof": -26.942378997802734, "loss_dsm": 0.5047239065170288, "seconds": 5.9}
{"step": 6, "case": "32:55.0237", "loss_rkl_per_dof": -26.96763801574707, "loss_dsm": 0.7008557319641113, "seconds": 5.9}
{"step": 7, "case": "16:14.1464", "loss_rkl_per_dof": -6.877967834472656, "loss_dsm": 0.5769690275192261, "seconds": 5.9}
{"step": 8, "case": "16:55.0237", "loss_rkl_per_dof": -26.944459915161133, "loss_dsm": 0.665212869644165, "seconds": 5.7}
{"step": 9, "case": "32:55.0237", "loss_rkl_per_dof": -26.929969787597656, "loss_dsm": 0.732024073600769, "seconds": 5.8}
{"step": 10, "case": "16:14.1464", "loss_rkl_per_dof": -6.870235443115234, "loss_dsm": 0.653182864189148, "seconds": 5.5}
{"step": 11, "case": "16:55.0237", "loss_rkl_per_dof": -26.95966339111328, "loss_dsm": 0.5948258638381958, "seconds": 5.4}
{"step": 12, "case": "32:55.0237", "loss_rkl_per_dof": -26.953006744384766, "loss_dsm": 0.6787508726119995, "seconds": 5.5}
{"step": 13, "case": "16:14.1464", "loss_rkl_per_dof": -6.845015048980713, "loss_dsm": 0.5161474943161011, "seconds": 5.7}
{"step": 14, "case": "16:55.0237", "loss_rkl_per_dof": -27.022613525390625, "loss_dsm": 0.43170371651649475, "seconds": 5.7}
{"step": 15, "case": "32:55.0237", "loss_rkl_per_dof": -26.915523529052734, "loss_dsm": 0.5929805040359497, "seconds": 5.5}
{"step": 16, "case": "16:14.1464", "loss_rkl_per_dof": -6.891559600830078, "loss_dsm": 0.6540606617927551, "seconds": 5.7}
{"step": 17, "case": "16:55.0237", "loss_rkl_per_dof": -26.971012115478516, "loss_dsm": 0.5575379133224487, "seconds": 5.4}
{"step": 18, "case": "32:55.0237", "loss_rkl_per_dof": -26.885997772216797, "loss_dsm": 0.6295095086097717, "seconds": 5.9}
{"step": 19, "case": "16:14.1464", "loss_rkl_per_dof": -6.88413143157959, "loss_dsm": 0.5466243028640747, "seconds": 5.7}
{"step": 20, "case": "16:55.0237", "loss_rkl_per_dof": -26.985750198364258, "loss_dsm": 0.5832688808441162, "seconds": 5.9}
{"step": 21, "case": "32:55.0237", "loss_rkl_per_dof": -26.961441040039062, "loss_dsm": 0.7225042581558228, "seconds": 5.8}
{"step": 22, "case": "16:14.1464", "loss_rkl_per_dof": -6.912747383117676, "loss_dsm": 0.5078821182250977, "seconds": 5.7}
{"step": 23, "case": "16:55.0237", "loss_rkl_per_dof": -26.972360610961914, "loss_dsm": 0.477098673582077, "seconds": 5.8}
{"step": 24, "case": "32:55.0237", "loss_rkl_per_dof": -26.972938537597656, "loss_dsm": 0.577346920967102, "seconds": 6.0}
{"step": 25, "case": "16:14.1464", "loss_rkl_per_dof": -6.874972343444824, "loss_dsm": 0.5684207677841187, "seconds": 5.8}
{"step": 26, "case": "16:55.0237", "loss_rkl_per_dof": -26.880037307739258, "loss_dsm": 0.6075472831726074, "seconds": 5.7}
{"step": 27, "case": "32:55.0237", "loss_rkl_per_dof": -26.986377716064453, "loss_dsm": 0.6328761577606201, "seconds": 5.8}
{"step": 28, "case": "16:14.1464", "loss_rkl_per_dof": -6.88706111907959, "loss_dsm": 0.5805423259735107, "seconds": 5.5}
{"step": 29, "case": "16:55.0237", "loss_rkl_per_dof": -26.971675872802734, "loss_dsm": 0.5026594400405884, "seconds": 5.9}
{"step": 30, "case": "32:55.0237", "loss_rkl_per_dof": -26.933238983154297, "loss_dsm": 0.5894039869308472, "seconds": 5.6}
{"step": 31, "case": "16:14.1464", "loss_rkl_per_dof": -6.901325702667236, "loss_dsm": 0.6056488156318665, "seconds": 5.8}
{"step": 32, "case": "16:55.0237", "loss_rkl_per_dof": -26.969425201416016, "loss_dsm": 0.5767419934272766, "seconds": 5.6}
{"step": 33, "case": "32:55.0237", "loss_rkl_per_dof": -26.961841583251953, "loss_dsm": 0.6637383699417114, "seconds": 5.9}
{"step": 34, "case": "16:14.1464", "loss_rkl_per_dof": -6.902326583862305, "loss_dsm": 0.577350378036499, "seconds": 5.5}
{"step": 35, "case": "16:55.0237", "loss_rkl_per_dof": -26.976299285888672, "loss_dsm": 0.48846936225891113, "seconds": 5.7}
{"step": 36, "case": "32:55.0237", "loss_rkl_per_dof": -26.945404052734375, "loss_dsm": 0.6757341623306274, "seconds": 5.7}
{"step": 37, "case": "16:14.1464", "loss_rkl_per_dof": -6.867892742156982, "loss_dsm": 0.6518100500106812, "seconds": 6.0}
{"step": 38, "case": "16:55.0237", "loss_rkl_per_dof": -26.989578247070312, "loss_dsm": 0.4744754135608673, "seconds": 5.9}
{"step": 39, "case": "32:55.0237", "loss_rkl_per_dof": -27.011951446533203, "loss_dsm": 0.6597062349319458, "seconds": 6.0}
{"step": 40, "case": "16:14.1464", "loss_rkl_per_dof": -6.910605430603027, "loss_dsm": 0.5901622772216797, "seconds": 5.8}
{"step": 41, "case": "16:55.0237", "loss_rkl_per_dof": -26.928443908691406, "loss_dsm": 0.6002707481384277, "seconds": 5.7}
{"step": 42, "case": "32:55.0237", "loss_rkl_per_dof": -26.976882934570312, "loss_dsm": 0.5977355241775513, "seconds": 6.0}
{"step": 43, "case": "16:14.1464", "loss_rkl_per_dof": -6.909881591796875, "loss_dsm": 0.6629464626312256, "seconds": 6.2}
{"step": 44, "case": "16:55.0237", "loss_rkl_per_dof": -27.015613555908203, "loss_dsm": 0.6055072546005249, "seconds": 6.2}
{"step": 45, "case": "32:55.0237", "loss_rkl_per_dof": -26.937881469726562, "loss_dsm": 0.6872611045837402, "seconds": 5.9}
{"step": 46, "case": "16:14.1464", "loss_rkl_per_dof": -6.918885707855225, "loss_dsm": 0.7230411767959595, "seconds": 6.3}
{"step": 47, "case": "16:55.0237", "loss_rkl_per_dof": -26.941091537475586, "loss_dsm": 0.6569188833236694, "seconds": 5.8}
{"step": 48, "case": "32:55.0237", "loss_rkl_per_dof": -26.978382110595703, "loss_dsm": 0.6323760747909546, "seconds": 6.4}
{"step": 49, "case": "16:14.1464", "loss_rkl_per_dof": -6.882672309875488, "loss_dsm": 0.7185655832290649, "seconds": 5.8}
{"step": 50, "case": "16:55.0237", "loss_rkl_per_dof": -26.904916763305664, "loss_dsm": 0.5943576693534851, "seconds": 6.0, "16:14.1464": {"ess": 0.07477132230997086, "log_w_std": 18.912948608398438, "mean_Q": -0.25, "mean_Q2": 1.125}, "16:55.0237": {"ess": 0.031250037252902985, "log_w_std": 35.31058120727539, "mean_Q": -0.15625, "mean_Q2": 0.65625}, "32:55.0237": {"ess": 0.06445015966892242, "log_w_std": 119.55066680908203, "mean_Q": -0.6875, "mean_Q2": 3.8125}, "monitors": {"32:218.58": {"ess": 0.0625, "log_w_std": 252.17935180664062, "mean_Q": -0.875, "mean_Q2": 5.125}}, "mean_train_ess": 0.05682383974393209, "saved": "C:\\Users\\ompan\\Desktop\\Lattice QCD\\inverse_rg_testing\\out\\u1_2d\\checkpoints\\score_net_big_rkl.pt"}
{"step": 51, "case": "32:55.0237", "loss_rkl_per_dof": -26.90159034729004, "loss_dsm": 0.6272058486938477, "seconds": 6.2}
{"step": 52, "case": "16:14.1464", "loss_rkl_per_dof": -6.87766170501709, "loss_dsm": 0.6278189420700073, "seconds": 6.4}
{"step": 53, "case": "16:55.0237", "loss_rkl_per_dof": -26.906993865966797, "loss_dsm": 0.5758656859397888, "seconds": 6.1}
{"step": 54, "case": "32:55.0237", "loss_rkl_per_dof": -26.933900833129883, "loss_dsm": 0.5348472595214844, "seconds": 6.0}
{"step": 55, "case": "16:14.1464", "loss_rkl_per_dof": -6.936751842498779, "loss_dsm": 0.5878549218177795, "seconds": 5.8}
{"step": 56, "case": "16:55.0237", "loss_rkl_per_dof": -26.966144561767578, "loss_dsm": 0.6745303273200989, "seconds": 5.9}
{"step": 57, "case": "32:55.0237", "loss_rkl_per_dof": -26.924358367919922, "loss_dsm": 0.6314569711685181, "seconds": 5.8}
{"step": 58, "case": "16:14.1464", "loss_rkl_per_dof": -6.8744072914123535, "loss_dsm": 0.732666015625, "seconds": 5.8}
{"step": 59, "case": "16:55.0237", "loss_rkl_per_dof": -26.922697067260742, "loss_dsm": 0.6206021308898926, "seconds": 5.6}
{"step": 60, "case": "32:55.0237", "loss_rkl_per_dof": -26.958341598510742, "loss_dsm": 0.5667509436607361, "seconds": 5.7}
{"step": 61, "case": "16:14.1464", "loss_rkl_per_dof": -6.924421787261963, "loss_dsm": 0.6627500057220459, "seconds": 5.5}
{"step": 62, "case": "16:55.0237", "loss_rkl_per_dof": -27.015270233154297, "loss_dsm": 0.5324307680130005, "seconds": 5.8}
{"step": 63, "case": "32:55.0237", "loss_rkl_per_dof": -26.957618713378906, "loss_dsm": 0.6229833364486694, "seconds": 5.4}
{"step": 64, "case": "16:14.1464", "loss_rkl_per_dof": -6.933310508728027, "loss_dsm": 0.6303007006645203, "seconds": 5.8}
{"step": 65, "case": "16:55.0237", "loss_rkl_per_dof": -26.977731704711914, "loss_dsm": 0.6518951654434204, "seconds": 5.2}
{"step": 66, "case": "32:55.0237", "loss_rkl_per_dof": -27.022228240966797, "loss_dsm": 0.5570906400680542, "seconds": 5.6}
{"step": 67, "case": "16:14.1464", "loss_rkl_per_dof": -6.927759647369385, "loss_dsm": 0.5255937576293945, "seconds": 5.6}
{"step": 68, "case": "16:55.0237", "loss_rkl_per_dof": -27.004636764526367, "loss_dsm": 0.6346997022628784, "seconds": 5.7}
{"step": 69, "case": "32:55.0237", "loss_rkl_per_dof": -27.025957107543945, "loss_dsm": 0.549149751663208, "seconds": 5.7}
{"step": 70, "case": "16:14.1464", "loss_rkl_per_dof": -6.907803535461426, "loss_dsm": 0.58610600233078, "seconds": 5.7}
{"step": 71, "case": "16:55.0237", "loss_rkl_per_dof": -26.960819244384766, "loss_dsm": 0.5495937466621399, "seconds": 5.5}
{"step": 72, "case": "32:55.0237", "loss_rkl_per_dof": -27.017101287841797, "loss_dsm": 0.6434818506240845, "seconds": 5.6}
{"step": 73, "case": "16:14.1464", "loss_rkl_per_dof": -6.924136161804199, "loss_dsm": 0.7176073789596558, "seconds": 5.6}
{"step": 74, "case": "16:55.0237", "loss_rkl_per_dof": -27.051950454711914, "loss_dsm": 0.713119626045227, "seconds": 5.5}
{"step": 75, "case": "32:55.0237", "loss_rkl_per_dof": -27.043262481689453, "loss_dsm": 0.6300046443939209, "seconds": 5.7}
{"step": 76, "case": "16:14.1464", "loss_rkl_per_dof": -6.901029586791992, "loss_dsm": 0.655004620552063, "seconds": 5.6}
{"step": 77, "case": "16:55.0237", "loss_rkl_per_dof": -26.94830322265625, "loss_dsm": 0.6602107286453247, "seconds": 5.5}
{"step": 78, "case": "32:55.0237", "loss_rkl_per_dof": -27.01374626159668, "loss_dsm": 0.6900869607925415, "seconds": 5.6}
{"step": 79, "case": "16:14.1464", "loss_rkl_per_dof": -6.9106550216674805, "loss_dsm": 0.5896055698394775, "seconds": 5.6}
{"step": 80, "case": "16:55.0237", "loss_rkl_per_dof": -26.965312957763672, "loss_dsm": 0.5776967406272888, "seconds": 5.4}
{"step": 81, "case": "32:55.0237", "loss_rkl_per_dof": -27.05716323852539, "loss_dsm": 0.6152760982513428, "seconds": 5.6}
{"step": 82, "case": "16:14.1464", "loss_rkl_per_dof": -6.9454851150512695, "loss_dsm": 0.6672137975692749, "seconds": 5.6}
{"step": 83, "case": "16:55.0237", "loss_rkl_per_dof": -26.96626853942871, "loss_dsm": 0.561598539352417, "seconds": 5.4}
{"step": 84, "case": "32:55.0237", "loss_rkl_per_dof": -26.98580551147461, "loss_dsm": 0.623894453048706, "seconds": 5.5}
{"step": 85, "case": "16:14.1464", "loss_rkl_per_dof": -6.884491920471191, "loss_dsm": 0.5263798832893372, "seconds": 5.4}
{"step": 86, "case": "16:55.0237", "loss_rkl_per_dof": -27.079681396484375, "loss_dsm": 0.6444631218910217, "seconds": 5.7}
{"step": 87, "case": "32:55.0237", "loss_rkl_per_dof": -27.053829193115234, "loss_dsm": 0.5580475330352783, "seconds": 5.5}
{"step": 88, "case": "16:14.1464", "loss_rkl_per_dof": -6.926339149475098, "loss_dsm": 0.699495792388916, "seconds": 5.6}
{"step": 89, "case": "16:55.0237", "loss_rkl_per_dof": -27.042585372924805, "loss_dsm": 0.6369019746780396, "seconds": 5.8}
{"step": 90, "case": "32:55.0237", "loss_rkl_per_dof": -27.041112899780273, "loss_dsm": 0.5658524036407471, "seconds": 5.7}
{"step": 91, "case": "16:14.1464", "loss_rkl_per_dof": -6.936551094055176, "loss_dsm": 0.7220121622085571, "seconds": 5.5}
{"step": 92, "case": "16:55.0237", "loss_rkl_per_dof": -27.05147933959961, "loss_dsm": 0.6380225419998169, "seconds": 5.8}
{"step": 93, "case": "32:55.0237", "loss_rkl_per_dof": -27.055736541748047, "loss_dsm": 0.6534186005592346, "seconds": 5.5}
{"step": 94, "case": "16:14.1464", "loss_rkl_per_dof": -6.943463325500488, "loss_dsm": 0.6948490142822266, "seconds": 5.6}
{"step": 95, "case": "16:55.0237", "loss_rkl_per_dof": -27.06940460205078, "loss_dsm": 0.7404491305351257, "seconds": 5.7}
{"step": 96, "case": "32:55.0237", "loss_rkl_per_dof": -27.07723045349121, "loss_dsm": 0.6314420700073242, "seconds": 5.6}
{"step": 97, "case": "16:14.1464", "loss_rkl_per_dof": -6.963237762451172, "loss_dsm": 0.5359047651290894, "seconds": 5.5}
{"step": 98, "case": "16:55.0237", "loss_rkl_per_dof": -27.06394386291504, "loss_dsm": 0.7395745515823364, "seconds": 5.2}
{"step": 99, "case": "32:55.0237", "loss_rkl_per_dof": -27.03316879272461, "loss_dsm": 0.7647038102149963, "seconds": 5.7}
{"step": 100, "case": "16:14.1464", "loss_rkl_per_dof": -6.963691711425781, "loss_dsm": 0.5833501815795898, "seconds": 5.7, "16:14.1464": {"ess": 0.03860560059547424, "log_w_std": 22.152284622192383, "mean_Q": -0.21875, "mean_Q2": 2.03125}, "16:55.0237": {"ess": 0.03125, "log_w_std": 45.30913543701172, "mean_Q": -0.15625, "mean_Q2": 0.78125}, "32:55.0237": {"ess": 0.06250008940696716, "log_w_std": 57.07411193847656, "mean_Q": -0.75, "mean_Q2": 2.25}, "monitors": {"32:218.58": {"ess": 0.0625, "log_w_std": 542.0436401367188, "mean_Q": -1.1875, "mean_Q2": 5.8125}}, "mean_train_ess": 0.04411856333414713, "monitor_guard_blocked": ["32:218.58"]}
{"step": 101, "case": "16:55.0237", "loss_rkl_per_dof": -27.04420280456543, "loss_dsm": 0.5768164992332458, "seconds": 5.8}
{"step": 102, "case": "32:55.0237", "loss_rkl_per_dof": -27.049732208251953, "loss_dsm": 0.6673280596733093, "seconds": 5.6}
{"step": 103, "case": "16:14.1464", "loss_rkl_per_dof": -6.919756889343262, "loss_dsm": 0.6423656940460205, "seconds": 5.7}
{"step": 104, "case": "16:55.0237", "loss_rkl_per_dof": -27.029144287109375, "loss_dsm": 0.6369274854660034, "seconds": 5.6}
{"step": 105, "case": "32:55.0237", "loss_rkl_per_dof": -27.04360580444336, "loss_dsm": 0.6149479746818542, "seconds": 5.7}
{"step": 106, "case": "16:14.1464", "loss_rkl_per_dof": -6.898271560668945, "loss_dsm": 0.5701253414154053, "seconds": 5.6}
{"step": 107, "case": "16:55.0237", "loss_rkl_per_dof": -27.04971694946289, "loss_dsm": 0.6449013948440552, "seconds": 5.6}
{"step": 108, "case": "32:55.0237", "loss_rkl_per_dof": -27.06559181213379, "loss_dsm": 0.5887264013290405, "seconds": 5.4}
{"step": 109, "case": "16:14.1464", "loss_rkl_per_dof": -6.950074672698975, "loss_dsm": 0.5460755825042725, "seconds": 5.7}
{"step": 110, "case": "16:55.0237", "loss_rkl_per_dof": -27.007102966308594, "loss_dsm": 0.5948694944381714, "seconds": 5.6}
{"step": 111, "case": "32:55.0237", "loss_rkl_per_dof": -27.053958892822266, "loss_dsm": 0.585841178894043, "seconds": 5.7}
{"step": 112, "case": "16:14.1464", "loss_rkl_per_dof": -6.900389671325684, "loss_dsm": 0.4078086316585541, "seconds": 5.5}
{"step": 113, "case": "16:55.0237", "loss_rkl_per_dof": -27.028438568115234, "loss_dsm": 0.5540619492530823, "seconds": 5.7}
{"step": 114, "case": "32:55.0237", "loss_rkl_per_dof": -27.037246704101562, "loss_dsm": 0.49977660179138184, "seconds": 5.8}
{"step": 115, "case": "16:14.1464", "loss_rkl_per_dof": -6.920536994934082, "loss_dsm": 0.5970549583435059, "seconds": 5.4}
{"step": 116, "case": "16:55.0237", "loss_rkl_per_dof": -27.056800842285156, "loss_dsm": 0.5292819738388062, "seconds": 5.6}
{"step": 117, "case": "32:55.0237", "loss_rkl_per_dof": -27.068233489990234, "loss_dsm": 0.65285325050354, "seconds": 5.6}
{"step": 118, "case": "16:14.1464", "loss_rkl_per_dof": -6.886878967285156, "loss_dsm": 0.5852473378181458, "seconds": 6.0}
{"step": 119, "case": "16:55.0237", "loss_rkl_per_dof": -27.036869049072266, "loss_dsm": 0.5462760925292969, "seconds": 6.0}
{"step": 120, "case": "32:55.0237", "loss_rkl_per_dof": -27.016674041748047, "loss_dsm": 0.6058133840560913, "seconds": 5.9}
{"step": 121, "case": "16:14.1464", "loss_rkl_per_dof": -6.959748268127441, "loss_dsm": 0.7350825071334839, "seconds": 5.6}
{"step": 122, "case": "16:55.0237", "loss_rkl_per_dof": -27.078800201416016, "loss_dsm": 0.45500448346138, "seconds": 5.8}
{"step": 123, "case": "32:55.0237", "loss_rkl_per_dof": -27.090394973754883, "loss_dsm": 0.7402703762054443, "seconds": 5.7}
{"step": 124, "case": "16:14.1464", "loss_rkl_per_dof": -6.95150089263916, "loss_dsm": 0.7132444381713867, "seconds": 5.5}
{"step": 125, "case": "16:55.0237", "loss_rkl_per_dof": -27.085914611816406, "loss_dsm": 0.7360038757324219, "seconds": 5.4}
{"step": 126, "case": "32:55.0237", "loss_rkl_per_dof": -27.04957389831543, "loss_dsm": 0.5729473233222961, "seconds": 5.4}
{"step": 127, "case": "16:14.1464", "loss_rkl_per_dof": -6.956713676452637, "loss_dsm": 0.7795109748840332, "seconds": 5.7}
{"step": 128, "case": "16:55.0237", "loss_rkl_per_dof": -27.06499481201172, "loss_dsm": 0.5748659372329712, "seconds": 5.4}
{"step": 129, "case": "32:55.0237", "loss_rkl_per_dof": -27.07588768005371, "loss_dsm": 0.7175599932670593, "seconds": 5.8}
{"step": 130, "case": "16:14.1464", "loss_rkl_per_dof": -6.968427658081055, "loss_dsm": 0.4250614047050476, "seconds": 5.4}
{"step": 131, "case": "16:55.0237", "loss_rkl_per_dof": -27.027809143066406, "loss_dsm": 0.4445537030696869, "seconds": 5.6}
{"step": 132, "case": "32:55.0237", "loss_rkl_per_dof": -27.063671112060547, "loss_dsm": 0.6018948554992676, "seconds": 5.5}
{"step": 133, "case": "16:14.1464", "loss_rkl_per_dof": -6.94525671005249, "loss_dsm": 0.6769739389419556, "seconds": 5.8}
{"step": 134, "case": "16:55.0237", "loss_rkl_per_dof": -27.06861114501953, "loss_dsm": 0.7372300624847412, "seconds": 5.6}
{"step": 135, "case": "32:55.0237", "loss_rkl_per_dof": -27.090652465820312, "loss_dsm": 0.5223743319511414, "seconds": 5.7}
{"step": 136, "case": "16:14.1464", "loss_rkl_per_dof": -6.9455156326293945, "loss_dsm": 0.6394941210746765, "seconds": 5.8}
{"step": 137, "case": "16:55.0237", "loss_rkl_per_dof": -27.03703498840332, "loss_dsm": 0.5938755869865417, "seconds": 5.5}
{"step": 138, "case": "32:55.0237", "loss_rkl_per_dof": -27.101837158203125, "loss_dsm": 0.5391693115234375, "seconds": 5.7}
{"step": 139, "case": "16:14.1464", "loss_rkl_per_dof": -6.951075553894043, "loss_dsm": 0.5579637885093689, "seconds": 5.9}
{"step": 140, "case": "16:55.0237", "loss_rkl_per_dof": -27.129680633544922, "loss_dsm": 0.5832407474517822, "seconds": 6.0}
{"step": 141, "case": "32:55.0237", "loss_rkl_per_dof": -27.066143035888672, "loss_dsm": 0.6239688396453857, "seconds": 5.8}
{"step": 142, "case": "16:14.1464", "loss_rkl_per_dof": -6.938945293426514, "loss_dsm": 0.5680723190307617, "seconds": 5.7}
{"step": 143, "case": "16:55.0237", "loss_rkl_per_dof": -27.120471954345703, "loss_dsm": 0.6471695303916931, "seconds": 5.7}
{"step": 144, "case": "32:55.0237", "loss_rkl_per_dof": -27.05890464782715, "loss_dsm": 0.6219987869262695, "seconds": 5.9}
{"step": 145, "case": "16:14.1464", "loss_rkl_per_dof": -6.959628582000732, "loss_dsm": 0.6281939744949341, "seconds": 5.5}
{"step": 146, "case": "16:55.0237", "loss_rkl_per_dof": -27.14567756652832, "loss_dsm": 0.7284344434738159, "seconds": 6.0}
{"step": 147, "case": "32:55.0237", "loss_rkl_per_dof": -27.10845184326172, "loss_dsm": 0.6069263219833374, "seconds": 5.7}
{"step": 148, "case": "16:14.1464", "loss_rkl_per_dof": -6.968836784362793, "loss_dsm": 0.5324982404708862, "seconds": 5.7}
{"step": 149, "case": "16:55.0237", "loss_rkl_per_dof": -27.130964279174805, "loss_dsm": 0.7256413698196411, "seconds": 5.7}
{"step": 150, "case": "32:55.0237", "loss_rkl_per_dof": -27.070987701416016, "loss_dsm": 0.6354982256889343, "seconds": 5.7, "16:14.1464": {"ess": 0.06455084681510925, "log_w_std": 21.89678955078125, "mean_Q": -0.34375, "mean_Q2": 1.53125}, "16:55.0237": {"ess": 0.03125, "log_w_std": 23.232194900512695, "mean_Q": -0.15625, "mean_Q2": 0.71875}, "32:55.0237": {"ess": 0.0625, "log_w_std": 42.58195495605469, "mean_Q": 0.25, "mean_Q2": 2.875}, "monitors": {"32:218.58": {"ess": 0.0625, "log_w_std": 635.55810546875, "mean_Q": 0.1875, "mean_Q2": 6.4375}}, "mean_train_ess": 0.05276694893836975, "monitor_guard_blocked": ["32:218.58"]}
{"step": 151, "case": "16:14.1464", "loss_rkl_per_dof": -6.968698024749756, "loss_dsm": 0.5099871158599854, "seconds": 5.6}
{"step": 152, "case": "16:55.0237", "loss_rkl_per_dof": -27.10263442993164, "loss_dsm": 0.5414595007896423, "seconds": 5.8}
{"step": 153, "case": "32:55.0237", "loss_rkl_per_dof": -27.072399139404297, "loss_dsm": 0.5595802068710327, "seconds": 5.7}
{"step": 154, "case": "16:14.1464", "loss_rkl_per_dof": -6.964423656463623, "loss_dsm": 0.6726235747337341, "seconds": 5.9}
{"step": 155, "case": "16:55.0237", "loss_rkl_per_dof": -27.12600326538086, "loss_dsm": 0.5060845613479614, "seconds": 5.8}
{"step": 156, "case": "32:55.0237", "loss_rkl_per_dof": -27.165027618408203, "loss_dsm": 0.5801090002059937, "seconds": 5.9}
{"step": 157, "case": "16:14.1464", "loss_rkl_per_dof": -6.976772308349609, "loss_dsm": 0.6676470041275024, "seconds": 5.3}
{"step": 158, "case": "16:55.0237", "loss_rkl_per_dof": -27.144302368164062, "loss_dsm": 0.6227952241897583, "seconds": 6.1}
{"step": 159, "case": "32:55.0237", "loss_rkl_per_dof": -27.179475784301758, "loss_dsm": 0.5105359554290771, "seconds": 5.9}
{"step": 160, "case": "16:14.1464", "loss_rkl_per_dof": -6.9289398193359375, "loss_dsm": 0.6472899913787842, "seconds": 5.8}
{"step": 161, "case": "16:55.0237", "loss_rkl_per_dof": -27.14281463623047, "loss_dsm": 0.6210571527481079, "seconds": 5.6}
{"step": 162, "case": "32:55.0237", "loss_rkl_per_dof": -27.192066192626953, "loss_dsm": 0.6625950336456299, "seconds": 6.4}
{"step": 163, "case": "16:14.1464", "loss_rkl_per_dof": -6.987876892089844, "loss_dsm": 0.7443497776985168, "seconds": 5.6}
{"step": 164, "case": "16:55.0237", "loss_rkl_per_dof": -27.141849517822266, "loss_dsm": 0.7315772771835327, "seconds": 5.6}
{"step": 165, "case": "32:55.0237", "loss_rkl_per_dof": -27.213756561279297, "loss_dsm": 0.5960360765457153, "seconds": 5.7}
{"step": 166, "case": "16:14.1464", "loss_rkl_per_dof": -6.977324485778809, "loss_dsm": 0.6674304008483887, "seconds": 5.8}
{"step": 167, "case": "16:55.0237", "loss_rkl_per_dof": -27.14977264404297, "loss_dsm": 0.685950517654419, "seconds": 6.0}
{"step": 168, "case": "32:55.0237", "loss_rkl_per_dof": -27.220779418945312, "loss_dsm": 0.592973530292511, "seconds": 5.9}
{"step": 169, "case": "16:14.1464", "loss_rkl_per_dof": -6.993614196777344, "loss_dsm": 0.6239495873451233, "seconds": 6.0}
{"step": 170, "case": "16:55.0237", "loss_rkl_per_dof": -27.160123825073242, "loss_dsm": 0.6860320568084717, "seconds": 5.9}
{"step": 171, "case": "32:55.0237", "loss_rkl_per_dof": -27.24038314819336, "loss_dsm": 0.538526713848114, "seconds": 6.1}
{"step": 172, "case": "16:14.1464", "loss_rkl_per_dof": -6.949996471405029, "loss_dsm": 0.5868433117866516, "seconds": 5.6}
{"step": 173, "case": "16:55.0237", "loss_rkl_per_dof": -27.267492294311523, "loss_dsm": 0.5342251062393188, "seconds": 5.8}
{"step": 174, "case": "32:55.0237", "loss_rkl_per_dof": -27.190731048583984, "loss_dsm": 0.7283032536506653, "seconds": 5.6}
{"step": 175, "case": "16:14.1464", "loss_rkl_per_dof": -6.976526260375977, "loss_dsm": 0.6077337265014648, "seconds": 6.0}
{"step": 176, "case": "16:55.0237", "loss_rkl_per_dof": -27.20309829711914, "loss_dsm": 0.6863733530044556, "seconds": 5.7}
{"step": 177, "case": "32:55.0237", "loss_rkl_per_dof": -27.283252716064453, "loss_dsm": 0.6563494801521301, "seconds": 5.9}
{"step": 178, "case": "16:14.1464", "loss_rkl_per_dof": -6.953096389770508, "loss_dsm": 0.6556376218795776, "seconds": 5.6}
{"step": 179, "case": "16:55.0237", "loss_rkl_per_dof": -27.203426361083984, "loss_dsm": 0.6319594979286194, "seconds": 5.5}
{"step": 180, "case": "32:55.0237", "loss_rkl_per_dof": -27.2636661529541, "loss_dsm": 0.5216498374938965, "seconds": 5.4}
{"step": 181, "case": "16:14.1464", "loss_rkl_per_dof": -6.969725608825684, "loss_dsm": 0.5762511491775513, "seconds": 5.1}
{"step": 182, "case": "16:55.0237", "loss_rkl_per_dof": -27.218353271484375, "loss_dsm": 0.7230930924415588, "seconds": 5.2}
{"step": 183, "case": "32:55.0237", "loss_rkl_per_dof": -27.21230697631836, "loss_dsm": 0.5907719135284424, "seconds": 5.7}
{"step": 184, "case": "16:14.1464", "loss_rkl_per_dof": -6.994738578796387, "loss_dsm": 0.6847734451293945, "seconds": 5.6}
{"step": 185, "case": "16:55.0237", "loss_rkl_per_dof": -27.224201202392578, "loss_dsm": 0.586309552192688, "seconds": 5.3}
{"step": 186, "case": "32:55.0237", "loss_rkl_per_dof": -27.194250106811523, "loss_dsm": 0.6996454000473022, "seconds": 5.5}
{"step": 187, "case": "16:14.1464", "loss_rkl_per_dof": -6.90528678894043, "loss_dsm": 0.7243406772613525, "seconds": 5.3}
{"step": 188, "case": "16:55.0237", "loss_rkl_per_dof": -27.112041473388672, "loss_dsm": 0.6171500086784363, "seconds": 5.6}
{"step": 189, "case": "32:55.0237", "loss_rkl_per_dof": -27.1440486907959, "loss_dsm": 0.6033877730369568, "seconds": 6.1}
{"step": 190, "case": "16:14.1464", "loss_rkl_per_dof": -6.920809268951416, "loss_dsm": 0.627320408821106, "seconds": 5.6}
{"step": 191, "case": "16:55.0237", "loss_rkl_per_dof": -27.15569305419922, "loss_dsm": 0.5810556411743164, "seconds": 5.6}
{"step": 192, "case": "32:55.0237", "loss_rkl_per_dof": -27.113056182861328, "loss_dsm": 0.7339551448822021, "seconds": 5.7}
{"step": 193, "case": "16:14.1464", "loss_rkl_per_dof": -6.925100803375244, "loss_dsm": 0.7008504271507263, "seconds": 5.8}
{"step": 194, "case": "16:55.0237", "loss_rkl_per_dof": -27.19297981262207, "loss_dsm": 0.8171324729919434, "seconds": 5.6}
{"step": 195, "case": "32:55.0237", "loss_rkl_per_dof": -27.21002960205078, "loss_dsm": 0.579303503036499, "seconds": 5.6}
{"step": 196, "case": "16:14.1464", "loss_rkl_per_dof": -6.955620288848877, "loss_dsm": 0.5578392744064331, "seconds": 5.5}
{"step": 197, "case": "16:55.0237", "loss_rkl_per_dof": -27.066070556640625, "loss_dsm": 0.5970815420150757, "seconds": 6.1}
{"step": 198, "case": "32:55.0237", "loss_rkl_per_dof": -27.201976776123047, "loss_dsm": 0.6998778581619263, "seconds": 5.7}
{"step": 199, "case": "16:14.1464", "loss_rkl_per_dof": -6.928241729736328, "loss_dsm": 0.7697397470474243, "seconds": 5.6}
{"step": 200, "case": "16:55.0237", "loss_rkl_per_dof": -27.14513397216797, "loss_dsm": 0.5074225664138794, "seconds": 5.6, "16:14.1464": {"ess": 0.04533631354570389, "log_w_std": 20.257366180419922, "mean_Q": -0.4375, "mean_Q2": 1.4375}, "16:55.0237": {"ess": 0.037240732461214066, "log_w_std": 37.90525817871094, "mean_Q": -0.1875, "mean_Q2": 1.6875}, "32:55.0237": {"ess": 0.06255342066287994, "log_w_std": 94.59838104248047, "mean_Q": -1.0625, "mean_Q2": 7.4375}, "monitors": {"32:218.58": {"ess": 0.0625, "log_w_std": 1031.930908203125, "mean_Q": -0.5625, "mean_Q2": 3.0625}}, "mean_train_ess": 0.04837682222326597, "monitor_guard_blocked": ["32:218.58"]}
{"step": 201, "case": "32:55.0237", "loss_rkl_per_dof": -27.23107147216797, "loss_dsm": 0.6483585238456726, "seconds": 5.8}
{"step": 202, "case": "16:14.1464", "loss_rkl_per_dof": -6.959526062011719, "loss_dsm": 0.6118732690811157, "seconds": 5.5}
{"step": 203, "case": "16:55.0237", "loss_rkl_per_dof": -27.123844146728516, "loss_dsm": 0.4755091667175293, "seconds": 5.9}
{"step": 204, "case": "32:55.0237", "loss_rkl_per_dof": -27.180871963500977, "loss_dsm": 0.7322084903717041, "seconds": 6.0}
{"step": 205, "case": "16:14.1464", "loss_rkl_per_dof": -6.974321365356445, "loss_dsm": 0.5410212874412537, "seconds": 6.0}
{"step": 206, "case": "16:55.0237", "loss_rkl_per_dof": -27.190954208374023, "loss_dsm": 0.5562139749526978, "seconds": 5.8}
{"step": 207, "case": "32:55.0237", "loss_rkl_per_dof": -27.140186309814453, "loss_dsm": 0.6940493583679199, "seconds": 6.0}
{"step": 208, "case": "16:14.1464", "loss_rkl_per_dof": -6.940900802612305, "loss_dsm": 0.6853446960449219, "seconds": 5.7}
{"step": 209, "case": "16:55.0237", "loss_rkl_per_dof": -27.216922760009766, "loss_dsm": 0.6207658052444458, "seconds": 5.8}
{"step": 210, "case": "32:55.0237", "loss_rkl_per_dof": -27.23969268798828, "loss_dsm": 0.5957353115081787, "seconds": 5.8}
{"step": 211, "case": "16:14.1464", "loss_rkl_per_dof": -6.981503486633301, "loss_dsm": 0.4210259020328522, "seconds": 5.9}
{"step": 212, "case": "16:55.0237", "loss_rkl_per_dof": -27.235694885253906, "loss_dsm": 0.6500236988067627, "seconds": 5.8}
{"step": 213, "case": "32:55.0237", "loss_rkl_per_dof": -27.292236328125, "loss_dsm": 0.6482574939727783, "seconds": 6.0}
{"step": 214, "case": "16:14.1464", "loss_rkl_per_dof": -6.975748062133789, "loss_dsm": 0.6195539236068726, "seconds": 5.6}
{"step": 215, "case": "16:55.0237", "loss_rkl_per_dof": -27.302074432373047, "loss_dsm": 0.5802124738693237, "seconds": 5.8}
{"step": 216, "case": "32:55.0237", "loss_rkl_per_dof": -27.21432876586914, "loss_dsm": 0.5782448053359985, "seconds": 5.8}
{"step": 217, "case": "16:14.1464", "loss_rkl_per_dof": -6.932150363922119, "loss_dsm": 0.784065842628479, "seconds": 6.0}
{"step": 218, "case": "16:55.0237", "loss_rkl_per_dof": -27.216564178466797, "loss_dsm": 0.6674762964248657, "seconds": 5.9}
{"step": 219, "case": "32:55.0237", "loss_rkl_per_dof": -27.236732482910156, "loss_dsm": 0.6868492364883423, "seconds": 5.9}
{"step": 220, "case": "16:14.1464", "loss_rkl_per_dof": -6.971311569213867, "loss_dsm": 0.7357590198516846, "seconds": 6.0}
{"step": 221, "case": "16:55.0237", "loss_rkl_per_dof": -27.170785903930664, "loss_dsm": 0.6447926759719849, "seconds": 5.6}
{"step": 222, "case": "32:55.0237", "loss_rkl_per_dof": -27.259906768798828, "loss_dsm": 0.6674461364746094, "seconds": 6.1}
{"step": 223, "case": "16:14.1464", "loss_rkl_per_dof": -6.981391429901123, "loss_dsm": 0.7201822996139526, "seconds": 5.8}
{"step": 224, "case": "16:55.0237", "loss_rkl_per_dof": -27.229862213134766, "loss_dsm": 0.5800281763076782, "seconds": 6.2}
{"step": 225, "case": "32:55.0237", "loss_rkl_per_dof": -27.206289291381836, "loss_dsm": 0.5152260065078735, "seconds": 6.1}
{"step": 226, "case": "16:14.1464", "loss_rkl_per_dof": -6.991296768188477, "loss_dsm": 0.674046516418457, "seconds": 5.9}
{"step": 227, "case": "16:55.0237", "loss_rkl_per_dof": -27.193058013916016, "loss_dsm": 0.6500455141067505, "seconds": 5.8}
{"step": 228, "case": "32:55.0237", "loss_rkl_per_dof": -27.239179611206055, "loss_dsm": 0.5694812536239624, "seconds": 6.0}
{"step": 229, "case": "16:14.1464", "loss_rkl_per_dof": -6.962522029876709, "loss_dsm": 0.7036188244819641, "seconds": 5.6}
{"step": 230, "case": "16:55.0237", "loss_rkl_per_dof": -27.180444717407227, "loss_dsm": 0.526671290397644, "seconds": 5.8}
{"step": 231, "case": "32:55.0237", "loss_rkl_per_dof": -27.24228286743164, "loss_dsm": 0.5304161310195923, "seconds": 5.8}
{"step": 232, "case": "16:14.1464", "loss_rkl_per_dof": -6.906712532043457, "loss_dsm": 0.4614635109901428, "seconds": 5.7}
{"step": 233, "case": "16:55.0237", "loss_rkl_per_dof": -27.263595581054688, "loss_dsm": 0.6494851112365723, "seconds": 5.7}
{"step": 234, "case": "32:55.0237", "loss_rkl_per_dof": -27.19061279296875, "loss_dsm": 0.5024982690811157, "seconds": 5.9}
{"step": 235, "case": "16:14.1464", "loss_rkl_per_dof": -6.93490743637085, "loss_dsm": 0.6204973459243774, "seconds": 5.8}
{"step": 236, "case": "16:55.0237", "loss_rkl_per_dof": -27.24909210205078, "loss_dsm": 0.6435205340385437, "seconds": 5.6}
{"step": 237, "case": "32:55.0237", "loss_rkl_per_dof": -27.279144287109375, "loss_dsm": 0.657302975654602, "seconds": 6.1}
{"step": 238, "case": "16:14.1464", "loss_rkl_per_dof": -6.93917179107666, "loss_dsm": 0.6672230958938599, "seconds": 5.8}
{"step": 239, "case": "16:55.0237", "loss_rkl_per_dof": -27.30735969543457, "loss_dsm": 0.7234603762626648, "seconds": 6.0}
{"step": 240, "case": "32:55.0237", "loss_rkl_per_dof": -27.215011596679688, "loss_dsm": 0.7514721751213074, "seconds": 5.8}
{"step": 241, "case": "16:14.1464", "loss_rkl_per_dof": -6.948853492736816, "loss_dsm": 0.6277154684066772, "seconds": 5.9}
{"step": 242, "case": "16:55.0237", "loss_rkl_per_dof": -27.27206802368164, "loss_dsm": 0.5230908393859863, "seconds": 5.6}
{"step": 243, "case": "32:55.0237", "loss_rkl_per_dof": -27.210506439208984, "loss_dsm": 0.7016735076904297, "seconds": 5.7}
{"step": 244, "case": "16:14.1464", "loss_rkl_per_dof": -6.944474697113037, "loss_dsm": 0.6822971105575562, "seconds": 5.9}
{"step": 245, "case": "16:55.0237", "loss_rkl_per_dof": -27.173124313354492, "loss_dsm": 0.5916019678115845, "seconds": 5.9}
{"step": 246, "case": "32:55.0237", "loss_rkl_per_dof": -27.248348236083984, "loss_dsm": 0.604593813419342, "seconds": 6.1}
{"step": 247, "case": "16:14.1464", "loss_rkl_per_dof": -6.94974422454834, "loss_dsm": 0.5122866630554199, "seconds": 5.7}
{"step": 248, "case": "16:55.0237", "loss_rkl_per_dof": -27.22039031982422, "loss_dsm": 0.629813551902771, "seconds": 5.8}
{"step": 249, "case": "32:55.0237", "loss_rkl_per_dof": -27.301254272460938, "loss_dsm": 0.5625364184379578, "seconds": 5.9}
{"step": 250, "case": "16:14.1464", "loss_rkl_per_dof": -7.004384994506836, "loss_dsm": 0.6577345132827759, "seconds": 6.0, "16:14.1464": {"ess": 0.032187093049287796, "log_w_std": 20.414304733276367, "mean_Q": -0.15625, "mean_Q2": 1.40625}, "16:55.0237": {"ess": 0.03125007450580597, "log_w_std": 31.363035202026367, "mean_Q": -0.34375, "mean_Q2": 1.28125}, "32:55.0237": {"ess": 0.06256312131881714, "log_w_std": 54.27256774902344, "mean_Q": 0.3125, "mean_Q2": 3.9375}, "monitors": {"32:218.58": {"ess": 0.0625, "log_w_std": 1089.70849609375, "mean_Q": 0.5625, "mean_Q2": 5.8125}}, "mean_train_ess": 0.042000096291303635, "monitor_guard_blocked": ["32:218.58"]}
{"step": 251, "case": "16:55.0237", "loss_rkl_per_dof": -27.246625900268555, "loss_dsm": 0.5994613170623779, "seconds": 6.1}
{"step": 252, "case": "32:55.0237", "loss_rkl_per_dof": -27.26630973815918, "loss_dsm": 0.5497238636016846, "seconds": 5.8}
{"step": 253, "case": "16:14.1464", "loss_rkl_per_dof": -6.984514236450195, "loss_dsm": 0.7501736879348755, "seconds": 5.9}
{"step": 254, "case": "16:55.0237", "loss_rkl_per_dof": -27.201953887939453, "loss_dsm": 0.682058572769165, "seconds": 5.8}
{"step": 255, "case": "32:55.0237", "loss_rkl_per_dof": -27.296937942504883, "loss_dsm": 0.7667278051376343, "seconds": 6.0}
{"step": 256, "case": "16:14.1464", "loss_rkl_per_dof": -6.976920127868652, "loss_dsm": 0.6136971712112427, "seconds": 5.8}
{"step": 257, "case": "16:55.0237", "loss_rkl_per_dof": -27.235023498535156, "loss_dsm": 0.3802263140678406, "seconds": 5.7}
{"step": 258, "case": "32:55.0237", "loss_rkl_per_dof": -27.24625015258789, "loss_dsm": 0.7838843464851379, "seconds": 5.9}
{"step": 259, "case": "16:14.1464", "loss_rkl_per_dof": -6.995791912078857, "loss_dsm": 0.5862808227539062, "seconds": 5.7}
{"step": 260, "case": "16:55.0237", "loss_rkl_per_dof": -27.32172203063965, "loss_dsm": 0.602481484413147, "seconds": 5.9}
{"step": 261, "case": "32:55.0237", "loss_rkl_per_dof": -27.232545852661133, "loss_dsm": 0.577970027923584, "seconds": 5.8}
{"step": 262, "case": "16:14.1464", "loss_rkl_per_dof": -6.993808746337891, "loss_dsm": 0.616238534450531, "seconds": 5.9}
{"step": 263, "case": "16:55.0237", "loss_rkl_per_dof": -27.334548950195312, "loss_dsm": 0.6103338003158569, "seconds": 5.8}
{"step": 264, "case": "32:55.0237", "loss_rkl_per_dof": -27.27829360961914, "loss_dsm": 0.7181540131568909, "seconds": 6.0}
{"step": 265, "case": "16:14.1464", "loss_rkl_per_dof": -6.960746765136719, "loss_dsm": 0.6532584428787231, "seconds": 5.9}
{"step": 266, "case": "16:55.0237", "loss_rkl_per_dof": -27.254867553710938, "loss_dsm": 0.5675176382064819, "seconds": 6.1}
{"step": 267, "case": "32:55.0237", "loss_rkl_per_dof": -27.255475997924805, "loss_dsm": 0.7477689385414124, "seconds": 5.9}
{"step": 268, "case": "16:14.1464", "loss_rkl_per_dof": -6.952411651611328, "loss_dsm": 0.5139191746711731, "seconds": 6.4}
{"step": 269, "case": "16:55.0237", "loss_rkl_per_dof": -27.234607696533203, "loss_dsm": 0.649795413017273, "seconds": 5.8}
{"step": 270, "case": "32:55.0237", "loss_rkl_per_dof": -27.255704879760742, "loss_dsm": 0.5470106601715088, "seconds": 6.3}
{"step": 271, "case": "16:14.1464", "loss_rkl_per_dof": -7.004997253417969, "loss_dsm": 0.7622995376586914, "seconds": 5.8}
{"step": 272, "case": "16:55.0237", "loss_rkl_per_dof": -27.32843017578125, "loss_dsm": 0.7205427885055542, "seconds": 6.1}
{"step": 273, "case": "32:55.0237", "loss_rkl_per_dof": -27.26522445678711, "loss_dsm": 0.5994895696640015, "seconds": 6.0}
{"step": 274, "case": "16:14.1464", "loss_rkl_per_dof": -6.9837799072265625, "loss_dsm": 0.5569887161254883, "seconds": 6.0}
{"step": 275, "case": "16:55.0237", "loss_rkl_per_dof": -27.302040100097656, "loss_dsm": 0.6738954186439514, "seconds": 5.9}
{"step": 276, "case": "32:55.0237", "loss_rkl_per_dof": -27.242271423339844, "loss_dsm": 0.5719218254089355, "seconds": 5.7}
{"step": 277, "case": "16:14.1464", "loss_rkl_per_dof": -6.970587253570557, "loss_dsm": 0.6047378778457642, "seconds": 6.1}
{"step": 278, "case": "16:55.0237", "loss_rkl_per_dof": -27.206735610961914, "loss_dsm": 0.6966874599456787, "seconds": 5.7}
{"step": 279, "case": "32:55.0237", "loss_rkl_per_dof": -27.230018615722656, "loss_dsm": 0.6053799390792847, "seconds": 6.1}
{"step": 280, "case": "16:14.1464", "loss_rkl_per_dof": -7.020371437072754, "loss_dsm": 0.5850557088851929, "seconds": 5.6}
{"step": 281, "case": "16:55.0237", "loss_rkl_per_dof": -27.23699188232422, "loss_dsm": 0.5599096417427063, "seconds": 6.1}
{"step": 282, "case": "32:55.0237", "loss_rkl_per_dof": -27.27001953125, "loss_dsm": 0.6143189668655396, "seconds": 5.9}
{"step": 283, "case": "16:14.1464", "loss_rkl_per_dof": -6.941789150238037, "loss_dsm": 0.5979717373847961, "seconds": 6.0}
{"step": 284, "case": "16:55.0237", "loss_rkl_per_dof": -27.342124938964844, "loss_dsm": 0.6027467250823975, "seconds": 5.7}
{"step": 285, "case": "32:55.0237", "loss_rkl_per_dof": -27.281356811523438, "loss_dsm": 0.7231093049049377, "seconds": 6.0}
{"step": 286, "case": "16:14.1464", "loss_rkl_per_dof": -6.955930709838867, "loss_dsm": 0.4864565134048462, "seconds": 6.3}
{"step": 287, "case": "16:55.0237", "loss_rkl_per_dof": -27.266733169555664, "loss_dsm": 0.6244224309921265, "seconds": 5.9}
{"step": 288, "case": "32:55.0237", "loss_rkl_per_dof": -27.249420166015625, "loss_dsm": 0.6556701064109802, "seconds": 6.0}
{"step": 289, "case": "16:14.1464", "loss_rkl_per_dof": -6.972224712371826, "loss_dsm": 0.7049456834793091, "seconds": 6.0}
{"step": 290, "case": "16:55.0237", "loss_rkl_per_dof": -27.320581436157227, "loss_dsm": 0.607080340385437, "seconds": 5.8}
{"step": 291, "case": "32:55.0237", "loss_rkl_per_dof": -27.278024673461914, "loss_dsm": 0.5680721402168274, "seconds": 5.7}
{"step": 292, "case": "16:14.1464", "loss_rkl_per_dof": -6.960341453552246, "loss_dsm": 0.8012773990631104, "seconds": 6.2}
{"step": 293, "case": "16:55.0237", "loss_rkl_per_dof": -27.42538070678711, "loss_dsm": 0.5490351319313049, "seconds": 5.4}
{"step": 294, "case": "32:55.0237", "loss_rkl_per_dof": -27.266874313354492, "loss_dsm": 0.5838958024978638, "seconds": 5.9}
{"step": 295, "case": "16:14.1464", "loss_rkl_per_dof": -6.962610244750977, "loss_dsm": 0.6640186309814453, "seconds": 5.5}
{"step": 296, "case": "16:55.0237", "loss_rkl_per_dof": -27.296518325805664, "loss_dsm": 0.8081979751586914, "seconds": 5.6}
{"step": 297, "case": "32:55.0237", "loss_rkl_per_dof": -27.263341903686523, "loss_dsm": 0.6586852669715881, "seconds": 5.6}
{"step": 298, "case": "16:14.1464", "loss_rkl_per_dof": -6.968477249145508, "loss_dsm": 0.8025009632110596, "seconds": 5.7}
{"step": 299, "case": "16:55.0237", "loss_rkl_per_dof": -27.23419761657715, "loss_dsm": 0.6058976650238037, "seconds": 5.8}
{"step": 300, "case": "32:55.0237", "loss_rkl_per_dof": -27.31252670288086, "loss_dsm": 0.6736096143722534, "seconds": 5.5, "16:14.1464": {"ess": 0.03469898924231529, "log_w_std": 19.05685043334961, "mean_Q": 0.78125, "mean_Q2": 2.34375}, "16:55.0237": {"ess": 0.05688505992293358, "log_w_std": 24.078941345214844, "mean_Q": 0.5625, "mean_Q2": 1.5625}, "32:55.0237": {"ess": 0.0625, "log_w_std": 47.96023178100586, "mean_Q": -0.0625, "mean_Q2": 5.4375}, "monitors": {"32:218.58": {"ess": 0.0625, "log_w_std": 1837.9017333984375, "mean_Q": 1.625, "mean_Q2": 31.75}}, "mean_train_ess": 0.051361349721749626, "monitor_guard_blocked": ["32:218.58"]}
best mean train ESS/N: 0.0568 (initial 0.0426)
checkpoint: C:\Users\ompan\Desktop\Lattice QCD\inverse_rg_testing\out\u1_2d\checkpoints\score_net_big_rkl.pt
[2026-08-08 11:09:56] STAGE_RKL_DONE (41.2 min)
[2026-08-08 11:09:56] STAGE_VERIFY_RKL_START: C:\Users\ompan\Desktop\Lattice QCD\inverse_rg_testing\.venv\Scripts\python.exe C:\Users\ompan\Desktop\Lattice QCD\inverse_rg_testing\u1_2d\scripts\19_ode_reweighting.py --config u1_2d/configs/v3_scale.yaml --checkpoint C:\Users\ompan\Desktop\Lattice QCD\inverse_rg_testing\out\u1_2d\checkpoints\score_net_big_rkl.pt --cases 16:14.1464 16:55.0237 32:55.0237 32:218.58 --out C:\Users\ompan\Desktop\Lattice QCD\inverse_rg_testing\out\u1_2d\ess_chain\verify_big_rkl
case L=16 beta=14.1464 ...
  {"n": 64, "ess_per_n": 0.032082896679639816, "log_weight_std": 16.926115036010742, "log_weight_range": 85.908203125, "ess_per_n_fiber": 0.018535548821091652, "log_weight_std_fiber": 16.187353134155273, "log_weight_range_fiber": 76.660400390625, "free_energy_certificate": {"log_mean_w": 3341.735110431891, "exact_delta_F": 3835.243320031347, "gap": -493.5082095994562, "sem": 0.9167781914848523, "n": 64, "kl_from_mean_log_w": 515.5444789363764, "kl_sem": 2.023419057894245, "kl_per_site": 1.0069228104226102}, "fine_L": 16, "fine_beta": 14.1464, "coarse_L": 8, "coarse_beta": 3.9999887248909847, "imh_acceptance": 0.07936507936507936, "seconds_hmc_base": 5.3, "seconds_ode_sample": 85.4, "ode_steps": 120, "n_probes": 2}
case L=16 beta=55.0237 ...
  {"n": 64, "ess_per_n": 0.016292180866003036, "log_weight_std": 23.095630645751953, "log_weight_range": 129.3642578125, "ess_per_n_fiber": 0.01563342474400997, "log_weight_std_fiber": 23.09807014465332, "log_weight_range_fiber": 127.296875, "free_energy_certificate": {"log_mean_w": 12971.734941103321, "exact_delta_F": 13517.04287315473, "gap": -545.3079320514098, "sem": 0.9997262892853771, "n": 64, "kl_from_mean_log_w": 584.4317281351996, "kl_sem": 2.8872586751916947, "kl_per_site": 1.1414682190140617}, "fine_L": 16, "fine_beta": 55.0237, "coarse_L": 8, "coarse_beta": 14.146404977472109, "imh_acceptance": 0.031746031746031744, "seconds_hmc_base": 22.1, "seconds_ode_sample": 88.4, "ode_steps": 120, "n_probes": 2}
case L=32 beta=55.0237 ...
  {"n": 64, "ess_per_n": 0.023880617693066597, "log_weight_std": 42.31085968017578, "log_weight_range": 177.796875, "ess_per_n_fiber": 0.01666666753590107, "log_weight_std_fiber": 42.15480422973633, "log_weight_range_fiber": 190.421875, "free_energy_certificate": {"log_mean_w": 51786.334513580325, "exact_delta_F": 54068.17150017254, "gap": -2281.836986592214, "sem": 0.9677333934599905, "n": 64, "kl_from_mean_log_w": 2345.66448112957, "kl_sem": 5.26935062068905, "kl_per_site": 1.1453439849265479}, "fine_L": 32, "fine_beta": 55.0237, "coarse_L": 16, "coarse_beta": 14.146404977472109, "imh_acceptance": 0.06349206349206349, "seconds_hmc_base": 22.7, "seconds_ode_sample": 87.3, "ode_steps": 120, "n_probes": 2}
case L=32 beta=218.58 ...
  {"n": 64, "ess_per_n": 0.015625, "log_weight_std": 232.42721557617188, "log_weight_range": 1176.421875, "ess_per_n_fiber": 0.015625, "log_weight_std_fiber": 231.12782287597656, "log_weight_range_fiber": 1159.734375, "free_energy_certificate": {"log_mean_w": 207690.15361691665, "exact_delta_F": 210552.8657004265, "gap": -2862.7120835098613, "sem": 1.0, "n": 64, "kl_from_mean_log_w": 3265.6760031608865, "kl_sem": 28.890977198725793, "kl_per_site": 1.5945683609184016}, "fine_L": 32, "fine_beta": 218.58, "coarse_L": 16, "coarse_beta": 55.02364659738549, "imh_acceptance": 0.047619047619047616, "seconds_hmc_base": 141.4, "seconds_ode_sample": 88.3, "ode_steps": 120, "n_probes": 2}
wrote C:\Users\ompan\Desktop\Lattice QCD\inverse_rg_testing\out\u1_2d\ess_chain\verify_big_rkl\report.md
[2026-08-08 11:19:08] STAGE_VERIFY_RKL_DONE (9.2 min)
[2026-08-08 11:19:08] report: C:\Users\ompan\Desktop\Lattice QCD\inverse_rg_testing\out\u1_2d\ess_chain\scale_report.md
[2026-08-08 11:19:08] CHAIN_DONE
[2026-08-08 11:19:08] STAGE_SCALE_CHAIN_DONE (118.9 min)
[2026-08-08 11:19:08] STAGE_FIG_23_START
wrote out\u1_2d\paper_appendix\figures\23_ess_progress.png
wrote out\u1_2d\paper_appendix\figures\24_proposal_sweep.png
wrote out\u1_2d\paper_appendix\figures\25_finetune_dynamics.png
[2026-08-08 11:19:12] STAGE_FIG_23_DONE (0.1 min)
[2026-08-08 11:19:12] STAGE_FIG_26_START
Traceback (most recent call last):
  File "C:\Users\ompan\Desktop\Lattice QCD\inverse_rg_testing\u1_2d\scripts\26_final_results_figures.py", line 202, in <module>
    main()
    ~~~~^^
  File "C:\Users\ompan\Desktop\Lattice QCD\inverse_rg_testing\u1_2d\scripts\26_final_results_figures.py", line 196, in main
    fig_program_optimum()
    ~~~~~~~~~~~~~~~~~~~^^
  File "C:\Users\ompan\Desktop\Lattice QCD\inverse_rg_testing\u1_2d\scripts\26_final_results_figures.py", line 168, in fig_program_optimum
    for r in _load(path):
             ~~~~~^^^^^^
  File "C:\Users\ompan\Desktop\Lattice QCD\inverse_rg_testing\u1_2d\scripts\26_final_results_figures.py", line 37, in _load
    return json.loads(Path(path).read_text(encoding="utf-8"))
                      ~~~~~~~~~~~~~~~~~~~~^^^^^^^^^^^^^^^^^^
  File "C:\Users\ompan\AppData\Local\Programs\Python\Python313\Lib\pathlib\_local.py", line 546, in read_text
    return PathBase.read_text(self, encoding, errors, newline)
           ~~~~~~~~~~~~~~~~~~^^^^^^^^^^^^^^^^^^^^^^^^^^^^^^^^^
  File "C:\Users\ompan\AppData\Local\Programs\Python\Python313\Lib\pathlib\_abc.py", line 632, in read_text
    with self.open(mode='r', encoding=encoding, errors=errors, newline=newline) as f:
         ~~~~~~~~~^^^^^^^^^^^^^^^^^^^^^^^^^^^^^^^^^^^^^^^^^^^^^^^^^^^^^^^^^^^^^
  File "C:\Users\ompan\AppData\Local\Programs\Python\Python313\Lib\pathlib\_local.py", line 537, in open
    return io.open(self, mode, buffering, encoding, errors, newline)
           ~~~~~~~^^^^^^^^^^^^^^^^^^^^^^^^^^^^^^^^^^^^^^^^^^^^^^^^^^
FileNotFoundError: [Errno 2] No such file or directory: 'out\\u1_2d\\ess_chain\\frontier_rkl2\\reweighting_results.json'
[2026-08-08 11:19:14] STAGE_FIG_26_FAILED rc=1 (0.0 min)
[2026-08-08 11:19:14] STAGE_ASSEMBLE_START
[rebuild] 01_ladder_drift.png  <- rebuilt from out\u1_2d\validation\report.md (3 rungs)
[rebuild] 02_ladder_topology.png  <- rebuilt from out\u1_2d\validation\report.md (3 rungs)
[ok     ] 03_ladder_rung_L64.png  <- validation/rung2_L64_beta55.0237.png
[ok     ] 04_matched_scan.png  <- generalization/fig_matched_scan.png
[ok     ] 05_mismatch_scan.png  <- generalization/fig_mismatch_scan.png
[ok     ] 06_size_scan.png  <- generalization/fig_size_scan.png
[ok     ] 07_raw_topology.png  <- generalization/fig_raw_topology.png
[ok     ] 08_case_low.png  <- generalization/figures/A_bc1.png
[ok     ] 09_case_high.png  <- generalization/figures/D_bc55.0237.png
[ok     ] 10_case_extrapolation.png  <- generalization/figures/F_L32_bc218.58.png
[ok     ] 11_case_L64.png  <- generalization/figures/F_L64_bc55.0237.png
[ok     ] 12_timescales.png  <- thermalization/timescales.png
[ok     ] 13_beta_scan.png  <- thermalization/beta_scan.png
[ok     ] 14_relaxation_mid.png  <- thermalization/L32_beta55.0237/D_bc14.1464_L32_beta55.0237_relaxation.png
[ok     ] 15_relaxation_high.png  <- thermalization/L32_beta218.58/D_bc55.0237_L32_beta218.58_relaxation.png
[ok     ] 16_autocorrelation_modes.png  <- thermalization/autocorrelation_modes.png
[script ] 17_headtohead_cost.png  <- u1_2d/scripts/17_appendix_figures.py
[script ] 18_entry_cost.png  <- u1_2d/scripts/17_appendix_figures.py
[script ] 19_ess_weights.png  <- u1_2d/scripts/17_appendix_figures.py
[ok     ] 20_mismatch_exact_sectors.png  <- generalization_exact_sectors/fig_mismatch_scan.png
[ok     ] 21_pq_tail_mismatch.png  <- pq_hmc_tail/B_bt6_pq_tail.png
[ok     ] 22_pq_tail_L64.png  <- pq_hmc_tail/C_L64_pq_tail.png
[script ] 23_ess_progress.png  <- u1_2d/scripts/23_ess_progress_figures.py
[script ] 24_proposal_sweep.png  <- u1_2d/scripts/23_ess_progress_figures.py
[script ] 25_finetune_dynamics.png  <- u1_2d/scripts/23_ess_progress_figures.py
[script ] 26_three_way.png  <- u1_2d/scripts/26_final_results_figures.py
[script ] 27_program_optimum.png  <- u1_2d/scripts/26_final_results_figures.py

wrote out\u1_2d\paper_appendix\figures\MANIFEST.md

27 figures tracked; 0 stale, 0 missing, 0 untracked on disk

figure directory is consistent
[2026-08-08 11:19:21] STAGE_ASSEMBLE_DONE (0.1 min)
[2026-08-08 11:19:21] PHASE4_DONE_WITH_ERRORS: ['FIG_26']
======== exit code 0 at Sat 08/08/2026 11:19:21.06 ======== 
