{
  "label": "E_bc11.8_L32_beta45.6238",
  "beta": 45.62376732961322,
  "lattice_size": 32,
  "n_gen_chains": 128,
  "n_baseline_chains": 32,
  "n_traj_gen": 96,
  "n_traj_baseline": 640,
  "hmc": {
    "step_size": 0.05921945680006903,
    "n_steps": 17,
    "acceptance": {
      "generated": 0.9823404947916666,
      "hot": 0.984033203125,
      "cold": 0.983154296875
    },
    "sec_per_traj_gen_batch": 0.11069627851247787,
    "sec_per_traj_baseline_batch": 0.0713894221931696
  },
  "t_therm": {
    "diffusion seed": {
      "plaquette": 0.0,
      "wilson_2x2": 0.0,
      "wilson_4x4": 0.0,
      "wilson_6x6": 0.0,
      "Q^2": 0.0
    },
    "hot start": {
      "plaquette": Infinity,
      "wilson_2x2": Infinity,
      "wilson_4x4": Infinity,
      "wilson_6x6": Infinity,
      "Q^2": Infinity
    },
    "cold start": {
      "plaquette": 273.0,
      "wilson_2x2": 175.0,
      "wilson_4x4": 73.0,
      "wilson_6x6": 73.0,
      "Q^2": Infinity
    }
  },
  "t_therm_generated_full_batch": {
    "plaquette": 5.0,
    "wilson_2x2": 1.0,
    "wilson_4x4": 0.0,
    "wilson_6x6": 4.0,
    "Q^2": 0.0
  },
  "t_therm_subsample_size": 32,
  "final_abs_z": {
    "diffusion seed": {
      "plaquette": 0.6701108813285828,
      "wilson_2x2": 1.0133857727050781,
      "wilson_4x4": 0.8389892578125,
      "wilson_6x6": 0.7232320308685303,
      "Q^2": 0.3594711422920227
    },
    "hot start": {
      "plaquette": 7.307068824768066,
      "wilson_2x2": 7.2935991287231445,
      "wilson_4x4": 4.363490581512451,
      "wilson_6x6": 4.185025691986084,
      "Q^2": 3.7799267768859863
    },
    "cold start": {
      "plaquette": 1.2751251459121704,
      "wilson_2x2": 0.4501166343688965,
      "wilson_4x4": 0.3714681565761566,
      "wilson_6x6": 0.36656516790390015,
      "Q^2": 574600642560.0
    }
  },
  "tau_int": {
    "plaquette": {
      "value": 13.271252821339703,
      "error": 1.6886301704647237
    },
    "wilson_2x2": {
      "value": 12.182206246888828,
      "error": 1.4525147060809083
    },
    "wilson_4x4": {
      "value": 4.932277593310845,
      "error": 0.6011121109156164
    },
    "wilson_6x6": {
      "value": 3.3794374782192076,
      "error": 0.41100223274236597
    }
  },
  "hmc_interval_trajectories": 26.542505642679405,
  "q_freezing": {
    "label": "hot-start HMC L=32 beta=45.6238",
    "frozen": true,
    "n_tunnelings": 0,
    "window_length": 321,
    "n_chains": 32,
    "tau_int_Q": 321.0
  }
}