{
  "label": "E_bc11.8_L32_beta45.6238",
  "beta": 45.62376732961322,
  "lattice_size": 32,
  "n_gen_chains": 128,
  "n_baseline_chains": 32,
  "n_traj_gen": 96,
  "n_traj_baseline": 640,
  "hmc": {
    "step_size": 0.05921945680006903,
    "n_steps": 17,
    "acceptance": {
      "generated": 0.983154296875,
      "hot": 0.9837890625,
      "cold": 0.98193359375
    },
    "sec_per_traj_gen_batch": 0.10737418631712596,
    "sec_per_traj_baseline_batch": 0.11826261207461357
  },
  "t_therm": {
    "diffusion seed": {
      "plaquette": 0.0,
      "wilson_2x2": 0.0,
      "wilson_4x4": 5.0,
      "wilson_6x6": 0.0,
      "Q^2": 0.0
    },
    "hot start": {
      "plaquette": Infinity,
      "wilson_2x2": Infinity,
      "wilson_4x4": Infinity,
      "wilson_6x6": Infinity,
      "Q^2": Infinity
    },
    "cold start": {
      "plaquette": 302.0,
      "wilson_2x2": 143.0,
      "wilson_4x4": 89.0,
      "wilson_6x6": 69.0,
      "Q^2": Infinity
    }
  },
  "t_therm_generated_full_batch": {
    "plaquette": 3.0,
    "wilson_2x2": 3.0,
    "wilson_4x4": 0.0,
    "wilson_6x6": 0.0,
    "Q^2": 0.0
  },
  "t_therm_subsample_size": 32,
  "final_abs_z": {
    "diffusion seed": {
      "plaquette": 0.7967244982719421,
      "wilson_2x2": 0.8523299098014832,
      "wilson_4x4": 0.7792290449142456,
      "wilson_6x6": 0.8310074806213379,
      "Q^2": 0.3594711422920227
    },
    "hot start": {
      "plaquette": 7.934017181396484,
      "wilson_2x2": 6.662992000579834,
      "wilson_4x4": 4.558018684387207,
      "wilson_6x6": 5.252299785614014,
      "Q^2": 4.473271369934082
    },
    "cold start": {
      "plaquette": 1.8984473943710327,
      "wilson_2x2": 1.2636550664901733,
      "wilson_4x4": 1.6414299011230469,
      "wilson_6x6": 1.8944740295410156,
      "Q^2": 574600642560.0
    }
  },
  "tau_int": {
    "plaquette": {
      "value": 9.420640295974511,
      "error": 1.1673842710994995
    },
    "wilson_2x2": {
      "value": 9.384500409459926,
      "error": 1.2286822394134687
    },
    "wilson_4x4": {
      "value": 4.1420989770621635,
      "error": 0.5846270242705938
    },
    "wilson_6x6": {
      "value": 2.613744521485387,
      "error": 0.38713801560758626
    }
  },
  "hmc_interval_trajectories": 18.841280591949022,
  "q_freezing": {
    "label": "hot-start HMC L=32 beta=45.6238",
    "frozen": true,
    "n_tunnelings": 0,
    "window_length": 321,
    "n_chains": 32,
    "tau_int_Q": 321.0
  }
}