{
  "label": "D_bc40_L32_beta158.48",
  "beta": 158.47972315685624,
  "lattice_size": 32,
  "n_gen_chains": 128,
  "n_baseline_chains": 32,
  "n_traj_gen": 96,
  "n_traj_baseline": 640,
  "hmc": {
    "step_size": 0.03177409132013866,
    "n_steps": 31,
    "acceptance": {
      "generated": 0.9785970052083334,
      "hot": 0.97412109375,
      "cold": 0.978125
    },
    "sec_per_traj_gen_batch": 0.1796689530213674,
    "sec_per_traj_baseline_batch": 0.13835656717419625
  },
  "t_therm": {
    "diffusion seed": {
      "plaquette": 5.0,
      "wilson_2x2": 11.0,
      "wilson_4x4": 0.0,
      "wilson_6x6": 0.0,
      "Q^2": Infinity
    },
    "hot start": {
      "plaquette": Infinity,
      "wilson_2x2": Infinity,
      "wilson_4x4": Infinity,
      "wilson_6x6": Infinity,
      "Q^2": Infinity
    },
    "cold start": {
      "plaquette": 372.0,
      "wilson_2x2": 248.0,
      "wilson_4x4": 144.0,
      "wilson_6x6": 37.0,
      "Q^2": Infinity
    }
  },
  "t_therm_generated_full_batch": {
    "plaquette": 9.0,
    "wilson_2x2": 0.0,
    "wilson_4x4": 0.0,
    "wilson_6x6": 0.0,
    "Q^2": 0.0
  },
  "t_therm_subsample_size": 32,
  "final_abs_z": {
    "diffusion seed": {
      "plaquette": 0.9436138868331909,
      "wilson_2x2": 0.9197438955307007,
      "wilson_4x4": 0.5957130193710327,
      "wilson_6x6": 1.0455591678619385,
      "Q^2": 86933716992.0
    },
    "hot start": {
      "plaquette": 9.46595573425293,
      "wilson_2x2": 7.567582130432129,
      "wilson_4x4": 5.688990116119385,
      "wilson_6x6": 5.213369846343994,
      "Q^2": 4.473555564880371
    },
    "cold start": {
      "plaquette": 1.8610336780548096,
      "wilson_2x2": 0.9854599237442017,
      "wilson_4x4": 1.1325269937515259,
      "wilson_6x6": 1.0603911876678467,
      "Q^2": 86933716992.0
    }
  },
  "tau_int": {
    "plaquette": {
      "value": 24.007306406583915,
      "error": 2.155755825047284
    },
    "wilson_2x2": {
      "value": 35.358122237446864,
      "error": 2.350881336783492
    },
    "wilson_4x4": {
      "value": 28.40930426126389,
      "error": 2.82950384029216
    },
    "wilson_6x6": {
      "value": 8.519727674591437,
      "error": 1.3789182457994928
    }
  },
  "hmc_interval_trajectories": 70.71624447489373,
  "q_freezing": {
    "label": "hot-start HMC L=32 beta=158.48",
    "frozen": true,
    "n_tunnelings": 0,
    "window_length": 321,
    "n_chains": 32,
    "tau_int_Q": 321.0
  }
}