{
  "label": "E_bc1.2_L32_beta3.6012",
  "beta": 3.601202414410591,
  "lattice_size": 32,
  "n_gen_chains": 128,
  "n_baseline_chains": 32,
  "n_traj_gen": 96,
  "n_traj_baseline": 640,
  "hmc": {
    "step_size": 0.2,
    "n_steps": 5,
    "acceptance": {
      "generated": 0.96044921875,
      "hot": 0.96328125,
      "cold": 0.96015625
    },
    "sec_per_traj_gen_batch": 0.049702487885951996,
    "sec_per_traj_baseline_batch": 0.03278111405670643
  },
  "t_therm": {
    "diffusion seed": {
      "plaquette": 27.0,
      "wilson_2x2": 13.0,
      "wilson_4x4": 10.0,
      "wilson_6x6": 0.0,
      "Q^2": 0.0
    },
    "hot start": {
      "plaquette": 46.0,
      "wilson_2x2": 39.0,
      "wilson_4x4": 25.0,
      "wilson_6x6": 0.0,
      "Q^2": 6.0
    },
    "cold start": {
      "plaquette": 49.0,
      "wilson_2x2": 39.0,
      "wilson_4x4": 20.0,
      "wilson_6x6": 4.0,
      "Q^2": 26.0
    }
  },
  "t_therm_generated_full_batch": {
    "plaquette": 27.0,
    "wilson_2x2": 19.0,
    "wilson_4x4": 10.0,
    "wilson_6x6": 0.0,
    "Q^2": 0.0
  },
  "t_therm_subsample_size": 32,
  "final_abs_z": {
    "diffusion seed": {
      "plaquette": 0.6280059814453125,
      "wilson_2x2": 0.7480600476264954,
      "wilson_4x4": 0.9630197286605835,
      "wilson_6x6": 1.105394721031189,
      "Q^2": 0.39913856983184814
    },
    "hot start": {
      "plaquette": 0.4665766656398773,
      "wilson_2x2": 0.5269509553909302,
      "wilson_4x4": 0.7864640951156616,
      "wilson_6x6": 0.6313366293907166,
      "Q^2": 0.5806738138198853
    },
    "cold start": {
      "plaquette": 0.7876465916633606,
      "wilson_2x2": 0.8288921117782593,
      "wilson_4x4": 0.7104083895683289,
      "wilson_6x6": 0.674536406993866,
      "Q^2": 0.9378774762153625
    }
  },
  "tau_int": {
    "plaquette": {
      "value": 4.3372930173438835,
      "error": 0.3906267647327497
    },
    "wilson_2x2": {
      "value": 2.214869126529418,
      "error": 0.1376999631104865
    },
    "wilson_4x4": {
      "value": 1.0099584029638222,
      "error": 0.034550858625210595
    },
    "wilson_6x6": {
      "value": 0.5647056087992024,
      "error": 0.014668878728463397
    }
  },
  "hmc_interval_trajectories": 8.674586034687767,
  "q_freezing": {
    "label": "hot-start HMC L=32 beta=3.6012",
    "frozen": false,
    "n_tunnelings": 4818,
    "window_length": 321,
    "n_chains": 32,
    "tau_int_Q": 12.79306107486651
  }
}