{
  "label": "E_bc5.8_L32_beta21.5051",
  "beta": 21.505144545605745,
  "lattice_size": 32,
  "n_gen_chains": 128,
  "n_baseline_chains": 32,
  "n_traj_gen": 96,
  "n_traj_baseline": 640,
  "hmc": {
    "step_size": 0.08625589947282804,
    "n_steps": 12,
    "acceptance": {
      "generated": 0.9834798177083334,
      "hot": 0.983056640625,
      "cold": 0.983740234375
    },
    "sec_per_traj_gen_batch": 0.0782279223203659,
    "sec_per_traj_baseline_batch": 0.06179107241332531
  },
  "t_therm": {
    "diffusion seed": {
      "plaquette": 0.0,
      "wilson_2x2": 0.0,
      "wilson_4x4": 0.0,
      "wilson_6x6": 0.0,
      "Q^2": 0.0
    },
    "hot start": {
      "plaquette": Infinity,
      "wilson_2x2": Infinity,
      "wilson_4x4": Infinity,
      "wilson_6x6": Infinity,
      "Q^2": Infinity
    },
    "cold start": {
      "plaquette": 272.0,
      "wilson_2x2": 79.0,
      "wilson_4x4": 75.0,
      "wilson_6x6": 75.0,
      "Q^2": Infinity
    }
  },
  "t_therm_generated_full_batch": {
    "plaquette": 54.0,
    "wilson_2x2": 0.0,
    "wilson_4x4": 0.0,
    "wilson_6x6": 0.0,
    "Q^2": 0.0
  },
  "t_therm_subsample_size": 32,
  "final_abs_z": {
    "diffusion seed": {
      "plaquette": 1.1374480724334717,
      "wilson_2x2": 0.9895728826522827,
      "wilson_4x4": 1.0697860717773438,
      "wilson_6x6": 0.7631554007530212,
      "Q^2": 0.2872700095176697
    },
    "hot start": {
      "plaquette": 6.066811561584473,
      "wilson_2x2": 6.088634490966797,
      "wilson_4x4": 2.7351925373077393,
      "wilson_6x6": 3.5289669036865234,
      "Q^2": 2.532534122467041
    },
    "cold start": {
      "plaquette": 0.9400252103805542,
      "wilson_2x2": 1.6154215335845947,
      "wilson_4x4": 1.32463800907135,
      "wilson_6x6": 1.7580230236053467,
      "Q^2": 1235714179072.0
    }
  },
  "tau_int": {
    "plaquette": {
      "value": 8.661573075341199,
      "error": 1.268769138564075
    },
    "wilson_2x2": {
      "value": 9.653797725627415,
      "error": 1.2300785911313596
    },
    "wilson_4x4": {
      "value": 2.992811028600839,
      "error": 0.26050311952649297
    },
    "wilson_6x6": {
      "value": 1.2090389057256217,
      "error": 0.08014743025254971
    }
  },
  "hmc_interval_trajectories": 19.30759545125483,
  "q_freezing": {
    "label": "hot-start HMC L=32 beta=21.5051",
    "frozen": true,
    "n_tunnelings": 0,
    "window_length": 321,
    "n_chains": 32,
    "tau_int_Q": 321.0
  }
}