{
  "label": "A_bc6_L32_beta22.3151",
  "beta": 22.31514788507771,
  "lattice_size": 32,
  "n_gen_chains": 128,
  "n_baseline_chains": 32,
  "n_traj_gen": 96,
  "n_traj_baseline": 640,
  "hmc": {
    "step_size": 0.08467595563003825,
    "n_steps": 12,
    "acceptance": {
      "generated": 0.98095703125,
      "hot": 0.98125,
      "cold": 0.98310546875
    },
    "sec_per_traj_gen_batch": 0.13015163441499075,
    "sec_per_traj_baseline_batch": 0.06535909175872803
  },
  "t_therm": {
    "diffusion seed": {
      "plaquette": Infinity,
      "wilson_2x2": Infinity,
      "wilson_4x4": 44.0,
      "wilson_6x6": 44.0,
      "Q^2": 0.0
    },
    "hot start": {
      "plaquette": Infinity,
      "wilson_2x2": Infinity,
      "wilson_4x4": Infinity,
      "wilson_6x6": Infinity,
      "Q^2": Infinity
    },
    "cold start": {
      "plaquette": 206.0,
      "wilson_2x2": 129.0,
      "wilson_4x4": 67.0,
      "wilson_6x6": 67.0,
      "Q^2": Infinity
    }
  },
  "t_therm_generated_full_batch": {
    "plaquette": Infinity,
    "wilson_2x2": Infinity,
    "wilson_4x4": 82.0,
    "wilson_6x6": 75.0,
    "Q^2": 0.0
  },
  "t_therm_subsample_size": 32,
  "final_abs_z": {
    "diffusion seed": {
      "plaquette": 6.971936225891113,
      "wilson_2x2": 2.584014892578125,
      "wilson_4x4": 1.0190937519073486,
      "wilson_6x6": 1.1105865240097046,
      "Q^2": 1.5776177644729614
    },
    "hot start": {
      "plaquette": 4.984131336212158,
      "wilson_2x2": 6.15732479095459,
      "wilson_4x4": 4.258890151977539,
      "wilson_6x6": 4.778229713439941,
      "Q^2": 3.7808310985565186
    },
    "cold start": {
      "plaquette": 0.9707775115966797,
      "wilson_2x2": 1.491847276687622,
      "wilson_4x4": 1.5575741529464722,
      "wilson_6x6": 1.7193571329116821,
      "Q^2": 1189769248768.0
    }
  },
  "tau_int": {
    "plaquette": {
      "value": 8.599371844206797,
      "error": 1.1378277353068684
    },
    "wilson_2x2": {
      "value": 8.619421631278765,
      "error": 1.383483173063403
    },
    "wilson_4x4": {
      "value": 2.6241400638235013,
      "error": 0.42690559064260125
    },
    "wilson_6x6": {
      "value": 1.058599692696349,
      "error": 0.0936711232037401
    }
  },
  "hmc_interval_trajectories": 17.23884326255753,
  "q_freezing": {
    "label": "hot-start HMC L=32 beta=22.3151",
    "frozen": true,
    "n_tunnelings": 0,
    "window_length": 321,
    "n_chains": 32,
    "tau_int_Q": 321.0
  }
}