{
  "label": "E_bc1.2_L32_beta3.6012",
  "beta": 3.601202414410591,
  "lattice_size": 32,
  "n_gen_chains": 128,
  "n_baseline_chains": 32,
  "n_traj_gen": 96,
  "n_traj_baseline": 640,
  "hmc": {
    "step_size": 0.2,
    "n_steps": 5,
    "acceptance": {
      "generated": 0.96240234375,
      "hot": 0.963671875,
      "cold": 0.961865234375
    },
    "sec_per_traj_gen_batch": 0.05186712990204493,
    "sec_per_traj_baseline_batch": 0.040376794338226316
  },
  "t_therm": {
    "diffusion seed": {
      "plaquette": 9.0,
      "wilson_2x2": 0.0,
      "wilson_4x4": 6.0,
      "wilson_6x6": 11.0,
      "Q^2": 0.0
    },
    "hot start": {
      "plaquette": 45.0,
      "wilson_2x2": 41.0,
      "wilson_4x4": 23.0,
      "wilson_6x6": 0.0,
      "Q^2": 6.0
    },
    "cold start": {
      "plaquette": 36.0,
      "wilson_2x2": 36.0,
      "wilson_4x4": 27.0,
      "wilson_6x6": 15.0,
      "Q^2": 24.0
    }
  },
  "t_therm_generated_full_batch": {
    "plaquette": 20.0,
    "wilson_2x2": 6.0,
    "wilson_4x4": 9.0,
    "wilson_6x6": 0.0,
    "Q^2": 0.0
  },
  "t_therm_subsample_size": 32,
  "final_abs_z": {
    "diffusion seed": {
      "plaquette": 0.645741879940033,
      "wilson_2x2": 0.5812034010887146,
      "wilson_4x4": 0.501858115196228,
      "wilson_6x6": 0.5908263921737671,
      "Q^2": 0.3243512511253357
    },
    "hot start": {
      "plaquette": 0.6454722285270691,
      "wilson_2x2": 0.5944028496742249,
      "wilson_4x4": 0.8411620259284973,
      "wilson_6x6": 0.6667829751968384,
      "Q^2": 1.2723002433776855
    },
    "cold start": {
      "plaquette": 0.530447781085968,
      "wilson_2x2": 0.7997652292251587,
      "wilson_4x4": 1.0294588804244995,
      "wilson_6x6": 1.1449875831604004,
      "Q^2": 0.4315713346004486
    }
  },
  "tau_int": {
    "plaquette": {
      "value": 4.963865610227565,
      "error": 0.4061215329815756
    },
    "wilson_2x2": {
      "value": 2.791153061429232,
      "error": 0.2678767878446359
    },
    "wilson_4x4": {
      "value": 1.112688364092393,
      "error": 0.06437839428543243
    },
    "wilson_6x6": {
      "value": 0.5825790808778375,
      "error": 0.014993880646080699
    }
  },
  "hmc_interval_trajectories": 9.92773122045513,
  "q_freezing": {
    "label": "hot-start HMC L=32 beta=3.6012",
    "frozen": false,
    "n_tunnelings": 4867,
    "window_length": 321,
    "n_chains": 32,
    "tau_int_Q": 16.97194562407873
  }
}