{
  "label": "A_bc8_L32_beta30.3772",
  "beta": 30.377151768252677,
  "lattice_size": 32,
  "n_gen_chains": 128,
  "n_baseline_chains": 32,
  "n_traj_gen": 96,
  "n_traj_baseline": 640,
  "hmc": {
    "step_size": 0.07257490329880557,
    "n_steps": 14,
    "acceptance": {
      "generated": 0.98291015625,
      "hot": 0.98134765625,
      "cold": 0.982568359375
    },
    "sec_per_traj_gen_batch": 0.07463724414507548,
    "sec_per_traj_baseline_batch": 0.04616805799305439
  },
  "t_therm": {
    "diffusion seed": {
      "plaquette": 1.0,
      "wilson_2x2": 7.0,
      "wilson_4x4": 14.0,
      "wilson_6x6": 5.0,
      "Q^2": 0.0
    },
    "hot start": {
      "plaquette": Infinity,
      "wilson_2x2": Infinity,
      "wilson_4x4": Infinity,
      "wilson_6x6": Infinity,
      "Q^2": Infinity
    },
    "cold start": {
      "plaquette": 510.0,
      "wilson_2x2": 541.0,
      "wilson_4x4": 279.0,
      "wilson_6x6": 152.0,
      "Q^2": Infinity
    }
  },
  "t_therm_generated_full_batch": {
    "plaquette": 1.0,
    "wilson_2x2": 4.0,
    "wilson_4x4": 4.0,
    "wilson_6x6": 0.0,
    "Q^2": 0.0
  },
  "t_therm_subsample_size": 32,
  "final_abs_z": {
    "diffusion seed": {
      "plaquette": 1.0426781177520752,
      "wilson_2x2": 0.7858818769454956,
      "wilson_4x4": 0.734014093875885,
      "wilson_6x6": 0.7213576436042786,
      "Q^2": 0.9422017931938171
    },
    "hot start": {
      "plaquette": 8.992743492126465,
      "wilson_2x2": 9.758536338806152,
      "wilson_4x4": 5.332717418670654,
      "wilson_6x6": 4.53562068939209,
      "Q^2": 3.5896613597869873
    },
    "cold start": {
      "plaquette": 0.9417279958724976,
      "wilson_2x2": 2.060086250305176,
      "wilson_4x4": 1.6909891366958618,
      "wilson_6x6": 1.7144935131072998,
      "Q^2": 868455153664.0
    }
  },
  "tau_int": {
    "plaquette": {
      "value": 10.648385301992807,
      "error": 1.3654806656517817
    },
    "wilson_2x2": {
      "value": 17.64752447271762,
      "error": 1.8738495755496039
    },
    "wilson_4x4": {
      "value": 14.640145971453286,
      "error": 1.9934311258707536
    },
    "wilson_6x6": {
      "value": 7.24900464785585,
      "error": 1.321848911944859
    }
  },
  "hmc_interval_trajectories": 35.29504894543524,
  "q_freezing": {
    "label": "hot-start HMC L=32 beta=30.3772",
    "frozen": true,
    "n_tunnelings": 0,
    "window_length": 321,
    "n_chains": 32,
    "tau_int_Q": 321.0
  }
}