{
  "label": "A_bc8_L32_beta30.3772",
  "beta": 30.377151768252677,
  "lattice_size": 32,
  "n_gen_chains": 128,
  "n_baseline_chains": 32,
  "n_traj_gen": 96,
  "n_traj_baseline": 640,
  "hmc": {
    "step_size": 0.07257490329880557,
    "n_steps": 14,
    "acceptance": {
      "generated": 0.98095703125,
      "hot": 0.9822265625,
      "cold": 0.982568359375
    },
    "sec_per_traj_gen_batch": 0.1120315467317899,
    "sec_per_traj_baseline_batch": 0.06801282837986947
  },
  "t_therm": {
    "diffusion seed": {
      "plaquette": 6.0,
      "wilson_2x2": 24.0,
      "wilson_4x4": 0.0,
      "wilson_6x6": 0.0,
      "Q^2": 0.0
    },
    "hot start": {
      "plaquette": Infinity,
      "wilson_2x2": Infinity,
      "wilson_4x4": Infinity,
      "wilson_6x6": Infinity,
      "Q^2": Infinity
    },
    "cold start": {
      "plaquette": 407.0,
      "wilson_2x2": 599.0,
      "wilson_4x4": 212.0,
      "wilson_6x6": 179.0,
      "Q^2": Infinity
    }
  },
  "t_therm_generated_full_batch": {
    "plaquette": 4.0,
    "wilson_2x2": 3.0,
    "wilson_4x4": 0.0,
    "wilson_6x6": 5.0,
    "Q^2": 0.0
  },
  "t_therm_subsample_size": 32,
  "final_abs_z": {
    "diffusion seed": {
      "plaquette": 0.9448674321174622,
      "wilson_2x2": 0.871782660484314,
      "wilson_4x4": 0.6446213722229004,
      "wilson_6x6": 0.6163903474807739,
      "Q^2": 0.9422017931938171
    },
    "hot start": {
      "plaquette": 10.895870208740234,
      "wilson_2x2": 11.679829597473145,
      "wilson_4x4": 5.88483190536499,
      "wilson_6x6": 4.570298194885254,
      "Q^2": 4.354066371917725
    },
    "cold start": {
      "plaquette": 1.0591282844543457,
      "wilson_2x2": 1.7548608779907227,
      "wilson_4x4": 0.5960193872451782,
      "wilson_6x6": 0.9646354913711548,
      "Q^2": 868455153664.0
    }
  },
  "tau_int": {
    "plaquette": {
      "value": 11.673788381960652,
      "error": 1.2637139733238798
    },
    "wilson_2x2": {
      "value": 14.373126871447205,
      "error": 1.7699947606581516
    },
    "wilson_4x4": {
      "value": 10.010825052788078,
      "error": 1.6974979042445018
    },
    "wilson_6x6": {
      "value": 4.098251749762285,
      "error": 0.992475914610374
    }
  },
  "hmc_interval_trajectories": 28.74625374289441,
  "q_freezing": {
    "label": "hot-start HMC L=32 beta=30.3772",
    "frozen": true,
    "n_tunnelings": 0,
    "window_length": 321,
    "n_chains": 32,
    "tau_int_Q": 321.0
  }
}