{
  "label": "A_bc4_L32_beta14.1464",
  "beta": 14.146446570889967,
  "lattice_size": 32,
  "n_gen_chains": 128,
  "n_baseline_chains": 32,
  "n_traj_gen": 96,
  "n_traj_baseline": 640,
  "hmc": {
    "step_size": 0.10634970988311153,
    "n_steps": 9,
    "acceptance": {
      "generated": 0.9852701822916666,
      "hot": 0.985400390625,
      "cold": 0.984912109375
    },
    "sec_per_traj_gen_batch": 0.1745378648241361,
    "sec_per_traj_baseline_batch": 0.10169336758553982
  },
  "t_therm": {
    "diffusion seed": {
      "plaquette": 0.0,
      "wilson_2x2": 1.0,
      "wilson_4x4": 1.0,
      "wilson_6x6": 5.0,
      "Q^2": Infinity
    },
    "hot start": {
      "plaquette": 439.0,
      "wilson_2x2": 531.0,
      "wilson_4x4": Infinity,
      "wilson_6x6": Infinity,
      "Q^2": Infinity
    },
    "cold start": {
      "plaquette": 176.0,
      "wilson_2x2": 117.0,
      "wilson_4x4": 91.0,
      "wilson_6x6": 25.0,
      "Q^2": Infinity
    }
  },
  "t_therm_generated_full_batch": {
    "plaquette": 0.0,
    "wilson_2x2": 1.0,
    "wilson_4x4": 0.0,
    "wilson_6x6": 0.0,
    "Q^2": 0.0
  },
  "t_therm_subsample_size": 32,
  "final_abs_z": {
    "diffusion seed": {
      "plaquette": 0.6232151985168457,
      "wilson_2x2": 0.786846935749054,
      "wilson_4x4": 0.9326164126396179,
      "wilson_6x6": 0.8853318095207214,
      "Q^2": 2.3327157497406006
    },
    "hot start": {
      "plaquette": 0.8997911214828491,
      "wilson_2x2": 1.674603819847107,
      "wilson_4x4": 2.991586208343506,
      "wilson_6x6": 3.43349027633667,
      "Q^2": 3.764641523361206
    },
    "cold start": {
      "plaquette": 0.8131331205368042,
      "wilson_2x2": 0.4833253026008606,
      "wilson_4x4": 0.9614919424057007,
      "wilson_6x6": 1.1626604795455933,
      "Q^2": 1903991324672.0
    }
  },
  "tau_int": {
    "plaquette": {
      "value": 5.717658160321338,
      "error": 0.7556516902694618
    },
    "wilson_2x2": {
      "value": 4.2065278393138,
      "error": 0.4690552094100242
    },
    "wilson_4x4": {
      "value": 2.0594297801000776,
      "error": 0.15749242461013055
    },
    "wilson_6x6": {
      "value": 0.8134869532817273,
      "error": 0.04104819276186604
    }
  },
  "hmc_interval_trajectories": 11.435316320642675,
  "q_freezing": {
    "label": "hot-start HMC L=32 beta=14.1464",
    "frozen": true,
    "n_tunnelings": 0,
    "window_length": 321,
    "n_chains": 32,
    "tau_int_Q": 321.0
  }
}