{
  "diffusion seed": {
    "plaquette": {
      "tau": 5.569701592995235,
      "A": 0.0006236250223756029,
      "C": 0.9640041467215701,
      "target": 0.9639807778019461,
      "plateau_minus_target": 2.3368919623956153e-05,
      "status": "ok",
      "tau_error": 1.1133544863167113
    },
    "wilson_2x2": {
      "tau": 30.05904584072454,
      "A": 0.0008305797137250199,
      "C": 0.8632181311989141,
      "target": 0.8635221775172254,
      "plateau_minus_target": -0.0003040463183112685,
      "status": "ok",
      "tau_error": 23.130895004104225
    },
    "wilson_4x4": {
      "tau": null,
      "A": 0.0036253708105287606,
      "C": 0.553246722095522,
      "target": 0.5560245707242246,
      "plateau_minus_target": -0.0027778486287026727,
      "status": "no measurable decay (starts at plateau; tau unconstrained)"
    },
    "Q^2": {
      "tau": null,
      "A": 0.0,
      "C": 1.7760416269302368,
      "target": 1.9039978031706457,
      "plateau_minus_target": -0.1279561762404089,
      "status": "constant series (no decay; frozen)"
    }
  },
  "cold start": {
    "plaquette": {
      "tau": 6.167223010750713,
      "A": 0.02409380492449102,
      "C": 0.9645091442160655,
      "target": 0.9639807778019461,
      "plateau_minus_target": 0.0005283664141193523,
      "status": "ok",
      "tau_error": 0.28608240706749616
    },
    "wilson_2x2": {
      "tau": 6.73355629298329,
      "A": 0.08783944705815876,
      "C": 0.8663298902871276,
      "target": 0.8635221775172254,
      "plateau_minus_target": 0.0028077127699022153,
      "status": "ok",
      "tau_error": 0.34388708404760276
    },
    "wilson_4x4": {
      "tau": 2.5121160611830007,
      "A": 0.3722918680062618,
      "C": 0.5672089593393808,
      "target": 0.5560245707242246,
      "plateau_minus_target": 0.011184388615156138,
      "status": "ok",
      "tau_error": 0.13718925527220763
    },
    "Q^2": {
      "tau": null,
      "A": 0.0,
      "C": 0.0,
      "target": 1.9039978031706457,
      "plateau_minus_target": -1.9039978031706457,
      "status": "constant series (no decay; frozen)"
    }
  },
  "hot start": {
    "plaquette": {
      "tau": 1.9468198671588122,
      "A": -0.9370304935450726,
      "C": 0.9599409053271281,
      "target": 0.9639807778019461,
      "plateau_minus_target": -0.004039872474818074,
      "status": "ok",
      "tau_error": 0.021040645277800942
    },
    "wilson_2x2": {
      "tau": 6.710768256252318,
      "A": -0.815206520052728,
      "C": 0.8381759832255073,
      "target": 0.8635221775172254,
      "plateau_minus_target": -0.025346194291718027,
      "status": "ok",
      "tau_error": 0.17514645145060684
    },
    "wilson_4x4": {
      "tau": 79.29902277303736,
      "A": -0.318973956217223,
      "C": 0.4891543971661813,
      "target": 0.5560245707242246,
      "plateau_minus_target": -0.06687017355804331,
      "status": "ok",
      "tau_error": 2.4491879586993024
    },
    "Q^2": {
      "tau": 1.3715326751625079,
      "A": 55.09925787772574,
      "C": 15.861055286414022,
      "target": 1.9039978031706457,
      "plateau_minus_target": 13.957057483243377,
      "status": "ok",
      "tau_error": 0.03260660180172837
    }
  }
}