{
  "diffusion seed": {
    "plaquette": {
      "tau": 2.1867007769637703,
      "A": -0.018162320546651085,
      "C": 0.7017613030053612,
      "target": 0.7017424720904093,
      "plateau_minus_target": 1.8830914951917244e-05,
      "status": "ok",
      "tau_error": 0.2292695961024924
    },
    "wilson_2x2": {
      "tau": 0.5399264884635085,
      "A": 0.0375235655623669,
      "C": 0.24254680061894726,
      "target": 0.24249961298510492,
      "plateau_minus_target": 4.718763384234381e-05,
      "status": "ok",
      "tau_error": 0.12343409508771214
    },
    "wilson_4x4": {
      "tau": null,
      "A": 0.003979894308983295,
      "C": 0.0037291093185077757,
      "target": 0.003458152962987515,
      "plateau_minus_target": 0.0002709563555202605,
      "status": "no measurable decay (starts at plateau; tau unconstrained)"
    },
    "Q^2": {
      "tau": 8.113031567385907,
      "A": 3.1282720023059145,
      "C": 19.01003038332887,
      "target": 19.510790128359712,
      "plateau_minus_target": -0.500759745030841,
      "status": "ok (amplitude within noise of plateau)",
      "tau_error": 6.425130051456267
    }
  },
  "cold start": {
    "plaquette": {
      "tau": 3.488004483616086,
      "A": 0.284995067654782,
      "C": 0.7018237308907356,
      "target": 0.7017424720904093,
      "plateau_minus_target": 8.125880032627819e-05,
      "status": "ok",
      "tau_error": 0.03988764492292815
    },
    "wilson_2x2": {
      "tau": 1.2300298748195362,
      "A": 0.7453931145273872,
      "C": 0.24259513265004015,
      "target": 0.24249961298510492,
      "plateau_minus_target": 9.551966493523412e-05,
      "status": "ok",
      "tau_error": 0.02004387772491973
    },
    "wilson_4x4": {
      "tau": 0.6255395214036251,
      "A": 0.9962990050575258,
      "C": 0.003463448664955292,
      "target": 0.003458152962987515,
      "plateau_minus_target": 5.295701967776654e-06,
      "status": "ok",
      "tau_error": 0.008174203490110367
    },
    "Q^2": {
      "tau": 5.3636691995714445,
      "A": -19.788298830666786,
      "C": 20.221375682080613,
      "target": 19.510790128359712,
      "plateau_minus_target": 0.7105855537209003,
      "status": "ok",
      "tau_error": 1.5303045550641703
    }
  },
  "hot start": {
    "plaquette": {
      "tau": 1.7055359149993206,
      "A": -0.6779708723627659,
      "C": 0.7012974479048036,
      "target": 0.7017424720904093,
      "plateau_minus_target": -0.00044502418560565804,
      "status": "ok",
      "tau_error": 0.0186191485905111
    },
    "wilson_2x2": {
      "tau": 2.6990845654124587,
      "A": -0.2524953231811462,
      "C": 0.24248472159231235,
      "target": 0.24249961298510492,
      "plateau_minus_target": -1.489139279256535e-05,
      "status": "ok",
      "tau_error": 0.08390653805175154
    },
    "wilson_4x4": {
      "tau": 2.8123990818809594,
      "A": -0.007698357028182086,
      "C": 0.003583663380754178,
      "target": 0.003458152962987515,
      "plateau_minus_target": 0.00012551041776666296,
      "status": "ok (amplitude within noise of plateau)",
      "tau_error": 2.4120254006738207
    },
    "Q^2": {
      "tau": 0.9511393868358984,
      "A": 36.30550893540883,
      "C": 19.71739175833571,
      "target": 19.510790128359712,
      "plateau_minus_target": 0.2066016299759994,
      "status": "ok",
      "tau_error": 0.2823204722039523
    }
  }
}