{
  "label": "A_bc0.5_L32_beta2.02441",
  "beta": 2.024407657391736,
  "lattice_size": 32,
  "n_gen_chains": 128,
  "n_baseline_chains": 32,
  "n_traj_gen": 96,
  "n_traj_baseline": 640,
  "hmc": {
    "step_size": 0.1,
    "n_steps": 10,
    "acceptance": {
      "generated": 0.9913736979166666,
      "hot": 0.990087890625,
      "cold": 0.989892578125
    },
    "sec_per_traj_gen_batch": 0.2411425163348516,
    "sec_per_traj_baseline_batch": 0.07821926884353161
  },
  "t_therm": {
    "diffusion seed": {
      "plaquette": 4.0,
      "wilson_2x2": 2.0,
      "wilson_4x4": 2.0,
      "Q^2": 0.0
    },
    "hot start": {
      "plaquette": 23.0,
      "wilson_2x2": 11.0,
      "wilson_4x4": 3.0,
      "Q^2": 1.0
    },
    "cold start": {
      "plaquette": 22.0,
      "wilson_2x2": 12.0,
      "wilson_4x4": 5.0,
      "Q^2": 5.0
    }
  },
  "t_therm_generated_full_batch": {
    "plaquette": 5.0,
    "wilson_2x2": 2.0,
    "wilson_4x4": 2.0,
    "Q^2": 0.0
  },
  "t_therm_subsample_size": 32,
  "final_abs_z": {
    "diffusion seed": {
      "plaquette": 1.080507516860962,
      "wilson_2x2": 0.8408330082893372,
      "wilson_4x4": 0.8855830430984497,
      "Q^2": 1.0985220670700073
    },
    "hot start": {
      "plaquette": 0.8645128011703491,
      "wilson_2x2": 0.7961364984512329,
      "wilson_4x4": 0.5084497332572937,
      "Q^2": 0.6054542660713196
    },
    "cold start": {
      "plaquette": 0.36565497517585754,
      "wilson_2x2": 0.847425103187561,
      "wilson_4x4": 0.7118726372718811,
      "Q^2": 0.752519965171814
    }
  },
  "tau_int": {
    "plaquette": {
      "value": 2.3715933984472484,
      "error": 0.14271805743959548
    },
    "wilson_2x2": {
      "value": 0.9117945293692216,
      "error": 0.03943299403575788
    },
    "wilson_4x4": {
      "value": 0.5589341371791599,
      "error": 0.013930873409952678
    }
  },
  "hmc_interval_trajectories": 4.743186796894497,
  "q_freezing": {
    "label": "hot-start HMC L=32 beta=2.02441",
    "frozen": false,
    "n_tunnelings": 9029,
    "window_length": 321,
    "n_chains": 32,
    "tau_int_Q": 2.939116279479949
  }
}