{
  "label": "A_bc6_L32_beta22.3151",
  "beta": 22.31514788507771,
  "lattice_size": 32,
  "n_gen_chains": 128,
  "n_baseline_chains": 32,
  "n_traj_gen": 96,
  "n_traj_baseline": 640,
  "hmc": {
    "step_size": 0.08467595563003825,
    "n_steps": 12,
    "acceptance": {
      "generated": 0.9794108072916666,
      "hot": 0.9810546875,
      "cold": 0.983740234375
    },
    "sec_per_traj_gen_batch": 0.22629479070504507,
    "sec_per_traj_baseline_batch": 0.12550616152584554
  },
  "t_therm": {
    "diffusion seed": {
      "plaquette": Infinity,
      "wilson_2x2": Infinity,
      "wilson_4x4": 47.0,
      "wilson_6x6": 44.0,
      "Q^2": 0.0
    },
    "hot start": {
      "plaquette": Infinity,
      "wilson_2x2": Infinity,
      "wilson_4x4": Infinity,
      "wilson_6x6": Infinity,
      "Q^2": Infinity
    },
    "cold start": {
      "plaquette": 234.0,
      "wilson_2x2": 211.0,
      "wilson_4x4": 122.0,
      "wilson_6x6": 129.0,
      "Q^2": Infinity
    }
  },
  "t_therm_generated_full_batch": {
    "plaquette": Infinity,
    "wilson_2x2": Infinity,
    "wilson_4x4": Infinity,
    "wilson_6x6": Infinity,
    "Q^2": 0.0
  },
  "t_therm_subsample_size": 32,
  "final_abs_z": {
    "diffusion seed": {
      "plaquette": 7.796957969665527,
      "wilson_2x2": 2.970604419708252,
      "wilson_4x4": 1.0664079189300537,
      "wilson_6x6": 0.9567421078681946,
      "Q^2": 0.33846166729927063
    },
    "hot start": {
      "plaquette": 4.11939001083374,
      "wilson_2x2": 7.147712707519531,
      "wilson_4x4": 4.207854270935059,
      "wilson_6x6": 5.114798545837402,
      "Q^2": 4.754169464111328
    },
    "cold start": {
      "plaquette": 0.4043422341346741,
      "wilson_2x2": 0.9374815225601196,
      "wilson_4x4": 0.8967210650444031,
      "wilson_6x6": 1.4012030363082886,
      "Q^2": 1189769248768.0
    }
  },
  "tau_int": {
    "plaquette": {
      "value": 8.877870366856518,
      "error": 1.1012937305822241
    },
    "wilson_2x2": {
      "value": 7.639321580274146,
      "error": 1.0016146153774963
    },
    "wilson_4x4": {
      "value": 3.850229020409848,
      "error": 0.5827848642435058
    },
    "wilson_6x6": {
      "value": 1.239534395363568,
      "error": 0.1237001536413482
    }
  },
  "hmc_interval_trajectories": 17.755740733713036,
  "q_freezing": {
    "label": "hot-start HMC L=32 beta=22.3151",
    "frozen": true,
    "n_tunnelings": 0,
    "window_length": 321,
    "n_chains": 32,
    "tau_int_Q": 321.0
  }
}