{
  "label": "E_bc18_L32_beta70.4526",
  "beta": 70.45262889959757,
  "lattice_size": 32,
  "n_gen_chains": 128,
  "n_baseline_chains": 32,
  "n_traj_gen": 96,
  "n_traj_baseline": 640,
  "hmc": {
    "step_size": 0.047655319955962526,
    "n_steps": 21,
    "acceptance": {
      "generated": 0.977294921875,
      "hot": 0.976806640625,
      "cold": 0.97421875
    },
    "sec_per_traj_gen_batch": 0.11476701249678929,
    "sec_per_traj_baseline_batch": 0.08857666812837124
  },
  "t_therm": {
    "diffusion seed": {
      "plaquette": 1.0,
      "wilson_2x2": 1.0,
      "wilson_4x4": 0.0,
      "wilson_6x6": 0.0,
      "Q^2": 0.0
    },
    "hot start": {
      "plaquette": Infinity,
      "wilson_2x2": Infinity,
      "wilson_4x4": Infinity,
      "wilson_6x6": Infinity,
      "Q^2": Infinity
    },
    "cold start": {
      "plaquette": 391.0,
      "wilson_2x2": 210.0,
      "wilson_4x4": 142.0,
      "wilson_6x6": 122.0,
      "Q^2": Infinity
    }
  },
  "t_therm_generated_full_batch": {
    "plaquette": 8.0,
    "wilson_2x2": 2.0,
    "wilson_4x4": 0.0,
    "wilson_6x6": 0.0,
    "Q^2": 0.0
  },
  "t_therm_subsample_size": 32,
  "final_abs_z": {
    "diffusion seed": {
      "plaquette": 1.0077669620513916,
      "wilson_2x2": 1.4209719896316528,
      "wilson_4x4": 0.9367378354072571,
      "wilson_6x6": 1.254414677619934,
      "Q^2": 1.0202445983886719
    },
    "hot start": {
      "plaquette": 7.917946815490723,
      "wilson_2x2": 6.962515830993652,
      "wilson_4x4": 4.313349723815918,
      "wilson_6x6": 4.203539848327637,
      "Q^2": 3.678701877593994
    },
    "cold start": {
      "plaquette": 0.7489185929298401,
      "wilson_2x2": 1.2243367433547974,
      "wilson_4x4": 1.6594159603118896,
      "wilson_6x6": 2.1017870903015137,
      "Q^2": 363637014528.0
    }
  },
  "tau_int": {
    "plaquette": {
      "value": 10.028253575638184,
      "error": 1.4084375355885579
    },
    "wilson_2x2": {
      "value": 15.357813360897271,
      "error": 1.8771254534443322
    },
    "wilson_4x4": {
      "value": 5.275741624903592,
      "error": 0.6788974616762982
    },
    "wilson_6x6": {
      "value": 2.798463301058157,
      "error": 0.4710247894308168
    }
  },
  "hmc_interval_trajectories": 30.715626721794543,
  "q_freezing": {
    "label": "hot-start HMC L=32 beta=70.4526",
    "frozen": true,
    "n_tunnelings": 0,
    "window_length": 321,
    "n_chains": 32,
    "tau_int_Q": 321.0
  }
}