{
  "label": "B_bt16_L32_beta16",
  "beta": 16.0,
  "lattice_size": 32,
  "n_gen_chains": 128,
  "n_baseline_chains": 32,
  "n_traj_gen": 96,
  "n_traj_baseline": 640,
  "hmc": {
    "step_size": 0.1,
    "n_steps": 10,
    "acceptance": {
      "generated": 0.9778645833333334,
      "hot": 0.97587890625,
      "cold": 0.978173828125
    },
    "sec_per_traj_gen_batch": 0.17323541144529978,
    "sec_per_traj_baseline_batch": 0.09493736699223518
  },
  "t_therm": {
    "diffusion seed": {
      "plaquette": Infinity,
      "wilson_2x2": 85.0,
      "wilson_4x4": 25.0,
      "wilson_6x6": 1.0,
      "Q^2": 0.0
    },
    "hot start": {
      "plaquette": Infinity,
      "wilson_2x2": Infinity,
      "wilson_4x4": Infinity,
      "wilson_6x6": Infinity,
      "Q^2": Infinity
    },
    "cold start": {
      "plaquette": 276.0,
      "wilson_2x2": 276.0,
      "wilson_4x4": 209.0,
      "wilson_6x6": 53.0,
      "Q^2": Infinity
    }
  },
  "t_therm_generated_full_batch": {
    "plaquette": Infinity,
    "wilson_2x2": Infinity,
    "wilson_4x4": 51.0,
    "wilson_6x6": 20.0,
    "Q^2": 0.0
  },
  "t_therm_subsample_size": 32,
  "final_abs_z": {
    "diffusion seed": {
      "plaquette": 2.783224582672119,
      "wilson_2x2": 2.295665979385376,
      "wilson_4x4": 0.9891950488090515,
      "wilson_6x6": 0.6056352257728577,
      "Q^2": 1.381877064704895
    },
    "hot start": {
      "plaquette": 5.456110000610352,
      "wilson_2x2": 7.958343505859375,
      "wilson_4x4": 7.611132621765137,
      "wilson_6x6": 4.598609447479248,
      "Q^2": 3.0984015464782715
    },
    "cold start": {
      "plaquette": 0.5522648692131042,
      "wilson_2x2": 0.7959815859794617,
      "wilson_4x4": 1.2109761238098145,
      "wilson_6x6": 1.2682439088821411,
      "Q^2": 1675631132672.0
    }
  },
  "tau_int": {
    "plaquette": {
      "value": 9.619455308414683,
      "error": 1.3805693406859696
    },
    "wilson_2x2": {
      "value": 14.021535393181626,
      "error": 2.0497847395108986
    },
    "wilson_4x4": {
      "value": 8.415195423309687,
      "error": 1.5520856583635927
    },
    "wilson_6x6": {
      "value": 1.1809650258764146,
      "error": 0.09463217252984917
    }
  },
  "hmc_interval_trajectories": 28.043070786363252,
  "q_freezing": {
    "label": "hot-start HMC L=32 beta=16",
    "frozen": true,
    "n_tunnelings": 0,
    "window_length": 321,
    "n_chains": 32,
    "tau_int_Q": 321.0
  }
}