================ scale chain launch Sat 08/01/2026 21:12:14.70 ================ 
[2026-08-01 21:12:14] STAGE_DATA_START: C:\Users\ompan\OneDrive\Desktop\Lattice QCD Research\dev\InverseRG\.venv\Scripts\python.exe C:\Users\ompan\OneDrive\Desktop\Lattice QCD Research\dev\InverseRG\diffusion_v2\scripts\01_generate_data.py --config diffusion_v2/configs/v3_scale.yaml
skip existing out\diffusion_v2\v2\data\wilson_L16_beta14.1464.pt
skip existing out\diffusion_v2\v2\data\wilson_L16_beta25.pt
skip existing out\diffusion_v2\v2\data\wilson_L16_beta40.pt
skip existing out\diffusion_v2\v2\data\wilson_L16_beta55.0237.pt
skip existing out\diffusion_v2\v2\data\wilson_L16_beta1.0119.pt
skip existing out\diffusion_v2\v2\data\wilson_L16_beta1.0397.pt
skip existing out\diffusion_v2\v2\data\wilson_L16_beta1.0743.pt
skip existing out\diffusion_v2\v2\data\wilson_L16_beta1.2464.pt
skip existing out\diffusion_v2\v2\data\wilson_L16_beta1.2749.pt
skip existing out\diffusion_v2\v2\data\wilson_L16_beta1.7484.pt
skip existing out\diffusion_v2\v2\data\wilson_L16_beta1.8367.pt
skip existing out\diffusion_v2\v2\data\wilson_L16_beta1.8781.pt
skip existing out\diffusion_v2\v2\data\wilson_L16_beta2.122.pt
skip existing out\diffusion_v2\v2\data\wilson_L16_beta2.1285.pt
skip existing out\diffusion_v2\v2\data\wilson_L16_beta2.1757.pt
skip existing out\diffusion_v2\v2\data\wilson_L16_beta2.1862.pt
skip existing out\diffusion_v2\v2\data\wilson_L16_beta2.2983.pt
skip existing out\diffusion_v2\v2\data\wilson_L16_beta2.3046.pt
skip existing out\diffusion_v2\v2\data\wilson_L16_beta2.3454.pt
skip existing out\diffusion_v2\v2\data\wilson_L16_beta2.7647.pt
skip existing out\diffusion_v2\v2\data\wilson_L16_beta3.1518.pt
skip existing out\diffusion_v2\v2\data\wilson_L16_beta3.1669.pt
skip existing out\diffusion_v2\v2\data\wilson_L16_beta3.2922.pt
skip existing out\diffusion_v2\v2\data\wilson_L16_beta3.3842.pt
skip existing out\diffusion_v2\v2\data\wilson_L16_beta3.4006.pt
skip existing out\diffusion_v2\v2\data\wilson_L16_beta3.6231.pt
skip existing out\diffusion_v2\v2\data\wilson_L16_beta3.7225.pt
skip existing out\diffusion_v2\v2\data\wilson_L16_beta4.0764.pt
skip existing out\diffusion_v2\v2\data\wilson_L16_beta4.7323.pt
skip existing out\diffusion_v2\v2\data\wilson_L16_beta4.7632.pt
skip existing out\diffusion_v2\v2\data\wilson_L16_beta5.586.pt
skip existing out\diffusion_v2\v2\data\wilson_L16_beta6.2411.pt
skip existing out\diffusion_v2\v2\data\wilson_L16_beta6.4184.pt
skip existing out\diffusion_v2\v2\data\wilson_L16_beta6.8771.pt
skip existing out\diffusion_v2\v2\data\wilson_L16_beta8.3946.pt
skip existing out\diffusion_v2\v2\data\wilson_L16_beta8.4548.pt
skip existing out\diffusion_v2\v2\data\wilson_L16_beta8.7139.pt
skip existing out\diffusion_v2\v2\data\wilson_L16_beta9.287.pt
skip existing out\diffusion_v2\v2\data\wilson_L16_beta9.571.pt
skip existing out\diffusion_v2\v2\data\wilson_L16_beta9.8499.pt
skip existing out\diffusion_v2\v2\data\wilson_L16_beta10.2188.pt
skip existing out\diffusion_v2\v2\data\wilson_L16_beta11.8501.pt
skip existing out\diffusion_v2\v2\data\wilson_L16_beta11.8784.pt
skip existing out\diffusion_v2\v2\data\wilson_L16_beta12.9259.pt
skip existing out\diffusion_v2\v2\data\wilson_L16_beta14.4687.pt
skip existing out\diffusion_v2\v2\data\wilson_L16_beta15.5366.pt
skip existing out\diffusion_v2\v2\data\wilson_L16_beta17.502.pt
skip existing out\diffusion_v2\v2\data\wilson_L16_beta17.7602.pt
skip existing out\diffusion_v2\v2\data\wilson_L16_beta19.403.pt
skip existing out\diffusion_v2\v2\data\wilson_L16_beta20.2412.pt
skip existing out\diffusion_v2\v2\data\wilson_L16_beta21.8857.pt
skip existing out\diffusion_v2\v2\data\wilson_L16_beta27.0442.pt
skip existing out\diffusion_v2\v2\data\wilson_L16_beta27.3387.pt
skip existing out\diffusion_v2\v2\data\wilson_L16_beta27.7875.pt
skip existing out\diffusion_v2\v2\data\wilson_L16_beta30.5978.pt
skip existing out\diffusion_v2\v2\data\wilson_L16_beta33.325.pt
skip existing out\diffusion_v2\v2\data\wilson_L16_beta34.3422.pt
skip existing out\diffusion_v2\v2\data\wilson_L16_beta38.5957.pt
skip existing out\diffusion_v2\v2\data\wilson_L16_beta39.6475.pt
skip existing out\diffusion_v2\v2\data\wilson_L16_beta47.0386.pt
skip existing out\diffusion_v2\v2\data\wilson_L16_beta47.4228.pt
skip existing out\diffusion_v2\v2\data\wilson_L16_beta54.11.pt
skip existing out\diffusion_v2\v2\data\wilson_L16_beta56.1944.pt
skip existing out\diffusion_v2\v2\data\wilson_L16_beta57.2189.pt
skip existing out\diffusion_v2\v2\data\wilson_L32_beta2.1926.pt
skip existing out\diffusion_v2\v2\data\wilson_L32_beta2.4697.pt
skip existing out\diffusion_v2\v2\data\wilson_L32_beta2.8622.pt
skip existing out\diffusion_v2\v2\data\wilson_L32_beta4.994.pt
skip existing out\diffusion_v2\v2\data\wilson_L32_beta8.069.pt
skip existing out\diffusion_v2\v2\data\wilson_L32_beta11.2015.pt
skip existing out\diffusion_v2\v2\data\wilson_L32_beta12.3504.pt
skip existing out\diffusion_v2\v2\data\wilson_L32_beta12.688.pt
skip existing out\diffusion_v2\v2\data\wilson_L32_beta14.1441.pt
skip existing out\diffusion_v2\v2\data\wilson_L32_beta18.0708.pt
skip existing out\diffusion_v2\v2\data\wilson_L32_beta18.6487.pt
skip existing out\diffusion_v2\v2\data\wilson_L32_beta52.6284.pt
skip existing out\diffusion_v2\v2\data\wilson_L8_beta1.4347.pt
skip existing out\diffusion_v2\v2\data\wilson_L8_beta1.4977.pt
skip existing out\diffusion_v2\v2\data\wilson_L8_beta1.7872.pt
skip existing out\diffusion_v2\v2\data\wilson_L8_beta1.9783.pt
skip existing out\diffusion_v2\v2\data\wilson_L8_beta2.4006.pt
skip existing out\diffusion_v2\v2\data\wilson_L8_beta2.4786.pt
generating out\diffusion_v2\v2\data\wilson_L32_beta2.0799.pt ...
  L=32 beta=2.0799: 128 configs, acceptance 0.968, hot start, burn-in 200, 3s
  matched coarse beta: 0.5360 (tree level 0.519975)
generating out\diffusion_v2\v2\data\wilson_L32_beta2.4378.pt ...
  L=32 beta=2.4378: 128 configs, acceptance 0.964, hot start, burn-in 200, 3s
  matched coarse beta: 0.7078 (tree level 0.60945)
generating out\diffusion_v2\v2\data\wilson_L32_beta2.5092.pt ...
  L=32 beta=2.5092: 128 configs, acceptance 0.967, hot start, burn-in 200, 3s
  matched coarse beta: 0.7380 (tree level 0.6273)
generating out\diffusion_v2\v2\data\wilson_L32_beta4.0939.pt ...
  L=32 beta=4.0939: 128 configs, acceptance 0.964, hot start, burn-in 200, 3s
  matched coarse beta: 1.4004 (tree level 1.02347)
generating out\diffusion_v2\v2\data\wilson_L32_beta4.2586.pt ...
  L=32 beta=4.2586: 128 configs, acceptance 0.967, hot start, burn-in 200, 3s
  matched coarse beta: 1.4347 (tree level 1.06465)
generating out\diffusion_v2\v2\data\wilson_L32_beta4.2761.pt ...
  L=32 beta=4.2761: 128 configs, acceptance 0.968, hot start, burn-in 200, 3s
  matched coarse beta: 1.4491 (tree level 1.06902)
generating out\diffusion_v2\v2\data\wilson_L32_beta5.2987.pt ...
  L=32 beta=5.2987: 128 configs, acceptance 0.969, cold start, burn-in 600, 9s
  matched coarse beta: 1.7770 (tree level 1.32468)
generating out\diffusion_v2\v2\data\wilson_L32_beta5.7905.pt ...
  L=32 beta=5.7905: 128 configs, acceptance 0.972, cold start, burn-in 600, 9s
  matched coarse beta: 1.9003 (tree level 1.44762)
generating out\diffusion_v2\v2\data\wilson_L32_beta6.1747.pt ...
  L=32 beta=6.1747: 128 configs, acceptance 0.973, cold start, burn-in 600, 9s
  matched coarse beta: 2.0261 (tree level 1.54367)
generating out\diffusion_v2\v2\data\wilson_L32_beta8.7467.pt ...
  L=32 beta=8.7467: 128 configs, acceptance 0.976, cold start, burn-in 600, 11s
  matched coarse beta: 2.7087 (tree level 2.18668)
generating out\diffusion_v2\v2\data\wilson_L32_beta8.9764.pt ...
  L=32 beta=8.9764: 128 configs, acceptance 0.979, cold start, burn-in 600, 11s
  matched coarse beta: 2.7478 (tree level 2.2441)
generating out\diffusion_v2\v2\data\wilson_L32_beta9.3874.pt ...
  L=32 beta=9.3874: 128 configs, acceptance 0.980, cold start, burn-in 600, 12s
  matched coarse beta: 2.8561 (tree level 2.34685)
generating out\diffusion_v2\v2\data\wilson_L32_beta9.5767.pt ...
  L=32 beta=9.5767: 128 configs, acceptance 0.978, cold start, burn-in 600, 12s
  matched coarse beta: 2.8748 (tree level 2.39418)
generating out\diffusion_v2\v2\data\wilson_L32_beta9.6729.pt ...
================ scale chain launch Sat 08/01/2026 21:14:14.04 ================ 
[2026-08-01 21:14:14] STAGE_DATA_START: C:\Users\ompan\OneDrive\Desktop\Lattice QCD Research\dev\InverseRG\.venv\Scripts\python.exe C:\Users\ompan\OneDrive\Desktop\Lattice QCD Research\dev\InverseRG\diffusion_v2\scripts\01_generate_data.py --config diffusion_v2/configs/v3_scale.yaml
skip existing out\diffusion_v2\v2\data\wilson_L16_beta14.1464.pt
skip existing out\diffusion_v2\v2\data\wilson_L16_beta25.pt
skip existing out\diffusion_v2\v2\data\wilson_L16_beta40.pt
skip existing out\diffusion_v2\v2\data\wilson_L16_beta55.0237.pt
skip existing out\diffusion_v2\v2\data\wilson_L16_beta1.0119.pt
skip existing out\diffusion_v2\v2\data\wilson_L16_beta1.0397.pt
skip existing out\diffusion_v2\v2\data\wilson_L16_beta1.0743.pt
skip existing out\diffusion_v2\v2\data\wilson_L16_beta1.2464.pt
skip existing out\diffusion_v2\v2\data\wilson_L16_beta1.2749.pt
skip existing out\diffusion_v2\v2\data\wilson_L16_beta1.7484.pt
skip existing out\diffusion_v2\v2\data\wilson_L16_beta1.8367.pt
skip existing out\diffusion_v2\v2\data\wilson_L16_beta1.8781.pt
skip existing out\diffusion_v2\v2\data\wilson_L16_beta2.122.pt
skip existing out\diffusion_v2\v2\data\wilson_L16_beta2.1285.pt
skip existing out\diffusion_v2\v2\data\wilson_L16_beta2.1757.pt
skip existing out\diffusion_v2\v2\data\wilson_L16_beta2.1862.pt
skip existing out\diffusion_v2\v2\data\wilson_L16_beta2.2983.pt
skip existing out\diffusion_v2\v2\data\wilson_L16_beta2.3046.pt
skip existing out\diffusion_v2\v2\data\wilson_L16_beta2.3454.pt
skip existing out\diffusion_v2\v2\data\wilson_L16_beta2.7647.pt
skip existing out\diffusion_v2\v2\data\wilson_L16_beta3.1518.pt
skip existing out\diffusion_v2\v2\data\wilson_L16_beta3.1669.pt
skip existing out\diffusion_v2\v2\data\wilson_L16_beta3.2922.pt
skip existing out\diffusion_v2\v2\data\wilson_L16_beta3.3842.pt
skip existing out\diffusion_v2\v2\data\wilson_L16_beta3.4006.pt
skip existing out\diffusion_v2\v2\data\wilson_L16_beta3.6231.pt
skip existing out\diffusion_v2\v2\data\wilson_L16_beta3.7225.pt
skip existing out\diffusion_v2\v2\data\wilson_L16_beta4.0764.pt
skip existing out\diffusion_v2\v2\data\wilson_L16_beta4.7323.pt
skip existing out\diffusion_v2\v2\data\wilson_L16_beta4.7632.pt
skip existing out\diffusion_v2\v2\data\wilson_L16_beta5.586.pt
skip existing out\diffusion_v2\v2\data\wilson_L16_beta6.2411.pt
skip existing out\diffusion_v2\v2\data\wilson_L16_beta6.4184.pt
skip existing out\diffusion_v2\v2\data\wilson_L16_beta6.8771.pt
skip existing out\diffusion_v2\v2\data\wilson_L16_beta8.3946.pt
skip existing out\diffusion_v2\v2\data\wilson_L16_beta8.4548.pt
skip existing out\diffusion_v2\v2\data\wilson_L16_beta8.7139.pt
skip existing out\diffusion_v2\v2\data\wilson_L16_beta9.287.pt
skip existing out\diffusion_v2\v2\data\wilson_L16_beta9.571.pt
skip existing out\diffusion_v2\v2\data\wilson_L16_beta9.8499.pt
skip existing out\diffusion_v2\v2\data\wilson_L16_beta10.2188.pt
skip existing out\diffusion_v2\v2\data\wilson_L16_beta11.8501.pt
skip existing out\diffusion_v2\v2\data\wilson_L16_beta11.8784.pt
skip existing out\diffusion_v2\v2\data\wilson_L16_beta12.9259.pt
skip existing out\diffusion_v2\v2\data\wilson_L16_beta14.4687.pt
skip existing out\diffusion_v2\v2\data\wilson_L16_beta15.5366.pt
skip existing out\diffusion_v2\v2\data\wilson_L16_beta17.502.pt
skip existing out\diffusion_v2\v2\data\wilson_L16_beta17.7602.pt
skip existing out\diffusion_v2\v2\data\wilson_L16_beta19.403.pt
skip existing out\diffusion_v2\v2\data\wilson_L16_beta20.2412.pt
skip existing out\diffusion_v2\v2\data\wilson_L16_beta21.8857.pt
skip existing out\diffusion_v2\v2\data\wilson_L16_beta27.0442.pt
skip existing out\diffusion_v2\v2\data\wilson_L16_beta27.3387.pt
skip existing out\diffusion_v2\v2\data\wilson_L16_beta27.7875.pt
skip existing out\diffusion_v2\v2\data\wilson_L16_beta30.5978.pt
skip existing out\diffusion_v2\v2\data\wilson_L16_beta33.325.pt
skip existing out\diffusion_v2\v2\data\wilson_L16_beta34.3422.pt
skip existing out\diffusion_v2\v2\data\wilson_L16_beta38.5957.pt
skip existing out\diffusion_v2\v2\data\wilson_L16_beta39.6475.pt
skip existing out\diffusion_v2\v2\data\wilson_L16_beta47.0386.pt
skip existing out\diffusion_v2\v2\data\wilson_L16_beta47.4228.pt
skip existing out\diffusion_v2\v2\data\wilson_L16_beta54.11.pt
skip existing out\diffusion_v2\v2\data\wilson_L16_beta56.1944.pt
skip existing out\diffusion_v2\v2\data\wilson_L16_beta57.2189.pt
skip existing out\diffusion_v2\v2\data\wilson_L32_beta2.1926.pt
skip existing out\diffusion_v2\v2\data\wilson_L32_beta2.4697.pt
skip existing out\diffusion_v2\v2\data\wilson_L32_beta2.8622.pt
skip existing out\diffusion_v2\v2\data\wilson_L32_beta4.994.pt
skip existing out\diffusion_v2\v2\data\wilson_L32_beta8.069.pt
skip existing out\diffusion_v2\v2\data\wilson_L32_beta11.2015.pt
skip existing out\diffusion_v2\v2\data\wilson_L32_beta12.3504.pt
skip existing out\diffusion_v2\v2\data\wilson_L32_beta12.688.pt
skip existing out\diffusion_v2\v2\data\wilson_L32_beta14.1441.pt
skip existing out\diffusion_v2\v2\data\wilson_L32_beta18.0708.pt
skip existing out\diffusion_v2\v2\data\wilson_L32_beta18.6487.pt
skip existing out\diffusion_v2\v2\data\wilson_L32_beta52.6284.pt
skip existing out\diffusion_v2\v2\data\wilson_L8_beta1.4347.pt
skip existing out\diffusion_v2\v2\data\wilson_L8_beta1.4977.pt
skip existing out\diffusion_v2\v2\data\wilson_L8_beta1.7872.pt
skip existing out\diffusion_v2\v2\data\wilson_L8_beta1.9783.pt
skip existing out\diffusion_v2\v2\data\wilson_L8_beta2.4006.pt
skip existing out\diffusion_v2\v2\data\wilson_L8_beta2.4786.pt
skip existing out\diffusion_v2\v2\data\wilson_L32_beta2.0799.pt
skip existing out\diffusion_v2\v2\data\wilson_L32_beta2.4378.pt
skip existing out\diffusion_v2\v2\data\wilson_L32_beta2.5092.pt
skip existing out\diffusion_v2\v2\data\wilson_L32_beta4.0939.pt
skip existing out\diffusion_v2\v2\data\wilson_L32_beta4.2586.pt
skip existing out\diffusion_v2\v2\data\wilson_L32_beta4.2761.pt
skip existing out\diffusion_v2\v2\data\wilson_L32_beta5.2987.pt
skip existing out\diffusion_v2\v2\data\wilson_L32_beta5.7905.pt
skip existing out\diffusion_v2\v2\data\wilson_L32_beta6.1747.pt
skip existing out\diffusion_v2\v2\data\wilson_L32_beta8.7467.pt
skip existing out\diffusion_v2\v2\data\wilson_L32_beta8.9764.pt
skip existing out\diffusion_v2\v2\data\wilson_L32_beta9.3874.pt
skip existing out\diffusion_v2\v2\data\wilson_L32_beta9.5767.pt
generating out\diffusion_v2\v2\data\wilson_L32_beta9.6729.pt ...
  L=32 beta=9.6729: 128 configs, acceptance 0.979, cold start, burn-in 600, 14s
  matched coarse beta: 2.9593 (tree level 2.41823)
generating out\diffusion_v2\v2\data\wilson_L32_beta10.8745.pt ...
  L=32 beta=10.8745: 128 configs, acceptance 0.979, cold start, burn-in 600, 14s
  matched coarse beta: 3.2444 (tree level 2.71862)
generating out\diffusion_v2\v2\data\wilson_L32_beta11.9792.pt ...
  L=32 beta=11.9792: 128 configs, acceptance 0.984, cold start, burn-in 600, 15s
  matched coarse beta: 3.4679 (tree level 2.9948)
generating out\diffusion_v2\v2\data\wilson_L32_beta25.9011.pt ...
  L=32 beta=25.9011: 128 configs, acceptance 0.975, cold start, burn-in 2000, 64s
  matched coarse beta: 7.0522 (tree level 6.47527)
generating out\diffusion_v2\v2\data\wilson_L32_beta30.6638.pt ...
  L=32 beta=30.6638: 128 configs, acceptance 0.983, cold start, burn-in 2000, 68s
  matched coarse beta: 8.1399 (tree level 7.66595)
generating out\diffusion_v2\v2\data\wilson_L32_beta31.4382.pt ...
  L=32 beta=31.4382: 128 configs, acceptance 0.982, cold start, burn-in 2000, 69s
  matched coarse beta: 8.3755 (tree level 7.85955)
generating out\diffusion_v2\v2\data\wilson_L32_beta40.9956.pt ...
  L=32 beta=40.9956: 128 configs, acceptance 0.977, cold start, burn-in 2000, 79s
  matched coarse beta: 10.4247 (tree level 10.2489)
generating out\diffusion_v2\v2\data\wilson_L32_beta43.8647.pt ...
================ scale chain launch Sat 08/01/2026 21:21:12.72 ================ 
[2026-08-01 21:21:12] STAGE_DATA_START: C:\Users\ompan\OneDrive\Desktop\Lattice QCD Research\dev\InverseRG\.venv\Scripts\python.exe C:\Users\ompan\OneDrive\Desktop\Lattice QCD Research\dev\InverseRG\diffusion_v2\scripts\01_generate_data.py --config diffusion_v2/configs/v3_scale.yaml
skip existing out\diffusion_v2\v2\data\wilson_L16_beta14.1464.pt
skip existing out\diffusion_v2\v2\data\wilson_L16_beta25.pt
skip existing out\diffusion_v2\v2\data\wilson_L16_beta40.pt
skip existing out\diffusion_v2\v2\data\wilson_L16_beta55.0237.pt
skip existing out\diffusion_v2\v2\data\wilson_L16_beta1.0119.pt
skip existing out\diffusion_v2\v2\data\wilson_L16_beta1.0397.pt
skip existing out\diffusion_v2\v2\data\wilson_L16_beta1.0743.pt
skip existing out\diffusion_v2\v2\data\wilson_L16_beta1.2464.pt
skip existing out\diffusion_v2\v2\data\wilson_L16_beta1.2749.pt
skip existing out\diffusion_v2\v2\data\wilson_L16_beta1.7484.pt
skip existing out\diffusion_v2\v2\data\wilson_L16_beta1.8367.pt
skip existing out\diffusion_v2\v2\data\wilson_L16_beta1.8781.pt
skip existing out\diffusion_v2\v2\data\wilson_L16_beta2.122.pt
skip existing out\diffusion_v2\v2\data\wilson_L16_beta2.1285.pt
skip existing out\diffusion_v2\v2\data\wilson_L16_beta2.1757.pt
skip existing out\diffusion_v2\v2\data\wilson_L16_beta2.1862.pt
skip existing out\diffusion_v2\v2\data\wilson_L16_beta2.2983.pt
skip existing out\diffusion_v2\v2\data\wilson_L16_beta2.3046.pt
skip existing out\diffusion_v2\v2\data\wilson_L16_beta2.3454.pt
skip existing out\diffusion_v2\v2\data\wilson_L16_beta2.7647.pt
skip existing out\diffusion_v2\v2\data\wilson_L16_beta3.1518.pt
skip existing out\diffusion_v2\v2\data\wilson_L16_beta3.1669.pt
skip existing out\diffusion_v2\v2\data\wilson_L16_beta3.2922.pt
skip existing out\diffusion_v2\v2\data\wilson_L16_beta3.3842.pt
skip existing out\diffusion_v2\v2\data\wilson_L16_beta3.4006.pt
skip existing out\diffusion_v2\v2\data\wilson_L16_beta3.6231.pt
skip existing out\diffusion_v2\v2\data\wilson_L16_beta3.7225.pt
skip existing out\diffusion_v2\v2\data\wilson_L16_beta4.0764.pt
skip existing out\diffusion_v2\v2\data\wilson_L16_beta4.7323.pt
skip existing out\diffusion_v2\v2\data\wilson_L16_beta4.7632.pt
skip existing out\diffusion_v2\v2\data\wilson_L16_beta5.586.pt
skip existing out\diffusion_v2\v2\data\wilson_L16_beta6.2411.pt
skip existing out\diffusion_v2\v2\data\wilson_L16_beta6.4184.pt
skip existing out\diffusion_v2\v2\data\wilson_L16_beta6.8771.pt
skip existing out\diffusion_v2\v2\data\wilson_L16_beta8.3946.pt
skip existing out\diffusion_v2\v2\data\wilson_L16_beta8.4548.pt
skip existing out\diffusion_v2\v2\data\wilson_L16_beta8.7139.pt
skip existing out\diffusion_v2\v2\data\wilson_L16_beta9.287.pt
skip existing out\diffusion_v2\v2\data\wilson_L16_beta9.571.pt
skip existing out\diffusion_v2\v2\data\wilson_L16_beta9.8499.pt
skip existing out\diffusion_v2\v2\data\wilson_L16_beta10.2188.pt
skip existing out\diffusion_v2\v2\data\wilson_L16_beta11.8501.pt
skip existing out\diffusion_v2\v2\data\wilson_L16_beta11.8784.pt
skip existing out\diffusion_v2\v2\data\wilson_L16_beta12.9259.pt
skip existing out\diffusion_v2\v2\data\wilson_L16_beta14.4687.pt
skip existing out\diffusion_v2\v2\data\wilson_L16_beta15.5366.pt
skip existing out\diffusion_v2\v2\data\wilson_L16_beta17.502.pt
skip existing out\diffusion_v2\v2\data\wilson_L16_beta17.7602.pt
skip existing out\diffusion_v2\v2\data\wilson_L16_beta19.403.pt
skip existing out\diffusion_v2\v2\data\wilson_L16_beta20.2412.pt
skip existing out\diffusion_v2\v2\data\wilson_L16_beta21.8857.pt
skip existing out\diffusion_v2\v2\data\wilson_L16_beta27.0442.pt
skip existing out\diffusion_v2\v2\data\wilson_L16_beta27.3387.pt
skip existing out\diffusion_v2\v2\data\wilson_L16_beta27.7875.pt
skip existing out\diffusion_v2\v2\data\wilson_L16_beta30.5978.pt
skip existing out\diffusion_v2\v2\data\wilson_L16_beta33.325.pt
skip existing out\diffusion_v2\v2\data\wilson_L16_beta34.3422.pt
skip existing out\diffusion_v2\v2\data\wilson_L16_beta38.5957.pt
skip existing out\diffusion_v2\v2\data\wilson_L16_beta39.6475.pt
skip existing out\diffusion_v2\v2\data\wilson_L16_beta47.0386.pt
skip existing out\diffusion_v2\v2\data\wilson_L16_beta47.4228.pt
skip existing out\diffusion_v2\v2\data\wilson_L16_beta54.11.pt
skip existing out\diffusion_v2\v2\data\wilson_L16_beta56.1944.pt
skip existing out\diffusion_v2\v2\data\wilson_L16_beta57.2189.pt
skip existing out\diffusion_v2\v2\data\wilson_L32_beta2.1926.pt
skip existing out\diffusion_v2\v2\data\wilson_L32_beta2.4697.pt
skip existing out\diffusion_v2\v2\data\wilson_L32_beta2.8622.pt
skip existing out\diffusion_v2\v2\data\wilson_L32_beta4.994.pt
skip existing out\diffusion_v2\v2\data\wilson_L32_beta8.069.pt
skip existing out\diffusion_v2\v2\data\wilson_L32_beta11.2015.pt
skip existing out\diffusion_v2\v2\data\wilson_L32_beta12.3504.pt
skip existing out\diffusion_v2\v2\data\wilson_L32_beta12.688.pt
skip existing out\diffusion_v2\v2\data\wilson_L32_beta14.1441.pt
skip existing out\diffusion_v2\v2\data\wilson_L32_beta18.0708.pt
skip existing out\diffusion_v2\v2\data\wilson_L32_beta18.6487.pt
skip existing out\diffusion_v2\v2\data\wilson_L32_beta52.6284.pt
skip existing out\diffusion_v2\v2\data\wilson_L8_beta1.4347.pt
skip existing out\diffusion_v2\v2\data\wilson_L8_beta1.4977.pt
skip existing out\diffusion_v2\v2\data\wilson_L8_beta1.7872.pt
skip existing out\diffusion_v2\v2\data\wilson_L8_beta1.9783.pt
skip existing out\diffusion_v2\v2\data\wilson_L8_beta2.4006.pt
skip existing out\diffusion_v2\v2\data\wilson_L8_beta2.4786.pt
skip existing out\diffusion_v2\v2\data\wilson_L32_beta2.0799.pt
skip existing out\diffusion_v2\v2\data\wilson_L32_beta2.4378.pt
skip existing out\diffusion_v2\v2\data\wilson_L32_beta2.5092.pt
skip existing out\diffusion_v2\v2\data\wilson_L32_beta4.0939.pt
skip existing out\diffusion_v2\v2\data\wilson_L32_beta4.2586.pt
skip existing out\diffusion_v2\v2\data\wilson_L32_beta4.2761.pt
skip existing out\diffusion_v2\v2\data\wilson_L32_beta5.2987.pt
skip existing out\diffusion_v2\v2\data\wilson_L32_beta5.7905.pt
skip existing out\diffusion_v2\v2\data\wilson_L32_beta6.1747.pt
skip existing out\diffusion_v2\v2\data\wilson_L32_beta8.7467.pt
skip existing out\diffusion_v2\v2\data\wilson_L32_beta8.9764.pt
skip existing out\diffusion_v2\v2\data\wilson_L32_beta9.3874.pt
skip existing out\diffusion_v2\v2\data\wilson_L32_beta9.5767.pt
skip existing out\diffusion_v2\v2\data\wilson_L32_beta9.6729.pt
skip existing out\diffusion_v2\v2\data\wilson_L32_beta10.8745.pt
skip existing out\diffusion_v2\v2\data\wilson_L32_beta11.9792.pt
skip existing out\diffusion_v2\v2\data\wilson_L32_beta25.9011.pt
skip existing out\diffusion_v2\v2\data\wilson_L32_beta30.6638.pt
skip existing out\diffusion_v2\v2\data\wilson_L32_beta31.4382.pt
skip existing out\diffusion_v2\v2\data\wilson_L32_beta40.9956.pt
generating out\diffusion_v2\v2\data\wilson_L32_beta43.8647.pt ...
  L=32 beta=43.8647: 128 configs, acceptance 0.983, cold start, burn-in 2000, 77s
  matched coarse beta: 11.4096 (tree level 10.9662)
generating out\diffusion_v2\v2\data\wilson_L32_beta44.3339.pt ...
  L=32 beta=44.3339: 128 configs, acceptance 0.981, cold start, burn-in 2000, 80s
  matched coarse beta: 11.4885 (tree level 11.0835)
generating out\diffusion_v2\v2\data\wilson_L32_beta44.5075.pt ...
  L=32 beta=44.5075: 128 configs, acceptance 0.981, cold start, burn-in 2000, 79s
  matched coarse beta: 11.4427 (tree level 11.1269)
generating out\diffusion_v2\v2\data\wilson_L32_beta50.1987.pt ...
  L=32 beta=50.1987: 128 configs, acceptance 0.977, cold start, burn-in 2000, 85s
  matched coarse beta: 13.2386 (tree level 12.5497)
skip existing out\diffusion_v2\v2\data\wilson_L16_beta20.pt
wrote out\diffusion_v2\v2\data\matching.json
[2026-08-01 21:26:37] STAGE_DATA_DONE (5.4 min)
[2026-08-01 21:26:37] STAGE_TRAIN_START: C:\Users\ompan\OneDrive\Desktop\Lattice QCD Research\dev\InverseRG\.venv\Scripts\python.exe C:\Users\ompan\OneDrive\Desktop\Lattice QCD Research\dev\InverseRG\diffusion_v2\scripts\02_train.py --config diffusion_v2/configs/v3_scale.yaml
rung L16_beta14.1464: 605 train / 67 val configs
rung L16_beta25: 605 train / 67 val configs
rung L16_beta40: 605 train / 67 val configs
rung L16_beta55.0237: 605 train / 67 val configs
rung L16_beta1.0119: 116 train / 12 val configs
rung L16_beta1.0397: 116 train / 12 val configs
rung L16_beta1.0743: 116 train / 12 val configs
rung L16_beta1.2464: 116 train / 12 val configs
rung L16_beta1.2749: 116 train / 12 val configs
rung L16_beta1.7484: 116 train / 12 val configs
rung L16_beta1.8367: 116 train / 12 val configs
rung L16_beta1.8781: 116 train / 12 val configs
rung L16_beta2.122: 116 train / 12 val configs
rung L16_beta2.1285: 116 train / 12 val configs
rung L16_beta2.1757: 116 train / 12 val configs
rung L16_beta2.1862: 116 train / 12 val configs
rung L16_beta2.2983: 116 train / 12 val configs
rung L16_beta2.3046: 116 train / 12 val configs
rung L16_beta2.3454: 116 train / 12 val configs
rung L16_beta2.7647: 116 train / 12 val configs
rung L16_beta3.1518: 116 train / 12 val configs
rung L16_beta3.1669: 116 train / 12 val configs
rung L16_beta3.2922: 116 train / 12 val configs
rung L16_beta3.3842: 116 train / 12 val configs
rung L16_beta3.4006: 116 train / 12 val configs
rung L16_beta3.6231: 116 train / 12 val configs
rung L16_beta3.7225: 116 train / 12 val configs
rung L16_beta4.0764: 116 train / 12 val configs
rung L16_beta4.7323: 116 train / 12 val configs
rung L16_beta4.7632: 116 train / 12 val configs
rung L16_beta5.586: 116 train / 12 val configs
rung L16_beta6.2411: 116 train / 12 val configs
rung L16_beta6.4184: 116 train / 12 val configs
rung L16_beta6.8771: 116 train / 12 val configs
rung L16_beta8.3946: 116 train / 12 val configs
rung L16_beta8.4548: 116 train / 12 val configs
rung L16_beta8.7139: 116 train / 12 val configs
rung L16_beta9.287: 116 train / 12 val configs
rung L16_beta9.571: 116 train / 12 val configs
rung L16_beta9.8499: 116 train / 12 val configs
rung L16_beta10.2188: 116 train / 12 val configs
rung L16_beta11.8501: 116 train / 12 val configs
rung L16_beta11.8784: 116 train / 12 val configs
rung L16_beta12.9259: 116 train / 12 val configs
rung L16_beta14.4687: 116 train / 12 val configs
rung L16_beta15.5366: 116 train / 12 val configs
rung L16_beta17.502: 116 train / 12 val configs
rung L16_beta17.7602: 116 train / 12 val configs
rung L16_beta19.403: 116 train / 12 val configs
rung L16_beta20.2412: 116 train / 12 val configs
rung L16_beta21.8857: 116 train / 12 val configs
rung L16_beta27.0442: 116 train / 12 val configs
rung L16_beta27.3387: 116 train / 12 val configs
rung L16_beta27.7875: 116 train / 12 val configs
rung L16_beta30.5978: 116 train / 12 val configs
rung L16_beta33.325: 116 train / 12 val configs
rung L16_beta34.3422: 116 train / 12 val configs
rung L16_beta38.5957: 116 train / 12 val configs
rung L16_beta39.6475: 116 train / 12 val configs
rung L16_beta47.0386: 116 train / 12 val configs
rung L16_beta47.4228: 116 train / 12 val configs
rung L16_beta54.11: 116 train / 12 val configs
rung L16_beta56.1944: 116 train / 12 val configs
rung L16_beta57.2189: 116 train / 12 val configs
rung L32_beta2.1926: 116 train / 12 val configs
rung L32_beta2.4697: 116 train / 12 val configs
rung L32_beta2.8622: 116 train / 12 val configs
rung L32_beta4.994: 116 train / 12 val configs
rung L32_beta8.069: 116 train / 12 val configs
rung L32_beta11.2015: 116 train / 12 val configs
rung L32_beta12.3504: 116 train / 12 val configs
rung L32_beta12.688: 116 train / 12 val configs
rung L32_beta14.1441: 116 train / 12 val configs
rung L32_beta18.0708: 116 train / 12 val configs
rung L32_beta18.6487: 116 train / 12 val configs
rung L32_beta52.6284: 116 train / 12 val configs
rung L8_beta1.4347: 116 train / 12 val configs
rung L8_beta1.4977: 116 train / 12 val configs
rung L8_beta1.7872: 116 train / 12 val configs
rung L8_beta1.9783: 116 train / 12 val configs
rung L8_beta2.4006: 116 train / 12 val configs
rung L8_beta2.4786: 116 train / 12 val configs
rung L32_beta2.0799: 116 train / 12 val configs
rung L32_beta2.4378: 116 train / 12 val configs
rung L32_beta2.5092: 116 train / 12 val configs
rung L32_beta4.0939: 116 train / 12 val configs
rung L32_beta4.2586: 116 train / 12 val configs
rung L32_beta4.2761: 116 train / 12 val configs
rung L32_beta5.2987: 116 train / 12 val configs
rung L32_beta5.7905: 116 train / 12 val configs
rung L32_beta6.1747: 116 train / 12 val configs
rung L32_beta8.7467: 116 train / 12 val configs
rung L32_beta8.9764: 116 train / 12 val configs
rung L32_beta9.3874: 116 train / 12 val configs
rung L32_beta9.5767: 116 train / 12 val configs
rung L32_beta9.6729: 116 train / 12 val configs
rung L32_beta10.8745: 116 train / 12 val configs
rung L32_beta11.9792: 116 train / 12 val configs
rung L32_beta25.9011: 116 train / 12 val configs
rung L32_beta30.6638: 116 train / 12 val configs
rung L32_beta31.4382: 116 train / 12 val configs
rung L32_beta40.9956: 116 train / 12 val configs
rung L32_beta43.8647: 116 train / 12 val configs
rung L32_beta44.3339: 116 train / 12 val configs
rung L32_beta44.5075: 116 train / 12 val configs
rung L32_beta50.1987: 116 train / 12 val configs
epoch   0  train=0.7513  val_L16_beta14.1464=0.5862 val_L16_beta25=0.6167 val_L16_beta40=0.6156 val_L16_beta55.0237=0.5874 val_L16_beta1.0119=0.7933 val_L16_beta1.0397=0.8907 val_L16_beta1.0743=0.7087 val_L16_beta1.2464=0.7493 val_L16_beta1.2749=0.6790 val_L16_beta1.7484=0.5185 val_L16_beta1.8367=0.8836 val_L16_beta1.8781=0.7212 val_L16_beta2.122=0.5807 val_L16_beta2.1285=0.7548 val_L16_beta2.1757=0.6825 val_L16_beta2.1862=0.6352 val_L16_beta2.2983=0.6103 val_L16_beta2.3046=0.7910 val_L16_beta2.3454=0.6991 val_L16_beta2.7647=0.7600 val_L16_beta3.1518=0.6832 val_L16_beta3.1669=0.8064 val_L16_beta3.2922=0.5272 val_L16_beta3.3842=0.6869 val_L16_beta3.4006=0.6396 val_L16_beta3.6231=0.7989 val_L16_beta3.7225=0.7621 val_L16_beta4.0764=0.7591 val_L16_beta4.7323=0.7378 val_L16_beta4.7632=0.6094 val_L16_beta5.586=0.6913 val_L16_beta6.2411=0.5038 val_L16_beta6.4184=0.5514 val_L16_beta6.8771=0.4446 val_L16_beta8.3946=0.5506 val_L16_beta8.4548=0.6121 val_L16_beta8.7139=0.7044 val_L16_beta9.287=0.7401 val_L16_beta9.571=0.5324 val_L16_beta9.8499=0.5861 val_L16_beta10.2188=0.6163 val_L16_beta11.8501=0.6538 val_L16_beta11.8784=0.5890 val_L16_beta12.9259=0.5818 val_L16_beta14.4687=0.6686 val_L16_beta15.5366=0.5448 val_L16_beta17.502=0.6047 val_L16_beta17.7602=0.7034 val_L16_beta19.403=0.6162 val_L16_beta20.2412=0.7260 val_L16_beta21.8857=0.5789 val_L16_beta27.0442=0.6845 val_L16_beta27.3387=0.6841 val_L16_beta27.7875=0.6752 val_L16_beta30.5978=0.6144 val_L16_beta33.325=0.6085 val_L16_beta34.3422=0.6584 val_L16_beta38.5957=0.5298 val_L16_beta39.6475=0.5591 val_L16_beta47.0386=0.5682 val_L16_beta47.4228=0.6030 val_L16_beta54.11=0.5265 val_L16_beta56.1944=0.5942 val_L16_beta57.2189=0.5387 val_L32_beta2.1926=0.9711 val_L32_beta2.4697=1.2231 val_L32_beta2.8622=0.9719 val_L32_beta4.994=0.7204 val_L32_beta8.069=0.6345 val_L32_beta11.2015=0.7500 val_L32_beta12.3504=0.7703 val_L32_beta12.688=0.8626 val_L32_beta14.1441=0.6910 val_L32_beta18.0708=0.5735 val_L32_beta18.6487=0.4312 val_L32_beta52.6284=0.6782 val_L8_beta1.4347=0.5840 val_L8_beta1.4977=0.8174 val_L8_beta1.7872=0.6748 val_L8_beta1.9783=0.7098 val_L8_beta2.4006=0.7234 val_L8_beta2.4786=0.7917 val_L32_beta2.0799=0.7677 val_L32_beta2.4378=0.8305 val_L32_beta2.5092=0.6602 val_L32_beta4.0939=0.6769 val_L32_beta4.2586=0.6269 val_L32_beta4.2761=0.8442 val_L32_beta5.2987=0.7340 val_L32_beta5.7905=0.7973 val_L32_beta6.1747=0.6877 val_L32_beta8.7467=0.8940 val_L32_beta8.9764=0.7370 val_L32_beta9.3874=0.5123 val_L32_beta9.5767=0.6883 val_L32_beta9.6729=0.7249 val_L32_beta10.8745=0.7850 val_L32_beta11.9792=0.7836 val_L32_beta25.9011=0.6401 val_L32_beta30.6638=0.6084 val_L32_beta31.4382=0.5656 val_L32_beta40.9956=0.5152 val_L32_beta43.8647=0.6744 val_L32_beta44.3339=0.6748 val_L32_beta44.5075=0.6011 val_L32_beta50.1987=0.5281 val_total=71.6566
epoch   1  train=0.7170  val_L16_beta14.1464=0.5875 val_L16_beta25=0.6010 val_L16_beta40=0.6057 val_L16_beta55.0237=0.5914 val_L16_beta1.0119=0.7783 val_L16_beta1.0397=0.8556 val_L16_beta1.0743=0.7242 val_L16_beta1.2464=0.7692 val_L16_beta1.2749=0.6170 val_L16_beta1.7484=0.5376 val_L16_beta1.8367=0.9240 val_L16_beta1.8781=0.6901 val_L16_beta2.122=0.5969 val_L16_beta2.1285=0.8290 val_L16_beta2.1757=0.6376 val_L16_beta2.1862=0.5981 val_L16_beta2.2983=0.6409 val_L16_beta2.3046=0.8173 val_L16_beta2.3454=0.6843 val_L16_beta2.7647=0.8056 val_L16_beta3.1518=0.7410 val_L16_beta3.1669=0.7962 val_L16_beta3.2922=0.5121 val_L16_beta3.3842=0.6719 val_L16_beta3.4006=0.6265 val_L16_beta3.6231=0.7838 val_L16_beta3.7225=0.7778 val_L16_beta4.0764=0.6976 val_L16_beta4.7323=0.7098 val_L16_beta4.7632=0.5846 val_L16_beta5.586=0.6835 val_L16_beta6.2411=0.5481 val_L16_beta6.4184=0.4996 val_L16_beta6.8771=0.4273 val_L16_beta8.3946=0.5210 val_L16_beta8.4548=0.5674 val_L16_beta8.7139=0.6585 val_L16_beta9.287=0.7345 val_L16_beta9.571=0.5802 val_L16_beta9.8499=0.6010 val_L16_beta10.2188=0.5879 val_L16_beta11.8501=0.6807 val_L16_beta11.8784=0.5730 val_L16_beta12.9259=0.5704 val_L16_beta14.4687=0.6816 val_L16_beta15.5366=0.5103 val_L16_beta17.502=0.5232 val_L16_beta17.7602=0.7456 val_L16_beta19.403=0.6379 val_L16_beta20.2412=0.7436 val_L16_beta21.8857=0.5483 val_L16_beta27.0442=0.6441 val_L16_beta27.3387=0.6423 val_L16_beta27.7875=0.6348 val_L16_beta30.5978=0.5869 val_L16_beta33.325=0.5863 val_L16_beta34.3422=0.5697 val_L16_beta38.5957=0.4421 val_L16_beta39.6475=0.5523 val_L16_beta47.0386=0.5301 val_L16_beta47.4228=0.6384 val_L16_beta54.11=0.4590 val_L16_beta56.1944=0.6460 val_L16_beta57.2189=0.5900 val_L32_beta2.1926=0.9827 val_L32_beta2.4697=1.1106 val_L32_beta2.8622=0.8373 val_L32_beta4.994=0.7744 val_L32_beta8.069=0.6093 val_L32_beta11.2015=0.7944 val_L32_beta12.3504=0.7427 val_L32_beta12.688=0.7885 val_L32_beta14.1441=0.7359 val_L32_beta18.0708=0.4969 val_L32_beta18.6487=0.4673 val_L32_beta52.6284=0.7067 val_L8_beta1.4347=0.5745 val_L8_beta1.4977=0.7790 val_L8_beta1.7872=0.7048 val_L8_beta1.9783=0.6806 val_L8_beta2.4006=0.7174 val_L8_beta2.4786=0.7795 val_L32_beta2.0799=0.8532 val_L32_beta2.4378=0.8665 val_L32_beta2.5092=0.7267 val_L32_beta4.0939=0.7707 val_L32_beta4.2586=0.6957 val_L32_beta4.2761=0.7472 val_L32_beta5.2987=0.7338 val_L32_beta5.7905=0.7445 val_L32_beta6.1747=0.6690 val_L32_beta8.7467=0.8753 val_L32_beta8.9764=0.7223 val_L32_beta9.3874=0.5318 val_L32_beta9.5767=0.6826 val_L32_beta9.6729=0.7345 val_L32_beta10.8745=0.7082 val_L32_beta11.9792=0.7478 val_L32_beta25.9011=0.6056 val_L32_beta30.6638=0.5606 val_L32_beta31.4382=0.5809 val_L32_beta40.9956=0.5695 val_L32_beta43.8647=0.6914 val_L32_beta44.3339=0.5789 val_L32_beta44.5075=0.7634 val_L32_beta50.1987=0.5821 val_total=70.9626
epoch   2  train=0.7028  val_L16_beta14.1464=0.5886 val_L16_beta25=0.5866 val_L16_beta40=0.5991 val_L16_beta55.0237=0.5753 val_L16_beta1.0119=0.8060 val_L16_beta1.0397=0.8557 val_L16_beta1.0743=0.7574 val_L16_beta1.2464=0.7553 val_L16_beta1.2749=0.6472 val_L16_beta1.7484=0.5549 val_L16_beta1.8367=0.8863 val_L16_beta1.8781=0.6777 val_L16_beta2.122=0.5784 val_L16_beta2.1285=0.7841 val_L16_beta2.1757=0.6767 val_L16_beta2.1862=0.6233 val_L16_beta2.2983=0.6490 val_L16_beta2.3046=0.8555 val_L16_beta2.3454=0.6917 val_L16_beta2.7647=0.7927 val_L16_beta3.1518=0.6896 val_L16_beta3.1669=0.8310 val_L16_beta3.2922=0.5107 val_L16_beta3.3842=0.6692 val_L16_beta3.4006=0.6324 val_L16_beta3.6231=0.7681 val_L16_beta3.7225=0.7523 val_L16_beta4.0764=0.6929 val_L16_beta4.7323=0.7619 val_L16_beta4.7632=0.6065 val_L16_beta5.586=0.6498 val_L16_beta6.2411=0.4896 val_L16_beta6.4184=0.5244 val_L16_beta6.8771=0.4549 val_L16_beta8.3946=0.5006 val_L16_beta8.4548=0.5868 val_L16_beta8.7139=0.6725 val_L16_beta9.287=0.7413 val_L16_beta9.571=0.5279 val_L16_beta9.8499=0.5618 val_L16_beta10.2188=0.5987 val_L16_beta11.8501=0.6388 val_L16_beta11.8784=0.5484 val_L16_beta12.9259=0.5640 val_L16_beta14.4687=0.6889 val_L16_beta15.5366=0.5069 val_L16_beta17.502=0.5441 val_L16_beta17.7602=0.7551 val_L16_beta19.403=0.6043 val_L16_beta20.2412=0.7318 val_L16_beta21.8857=0.5755 val_L16_beta27.0442=0.6625 val_L16_beta27.3387=0.6335 val_L16_beta27.7875=0.6381 val_L16_beta30.5978=0.6257 val_L16_beta33.325=0.5690 val_L16_beta34.3422=0.5495 val_L16_beta38.5957=0.4555 val_L16_beta39.6475=0.5324 val_L16_beta47.0386=0.5698 val_L16_beta47.4228=0.5956 val_L16_beta54.11=0.4605 val_L16_beta56.1944=0.6103 val_L16_beta57.2189=0.5191 val_L32_beta2.1926=0.9769 val_L32_beta2.4697=1.2942 val_L32_beta2.8622=0.8757 val_L32_beta4.994=0.6193 val_L32_beta8.069=0.6573 val_L32_beta11.2015=0.7472 val_L32_beta12.3504=0.8005 val_L32_beta12.688=0.7952 val_L32_beta14.1441=0.6997 val_L32_beta18.0708=0.4182 val_L32_beta18.6487=0.4724 val_L32_beta52.6284=0.6644 val_L8_beta1.4347=0.6202 val_L8_beta1.4977=0.7981 val_L8_beta1.7872=0.6736 val_L8_beta1.9783=0.6666 val_L8_beta2.4006=0.6776 val_L8_beta2.4786=0.7718 val_L32_beta2.0799=0.8033 val_L32_beta2.4378=0.8340 val_L32_beta2.5092=0.7178 val_L32_beta4.0939=0.7452 val_L32_beta4.2586=0.5984 val_L32_beta4.2761=0.6934 val_L32_beta5.2987=0.6616 val_L32_beta5.7905=0.8292 val_L32_beta6.1747=0.6148 val_L32_beta8.7467=0.8699 val_L32_beta8.9764=0.6974 val_L32_beta9.3874=0.5094 val_L32_beta9.5767=0.7322 val_L32_beta9.6729=0.7049 val_L32_beta10.8745=0.7007 val_L32_beta11.9792=0.7785 val_L32_beta25.9011=0.5587 val_L32_beta30.6638=0.5127 val_L32_beta31.4382=0.5310 val_L32_beta40.9956=0.6506 val_L32_beta43.8647=0.6734 val_L32_beta44.3339=0.5474 val_L32_beta44.5075=0.5858 val_L32_beta50.1987=0.5327 val_total=70.0559
epoch   3  train=0.6854  val_L16_beta14.1464=0.5696 val_L16_beta25=0.5407 val_L16_beta40=0.5853 val_L16_beta55.0237=0.5620 val_L16_beta1.0119=0.7872 val_L16_beta1.0397=0.8225 val_L16_beta1.0743=0.7253 val_L16_beta1.2464=0.7479 val_L16_beta1.2749=0.6628 val_L16_beta1.7484=0.5459 val_L16_beta1.8367=0.8634 val_L16_beta1.8781=0.6956 val_L16_beta2.122=0.6098 val_L16_beta2.1285=0.8143 val_L16_beta2.1757=0.6400 val_L16_beta2.1862=0.6028 val_L16_beta2.2983=0.6254 val_L16_beta2.3046=0.7806 val_L16_beta2.3454=0.6793 val_L16_beta2.7647=0.7825 val_L16_beta3.1518=0.6434 val_L16_beta3.1669=0.7722 val_L16_beta3.2922=0.4804 val_L16_beta3.3842=0.6269 val_L16_beta3.4006=0.5966 val_L16_beta3.6231=0.7206 val_L16_beta3.7225=0.7100 val_L16_beta4.0764=0.7271 val_L16_beta4.7323=0.6983 val_L16_beta4.7632=0.5414 val_L16_beta5.586=0.6513 val_L16_beta6.2411=0.4792 val_L16_beta6.4184=0.5307 val_L16_beta6.8771=0.4011 val_L16_beta8.3946=0.5089 val_L16_beta8.4548=0.5306 val_L16_beta8.7139=0.6524 val_L16_beta9.287=0.7138 val_L16_beta9.571=0.5134 val_L16_beta9.8499=0.5315 val_L16_beta10.2188=0.5823 val_L16_beta11.8501=0.5953 val_L16_beta11.8784=0.5451 val_L16_beta12.9259=0.5296 val_L16_beta14.4687=0.6570 val_L16_beta15.5366=0.4939 val_L16_beta17.502=0.5097 val_L16_beta17.7602=0.7261 val_L16_beta19.403=0.5698 val_L16_beta20.2412=0.7109 val_L16_beta21.8857=0.5629 val_L16_beta27.0442=0.6161 val_L16_beta27.3387=0.5985 val_L16_beta27.7875=0.6009 val_L16_beta30.5978=0.5862 val_L16_beta33.325=0.5699 val_L16_beta34.3422=0.5565 val_L16_beta38.5957=0.4539 val_L16_beta39.6475=0.4874 val_L16_beta47.0386=0.5232 val_L16_beta47.4228=0.5692 val_L16_beta54.11=0.4662 val_L16_beta56.1944=0.5856 val_L16_beta57.2189=0.4988 val_L32_beta2.1926=0.8996 val_L32_beta2.4697=0.8870 val_L32_beta2.8622=0.7971 val_L32_beta4.994=0.5767 val_L32_beta8.069=0.5633 val_L32_beta11.2015=0.6857 val_L32_beta12.3504=0.7242 val_L32_beta12.688=0.7269 val_L32_beta14.1441=0.5891 val_L32_beta18.0708=0.3844 val_L32_beta18.6487=0.4004 val_L32_beta52.6284=0.5931 val_L8_beta1.4347=0.5687 val_L8_beta1.4977=0.8109 val_L8_beta1.7872=0.6511 val_L8_beta1.9783=0.6593 val_L8_beta2.4006=0.7059 val_L8_beta2.4786=0.7851 val_L32_beta2.0799=0.7258 val_L32_beta2.4378=0.8499 val_L32_beta2.5092=0.6959 val_L32_beta4.0939=0.7568 val_L32_beta4.2586=0.7137 val_L32_beta4.2761=0.6678 val_L32_beta5.2987=0.6455 val_L32_beta5.7905=0.6468 val_L32_beta6.1747=0.6011 val_L32_beta8.7467=0.7985 val_L32_beta8.9764=0.6526 val_L32_beta9.3874=0.4778 val_L32_beta9.5767=0.6865 val_L32_beta9.6729=0.6900 val_L32_beta10.8745=0.6952 val_L32_beta11.9792=0.6621 val_L32_beta25.9011=0.6743 val_L32_beta30.6638=0.5274 val_L32_beta31.4382=0.5145 val_L32_beta40.9956=0.4902 val_L32_beta43.8647=0.6287 val_L32_beta44.3339=0.5125 val_L32_beta44.5075=0.5584 val_L32_beta50.1987=0.5012 val_total=66.6491
epoch   4  train=0.6674  val_L16_beta14.1464=0.5484 val_L16_beta25=0.5352 val_L16_beta40=0.5603 val_L16_beta55.0237=0.5281 val_L16_beta1.0119=0.7123 val_L16_beta1.0397=0.8833 val_L16_beta1.0743=0.6782 val_L16_beta1.2464=0.7284 val_L16_beta1.2749=0.6187 val_L16_beta1.7484=0.5381 val_L16_beta1.8367=0.8403 val_L16_beta1.8781=0.6712 val_L16_beta2.122=0.5379 val_L16_beta2.1285=0.8016 val_L16_beta2.1757=0.6235 val_L16_beta2.1862=0.5771 val_L16_beta2.2983=0.6156 val_L16_beta2.3046=0.8066 val_L16_beta2.3454=0.6239 val_L16_beta2.7647=0.7242 val_L16_beta3.1518=0.6717 val_L16_beta3.1669=0.7201 val_L16_beta3.2922=0.4728 val_L16_beta3.3842=0.6222 val_L16_beta3.4006=0.5615 val_L16_beta3.6231=0.7385 val_L16_beta3.7225=0.7248 val_L16_beta4.0764=0.6718 val_L16_beta4.7323=0.7237 val_L16_beta4.7632=0.5795 val_L16_beta5.586=0.6317 val_L16_beta6.2411=0.4736 val_L16_beta6.4184=0.5151 val_L16_beta6.8771=0.4040 val_L16_beta8.3946=0.4836 val_L16_beta8.4548=0.5398 val_L16_beta8.7139=0.6551 val_L16_beta9.287=0.6717 val_L16_beta9.571=0.4804 val_L16_beta9.8499=0.5425 val_L16_beta10.2188=0.5455 val_L16_beta11.8501=0.6400 val_L16_beta11.8784=0.5486 val_L16_beta12.9259=0.5213 val_L16_beta14.4687=0.6390 val_L16_beta15.5366=0.4978 val_L16_beta17.502=0.5185 val_L16_beta17.7602=0.7248 val_L16_beta19.403=0.5727 val_L16_beta20.2412=0.6936 val_L16_beta21.8857=0.5709 val_L16_beta27.0442=0.5979 val_L16_beta27.3387=0.6151 val_L16_beta27.7875=0.6146 val_L16_beta30.5978=0.5634 val_L16_beta33.325=0.5547 val_L16_beta34.3422=0.5132 val_L16_beta38.5957=0.4471 val_L16_beta39.6475=0.4948 val_L16_beta47.0386=0.4781 val_L16_beta47.4228=0.5695 val_L16_beta54.11=0.4040 val_L16_beta56.1944=0.5368 val_L16_beta57.2189=0.4528 val_L32_beta2.1926=0.8791 val_L32_beta2.4697=0.9811 val_L32_beta2.8622=0.7796 val_L32_beta4.994=0.5657 val_L32_beta8.069=0.5529 val_L32_beta11.2015=0.6992 val_L32_beta12.3504=0.6400 val_L32_beta12.688=0.7219 val_L32_beta14.1441=0.5902 val_L32_beta18.0708=0.3779 val_L32_beta18.6487=0.4012 val_L32_beta52.6284=0.6213 val_L8_beta1.4347=0.6024 val_L8_beta1.4977=0.7203 val_L8_beta1.7872=0.6492 val_L8_beta1.9783=0.6078 val_L8_beta2.4006=0.7065 val_L8_beta2.4786=0.7833 val_L32_beta2.0799=0.8084 val_L32_beta2.4378=0.7703 val_L32_beta2.5092=0.7219 val_L32_beta4.0939=0.6396 val_L32_beta4.2586=0.5744 val_L32_beta4.2761=0.7347 val_L32_beta5.2987=0.6247 val_L32_beta5.7905=0.6144 val_L32_beta6.1747=0.6544 val_L32_beta8.7467=0.7676 val_L32_beta8.9764=0.6473 val_L32_beta9.3874=0.4402 val_L32_beta9.5767=0.6286 val_L32_beta9.6729=0.7325 val_L32_beta10.8745=0.6621 val_L32_beta11.9792=0.6870 val_L32_beta25.9011=0.5583 val_L32_beta30.6638=0.4888 val_L32_beta31.4382=0.4650 val_L32_beta40.9956=0.4546 val_L32_beta43.8647=0.6187 val_L32_beta44.3339=0.4738 val_L32_beta44.5075=0.5662 val_L32_beta50.1987=0.4267 val_total=64.9914
epoch   5  train=0.6595  val_L16_beta14.1464=0.5521 val_L16_beta25=0.5418 val_L16_beta40=0.5525 val_L16_beta55.0237=0.5391 val_L16_beta1.0119=0.8076 val_L16_beta1.0397=0.8441 val_L16_beta1.0743=0.6940 val_L16_beta1.2464=0.7039 val_L16_beta1.2749=0.6628 val_L16_beta1.7484=0.5283 val_L16_beta1.8367=0.8310 val_L16_beta1.8781=0.6589 val_L16_beta2.122=0.5406 val_L16_beta2.1285=0.7467 val_L16_beta2.1757=0.6366 val_L16_beta2.1862=0.5970 val_L16_beta2.2983=0.6043 val_L16_beta2.3046=0.7866 val_L16_beta2.3454=0.6512 val_L16_beta2.7647=0.7312 val_L16_beta3.1518=0.6708 val_L16_beta3.1669=0.7224 val_L16_beta3.2922=0.4818 val_L16_beta3.3842=0.6148 val_L16_beta3.4006=0.6079 val_L16_beta3.6231=0.7352 val_L16_beta3.7225=0.6987 val_L16_beta4.0764=0.6853 val_L16_beta4.7323=0.7179 val_L16_beta4.7632=0.5804 val_L16_beta5.586=0.6225 val_L16_beta6.2411=0.5030 val_L16_beta6.4184=0.5305 val_L16_beta6.8771=0.4122 val_L16_beta8.3946=0.5078 val_L16_beta8.4548=0.5486 val_L16_beta8.7139=0.6006 val_L16_beta9.287=0.7003 val_L16_beta9.571=0.5007 val_L16_beta9.8499=0.5340 val_L16_beta10.2188=0.5513 val_L16_beta11.8501=0.6132 val_L16_beta11.8784=0.5414 val_L16_beta12.9259=0.5409 val_L16_beta14.4687=0.6557 val_L16_beta15.5366=0.4683 val_L16_beta17.502=0.5137 val_L16_beta17.7602=0.7171 val_L16_beta19.403=0.5909 val_L16_beta20.2412=0.6991 val_L16_beta21.8857=0.5390 val_L16_beta27.0442=0.5916 val_L16_beta27.3387=0.6172 val_L16_beta27.7875=0.6040 val_L16_beta30.5978=0.5877 val_L16_beta33.325=0.4976 val_L16_beta34.3422=0.5667 val_L16_beta38.5957=0.4436 val_L16_beta39.6475=0.4855 val_L16_beta47.0386=0.4866 val_L16_beta47.4228=0.5677 val_L16_beta54.11=0.4379 val_L16_beta56.1944=0.5643 val_L16_beta57.2189=0.5272 val_L32_beta2.1926=0.9128 val_L32_beta2.4697=0.9244 val_L32_beta2.8622=0.7854 val_L32_beta4.994=0.5965 val_L32_beta8.069=0.6030 val_L32_beta11.2015=0.7505 val_L32_beta12.3504=0.6941 val_L32_beta12.688=0.7745 val_L32_beta14.1441=0.6471 val_L32_beta18.0708=0.4629 val_L32_beta18.6487=0.4447 val_L32_beta52.6284=0.6817 val_L8_beta1.4347=0.5429 val_L8_beta1.4977=0.8102 val_L8_beta1.7872=0.7084 val_L8_beta1.9783=0.6174 val_L8_beta2.4006=0.7373 val_L8_beta2.4786=0.6764 val_L32_beta2.0799=0.7704 val_L32_beta2.4378=0.7579 val_L32_beta2.5092=0.7617 val_L32_beta4.0939=0.7245 val_L32_beta4.2586=0.7087 val_L32_beta4.2761=0.7196 val_L32_beta5.2987=0.7430 val_L32_beta5.7905=0.6787 val_L32_beta6.1747=0.6157 val_L32_beta8.7467=0.8994 val_L32_beta8.9764=0.6384 val_L32_beta9.3874=0.4714 val_L32_beta9.5767=0.6502 val_L32_beta9.6729=0.7034 val_L32_beta10.8745=0.6630 val_L32_beta11.9792=0.6961 val_L32_beta25.9011=0.6636 val_L32_beta30.6638=0.5568 val_L32_beta31.4382=0.6079 val_L32_beta40.9956=0.5760 val_L32_beta43.8647=0.6515 val_L32_beta44.3339=0.5078 val_L32_beta44.5075=0.7033 val_L32_beta50.1987=0.4839 val_total=66.9166
epoch   6  train=0.6557  val_L16_beta14.1464=0.5610 val_L16_beta25=0.5643 val_L16_beta40=0.5557 val_L16_beta55.0237=0.5431 val_L16_beta1.0119=0.7657 val_L16_beta1.0397=0.8196 val_L16_beta1.0743=0.6567 val_L16_beta1.2464=0.7801 val_L16_beta1.2749=0.6208 val_L16_beta1.7484=0.5726 val_L16_beta1.8367=0.9017 val_L16_beta1.8781=0.6429 val_L16_beta2.122=0.5600 val_L16_beta2.1285=0.7752 val_L16_beta2.1757=0.6135 val_L16_beta2.1862=0.5751 val_L16_beta2.2983=0.5841 val_L16_beta2.3046=0.7521 val_L16_beta2.3454=0.6334 val_L16_beta2.7647=0.7403 val_L16_beta3.1518=0.6702 val_L16_beta3.1669=0.7345 val_L16_beta3.2922=0.4768 val_L16_beta3.3842=0.6433 val_L16_beta3.4006=0.6161 val_L16_beta3.6231=0.7234 val_L16_beta3.7225=0.6749 val_L16_beta4.0764=0.6826 val_L16_beta4.7323=0.7548 val_L16_beta4.7632=0.5862 val_L16_beta5.586=0.6497 val_L16_beta6.2411=0.4913 val_L16_beta6.4184=0.5054 val_L16_beta6.8771=0.4120 val_L16_beta8.3946=0.4926 val_L16_beta8.4548=0.5238 val_L16_beta8.7139=0.6291 val_L16_beta9.287=0.7066 val_L16_beta9.571=0.5267 val_L16_beta9.8499=0.5152 val_L16_beta10.2188=0.5526 val_L16_beta11.8501=0.6082 val_L16_beta11.8784=0.5569 val_L16_beta12.9259=0.5167 val_L16_beta14.4687=0.6611 val_L16_beta15.5366=0.5147 val_L16_beta17.502=0.5107 val_L16_beta17.7602=0.7055 val_L16_beta19.403=0.5934 val_L16_beta20.2412=0.6800 val_L16_beta21.8857=0.5510 val_L16_beta27.0442=0.6102 val_L16_beta27.3387=0.6188 val_L16_beta27.7875=0.6069 val_L16_beta30.5978=0.5700 val_L16_beta33.325=0.5778 val_L16_beta34.3422=0.5427 val_L16_beta38.5957=0.4562 val_L16_beta39.6475=0.4920 val_L16_beta47.0386=0.5267 val_L16_beta47.4228=0.6040 val_L16_beta54.11=0.4278 val_L16_beta56.1944=0.5811 val_L16_beta57.2189=0.4804 val_L32_beta2.1926=1.1014 val_L32_beta2.4697=0.8184 val_L32_beta2.8622=0.7884 val_L32_beta4.994=0.6201 val_L32_beta8.069=0.5997 val_L32_beta11.2015=0.7221 val_L32_beta12.3504=0.7419 val_L32_beta12.688=0.7247 val_L32_beta14.1441=0.6213 val_L32_beta18.0708=0.4398 val_L32_beta18.6487=0.4309 val_L32_beta52.6284=0.6569 val_L8_beta1.4347=0.5783 val_L8_beta1.4977=0.7815 val_L8_beta1.7872=0.6460 val_L8_beta1.9783=0.6107 val_L8_beta2.4006=0.7004 val_L8_beta2.4786=0.7256 val_L32_beta2.0799=0.8609 val_L32_beta2.4378=0.8072 val_L32_beta2.5092=0.8616 val_L32_beta4.0939=0.7077 val_L32_beta4.2586=0.6375 val_L32_beta4.2761=0.6653 val_L32_beta5.2987=0.6549 val_L32_beta5.7905=0.6640 val_L32_beta6.1747=0.6005 val_L32_beta8.7467=0.7801 val_L32_beta8.9764=0.6886 val_L32_beta9.3874=0.5144 val_L32_beta9.5767=0.6707 val_L32_beta9.6729=0.6796 val_L32_beta10.8745=0.6774 val_L32_beta11.9792=0.7271 val_L32_beta25.9011=0.5629 val_L32_beta30.6638=0.6104 val_L32_beta31.4382=0.5478 val_L32_beta40.9956=0.5416 val_L32_beta43.8647=0.6357 val_L32_beta44.3339=0.5574 val_L32_beta44.5075=0.7980 val_L32_beta50.1987=0.4790 val_total=67.0167
epoch   7  train=0.6584  val_L16_beta14.1464=0.5534 val_L16_beta25=0.5424 val_L16_beta40=0.5587 val_L16_beta55.0237=0.5508 val_L16_beta1.0119=0.7555 val_L16_beta1.0397=0.7985 val_L16_beta1.0743=0.6799 val_L16_beta1.2464=0.6809 val_L16_beta1.2749=0.6020 val_L16_beta1.7484=0.5288 val_L16_beta1.8367=0.8104 val_L16_beta1.8781=0.6711 val_L16_beta2.122=0.5676 val_L16_beta2.1285=0.7490 val_L16_beta2.1757=0.6363 val_L16_beta2.1862=0.6055 val_L16_beta2.2983=0.5690 val_L16_beta2.3046=0.8877 val_L16_beta2.3454=0.6274 val_L16_beta2.7647=0.7084 val_L16_beta3.1518=0.6591 val_L16_beta3.1669=0.7422 val_L16_beta3.2922=0.4713 val_L16_beta3.3842=0.6285 val_L16_beta3.4006=0.5876 val_L16_beta3.6231=0.7369 val_L16_beta3.7225=0.7177 val_L16_beta4.0764=0.6846 val_L16_beta4.7323=0.7160 val_L16_beta4.7632=0.5830 val_L16_beta5.586=0.6405 val_L16_beta6.2411=0.4488 val_L16_beta6.4184=0.4979 val_L16_beta6.8771=0.4172 val_L16_beta8.3946=0.5083 val_L16_beta8.4548=0.5277 val_L16_beta8.7139=0.6745 val_L16_beta9.287=0.6997 val_L16_beta9.571=0.4957 val_L16_beta9.8499=0.5187 val_L16_beta10.2188=0.5707 val_L16_beta11.8501=0.6146 val_L16_beta11.8784=0.5248 val_L16_beta12.9259=0.5133 val_L16_beta14.4687=0.6552 val_L16_beta15.5366=0.4896 val_L16_beta17.502=0.5049 val_L16_beta17.7602=0.7218 val_L16_beta19.403=0.5927 val_L16_beta20.2412=0.6802 val_L16_beta21.8857=0.5389 val_L16_beta27.0442=0.5887 val_L16_beta27.3387=0.5762 val_L16_beta27.7875=0.5882 val_L16_beta30.5978=0.5953 val_L16_beta33.325=0.5222 val_L16_beta34.3422=0.5447 val_L16_beta38.5957=0.4459 val_L16_beta39.6475=0.4755 val_L16_beta47.0386=0.4924 val_L16_beta47.4228=0.5864 val_L16_beta54.11=0.4216 val_L16_beta56.1944=0.5770 val_L16_beta57.2189=0.4449 val_L32_beta2.1926=1.0727 val_L32_beta2.4697=1.3578 val_L32_beta2.8622=0.9546 val_L32_beta4.994=0.6402 val_L32_beta8.069=0.6025 val_L32_beta11.2015=0.7202 val_L32_beta12.3504=0.7772 val_L32_beta12.688=0.7586 val_L32_beta14.1441=0.7515 val_L32_beta18.0708=0.4104 val_L32_beta18.6487=0.4435 val_L32_beta52.6284=0.6968 val_L8_beta1.4347=0.5653 val_L8_beta1.4977=0.7323 val_L8_beta1.7872=0.6648 val_L8_beta1.9783=0.6207 val_L8_beta2.4006=0.7196 val_L8_beta2.4786=0.7114 val_L32_beta2.0799=0.7928 val_L32_beta2.4378=0.8829 val_L32_beta2.5092=0.8180 val_L32_beta4.0939=0.7030 val_L32_beta4.2586=0.6530 val_L32_beta4.2761=0.8858 val_L32_beta5.2987=0.6747 val_L32_beta5.7905=0.8217 val_L32_beta6.1747=0.7552 val_L32_beta8.7467=0.8340 val_L32_beta8.9764=0.6923 val_L32_beta9.3874=0.4422 val_L32_beta9.5767=0.7286 val_L32_beta9.6729=0.7382 val_L32_beta10.8745=0.6637 val_L32_beta11.9792=0.7173 val_L32_beta25.9011=0.6977 val_L32_beta30.6638=0.5796 val_L32_beta31.4382=0.6157 val_L32_beta40.9956=0.6048 val_L32_beta43.8647=0.7078 val_L32_beta44.3339=0.5432 val_L32_beta44.5075=0.7696 val_L32_beta50.1987=0.4944 val_total=68.3210
epoch   8  train=0.6576  val_L16_beta14.1464=0.5559 val_L16_beta25=0.5354 val_L16_beta40=0.5430 val_L16_beta55.0237=0.5262 val_L16_beta1.0119=0.7727 val_L16_beta1.0397=0.8045 val_L16_beta1.0743=0.6934 val_L16_beta1.2464=0.7240 val_L16_beta1.2749=0.6562 val_L16_beta1.7484=0.4899 val_L16_beta1.8367=0.8703 val_L16_beta1.8781=0.6457 val_L16_beta2.122=0.5803 val_L16_beta2.1285=0.7437 val_L16_beta2.1757=0.6181 val_L16_beta2.1862=0.5707 val_L16_beta2.2983=0.5864 val_L16_beta2.3046=0.7651 val_L16_beta2.3454=0.6370 val_L16_beta2.7647=0.7517 val_L16_beta3.1518=0.6502 val_L16_beta3.1669=0.7502 val_L16_beta3.2922=0.4474 val_L16_beta3.3842=0.6275 val_L16_beta3.4006=0.5643 val_L16_beta3.6231=0.7250 val_L16_beta3.7225=0.7187 val_L16_beta4.0764=0.6555 val_L16_beta4.7323=0.7062 val_L16_beta4.7632=0.5513 val_L16_beta5.586=0.6177 val_L16_beta6.2411=0.4909 val_L16_beta6.4184=0.5231 val_L16_beta6.8771=0.4092 val_L16_beta8.3946=0.4871 val_L16_beta8.4548=0.5396 val_L16_beta8.7139=0.6624 val_L16_beta9.287=0.6987 val_L16_beta9.571=0.4912 val_L16_beta9.8499=0.5241 val_L16_beta10.2188=0.5566 val_L16_beta11.8501=0.6010 val_L16_beta11.8784=0.5371 val_L16_beta12.9259=0.5138 val_L16_beta14.4687=0.6324 val_L16_beta15.5366=0.4765 val_L16_beta17.502=0.4937 val_L16_beta17.7602=0.6995 val_L16_beta19.403=0.5369 val_L16_beta20.2412=0.6932 val_L16_beta21.8857=0.5430 val_L16_beta27.0442=0.5717 val_L16_beta27.3387=0.6038 val_L16_beta27.7875=0.5738 val_L16_beta30.5978=0.6065 val_L16_beta33.325=0.5144 val_L16_beta34.3422=0.5080 val_L16_beta38.5957=0.4278 val_L16_beta39.6475=0.4562 val_L16_beta47.0386=0.4792 val_L16_beta47.4228=0.5854 val_L16_beta54.11=0.4125 val_L16_beta56.1944=0.5546 val_L16_beta57.2189=0.4471 val_L32_beta2.1926=0.8951 val_L32_beta2.4697=0.9389 val_L32_beta2.8622=0.8477 val_L32_beta4.994=0.5887 val_L32_beta8.069=0.5431 val_L32_beta11.2015=0.6753 val_L32_beta12.3504=0.6996 val_L32_beta12.688=0.7203 val_L32_beta14.1441=0.5513 val_L32_beta18.0708=0.3566 val_L32_beta18.6487=0.3895 val_L32_beta52.6284=0.5639 val_L8_beta1.4347=0.5840 val_L8_beta1.4977=0.8118 val_L8_beta1.7872=0.7031 val_L8_beta1.9783=0.6039 val_L8_beta2.4006=0.6562 val_L8_beta2.4786=0.7490 val_L32_beta2.0799=0.7294 val_L32_beta2.4378=0.7280 val_L32_beta2.5092=0.7729 val_L32_beta4.0939=0.6187 val_L32_beta4.2586=0.5949 val_L32_beta4.2761=0.6594 val_L32_beta5.2987=0.6150 val_L32_beta5.7905=0.5924 val_L32_beta6.1747=0.6237 val_L32_beta8.7467=0.7680 val_L32_beta8.9764=0.6591 val_L32_beta9.3874=0.4363 val_L32_beta9.5767=0.6500 val_L32_beta9.6729=0.6544 val_L32_beta10.8745=0.7878 val_L32_beta11.9792=0.6656 val_L32_beta25.9011=0.5556 val_L32_beta30.6638=0.5376 val_L32_beta31.4382=0.4803 val_L32_beta40.9956=0.4657 val_L32_beta43.8647=0.6540 val_L32_beta44.3339=0.5404 val_L32_beta44.5075=0.5308 val_L32_beta50.1987=0.4736 val_total=64.6066
epoch   9  train=0.6538  val_L16_beta14.1464=0.5579 val_L16_beta25=0.5416 val_L16_beta40=0.5551 val_L16_beta55.0237=0.5411 val_L16_beta1.0119=0.7816 val_L16_beta1.0397=0.8022 val_L16_beta1.0743=0.7312 val_L16_beta1.2464=0.7179 val_L16_beta1.2749=0.6606 val_L16_beta1.7484=0.5198 val_L16_beta1.8367=0.8669 val_L16_beta1.8781=0.6665 val_L16_beta2.122=0.5728 val_L16_beta2.1285=0.7714 val_L16_beta2.1757=0.6292 val_L16_beta2.1862=0.5744 val_L16_beta2.2983=0.5846 val_L16_beta2.3046=0.7584 val_L16_beta2.3454=0.6501 val_L16_beta2.7647=0.7653 val_L16_beta3.1518=0.6690 val_L16_beta3.1669=0.7566 val_L16_beta3.2922=0.4708 val_L16_beta3.3842=0.6229 val_L16_beta3.4006=0.5626 val_L16_beta3.6231=0.7327 val_L16_beta3.7225=0.7194 val_L16_beta4.0764=0.6646 val_L16_beta4.7323=0.7224 val_L16_beta4.7632=0.5589 val_L16_beta5.586=0.6216 val_L16_beta6.2411=0.4737 val_L16_beta6.4184=0.5271 val_L16_beta6.8771=0.4011 val_L16_beta8.3946=0.5250 val_L16_beta8.4548=0.5324 val_L16_beta8.7139=0.6731 val_L16_beta9.287=0.6779 val_L16_beta9.571=0.5092 val_L16_beta9.8499=0.5111 val_L16_beta10.2188=0.5989 val_L16_beta11.8501=0.6321 val_L16_beta11.8784=0.5380 val_L16_beta12.9259=0.5347 val_L16_beta14.4687=0.6746 val_L16_beta15.5366=0.4917 val_L16_beta17.502=0.5107 val_L16_beta17.7602=0.7010 val_L16_beta19.403=0.5612 val_L16_beta20.2412=0.7057 val_L16_beta21.8857=0.5277 val_L16_beta27.0442=0.6162 val_L16_beta27.3387=0.6028 val_L16_beta27.7875=0.6089 val_L16_beta30.5978=0.6221 val_L16_beta33.325=0.5219 val_L16_beta34.3422=0.5326 val_L16_beta38.5957=0.4726 val_L16_beta39.6475=0.4951 val_L16_beta47.0386=0.5325 val_L16_beta47.4228=0.5820 val_L16_beta54.11=0.4316 val_L16_beta56.1944=0.6059 val_L16_beta57.2189=0.4775 val_L32_beta2.1926=0.8265 val_L32_beta2.4697=0.8283 val_L32_beta2.8622=0.7999 val_L32_beta4.994=0.6673 val_L32_beta8.069=0.5486 val_L32_beta11.2015=0.6755 val_L32_beta12.3504=0.7058 val_L32_beta12.688=0.8129 val_L32_beta14.1441=0.5958 val_L32_beta18.0708=0.3748 val_L32_beta18.6487=0.4139 val_L32_beta52.6284=0.6341 val_L8_beta1.4347=0.5552 val_L8_beta1.4977=0.7901 val_L8_beta1.7872=0.6494 val_L8_beta1.9783=0.6267 val_L8_beta2.4006=0.6569 val_L8_beta2.4786=0.7658 val_L32_beta2.0799=0.7376 val_L32_beta2.4378=0.7901 val_L32_beta2.5092=0.5950 val_L32_beta4.0939=0.6925 val_L32_beta4.2586=0.5870 val_L32_beta4.2761=0.6584 val_L32_beta5.2987=0.6818 val_L32_beta5.7905=0.6480 val_L32_beta6.1747=0.6175 val_L32_beta8.7467=0.7970 val_L32_beta8.9764=0.6660 val_L32_beta9.3874=0.4603 val_L32_beta9.5767=0.8190 val_L32_beta9.6729=0.7150 val_L32_beta10.8745=0.6896 val_L32_beta11.9792=0.6932 val_L32_beta25.9011=0.5858 val_L32_beta30.6638=0.5313 val_L32_beta31.4382=0.5441 val_L32_beta40.9956=0.5019 val_L32_beta43.8647=0.6339 val_L32_beta44.3339=0.4862 val_L32_beta44.5075=0.5515 val_L32_beta50.1987=0.5016 val_total=65.8701
epoch  10  train=0.6508  val_L16_beta14.1464=0.5482 val_L16_beta25=0.5430 val_L16_beta40=0.5434 val_L16_beta55.0237=0.5271 val_L16_beta1.0119=0.7897 val_L16_beta1.0397=0.7924 val_L16_beta1.0743=0.7180 val_L16_beta1.2464=0.6979 val_L16_beta1.2749=0.6281 val_L16_beta1.7484=0.5616 val_L16_beta1.8367=0.8366 val_L16_beta1.8781=0.6380 val_L16_beta2.122=0.5688 val_L16_beta2.1285=0.7737 val_L16_beta2.1757=0.6155 val_L16_beta2.1862=0.5617 val_L16_beta2.2983=0.6044 val_L16_beta2.3046=0.7618 val_L16_beta2.3454=0.6695 val_L16_beta2.7647=0.7291 val_L16_beta3.1518=0.6956 val_L16_beta3.1669=0.7164 val_L16_beta3.2922=0.4643 val_L16_beta3.3842=0.6441 val_L16_beta3.4006=0.5927 val_L16_beta3.6231=0.7443 val_L16_beta3.7225=0.7163 val_L16_beta4.0764=0.6408 val_L16_beta4.7323=0.7156 val_L16_beta4.7632=0.5626 val_L16_beta5.586=0.6056 val_L16_beta6.2411=0.4714 val_L16_beta6.4184=0.4962 val_L16_beta6.8771=0.3966 val_L16_beta8.3946=0.4760 val_L16_beta8.4548=0.5195 val_L16_beta8.7139=0.6177 val_L16_beta9.287=0.7058 val_L16_beta9.571=0.4974 val_L16_beta9.8499=0.5059 val_L16_beta10.2188=0.5784 val_L16_beta11.8501=0.5974 val_L16_beta11.8784=0.5343 val_L16_beta12.9259=0.5408 val_L16_beta14.4687=0.6294 val_L16_beta15.5366=0.4725 val_L16_beta17.502=0.4985 val_L16_beta17.7602=0.6941 val_L16_beta19.403=0.5744 val_L16_beta20.2412=0.6741 val_L16_beta21.8857=0.5545 val_L16_beta27.0442=0.6100 val_L16_beta27.3387=0.5957 val_L16_beta27.7875=0.5824 val_L16_beta30.5978=0.5914 val_L16_beta33.325=0.5581 val_L16_beta34.3422=0.5332 val_L16_beta38.5957=0.4369 val_L16_beta39.6475=0.4613 val_L16_beta47.0386=0.4572 val_L16_beta47.4228=0.5773 val_L16_beta54.11=0.4053 val_L16_beta56.1944=0.5797 val_L16_beta57.2189=0.4722 val_L32_beta2.1926=0.9130 val_L32_beta2.4697=0.8223 val_L32_beta2.8622=0.6980 val_L32_beta4.994=0.6108 val_L32_beta8.069=0.5462 val_L32_beta11.2015=0.6872 val_L32_beta12.3504=0.6249 val_L32_beta12.688=0.7392 val_L32_beta14.1441=0.6016 val_L32_beta18.0708=0.3962 val_L32_beta18.6487=0.4028 val_L32_beta52.6284=0.5592 val_L8_beta1.4347=0.5332 val_L8_beta1.4977=0.8214 val_L8_beta1.7872=0.6675 val_L8_beta1.9783=0.5935 val_L8_beta2.4006=0.6555 val_L8_beta2.4786=0.6856 val_L32_beta2.0799=0.8016 val_L32_beta2.4378=0.9223 val_L32_beta2.5092=0.8380 val_L32_beta4.0939=0.6898 val_L32_beta4.2586=0.5888 val_L32_beta4.2761=0.7021 val_L32_beta5.2987=0.6471 val_L32_beta5.7905=0.6462 val_L32_beta6.1747=0.5662 val_L32_beta8.7467=0.7767 val_L32_beta8.9764=0.6287 val_L32_beta9.3874=0.4497 val_L32_beta9.5767=0.6302 val_L32_beta9.6729=0.6580 val_L32_beta10.8745=0.6566 val_L32_beta11.9792=0.6765 val_L32_beta25.9011=0.5802 val_L32_beta30.6638=0.5046 val_L32_beta31.4382=0.4636 val_L32_beta40.9956=0.4712 val_L32_beta43.8647=0.6202 val_L32_beta44.3339=0.4977 val_L32_beta44.5075=0.5650 val_L32_beta50.1987=0.4462 val_total=64.6874
epoch  11  train=0.6452  val_L16_beta14.1464=0.5498 val_L16_beta25=0.5474 val_L16_beta40=0.5599 val_L16_beta55.0237=0.5466 val_L16_beta1.0119=0.8008 val_L16_beta1.0397=0.8156 val_L16_beta1.0743=0.7512 val_L16_beta1.2464=0.7950 val_L16_beta1.2749=0.6595 val_L16_beta1.7484=0.4940 val_L16_beta1.8367=0.8162 val_L16_beta1.8781=0.6869 val_L16_beta2.122=0.5415 val_L16_beta2.1285=0.7597 val_L16_beta2.1757=0.6286 val_L16_beta2.1862=0.5656 val_L16_beta2.2983=0.5899 val_L16_beta2.3046=0.7331 val_L16_beta2.3454=0.6487 val_L16_beta2.7647=0.7379 val_L16_beta3.1518=0.6548 val_L16_beta3.1669=0.7041 val_L16_beta3.2922=0.4651 val_L16_beta3.3842=0.6117 val_L16_beta3.4006=0.5815 val_L16_beta3.6231=0.7497 val_L16_beta3.7225=0.7027 val_L16_beta4.0764=0.6475 val_L16_beta4.7323=0.7023 val_L16_beta4.7632=0.5797 val_L16_beta5.586=0.6363 val_L16_beta6.2411=0.4634 val_L16_beta6.4184=0.4938 val_L16_beta6.8771=0.3951 val_L16_beta8.3946=0.4956 val_L16_beta8.4548=0.5333 val_L16_beta8.7139=0.6270 val_L16_beta9.287=0.7127 val_L16_beta9.571=0.5131 val_L16_beta9.8499=0.5141 val_L16_beta10.2188=0.5401 val_L16_beta11.8501=0.6123 val_L16_beta11.8784=0.5356 val_L16_beta12.9259=0.5252 val_L16_beta14.4687=0.6720 val_L16_beta15.5366=0.4968 val_L16_beta17.502=0.4889 val_L16_beta17.7602=0.6862 val_L16_beta19.403=0.5740 val_L16_beta20.2412=0.6922 val_L16_beta21.8857=0.5590 val_L16_beta27.0442=0.6105 val_L16_beta27.3387=0.5798 val_L16_beta27.7875=0.5720 val_L16_beta30.5978=0.5988 val_L16_beta33.325=0.5494 val_L16_beta34.3422=0.5303 val_L16_beta38.5957=0.4207 val_L16_beta39.6475=0.4802 val_L16_beta47.0386=0.4903 val_L16_beta47.4228=0.6126 val_L16_beta54.11=0.4082 val_L16_beta56.1944=0.5792 val_L16_beta57.2189=0.4692 val_L32_beta2.1926=0.9474 val_L32_beta2.4697=0.7978 val_L32_beta2.8622=0.7121 val_L32_beta4.994=0.5808 val_L32_beta8.069=0.5873 val_L32_beta11.2015=0.6764 val_L32_beta12.3504=0.7712 val_L32_beta12.688=0.7419 val_L32_beta14.1441=0.5833 val_L32_beta18.0708=0.3672 val_L32_beta18.6487=0.4075 val_L32_beta52.6284=0.5634 val_L8_beta1.4347=0.5120 val_L8_beta1.4977=0.7499 val_L8_beta1.7872=0.6600 val_L8_beta1.9783=0.6143 val_L8_beta2.4006=0.6709 val_L8_beta2.4786=0.7194 val_L32_beta2.0799=0.6845 val_L32_beta2.4378=1.1033 val_L32_beta2.5092=0.7122 val_L32_beta4.0939=0.7002 val_L32_beta4.2586=0.5675 val_L32_beta4.2761=0.6463 val_L32_beta5.2987=0.6366 val_L32_beta5.7905=0.6408 val_L32_beta6.1747=0.6613 val_L32_beta8.7467=0.7656 val_L32_beta8.9764=0.6448 val_L32_beta9.3874=0.4538 val_L32_beta9.5767=0.6450 val_L32_beta9.6729=0.6872 val_L32_beta10.8745=0.6882 val_L32_beta11.9792=0.6529 val_L32_beta25.9011=0.5097 val_L32_beta30.6638=0.5900 val_L32_beta31.4382=0.5174 val_L32_beta40.9956=0.4606 val_L32_beta43.8647=0.6253 val_L32_beta44.3339=0.4769 val_L32_beta44.5075=0.6226 val_L32_beta50.1987=0.5065 val_total=65.1570
epoch  12  train=0.6579  val_L16_beta14.1464=0.5560 val_L16_beta25=0.5501 val_L16_beta40=0.5433 val_L16_beta55.0237=0.5431 val_L16_beta1.0119=0.7900 val_L16_beta1.0397=0.8096 val_L16_beta1.0743=0.6757 val_L16_beta1.2464=0.7111 val_L16_beta1.2749=0.6279 val_L16_beta1.7484=0.5375 val_L16_beta1.8367=0.8557 val_L16_beta1.8781=0.6583 val_L16_beta2.122=0.5735 val_L16_beta2.1285=0.7450 val_L16_beta2.1757=0.6100 val_L16_beta2.1862=0.5609 val_L16_beta2.2983=0.5821 val_L16_beta2.3046=0.7801 val_L16_beta2.3454=0.6107 val_L16_beta2.7647=0.7127 val_L16_beta3.1518=0.6371 val_L16_beta3.1669=0.7394 val_L16_beta3.2922=0.4552 val_L16_beta3.3842=0.6163 val_L16_beta3.4006=0.5714 val_L16_beta3.6231=0.7288 val_L16_beta3.7225=0.7024 val_L16_beta4.0764=0.6542 val_L16_beta4.7323=0.7036 val_L16_beta4.7632=0.5617 val_L16_beta5.586=0.6159 val_L16_beta6.2411=0.4521 val_L16_beta6.4184=0.5133 val_L16_beta6.8771=0.4208 val_L16_beta8.3946=0.5075 val_L16_beta8.4548=0.5227 val_L16_beta8.7139=0.6502 val_L16_beta9.287=0.6817 val_L16_beta9.571=0.4839 val_L16_beta9.8499=0.5502 val_L16_beta10.2188=0.5298 val_L16_beta11.8501=0.5911 val_L16_beta11.8784=0.5269 val_L16_beta12.9259=0.5247 val_L16_beta14.4687=0.6260 val_L16_beta15.5366=0.4792 val_L16_beta17.502=0.5020 val_L16_beta17.7602=0.6958 val_L16_beta19.403=0.5765 val_L16_beta20.2412=0.6996 val_L16_beta21.8857=0.5367 val_L16_beta27.0442=0.6266 val_L16_beta27.3387=0.5953 val_L16_beta27.7875=0.5900 val_L16_beta30.5978=0.6038 val_L16_beta33.325=0.5383 val_L16_beta34.3422=0.5321 val_L16_beta38.5957=0.4363 val_L16_beta39.6475=0.4698 val_L16_beta47.0386=0.4985 val_L16_beta47.4228=0.6089 val_L16_beta54.11=0.4094 val_L16_beta56.1944=0.5790 val_L16_beta57.2189=0.5035 val_L32_beta2.1926=0.8869 val_L32_beta2.4697=0.9226 val_L32_beta2.8622=0.7607 val_L32_beta4.994=0.6276 val_L32_beta8.069=0.5433 val_L32_beta11.2015=0.6775 val_L32_beta12.3504=0.6241 val_L32_beta12.688=0.7456 val_L32_beta14.1441=0.5931 val_L32_beta18.0708=0.3637 val_L32_beta18.6487=0.4162 val_L32_beta52.6284=0.5728 val_L8_beta1.4347=0.5270 val_L8_beta1.4977=0.8039 val_L8_beta1.7872=0.6650 val_L8_beta1.9783=0.6335 val_L8_beta2.4006=0.6924 val_L8_beta2.4786=0.7419 val_L32_beta2.0799=0.6491 val_L32_beta2.4378=0.7331 val_L32_beta2.5092=0.8233 val_L32_beta4.0939=0.6117 val_L32_beta4.2586=0.5374 val_L32_beta4.2761=0.6546 val_L32_beta5.2987=0.6169 val_L32_beta5.7905=0.5988 val_L32_beta6.1747=0.5536 val_L32_beta8.7467=0.7502 val_L32_beta8.9764=0.6143 val_L32_beta9.3874=0.4466 val_L32_beta9.5767=0.6260 val_L32_beta9.6729=0.6502 val_L32_beta10.8745=0.7433 val_L32_beta11.9792=0.6545 val_L32_beta25.9011=0.5591 val_L32_beta30.6638=0.5006 val_L32_beta31.4382=0.5443 val_L32_beta40.9956=0.4742 val_L32_beta43.8647=0.6563 val_L32_beta44.3339=0.4990 val_L32_beta44.5075=0.5443 val_L32_beta50.1987=0.4807 val_total=64.4014
epoch  13  train=0.6475  val_L16_beta14.1464=0.5503 val_L16_beta25=0.5435 val_L16_beta40=0.5537 val_L16_beta55.0237=0.5326 val_L16_beta1.0119=0.7338 val_L16_beta1.0397=0.7978 val_L16_beta1.0743=0.7098 val_L16_beta1.2464=0.7243 val_L16_beta1.2749=0.6237 val_L16_beta1.7484=0.5061 val_L16_beta1.8367=0.7922 val_L16_beta1.8781=0.6820 val_L16_beta2.122=0.5511 val_L16_beta2.1285=0.6971 val_L16_beta2.1757=0.5985 val_L16_beta2.1862=0.5806 val_L16_beta2.2983=0.5574 val_L16_beta2.3046=0.7780 val_L16_beta2.3454=0.6712 val_L16_beta2.7647=0.7167 val_L16_beta3.1518=0.6348 val_L16_beta3.1669=0.7064 val_L16_beta3.2922=0.4914 val_L16_beta3.3842=0.6225 val_L16_beta3.4006=0.6132 val_L16_beta3.6231=0.7784 val_L16_beta3.7225=0.6886 val_L16_beta4.0764=0.6604 val_L16_beta4.7323=0.7233 val_L16_beta4.7632=0.5616 val_L16_beta5.586=0.6239 val_L16_beta6.2411=0.4504 val_L16_beta6.4184=0.5136 val_L16_beta6.8771=0.4086 val_L16_beta8.3946=0.4730 val_L16_beta8.4548=0.5589 val_L16_beta8.7139=0.6272 val_L16_beta9.287=0.7229 val_L16_beta9.571=0.4889 val_L16_beta9.8499=0.5171 val_L16_beta10.2188=0.5425 val_L16_beta11.8501=0.6101 val_L16_beta11.8784=0.5472 val_L16_beta12.9259=0.5081 val_L16_beta14.4687=0.6421 val_L16_beta15.5366=0.4976 val_L16_beta17.502=0.5096 val_L16_beta17.7602=0.7068 val_L16_beta19.403=0.5427 val_L16_beta20.2412=0.6899 val_L16_beta21.8857=0.5223 val_L16_beta27.0442=0.6033 val_L16_beta27.3387=0.6018 val_L16_beta27.7875=0.5751 val_L16_beta30.5978=0.5611 val_L16_beta33.325=0.5150 val_L16_beta34.3422=0.5092 val_L16_beta38.5957=0.4484 val_L16_beta39.6475=0.4823 val_L16_beta47.0386=0.4869 val_L16_beta47.4228=0.5816 val_L16_beta54.11=0.4280 val_L16_beta56.1944=0.5397 val_L16_beta57.2189=0.4752 val_L32_beta2.1926=1.0044 val_L32_beta2.4697=1.1018 val_L32_beta2.8622=0.9976 val_L32_beta4.994=0.5862 val_L32_beta8.069=0.5756 val_L32_beta11.2015=0.6952 val_L32_beta12.3504=0.7474 val_L32_beta12.688=0.7440 val_L32_beta14.1441=0.6661 val_L32_beta18.0708=0.4000 val_L32_beta18.6487=0.4088 val_L32_beta52.6284=0.6317 val_L8_beta1.4347=0.5623 val_L8_beta1.4977=0.7640 val_L8_beta1.7872=0.6903 val_L8_beta1.9783=0.6155 val_L8_beta2.4006=0.6703 val_L8_beta2.4786=0.7618 val_L32_beta2.0799=0.8460 val_L32_beta2.4378=0.7977 val_L32_beta2.5092=0.6689 val_L32_beta4.0939=0.7206 val_L32_beta4.2586=0.6170 val_L32_beta4.2761=0.8020 val_L32_beta5.2987=0.6311 val_L32_beta5.7905=0.8725 val_L32_beta6.1747=0.6330 val_L32_beta8.7467=0.8042 val_L32_beta8.9764=0.6351 val_L32_beta9.3874=0.4639 val_L32_beta9.5767=0.6524 val_L32_beta9.6729=0.6706 val_L32_beta10.8745=0.6482 val_L32_beta11.9792=0.7058 val_L32_beta25.9011=0.6249 val_L32_beta30.6638=0.4829 val_L32_beta31.4382=0.5570 val_L32_beta40.9956=0.5519 val_L32_beta43.8647=0.6543 val_L32_beta44.3339=0.4617 val_L32_beta44.5075=0.6046 val_L32_beta50.1987=0.4265 val_total=66.0476
epoch  14  train=0.6461  val_L16_beta14.1464=0.5471 val_L16_beta25=0.5334 val_L16_beta40=0.5426 val_L16_beta55.0237=0.5246 val_L16_beta1.0119=0.7317 val_L16_beta1.0397=0.7996 val_L16_beta1.0743=0.6677 val_L16_beta1.2464=0.6898 val_L16_beta1.2749=0.6322 val_L16_beta1.7484=0.5234 val_L16_beta1.8367=0.8659 val_L16_beta1.8781=0.6584 val_L16_beta2.122=0.5587 val_L16_beta2.1285=0.7620 val_L16_beta2.1757=0.5995 val_L16_beta2.1862=0.5692 val_L16_beta2.2983=0.5712 val_L16_beta2.3046=0.7498 val_L16_beta2.3454=0.6520 val_L16_beta2.7647=0.7218 val_L16_beta3.1518=0.6445 val_L16_beta3.1669=0.7400 val_L16_beta3.2922=0.5018 val_L16_beta3.3842=0.6283 val_L16_beta3.4006=0.5797 val_L16_beta3.6231=0.7291 val_L16_beta3.7225=0.7133 val_L16_beta4.0764=0.6617 val_L16_beta4.7323=0.7033 val_L16_beta4.7632=0.5552 val_L16_beta5.586=0.6078 val_L16_beta6.2411=0.4617 val_L16_beta6.4184=0.5344 val_L16_beta6.8771=0.4003 val_L16_beta8.3946=0.4922 val_L16_beta8.4548=0.5515 val_L16_beta8.7139=0.6389 val_L16_beta9.287=0.6967 val_L16_beta9.571=0.5229 val_L16_beta9.8499=0.5025 val_L16_beta10.2188=0.5398 val_L16_beta11.8501=0.6126 val_L16_beta11.8784=0.5371 val_L16_beta12.9259=0.5434 val_L16_beta14.4687=0.6651 val_L16_beta15.5366=0.4830 val_L16_beta17.502=0.5052 val_L16_beta17.7602=0.6899 val_L16_beta19.403=0.5722 val_L16_beta20.2412=0.6365 val_L16_beta21.8857=0.5305 val_L16_beta27.0442=0.6056 val_L16_beta27.3387=0.5806 val_L16_beta27.7875=0.5761 val_L16_beta30.5978=0.6065 val_L16_beta33.325=0.5256 val_L16_beta34.3422=0.5270 val_L16_beta38.5957=0.4508 val_L16_beta39.6475=0.4636 val_L16_beta47.0386=0.4813 val_L16_beta47.4228=0.5726 val_L16_beta54.11=0.3896 val_L16_beta56.1944=0.5458 val_L16_beta57.2189=0.4218 val_L32_beta2.1926=0.8994 val_L32_beta2.4697=0.8783 val_L32_beta2.8622=0.8055 val_L32_beta4.994=0.5935 val_L32_beta8.069=0.5990 val_L32_beta11.2015=0.6872 val_L32_beta12.3504=0.6329 val_L32_beta12.688=0.7163 val_L32_beta14.1441=0.6544 val_L32_beta18.0708=0.3456 val_L32_beta18.6487=0.3925 val_L32_beta52.6284=0.5670 val_L8_beta1.4347=0.5064 val_L8_beta1.4977=0.8336 val_L8_beta1.7872=0.6484 val_L8_beta1.9783=0.6090 val_L8_beta2.4006=0.6869 val_L8_beta2.4786=0.7287 val_L32_beta2.0799=0.8362 val_L32_beta2.4378=0.7411 val_L32_beta2.5092=0.6228 val_L32_beta4.0939=0.6325 val_L32_beta4.2586=0.5944 val_L32_beta4.2761=0.6708 val_L32_beta5.2987=0.6492 val_L32_beta5.7905=0.6576 val_L32_beta6.1747=0.5597 val_L32_beta8.7467=0.7624 val_L32_beta8.9764=0.6157 val_L32_beta9.3874=0.4438 val_L32_beta9.5767=0.6713 val_L32_beta9.6729=0.6774 val_L32_beta10.8745=0.6495 val_L32_beta11.9792=0.6683 val_L32_beta25.9011=0.5618 val_L32_beta30.6638=0.5387 val_L32_beta31.4382=0.4574 val_L32_beta40.9956=0.4568 val_L32_beta43.8647=0.6109 val_L32_beta44.3339=0.4403 val_L32_beta44.5075=0.5031 val_L32_beta50.1987=0.4609 val_total=64.0959
epoch  15  train=0.6438  val_L16_beta14.1464=0.5543 val_L16_beta25=0.5324 val_L16_beta40=0.5723 val_L16_beta55.0237=0.5677 val_L16_beta1.0119=0.7575 val_L16_beta1.0397=0.7908 val_L16_beta1.0743=0.6989 val_L16_beta1.2464=0.6938 val_L16_beta1.2749=0.6027 val_L16_beta1.7484=0.4895 val_L16_beta1.8367=0.8049 val_L16_beta1.8781=0.6672 val_L16_beta2.122=0.5820 val_L16_beta2.1285=0.7264 val_L16_beta2.1757=0.6084 val_L16_beta2.1862=0.5670 val_L16_beta2.2983=0.5704 val_L16_beta2.3046=0.7633 val_L16_beta2.3454=0.6339 val_L16_beta2.7647=0.7390 val_L16_beta3.1518=0.6670 val_L16_beta3.1669=0.7262 val_L16_beta3.2922=0.4688 val_L16_beta3.3842=0.5972 val_L16_beta3.4006=0.5834 val_L16_beta3.6231=0.7298 val_L16_beta3.7225=0.6840 val_L16_beta4.0764=0.6773 val_L16_beta4.7323=0.7292 val_L16_beta4.7632=0.5325 val_L16_beta5.586=0.6300 val_L16_beta6.2411=0.4779 val_L16_beta6.4184=0.4736 val_L16_beta6.8771=0.3948 val_L16_beta8.3946=0.4820 val_L16_beta8.4548=0.5121 val_L16_beta8.7139=0.6471 val_L16_beta9.287=0.7306 val_L16_beta9.571=0.4992 val_L16_beta9.8499=0.5039 val_L16_beta10.2188=0.5489 val_L16_beta11.8501=0.5995 val_L16_beta11.8784=0.5372 val_L16_beta12.9259=0.5395 val_L16_beta14.4687=0.6301 val_L16_beta15.5366=0.4873 val_L16_beta17.502=0.4901 val_L16_beta17.7602=0.6916 val_L16_beta19.403=0.5601 val_L16_beta20.2412=0.7045 val_L16_beta21.8857=0.5507 val_L16_beta27.0442=0.5906 val_L16_beta27.3387=0.5909 val_L16_beta27.7875=0.6092 val_L16_beta30.5978=0.6059 val_L16_beta33.325=0.5385 val_L16_beta34.3422=0.5403 val_L16_beta38.5957=0.4305 val_L16_beta39.6475=0.4765 val_L16_beta47.0386=0.5028 val_L16_beta47.4228=0.5812 val_L16_beta54.11=0.4298 val_L16_beta56.1944=0.5672 val_L16_beta57.2189=0.4964 val_L32_beta2.1926=0.8614 val_L32_beta2.4697=1.0983 val_L32_beta2.8622=0.8219 val_L32_beta4.994=0.5761 val_L32_beta8.069=0.5579 val_L32_beta11.2015=0.7139 val_L32_beta12.3504=0.7215 val_L32_beta12.688=0.7420 val_L32_beta14.1441=0.6088 val_L32_beta18.0708=0.3891 val_L32_beta18.6487=0.4046 val_L32_beta52.6284=0.6155 val_L8_beta1.4347=0.5613 val_L8_beta1.4977=0.7319 val_L8_beta1.7872=0.6375 val_L8_beta1.9783=0.5986 val_L8_beta2.4006=0.6400 val_L8_beta2.4786=0.6600 val_L32_beta2.0799=0.6652 val_L32_beta2.4378=0.7020 val_L32_beta2.5092=0.6503 val_L32_beta4.0939=0.6352 val_L32_beta4.2586=0.6148 val_L32_beta4.2761=0.6547 val_L32_beta5.2987=0.6621 val_L32_beta5.7905=0.6370 val_L32_beta6.1747=0.5728 val_L32_beta8.7467=0.8246 val_L32_beta8.9764=0.6273 val_L32_beta9.3874=0.4507 val_L32_beta9.5767=0.6558 val_L32_beta9.6729=0.6726 val_L32_beta10.8745=0.6522 val_L32_beta11.9792=0.6599 val_L32_beta25.9011=0.5604 val_L32_beta30.6638=0.5715 val_L32_beta31.4382=0.5373 val_L32_beta40.9956=0.5203 val_L32_beta43.8647=0.6520 val_L32_beta44.3339=0.4984 val_L32_beta44.5075=0.5765 val_L32_beta50.1987=0.4695 val_total=64.6312
epoch  16  train=0.6429  val_L16_beta14.1464=0.5479 val_L16_beta25=0.5298 val_L16_beta40=0.5409 val_L16_beta55.0237=0.5321 val_L16_beta1.0119=0.7881 val_L16_beta1.0397=0.7769 val_L16_beta1.0743=0.7149 val_L16_beta1.2464=0.7400 val_L16_beta1.2749=0.6250 val_L16_beta1.7484=0.4978 val_L16_beta1.8367=0.8729 val_L16_beta1.8781=0.6625 val_L16_beta2.122=0.5824 val_L16_beta2.1285=0.7288 val_L16_beta2.1757=0.6155 val_L16_beta2.1862=0.5781 val_L16_beta2.2983=0.6000 val_L16_beta2.3046=0.7023 val_L16_beta2.3454=0.6274 val_L16_beta2.7647=0.7226 val_L16_beta3.1518=0.6581 val_L16_beta3.1669=0.7571 val_L16_beta3.2922=0.4484 val_L16_beta3.3842=0.6106 val_L16_beta3.4006=0.5779 val_L16_beta3.6231=0.7076 val_L16_beta3.7225=0.7144 val_L16_beta4.0764=0.6682 val_L16_beta4.7323=0.6938 val_L16_beta4.7632=0.5576 val_L16_beta5.586=0.6221 val_L16_beta6.2411=0.4656 val_L16_beta6.4184=0.5450 val_L16_beta6.8771=0.4072 val_L16_beta8.3946=0.5053 val_L16_beta8.4548=0.5385 val_L16_beta8.7139=0.6316 val_L16_beta9.287=0.7192 val_L16_beta9.571=0.4889 val_L16_beta9.8499=0.5031 val_L16_beta10.2188=0.5823 val_L16_beta11.8501=0.6144 val_L16_beta11.8784=0.5147 val_L16_beta12.9259=0.5271 val_L16_beta14.4687=0.6379 val_L16_beta15.5366=0.4784 val_L16_beta17.502=0.4988 val_L16_beta17.7602=0.7220 val_L16_beta19.403=0.5752 val_L16_beta20.2412=0.6787 val_L16_beta21.8857=0.5326 val_L16_beta27.0442=0.6102 val_L16_beta27.3387=0.5899 val_L16_beta27.7875=0.5987 val_L16_beta30.5978=0.5874 val_L16_beta33.325=0.5135 val_L16_beta34.3422=0.4913 val_L16_beta38.5957=0.4280 val_L16_beta39.6475=0.4684 val_L16_beta47.0386=0.4785 val_L16_beta47.4228=0.5450 val_L16_beta54.11=0.4093 val_L16_beta56.1944=0.5763 val_L16_beta57.2189=0.4687 val_L32_beta2.1926=0.8435 val_L32_beta2.4697=1.0224 val_L32_beta2.8622=0.7611 val_L32_beta4.994=0.5473 val_L32_beta8.069=0.5533 val_L32_beta11.2015=0.6840 val_L32_beta12.3504=0.7137 val_L32_beta12.688=0.7661 val_L32_beta14.1441=0.5863 val_L32_beta18.0708=0.3437 val_L32_beta18.6487=0.3921 val_L32_beta52.6284=0.5868 val_L8_beta1.4347=0.5587 val_L8_beta1.4977=0.6816 val_L8_beta1.7872=0.6075 val_L8_beta1.9783=0.5777 val_L8_beta2.4006=0.6697 val_L8_beta2.4786=0.7068 val_L32_beta2.0799=0.6843 val_L32_beta2.4378=0.7030 val_L32_beta2.5092=0.6709 val_L32_beta4.0939=0.6754 val_L32_beta4.2586=0.5347 val_L32_beta4.2761=0.6197 val_L32_beta5.2987=0.6208 val_L32_beta5.7905=0.6356 val_L32_beta6.1747=0.5760 val_L32_beta8.7467=0.7728 val_L32_beta8.9764=0.6217 val_L32_beta9.3874=0.4406 val_L32_beta9.5767=0.6257 val_L32_beta9.6729=0.6517 val_L32_beta10.8745=0.6579 val_L32_beta11.9792=0.6588 val_L32_beta25.9011=0.5419 val_L32_beta30.6638=0.5348 val_L32_beta31.4382=0.4644 val_L32_beta40.9956=0.4685 val_L32_beta43.8647=0.6165 val_L32_beta44.3339=0.5096 val_L32_beta44.5075=0.5304 val_L32_beta50.1987=0.4485 val_total=63.8000
epoch  17  train=0.6428  val_L16_beta14.1464=0.5478 val_L16_beta25=0.5400 val_L16_beta40=0.5354 val_L16_beta55.0237=0.5306 val_L16_beta1.0119=0.7623 val_L16_beta1.0397=0.8116 val_L16_beta1.0743=0.6725 val_L16_beta1.2464=0.7182 val_L16_beta1.2749=0.6590 val_L16_beta1.7484=0.4912 val_L16_beta1.8367=0.7937 val_L16_beta1.8781=0.6687 val_L16_beta2.122=0.5704 val_L16_beta2.1285=0.7537 val_L16_beta2.1757=0.6086 val_L16_beta2.1862=0.5609 val_L16_beta2.2983=0.5800 val_L16_beta2.3046=0.7597 val_L16_beta2.3454=0.6602 val_L16_beta2.7647=0.7078 val_L16_beta3.1518=0.6466 val_L16_beta3.1669=0.7464 val_L16_beta3.2922=0.4499 val_L16_beta3.3842=0.6058 val_L16_beta3.4006=0.5959 val_L16_beta3.6231=0.7243 val_L16_beta3.7225=0.6984 val_L16_beta4.0764=0.6976 val_L16_beta4.7323=0.6760 val_L16_beta4.7632=0.5565 val_L16_beta5.586=0.6430 val_L16_beta6.2411=0.4963 val_L16_beta6.4184=0.4817 val_L16_beta6.8771=0.4034 val_L16_beta8.3946=0.4864 val_L16_beta8.4548=0.5276 val_L16_beta8.7139=0.6218 val_L16_beta9.287=0.7139 val_L16_beta9.571=0.5034 val_L16_beta9.8499=0.5034 val_L16_beta10.2188=0.5397 val_L16_beta11.8501=0.6001 val_L16_beta11.8784=0.5107 val_L16_beta12.9259=0.5013 val_L16_beta14.4687=0.6216 val_L16_beta15.5366=0.4823 val_L16_beta17.502=0.4929 val_L16_beta17.7602=0.7286 val_L16_beta19.403=0.5673 val_L16_beta20.2412=0.6572 val_L16_beta21.8857=0.5095 val_L16_beta27.0442=0.6007 val_L16_beta27.3387=0.5928 val_L16_beta27.7875=0.5965 val_L16_beta30.5978=0.5909 val_L16_beta33.325=0.5183 val_L16_beta34.3422=0.4926 val_L16_beta38.5957=0.4482 val_L16_beta39.6475=0.4686 val_L16_beta47.0386=0.4388 val_L16_beta47.4228=0.5872 val_L16_beta54.11=0.3881 val_L16_beta56.1944=0.5460 val_L16_beta57.2189=0.4714 val_L32_beta2.1926=0.8462 val_L32_beta2.4697=0.8030 val_L32_beta2.8622=0.7968 val_L32_beta4.994=0.5552 val_L32_beta8.069=0.5259 val_L32_beta11.2015=0.6700 val_L32_beta12.3504=0.6469 val_L32_beta12.688=0.8094 val_L32_beta14.1441=0.5858 val_L32_beta18.0708=0.3735 val_L32_beta18.6487=0.3895 val_L32_beta52.6284=0.5749 val_L8_beta1.4347=0.5535 val_L8_beta1.4977=0.7659 val_L8_beta1.7872=0.6801 val_L8_beta1.9783=0.6079 val_L8_beta2.4006=0.6307 val_L8_beta2.4786=0.7815 val_L32_beta2.0799=0.7240 val_L32_beta2.4378=0.7187 val_L32_beta2.5092=0.6175 val_L32_beta4.0939=0.6035 val_L32_beta4.2586=0.5499 val_L32_beta4.2761=0.6720 val_L32_beta5.2987=0.6046 val_L32_beta5.7905=0.6256 val_L32_beta6.1747=0.5674 val_L32_beta8.7467=0.8055 val_L32_beta8.9764=0.6242 val_L32_beta9.3874=0.4446 val_L32_beta9.5767=0.6298 val_L32_beta9.6729=0.6893 val_L32_beta10.8745=0.6840 val_L32_beta11.9792=0.6510 val_L32_beta25.9011=0.5360 val_L32_beta30.6638=0.4912 val_L32_beta31.4382=0.4465 val_L32_beta40.9956=0.4611 val_L32_beta43.8647=0.6016 val_L32_beta44.3339=0.4367 val_L32_beta44.5075=0.5201 val_L32_beta50.1987=0.4273 val_total=63.3905
epoch  18  train=0.6408  val_L16_beta14.1464=0.5508 val_L16_beta25=0.5341 val_L16_beta40=0.5655 val_L16_beta55.0237=0.5415 val_L16_beta1.0119=0.7847 val_L16_beta1.0397=0.7746 val_L16_beta1.0743=0.6817 val_L16_beta1.2464=0.7477 val_L16_beta1.2749=0.6879 val_L16_beta1.7484=0.5201 val_L16_beta1.8367=0.8414 val_L16_beta1.8781=0.6445 val_L16_beta2.122=0.5793 val_L16_beta2.1285=0.7663 val_L16_beta2.1757=0.6314 val_L16_beta2.1862=0.5608 val_L16_beta2.2983=0.5994 val_L16_beta2.3046=0.7764 val_L16_beta2.3454=0.6721 val_L16_beta2.7647=0.7315 val_L16_beta3.1518=0.6741 val_L16_beta3.1669=0.7153 val_L16_beta3.2922=0.4883 val_L16_beta3.3842=0.6425 val_L16_beta3.4006=0.5787 val_L16_beta3.6231=0.7295 val_L16_beta3.7225=0.6717 val_L16_beta4.0764=0.6916 val_L16_beta4.7323=0.7329 val_L16_beta4.7632=0.5673 val_L16_beta5.586=0.6417 val_L16_beta6.2411=0.4635 val_L16_beta6.4184=0.4986 val_L16_beta6.8771=0.4261 val_L16_beta8.3946=0.4779 val_L16_beta8.4548=0.5204 val_L16_beta8.7139=0.6414 val_L16_beta9.287=0.6961 val_L16_beta9.571=0.4949 val_L16_beta9.8499=0.5144 val_L16_beta10.2188=0.5562 val_L16_beta11.8501=0.5964 val_L16_beta11.8784=0.5424 val_L16_beta12.9259=0.5227 val_L16_beta14.4687=0.6286 val_L16_beta15.5366=0.4738 val_L16_beta17.502=0.5069 val_L16_beta17.7602=0.7103 val_L16_beta19.403=0.5561 val_L16_beta20.2412=0.6586 val_L16_beta21.8857=0.5576 val_L16_beta27.0442=0.6124 val_L16_beta27.3387=0.6078 val_L16_beta27.7875=0.5831 val_L16_beta30.5978=0.5746 val_L16_beta33.325=0.5256 val_L16_beta34.3422=0.5195 val_L16_beta38.5957=0.4807 val_L16_beta39.6475=0.5007 val_L16_beta47.0386=0.5323 val_L16_beta47.4228=0.5657 val_L16_beta54.11=0.5045 val_L16_beta56.1944=0.5593 val_L16_beta57.2189=0.5090 val_L32_beta2.1926=0.8385 val_L32_beta2.4697=0.7943 val_L32_beta2.8622=0.7066 val_L32_beta4.994=0.7548 val_L32_beta8.069=0.5688 val_L32_beta11.2015=0.6785 val_L32_beta12.3504=0.7425 val_L32_beta12.688=0.7824 val_L32_beta14.1441=0.6383 val_L32_beta18.0708=0.3807 val_L32_beta18.6487=0.3975 val_L32_beta52.6284=0.6357 val_L8_beta1.4347=0.5555 val_L8_beta1.4977=0.7313 val_L8_beta1.7872=0.6699 val_L8_beta1.9783=0.6283 val_L8_beta2.4006=0.6585 val_L8_beta2.4786=0.7470 val_L32_beta2.0799=0.6705 val_L32_beta2.4378=0.8168 val_L32_beta2.5092=0.7862 val_L32_beta4.0939=0.7851 val_L32_beta4.2586=0.7584 val_L32_beta4.2761=0.6878 val_L32_beta5.2987=0.6418 val_L32_beta5.7905=0.7679 val_L32_beta6.1747=0.6650 val_L32_beta8.7467=0.7681 val_L32_beta8.9764=0.6314 val_L32_beta9.3874=0.4453 val_L32_beta9.5767=0.6467 val_L32_beta9.6729=0.6650 val_L32_beta10.8745=0.7130 val_L32_beta11.9792=0.6516 val_L32_beta25.9011=0.5230 val_L32_beta30.6638=0.6478 val_L32_beta31.4382=0.4958 val_L32_beta40.9956=0.4489 val_L32_beta43.8647=0.6301 val_L32_beta44.3339=0.5709 val_L32_beta44.5075=0.7187 val_L32_beta50.1987=0.5453 val_total=66.0338
epoch  19  train=0.6451  val_L16_beta14.1464=0.5445 val_L16_beta25=0.5356 val_L16_beta40=0.5455 val_L16_beta55.0237=0.5354 val_L16_beta1.0119=0.7234 val_L16_beta1.0397=0.8080 val_L16_beta1.0743=0.6836 val_L16_beta1.2464=0.7014 val_L16_beta1.2749=0.6505 val_L16_beta1.7484=0.5154 val_L16_beta1.8367=0.8218 val_L16_beta1.8781=0.6507 val_L16_beta2.122=0.5676 val_L16_beta2.1285=0.7122 val_L16_beta2.1757=0.6054 val_L16_beta2.1862=0.5719 val_L16_beta2.2983=0.5973 val_L16_beta2.3046=0.7370 val_L16_beta2.3454=0.6746 val_L16_beta2.7647=0.7118 val_L16_beta3.1518=0.6533 val_L16_beta3.1669=0.7191 val_L16_beta3.2922=0.4826 val_L16_beta3.3842=0.6229 val_L16_beta3.4006=0.5725 val_L16_beta3.6231=0.7335 val_L16_beta3.7225=0.6851 val_L16_beta4.0764=0.6695 val_L16_beta4.7323=0.6991 val_L16_beta4.7632=0.5619 val_L16_beta5.586=0.6018 val_L16_beta6.2411=0.4915 val_L16_beta6.4184=0.4778 val_L16_beta6.8771=0.3908 val_L16_beta8.3946=0.4748 val_L16_beta8.4548=0.5295 val_L16_beta8.7139=0.6464 val_L16_beta9.287=0.7072 val_L16_beta9.571=0.4693 val_L16_beta9.8499=0.5092 val_L16_beta10.2188=0.5477 val_L16_beta11.8501=0.5950 val_L16_beta11.8784=0.5001 val_L16_beta12.9259=0.4992 val_L16_beta14.4687=0.6642 val_L16_beta15.5366=0.4861 val_L16_beta17.502=0.5079 val_L16_beta17.7602=0.6881 val_L16_beta19.403=0.5642 val_L16_beta20.2412=0.6892 val_L16_beta21.8857=0.5197 val_L16_beta27.0442=0.6020 val_L16_beta27.3387=0.5940 val_L16_beta27.7875=0.6150 val_L16_beta30.5978=0.5570 val_L16_beta33.325=0.5193 val_L16_beta34.3422=0.5447 val_L16_beta38.5957=0.4538 val_L16_beta39.6475=0.4814 val_L16_beta47.0386=0.5119 val_L16_beta47.4228=0.5989 val_L16_beta54.11=0.3927 val_L16_beta56.1944=0.5513 val_L16_beta57.2189=0.4675 val_L32_beta2.1926=0.8289 val_L32_beta2.4697=0.8229 val_L32_beta2.8622=0.8485 val_L32_beta4.994=0.5762 val_L32_beta8.069=0.5561 val_L32_beta11.2015=0.7038 val_L32_beta12.3504=0.6874 val_L32_beta12.688=0.7300 val_L32_beta14.1441=0.6009 val_L32_beta18.0708=0.3875 val_L32_beta18.6487=0.4247 val_L32_beta52.6284=0.5803 val_L8_beta1.4347=0.5384 val_L8_beta1.4977=0.7375 val_L8_beta1.7872=0.6198 val_L8_beta1.9783=0.6519 val_L8_beta2.4006=0.6602 val_L8_beta2.4786=0.7603 val_L32_beta2.0799=0.9689 val_L32_beta2.4378=0.7365 val_L32_beta2.5092=0.6914 val_L32_beta4.0939=0.6621 val_L32_beta4.2586=0.6414 val_L32_beta4.2761=0.6764 val_L32_beta5.2987=0.6426 val_L32_beta5.7905=0.6373 val_L32_beta6.1747=0.6038 val_L32_beta8.7467=0.7705 val_L32_beta8.9764=0.6378 val_L32_beta9.3874=0.4678 val_L32_beta9.5767=0.6420 val_L32_beta9.6729=0.6524 val_L32_beta10.8745=0.6664 val_L32_beta11.9792=0.6922 val_L32_beta25.9011=0.5910 val_L32_beta30.6638=0.4783 val_L32_beta31.4382=0.5874 val_L32_beta40.9956=0.5561 val_L32_beta43.8647=0.6414 val_L32_beta44.3339=0.5357 val_L32_beta44.5075=0.6175 val_L32_beta50.1987=0.4399 val_total=64.6947
epoch  20  train=0.6448  val_L16_beta14.1464=0.5456 val_L16_beta25=0.5361 val_L16_beta40=0.5488 val_L16_beta55.0237=0.5355 val_L16_beta1.0119=0.7347 val_L16_beta1.0397=0.7848 val_L16_beta1.0743=0.7301 val_L16_beta1.2464=0.7512 val_L16_beta1.2749=0.6745 val_L16_beta1.7484=0.5203 val_L16_beta1.8367=0.8265 val_L16_beta1.8781=0.6428 val_L16_beta2.122=0.5513 val_L16_beta2.1285=0.7282 val_L16_beta2.1757=0.6166 val_L16_beta2.1862=0.5673 val_L16_beta2.2983=0.5797 val_L16_beta2.3046=0.6998 val_L16_beta2.3454=0.6349 val_L16_beta2.7647=0.7144 val_L16_beta3.1518=0.6737 val_L16_beta3.1669=0.7454 val_L16_beta3.2922=0.4532 val_L16_beta3.3842=0.6102 val_L16_beta3.4006=0.5772 val_L16_beta3.6231=0.6872 val_L16_beta3.7225=0.6928 val_L16_beta4.0764=0.6747 val_L16_beta4.7323=0.6808 val_L16_beta4.7632=0.5266 val_L16_beta5.586=0.6141 val_L16_beta6.2411=0.4520 val_L16_beta6.4184=0.4865 val_L16_beta6.8771=0.4194 val_L16_beta8.3946=0.5199 val_L16_beta8.4548=0.5316 val_L16_beta8.7139=0.6240 val_L16_beta9.287=0.6752 val_L16_beta9.571=0.4894 val_L16_beta9.8499=0.5060 val_L16_beta10.2188=0.5626 val_L16_beta11.8501=0.6295 val_L16_beta11.8784=0.5207 val_L16_beta12.9259=0.5098 val_L16_beta14.4687=0.6452 val_L16_beta15.5366=0.4886 val_L16_beta17.502=0.5136 val_L16_beta17.7602=0.7098 val_L16_beta19.403=0.5483 val_L16_beta20.2412=0.6853 val_L16_beta21.8857=0.5397 val_L16_beta27.0442=0.6074 val_L16_beta27.3387=0.5874 val_L16_beta27.7875=0.5999 val_L16_beta30.5978=0.5648 val_L16_beta33.325=0.5285 val_L16_beta34.3422=0.5139 val_L16_beta38.5957=0.4165 val_L16_beta39.6475=0.4615 val_L16_beta47.0386=0.4906 val_L16_beta47.4228=0.5610 val_L16_beta54.11=0.3960 val_L16_beta56.1944=0.5520 val_L16_beta57.2189=0.4525 val_L32_beta2.1926=0.8989 val_L32_beta2.4697=0.9510 val_L32_beta2.8622=0.8512 val_L32_beta4.994=0.5698 val_L32_beta8.069=0.5760 val_L32_beta11.2015=0.6895 val_L32_beta12.3504=0.6962 val_L32_beta12.688=0.7149 val_L32_beta14.1441=0.6063 val_L32_beta18.0708=0.3746 val_L32_beta18.6487=0.4025 val_L32_beta52.6284=0.5737 val_L8_beta1.4347=0.5274 val_L8_beta1.4977=0.7771 val_L8_beta1.7872=0.6607 val_L8_beta1.9783=0.5946 val_L8_beta2.4006=0.6723 val_L8_beta2.4786=0.6726 val_L32_beta2.0799=0.6434 val_L32_beta2.4378=0.8086 val_L32_beta2.5092=0.7144 val_L32_beta4.0939=0.6130 val_L32_beta4.2586=0.5805 val_L32_beta4.2761=0.6556 val_L32_beta5.2987=0.6197 val_L32_beta5.7905=0.6236 val_L32_beta6.1747=0.5729 val_L32_beta8.7467=0.7524 val_L32_beta8.9764=0.6310 val_L32_beta9.3874=0.4400 val_L32_beta9.5767=0.6347 val_L32_beta9.6729=0.6553 val_L32_beta10.8745=0.6716 val_L32_beta11.9792=0.6438 val_L32_beta25.9011=0.5252 val_L32_beta30.6638=0.4947 val_L32_beta31.4382=0.4967 val_L32_beta40.9956=0.4605 val_L32_beta43.8647=0.6179 val_L32_beta44.3339=0.4956 val_L32_beta44.5075=0.5292 val_L32_beta50.1987=0.4252 val_total=63.7633
epoch  21  train=0.6371  val_L16_beta14.1464=0.5411 val_L16_beta25=0.5347 val_L16_beta40=0.5453 val_L16_beta55.0237=0.5248 val_L16_beta1.0119=0.7854 val_L16_beta1.0397=0.7853 val_L16_beta1.0743=0.6963 val_L16_beta1.2464=0.7125 val_L16_beta1.2749=0.5946 val_L16_beta1.7484=0.5028 val_L16_beta1.8367=0.8249 val_L16_beta1.8781=0.6269 val_L16_beta2.122=0.5430 val_L16_beta2.1285=0.7407 val_L16_beta2.1757=0.6097 val_L16_beta2.1862=0.5833 val_L16_beta2.2983=0.5927 val_L16_beta2.3046=0.7043 val_L16_beta2.3454=0.6589 val_L16_beta2.7647=0.7065 val_L16_beta3.1518=0.6785 val_L16_beta3.1669=0.7190 val_L16_beta3.2922=0.4341 val_L16_beta3.3842=0.6102 val_L16_beta3.4006=0.5519 val_L16_beta3.6231=0.7142 val_L16_beta3.7225=0.6961 val_L16_beta4.0764=0.6389 val_L16_beta4.7323=0.6963 val_L16_beta4.7632=0.5608 val_L16_beta5.586=0.6035 val_L16_beta6.2411=0.4854 val_L16_beta6.4184=0.4738 val_L16_beta6.8771=0.4048 val_L16_beta8.3946=0.5045 val_L16_beta8.4548=0.5187 val_L16_beta8.7139=0.6443 val_L16_beta9.287=0.6824 val_L16_beta9.571=0.4999 val_L16_beta9.8499=0.5252 val_L16_beta10.2188=0.5578 val_L16_beta11.8501=0.6067 val_L16_beta11.8784=0.5259 val_L16_beta12.9259=0.4935 val_L16_beta14.4687=0.6187 val_L16_beta15.5366=0.4871 val_L16_beta17.502=0.4972 val_L16_beta17.7602=0.7149 val_L16_beta19.403=0.5426 val_L16_beta20.2412=0.6637 val_L16_beta21.8857=0.5294 val_L16_beta27.0442=0.6155 val_L16_beta27.3387=0.5915 val_L16_beta27.7875=0.5984 val_L16_beta30.5978=0.5905 val_L16_beta33.325=0.5329 val_L16_beta34.3422=0.5208 val_L16_beta38.5957=0.4298 val_L16_beta39.6475=0.4768 val_L16_beta47.0386=0.4922 val_L16_beta47.4228=0.5589 val_L16_beta54.11=0.3948 val_L16_beta56.1944=0.5376 val_L16_beta57.2189=0.4284 val_L32_beta2.1926=0.8019 val_L32_beta2.4697=0.8280 val_L32_beta2.8622=0.7989 val_L32_beta4.994=0.5400 val_L32_beta8.069=0.5325 val_L32_beta11.2015=0.6650 val_L32_beta12.3504=0.6877 val_L32_beta12.688=0.7144 val_L32_beta14.1441=0.5684 val_L32_beta18.0708=0.3486 val_L32_beta18.6487=0.3852 val_L32_beta52.6284=0.5602 val_L8_beta1.4347=0.5246 val_L8_beta1.4977=0.7995 val_L8_beta1.7872=0.6113 val_L8_beta1.9783=0.6494 val_L8_beta2.4006=0.6358 val_L8_beta2.4786=0.7508 val_L32_beta2.0799=0.7202 val_L32_beta2.4378=0.8666 val_L32_beta2.5092=0.6478 val_L32_beta4.0939=0.6471 val_L32_beta4.2586=0.5658 val_L32_beta4.2761=0.6188 val_L32_beta5.2987=0.6174 val_L32_beta5.7905=0.5989 val_L32_beta6.1747=0.5440 val_L32_beta8.7467=0.7508 val_L32_beta8.9764=0.6284 val_L32_beta9.3874=0.4376 val_L32_beta9.5767=0.6111 val_L32_beta9.6729=0.6440 val_L32_beta10.8745=0.6581 val_L32_beta11.9792=0.6549 val_L32_beta25.9011=0.5447 val_L32_beta30.6638=0.4990 val_L32_beta31.4382=0.4505 val_L32_beta40.9956=0.4629 val_L32_beta43.8647=0.6177 val_L32_beta44.3339=0.5411 val_L32_beta44.5075=0.5756 val_L32_beta50.1987=0.4563 val_total=63.2231
epoch  22  train=0.6424  val_L16_beta14.1464=0.5474 val_L16_beta25=0.5447 val_L16_beta40=0.5476 val_L16_beta55.0237=0.5263 val_L16_beta1.0119=0.7472 val_L16_beta1.0397=0.7841 val_L16_beta1.0743=0.6997 val_L16_beta1.2464=0.6891 val_L16_beta1.2749=0.6009 val_L16_beta1.7484=0.5209 val_L16_beta1.8367=0.8102 val_L16_beta1.8781=0.6384 val_L16_beta2.122=0.5414 val_L16_beta2.1285=0.7315 val_L16_beta2.1757=0.6359 val_L16_beta2.1862=0.5923 val_L16_beta2.2983=0.5842 val_L16_beta2.3046=0.7348 val_L16_beta2.3454=0.6550 val_L16_beta2.7647=0.6855 val_L16_beta3.1518=0.6455 val_L16_beta3.1669=0.7605 val_L16_beta3.2922=0.4683 val_L16_beta3.3842=0.6254 val_L16_beta3.4006=0.5858 val_L16_beta3.6231=0.6954 val_L16_beta3.7225=0.6754 val_L16_beta4.0764=0.6507 val_L16_beta4.7323=0.7082 val_L16_beta4.7632=0.5664 val_L16_beta5.586=0.5873 val_L16_beta6.2411=0.4647 val_L16_beta6.4184=0.5101 val_L16_beta6.8771=0.3997 val_L16_beta8.3946=0.4899 val_L16_beta8.4548=0.5252 val_L16_beta8.7139=0.6409 val_L16_beta9.287=0.6843 val_L16_beta9.571=0.4885 val_L16_beta9.8499=0.5177 val_L16_beta10.2188=0.5281 val_L16_beta11.8501=0.6159 val_L16_beta11.8784=0.5198 val_L16_beta12.9259=0.5101 val_L16_beta14.4687=0.6115 val_L16_beta15.5366=0.5097 val_L16_beta17.502=0.5235 val_L16_beta17.7602=0.7054 val_L16_beta19.403=0.5928 val_L16_beta20.2412=0.6783 val_L16_beta21.8857=0.5241 val_L16_beta27.0442=0.6148 val_L16_beta27.3387=0.6016 val_L16_beta27.7875=0.5898 val_L16_beta30.5978=0.5952 val_L16_beta33.325=0.5046 val_L16_beta34.3422=0.5109 val_L16_beta38.5957=0.4297 val_L16_beta39.6475=0.4871 val_L16_beta47.0386=0.4538 val_L16_beta47.4228=0.6003 val_L16_beta54.11=0.4080 val_L16_beta56.1944=0.5564 val_L16_beta57.2189=0.4587 val_L32_beta2.1926=1.0835 val_L32_beta2.4697=1.3097 val_L32_beta2.8622=1.0223 val_L32_beta4.994=0.6018 val_L32_beta8.069=0.5497 val_L32_beta11.2015=0.6708 val_L32_beta12.3504=0.8524 val_L32_beta12.688=0.7432 val_L32_beta14.1441=0.6186 val_L32_beta18.0708=0.3766 val_L32_beta18.6487=0.3988 val_L32_beta52.6284=0.5804 val_L8_beta1.4347=0.5659 val_L8_beta1.4977=0.7778 val_L8_beta1.7872=0.6628 val_L8_beta1.9783=0.6215 val_L8_beta2.4006=0.6610 val_L8_beta2.4786=0.6614 val_L32_beta2.0799=0.7347 val_L32_beta2.4378=0.8010 val_L32_beta2.5092=0.7084 val_L32_beta4.0939=0.6109 val_L32_beta4.2586=0.6591 val_L32_beta4.2761=0.7496 val_L32_beta5.2987=0.6473 val_L32_beta5.7905=0.6290 val_L32_beta6.1747=0.6288 val_L32_beta8.7467=0.7635 val_L32_beta8.9764=0.6359 val_L32_beta9.3874=0.4413 val_L32_beta9.5767=0.7007 val_L32_beta9.6729=0.6662 val_L32_beta10.8745=0.6580 val_L32_beta11.9792=0.6574 val_L32_beta25.9011=0.6174 val_L32_beta30.6638=0.5795 val_L32_beta31.4382=0.4635 val_L32_beta40.9956=0.4512 val_L32_beta43.8647=0.6628 val_L32_beta44.3339=0.4912 val_L32_beta44.5075=0.5425 val_L32_beta50.1987=0.4975 val_total=65.3929
epoch  23  train=0.6353  val_L16_beta14.1464=0.5505 val_L16_beta25=0.5353 val_L16_beta40=0.5439 val_L16_beta55.0237=0.5237 val_L16_beta1.0119=0.7208 val_L16_beta1.0397=0.7944 val_L16_beta1.0743=0.6620 val_L16_beta1.2464=0.6990 val_L16_beta1.2749=0.6361 val_L16_beta1.7484=0.5066 val_L16_beta1.8367=0.7947 val_L16_beta1.8781=0.6478 val_L16_beta2.122=0.5604 val_L16_beta2.1285=0.7296 val_L16_beta2.1757=0.6263 val_L16_beta2.1862=0.5385 val_L16_beta2.2983=0.5927 val_L16_beta2.3046=0.7979 val_L16_beta2.3454=0.6593 val_L16_beta2.7647=0.7322 val_L16_beta3.1518=0.6504 val_L16_beta3.1669=0.7136 val_L16_beta3.2922=0.4358 val_L16_beta3.3842=0.6300 val_L16_beta3.4006=0.5642 val_L16_beta3.6231=0.7088 val_L16_beta3.7225=0.6930 val_L16_beta4.0764=0.6394 val_L16_beta4.7323=0.6781 val_L16_beta4.7632=0.5361 val_L16_beta5.586=0.6164 val_L16_beta6.2411=0.4625 val_L16_beta6.4184=0.4922 val_L16_beta6.8771=0.3849 val_L16_beta8.3946=0.4862 val_L16_beta8.4548=0.5191 val_L16_beta8.7139=0.6029 val_L16_beta9.287=0.6711 val_L16_beta9.571=0.4790 val_L16_beta9.8499=0.5219 val_L16_beta10.2188=0.5355 val_L16_beta11.8501=0.6241 val_L16_beta11.8784=0.5505 val_L16_beta12.9259=0.5059 val_L16_beta14.4687=0.6413 val_L16_beta15.5366=0.4777 val_L16_beta17.502=0.5255 val_L16_beta17.7602=0.7148 val_L16_beta19.403=0.5650 val_L16_beta20.2412=0.6888 val_L16_beta21.8857=0.5294 val_L16_beta27.0442=0.6223 val_L16_beta27.3387=0.5943 val_L16_beta27.7875=0.5805 val_L16_beta30.5978=0.5866 val_L16_beta33.325=0.5195 val_L16_beta34.3422=0.5199 val_L16_beta38.5957=0.4263 val_L16_beta39.6475=0.4734 val_L16_beta47.0386=0.4962 val_L16_beta47.4228=0.5743 val_L16_beta54.11=0.4229 val_L16_beta56.1944=0.5275 val_L16_beta57.2189=0.4408 val_L32_beta2.1926=0.9006 val_L32_beta2.4697=0.9077 val_L32_beta2.8622=0.7682 val_L32_beta4.994=0.5463 val_L32_beta8.069=0.5391 val_L32_beta11.2015=0.6777 val_L32_beta12.3504=0.7003 val_L32_beta12.688=0.7314 val_L32_beta14.1441=0.5863 val_L32_beta18.0708=0.3713 val_L32_beta18.6487=0.3889 val_L32_beta52.6284=0.6294 val_L8_beta1.4347=0.5513 val_L8_beta1.4977=0.8081 val_L8_beta1.7872=0.5991 val_L8_beta1.9783=0.6334 val_L8_beta2.4006=0.6434 val_L8_beta2.4786=0.7430 val_L32_beta2.0799=0.8389 val_L32_beta2.4378=0.6979 val_L32_beta2.5092=0.6035 val_L32_beta4.0939=0.6267 val_L32_beta4.2586=0.5333 val_L32_beta4.2761=0.7018 val_L32_beta5.2987=0.6173 val_L32_beta5.7905=0.6263 val_L32_beta6.1747=0.5715 val_L32_beta8.7467=0.7719 val_L32_beta8.9764=0.6126 val_L32_beta9.3874=0.4396 val_L32_beta9.5767=0.6460 val_L32_beta9.6729=0.6451 val_L32_beta10.8745=0.6634 val_L32_beta11.9792=0.6552 val_L32_beta25.9011=0.5156 val_L32_beta30.6638=0.5761 val_L32_beta31.4382=0.4852 val_L32_beta40.9956=0.4674 val_L32_beta43.8647=0.6375 val_L32_beta44.3339=0.4593 val_L32_beta44.5075=0.5207 val_L32_beta50.1987=0.4667 val_total=63.5857
epoch  24  train=0.6382  val_L16_beta14.1464=0.5431 val_L16_beta25=0.5200 val_L16_beta40=0.5580 val_L16_beta55.0237=0.5205 val_L16_beta1.0119=0.7236 val_L16_beta1.0397=0.7679 val_L16_beta1.0743=0.6778 val_L16_beta1.2464=0.7057 val_L16_beta1.2749=0.6258 val_L16_beta1.7484=0.4806 val_L16_beta1.8367=0.8807 val_L16_beta1.8781=0.6548 val_L16_beta2.122=0.5585 val_L16_beta2.1285=0.7277 val_L16_beta2.1757=0.6153 val_L16_beta2.1862=0.5727 val_L16_beta2.2983=0.5788 val_L16_beta2.3046=0.7522 val_L16_beta2.3454=0.6534 val_L16_beta2.7647=0.7177 val_L16_beta3.1518=0.6419 val_L16_beta3.1669=0.7277 val_L16_beta3.2922=0.4442 val_L16_beta3.3842=0.6332 val_L16_beta3.4006=0.5434 val_L16_beta3.6231=0.7105 val_L16_beta3.7225=0.7255 val_L16_beta4.0764=0.6294 val_L16_beta4.7323=0.7063 val_L16_beta4.7632=0.5498 val_L16_beta5.586=0.6313 val_L16_beta6.2411=0.4567 val_L16_beta6.4184=0.4874 val_L16_beta6.8771=0.4079 val_L16_beta8.3946=0.5101 val_L16_beta8.4548=0.5228 val_L16_beta8.7139=0.6429 val_L16_beta9.287=0.6900 val_L16_beta9.571=0.5063 val_L16_beta9.8499=0.4937 val_L16_beta10.2188=0.5221 val_L16_beta11.8501=0.6237 val_L16_beta11.8784=0.5484 val_L16_beta12.9259=0.5276 val_L16_beta14.4687=0.6108 val_L16_beta15.5366=0.4936 val_L16_beta17.502=0.5119 val_L16_beta17.7602=0.6913 val_L16_beta19.403=0.5593 val_L16_beta20.2412=0.6765 val_L16_beta21.8857=0.5343 val_L16_beta27.0442=0.5975 val_L16_beta27.3387=0.5762 val_L16_beta27.7875=0.5882 val_L16_beta30.5978=0.5905 val_L16_beta33.325=0.5216 val_L16_beta34.3422=0.5002 val_L16_beta38.5957=0.4271 val_L16_beta39.6475=0.4544 val_L16_beta47.0386=0.4653 val_L16_beta47.4228=0.5598 val_L16_beta54.11=0.3897 val_L16_beta56.1944=0.5121 val_L16_beta57.2189=0.4361 val_L32_beta2.1926=0.8452 val_L32_beta2.4697=0.9800 val_L32_beta2.8622=0.8252 val_L32_beta4.994=0.5638 val_L32_beta8.069=0.5462 val_L32_beta11.2015=0.6618 val_L32_beta12.3504=0.8164 val_L32_beta12.688=0.7221 val_L32_beta14.1441=0.5790 val_L32_beta18.0708=0.3566 val_L32_beta18.6487=0.3937 val_L32_beta52.6284=0.5496 val_L8_beta1.4347=0.5711 val_L8_beta1.4977=0.7499 val_L8_beta1.7872=0.6389 val_L8_beta1.9783=0.6071 val_L8_beta2.4006=0.6091 val_L8_beta2.4786=0.7227 val_L32_beta2.0799=0.6930 val_L32_beta2.4378=0.7539 val_L32_beta2.5092=0.6901 val_L32_beta4.0939=0.6034 val_L32_beta4.2586=0.5510 val_L32_beta4.2761=0.6551 val_L32_beta5.2987=0.6312 val_L32_beta5.7905=0.6365 val_L32_beta6.1747=0.5521 val_L32_beta8.7467=0.7728 val_L32_beta8.9764=0.6316 val_L32_beta9.3874=0.4418 val_L32_beta9.5767=0.6158 val_L32_beta9.6729=0.6483 val_L32_beta10.8745=0.6495 val_L32_beta11.9792=0.6546 val_L32_beta25.9011=0.5267 val_L32_beta30.6638=0.4823 val_L32_beta31.4382=0.4443 val_L32_beta40.9956=0.4477 val_L32_beta43.8647=0.6249 val_L32_beta44.3339=0.4431 val_L32_beta44.5075=0.5159 val_L32_beta50.1987=0.4695 val_total=63.2877
epoch  25  train=0.6382  val_L16_beta14.1464=0.5501 val_L16_beta25=0.5193 val_L16_beta40=0.5307 val_L16_beta55.0237=0.5168 val_L16_beta1.0119=0.7433 val_L16_beta1.0397=0.8515 val_L16_beta1.0743=0.6950 val_L16_beta1.2464=0.7686 val_L16_beta1.2749=0.5871 val_L16_beta1.7484=0.4837 val_L16_beta1.8367=0.7868 val_L16_beta1.8781=0.6447 val_L16_beta2.122=0.5190 val_L16_beta2.1285=0.7424 val_L16_beta2.1757=0.6171 val_L16_beta2.1862=0.5696 val_L16_beta2.2983=0.5451 val_L16_beta2.3046=0.7682 val_L16_beta2.3454=0.6195 val_L16_beta2.7647=0.6838 val_L16_beta3.1518=0.6392 val_L16_beta3.1669=0.7083 val_L16_beta3.2922=0.4408 val_L16_beta3.3842=0.6088 val_L16_beta3.4006=0.5567 val_L16_beta3.6231=0.7378 val_L16_beta3.7225=0.6957 val_L16_beta4.0764=0.6562 val_L16_beta4.7323=0.7241 val_L16_beta4.7632=0.5821 val_L16_beta5.586=0.6086 val_L16_beta6.2411=0.4714 val_L16_beta6.4184=0.4966 val_L16_beta6.8771=0.3842 val_L16_beta8.3946=0.5180 val_L16_beta8.4548=0.5182 val_L16_beta8.7139=0.6147 val_L16_beta9.287=0.6857 val_L16_beta9.571=0.4824 val_L16_beta9.8499=0.5270 val_L16_beta10.2188=0.5213 val_L16_beta11.8501=0.6342 val_L16_beta11.8784=0.5352 val_L16_beta12.9259=0.5185 val_L16_beta14.4687=0.6413 val_L16_beta15.5366=0.4759 val_L16_beta17.502=0.4850 val_L16_beta17.7602=0.7118 val_L16_beta19.403=0.5640 val_L16_beta20.2412=0.6771 val_L16_beta21.8857=0.5363 val_L16_beta27.0442=0.5912 val_L16_beta27.3387=0.6256 val_L16_beta27.7875=0.5922 val_L16_beta30.5978=0.5784 val_L16_beta33.325=0.5329 val_L16_beta34.3422=0.5330 val_L16_beta38.5957=0.4135 val_L16_beta39.6475=0.4655 val_L16_beta47.0386=0.4903 val_L16_beta47.4228=0.5564 val_L16_beta54.11=0.4033 val_L16_beta56.1944=0.5432 val_L16_beta57.2189=0.4549 val_L32_beta2.1926=0.9068 val_L32_beta2.4697=0.8387 val_L32_beta2.8622=0.6972 val_L32_beta4.994=0.5471 val_L32_beta8.069=0.5409 val_L32_beta11.2015=0.6809 val_L32_beta12.3504=0.6326 val_L32_beta12.688=0.7418 val_L32_beta14.1441=0.5842 val_L32_beta18.0708=0.3678 val_L32_beta18.6487=0.3904 val_L32_beta52.6284=0.5528 val_L8_beta1.4347=0.5581 val_L8_beta1.4977=0.7659 val_L8_beta1.7872=0.6702 val_L8_beta1.9783=0.6237 val_L8_beta2.4006=0.6557 val_L8_beta2.4786=0.7320 val_L32_beta2.0799=0.6534 val_L32_beta2.4378=0.7555 val_L32_beta2.5092=0.6707 val_L32_beta4.0939=0.5933 val_L32_beta4.2586=0.6242 val_L32_beta4.2761=0.6348 val_L32_beta5.2987=0.6377 val_L32_beta5.7905=0.6274 val_L32_beta6.1747=0.5723 val_L32_beta8.7467=0.7758 val_L32_beta8.9764=0.6193 val_L32_beta9.3874=0.4573 val_L32_beta9.5767=0.6398 val_L32_beta9.6729=0.6887 val_L32_beta10.8745=0.6473 val_L32_beta11.9792=0.6547 val_L32_beta25.9011=0.5392 val_L32_beta30.6638=0.4808 val_L32_beta31.4382=0.4677 val_L32_beta40.9956=0.4447 val_L32_beta43.8647=0.6172 val_L32_beta44.3339=0.4427 val_L32_beta44.5075=0.5452 val_L32_beta50.1987=0.4229 val_total=63.1790
epoch  26  train=0.6419  val_L16_beta14.1464=0.5535 val_L16_beta25=0.5281 val_L16_beta40=0.5585 val_L16_beta55.0237=0.5175 val_L16_beta1.0119=0.7343 val_L16_beta1.0397=0.7587 val_L16_beta1.0743=0.6884 val_L16_beta1.2464=0.7212 val_L16_beta1.2749=0.6073 val_L16_beta1.7484=0.4828 val_L16_beta1.8367=0.8502 val_L16_beta1.8781=0.6639 val_L16_beta2.122=0.5415 val_L16_beta2.1285=0.7368 val_L16_beta2.1757=0.5959 val_L16_beta2.1862=0.5569 val_L16_beta2.2983=0.5692 val_L16_beta2.3046=0.7339 val_L16_beta2.3454=0.6504 val_L16_beta2.7647=0.6876 val_L16_beta3.1518=0.6463 val_L16_beta3.1669=0.7117 val_L16_beta3.2922=0.4586 val_L16_beta3.3842=0.6318 val_L16_beta3.4006=0.6000 val_L16_beta3.6231=0.7352 val_L16_beta3.7225=0.6957 val_L16_beta4.0764=0.6580 val_L16_beta4.7323=0.6747 val_L16_beta4.7632=0.5591 val_L16_beta5.586=0.6149 val_L16_beta6.2411=0.4703 val_L16_beta6.4184=0.4832 val_L16_beta6.8771=0.3847 val_L16_beta8.3946=0.4831 val_L16_beta8.4548=0.5367 val_L16_beta8.7139=0.6458 val_L16_beta9.287=0.7085 val_L16_beta9.571=0.4922 val_L16_beta9.8499=0.5101 val_L16_beta10.2188=0.5602 val_L16_beta11.8501=0.6211 val_L16_beta11.8784=0.5348 val_L16_beta12.9259=0.5200 val_L16_beta14.4687=0.6488 val_L16_beta15.5366=0.4969 val_L16_beta17.502=0.4956 val_L16_beta17.7602=0.6971 val_L16_beta19.403=0.5646 val_L16_beta20.2412=0.6649 val_L16_beta21.8857=0.5421 val_L16_beta27.0442=0.6074 val_L16_beta27.3387=0.5821 val_L16_beta27.7875=0.6012 val_L16_beta30.5978=0.5673 val_L16_beta33.325=0.5159 val_L16_beta34.3422=0.4946 val_L16_beta38.5957=0.4391 val_L16_beta39.6475=0.4735 val_L16_beta47.0386=0.4922 val_L16_beta47.4228=0.5651 val_L16_beta54.11=0.4067 val_L16_beta56.1944=0.5704 val_L16_beta57.2189=0.4357 val_L32_beta2.1926=0.8431 val_L32_beta2.4697=0.7826 val_L32_beta2.8622=0.7679 val_L32_beta4.994=0.5628 val_L32_beta8.069=0.5475 val_L32_beta11.2015=0.7054 val_L32_beta12.3504=0.6340 val_L32_beta12.688=0.7104 val_L32_beta14.1441=0.5761 val_L32_beta18.0708=0.3836 val_L32_beta18.6487=0.3900 val_L32_beta52.6284=0.5647 val_L8_beta1.4347=0.5856 val_L8_beta1.4977=0.7352 val_L8_beta1.7872=0.6731 val_L8_beta1.9783=0.6552 val_L8_beta2.4006=0.6777 val_L8_beta2.4786=0.7421 val_L32_beta2.0799=0.6400 val_L32_beta2.4378=0.7092 val_L32_beta2.5092=0.6765 val_L32_beta4.0939=0.6711 val_L32_beta4.2586=0.6524 val_L32_beta4.2761=0.6735 val_L32_beta5.2987=0.6432 val_L32_beta5.7905=0.6418 val_L32_beta6.1747=0.6140 val_L32_beta8.7467=0.7647 val_L32_beta8.9764=0.6132 val_L32_beta9.3874=0.4502 val_L32_beta9.5767=0.6767 val_L32_beta9.6729=0.6523 val_L32_beta10.8745=0.6830 val_L32_beta11.9792=0.6498 val_L32_beta25.9011=0.5140 val_L32_beta30.6638=0.4887 val_L32_beta31.4382=0.4493 val_L32_beta40.9956=0.4601 val_L32_beta43.8647=0.6207 val_L32_beta44.3339=0.4731 val_L32_beta44.5075=0.6086 val_L32_beta50.1987=0.4724 val_total=63.5704
epoch  27  train=0.6332  val_L16_beta14.1464=0.5442 val_L16_beta25=0.5354 val_L16_beta40=0.5346 val_L16_beta55.0237=0.5074 val_L16_beta1.0119=0.7285 val_L16_beta1.0397=0.7888 val_L16_beta1.0743=0.7032 val_L16_beta1.2464=0.6939 val_L16_beta1.2749=0.6248 val_L16_beta1.7484=0.4897 val_L16_beta1.8367=0.7616 val_L16_beta1.8781=0.6622 val_L16_beta2.122=0.5491 val_L16_beta2.1285=0.7212 val_L16_beta2.1757=0.6349 val_L16_beta2.1862=0.5772 val_L16_beta2.2983=0.5842 val_L16_beta2.3046=0.7879 val_L16_beta2.3454=0.6310 val_L16_beta2.7647=0.7217 val_L16_beta3.1518=0.6552 val_L16_beta3.1669=0.6944 val_L16_beta3.2922=0.4580 val_L16_beta3.3842=0.6004 val_L16_beta3.4006=0.5608 val_L16_beta3.6231=0.7097 val_L16_beta3.7225=0.7039 val_L16_beta4.0764=0.6747 val_L16_beta4.7323=0.6587 val_L16_beta4.7632=0.5573 val_L16_beta5.586=0.5823 val_L16_beta6.2411=0.4530 val_L16_beta6.4184=0.4916 val_L16_beta6.8771=0.4114 val_L16_beta8.3946=0.5051 val_L16_beta8.4548=0.5441 val_L16_beta8.7139=0.6303 val_L16_beta9.287=0.6644 val_L16_beta9.571=0.4949 val_L16_beta9.8499=0.5110 val_L16_beta10.2188=0.5426 val_L16_beta11.8501=0.6001 val_L16_beta11.8784=0.5387 val_L16_beta12.9259=0.5085 val_L16_beta14.4687=0.6210 val_L16_beta15.5366=0.4770 val_L16_beta17.502=0.5112 val_L16_beta17.7602=0.7137 val_L16_beta19.403=0.5667 val_L16_beta20.2412=0.6462 val_L16_beta21.8857=0.4994 val_L16_beta27.0442=0.6194 val_L16_beta27.3387=0.5749 val_L16_beta27.7875=0.5867 val_L16_beta30.5978=0.5667 val_L16_beta33.325=0.5396 val_L16_beta34.3422=0.5107 val_L16_beta38.5957=0.4094 val_L16_beta39.6475=0.4710 val_L16_beta47.0386=0.4639 val_L16_beta47.4228=0.5934 val_L16_beta54.11=0.3934 val_L16_beta56.1944=0.5506 val_L16_beta57.2189=0.4392 val_L32_beta2.1926=0.8263 val_L32_beta2.4697=0.8669 val_L32_beta2.8622=0.9085 val_L32_beta4.994=0.5605 val_L32_beta8.069=0.5328 val_L32_beta11.2015=0.6643 val_L32_beta12.3504=0.6676 val_L32_beta12.688=0.7185 val_L32_beta14.1441=0.5687 val_L32_beta18.0708=0.3567 val_L32_beta18.6487=0.3839 val_L32_beta52.6284=0.5782 val_L8_beta1.4347=0.5701 val_L8_beta1.4977=0.8070 val_L8_beta1.7872=0.6473 val_L8_beta1.9783=0.6169 val_L8_beta2.4006=0.6512 val_L8_beta2.4786=0.7473 val_L32_beta2.0799=0.6690 val_L32_beta2.4378=0.7236 val_L32_beta2.5092=0.6304 val_L32_beta4.0939=0.5986 val_L32_beta4.2586=0.5843 val_L32_beta4.2761=0.6808 val_L32_beta5.2987=0.6275 val_L32_beta5.7905=0.6201 val_L32_beta6.1747=0.5468 val_L32_beta8.7467=0.7561 val_L32_beta8.9764=0.6210 val_L32_beta9.3874=0.4398 val_L32_beta9.5767=0.6119 val_L32_beta9.6729=0.6324 val_L32_beta10.8745=0.6712 val_L32_beta11.9792=0.6610 val_L32_beta25.9011=0.5229 val_L32_beta30.6638=0.5050 val_L32_beta31.4382=0.4727 val_L32_beta40.9956=0.4608 val_L32_beta43.8647=0.6431 val_L32_beta44.3339=0.4622 val_L32_beta44.5075=0.5274 val_L32_beta50.1987=0.4508 val_total=63.0781
epoch  28  train=0.6381  val_L16_beta14.1464=0.5432 val_L16_beta25=0.5349 val_L16_beta40=0.5318 val_L16_beta55.0237=0.5227 val_L16_beta1.0119=0.7489 val_L16_beta1.0397=0.7804 val_L16_beta1.0743=0.6722 val_L16_beta1.2464=0.6851 val_L16_beta1.2749=0.6318 val_L16_beta1.7484=0.5312 val_L16_beta1.8367=0.7914 val_L16_beta1.8781=0.6718 val_L16_beta2.122=0.5733 val_L16_beta2.1285=0.7381 val_L16_beta2.1757=0.6114 val_L16_beta2.1862=0.5645 val_L16_beta2.2983=0.5680 val_L16_beta2.3046=0.7750 val_L16_beta2.3454=0.6210 val_L16_beta2.7647=0.7295 val_L16_beta3.1518=0.6551 val_L16_beta3.1669=0.7086 val_L16_beta3.2922=0.4528 val_L16_beta3.3842=0.6202 val_L16_beta3.4006=0.5627 val_L16_beta3.6231=0.7255 val_L16_beta3.7225=0.6987 val_L16_beta4.0764=0.6454 val_L16_beta4.7323=0.6904 val_L16_beta4.7632=0.5643 val_L16_beta5.586=0.6213 val_L16_beta6.2411=0.4692 val_L16_beta6.4184=0.4770 val_L16_beta6.8771=0.3968 val_L16_beta8.3946=0.4897 val_L16_beta8.4548=0.5223 val_L16_beta8.7139=0.6141 val_L16_beta9.287=0.6809 val_L16_beta9.571=0.4915 val_L16_beta9.8499=0.4906 val_L16_beta10.2188=0.5388 val_L16_beta11.8501=0.6089 val_L16_beta11.8784=0.5432 val_L16_beta12.9259=0.5119 val_L16_beta14.4687=0.6577 val_L16_beta15.5366=0.5017 val_L16_beta17.502=0.4922 val_L16_beta17.7602=0.6764 val_L16_beta19.403=0.5527 val_L16_beta20.2412=0.6846 val_L16_beta21.8857=0.5268 val_L16_beta27.0442=0.5905 val_L16_beta27.3387=0.5691 val_L16_beta27.7875=0.6156 val_L16_beta30.5978=0.5768 val_L16_beta33.325=0.5187 val_L16_beta34.3422=0.5385 val_L16_beta38.5957=0.4196 val_L16_beta39.6475=0.4616 val_L16_beta47.0386=0.4611 val_L16_beta47.4228=0.5628 val_L16_beta54.11=0.3673 val_L16_beta56.1944=0.5356 val_L16_beta57.2189=0.4348 val_L32_beta2.1926=0.8597 val_L32_beta2.4697=0.9416 val_L32_beta2.8622=0.7778 val_L32_beta4.994=0.5542 val_L32_beta8.069=0.5433 val_L32_beta11.2015=0.6780 val_L32_beta12.3504=0.6149 val_L32_beta12.688=0.7351 val_L32_beta14.1441=0.5687 val_L32_beta18.0708=0.3457 val_L32_beta18.6487=0.3880 val_L32_beta52.6284=0.5443 val_L8_beta1.4347=0.5423 val_L8_beta1.4977=0.7084 val_L8_beta1.7872=0.6388 val_L8_beta1.9783=0.6275 val_L8_beta2.4006=0.6607 val_L8_beta2.4786=0.7420 val_L32_beta2.0799=0.8481 val_L32_beta2.4378=0.7500 val_L32_beta2.5092=0.6883 val_L32_beta4.0939=0.5974 val_L32_beta4.2586=0.5777 val_L32_beta4.2761=0.6439 val_L32_beta5.2987=0.5996 val_L32_beta5.7905=0.6009 val_L32_beta6.1747=0.5746 val_L32_beta8.7467=0.7652 val_L32_beta8.9764=0.6112 val_L32_beta9.3874=0.4332 val_L32_beta9.5767=0.6310 val_L32_beta9.6729=0.6358 val_L32_beta10.8745=0.6666 val_L32_beta11.9792=0.6436 val_L32_beta25.9011=0.5223 val_L32_beta30.6638=0.4955 val_L32_beta31.4382=0.4603 val_L32_beta40.9956=0.4428 val_L32_beta43.8647=0.6000 val_L32_beta44.3339=0.4763 val_L32_beta44.5075=0.5469 val_L32_beta50.1987=0.4434 val_total=63.0753
epoch  29  train=0.6381  val_L16_beta14.1464=0.5483 val_L16_beta25=0.5278 val_L16_beta40=0.5373 val_L16_beta55.0237=0.5208 val_L16_beta1.0119=0.7215 val_L16_beta1.0397=0.8343 val_L16_beta1.0743=0.6609 val_L16_beta1.2464=0.6836 val_L16_beta1.2749=0.6214 val_L16_beta1.7484=0.4994 val_L16_beta1.8367=0.7827 val_L16_beta1.8781=0.6599 val_L16_beta2.122=0.5375 val_L16_beta2.1285=0.7299 val_L16_beta2.1757=0.6198 val_L16_beta2.1862=0.5634 val_L16_beta2.2983=0.5501 val_L16_beta2.3046=0.7587 val_L16_beta2.3454=0.6323 val_L16_beta2.7647=0.7417 val_L16_beta3.1518=0.6334 val_L16_beta3.1669=0.7355 val_L16_beta3.2922=0.4441 val_L16_beta3.3842=0.6285 val_L16_beta3.4006=0.5742 val_L16_beta3.6231=0.7229 val_L16_beta3.7225=0.7121 val_L16_beta4.0764=0.6390 val_L16_beta4.7323=0.7146 val_L16_beta4.7632=0.5688 val_L16_beta5.586=0.6324 val_L16_beta6.2411=0.4700 val_L16_beta6.4184=0.4881 val_L16_beta6.8771=0.3859 val_L16_beta8.3946=0.4974 val_L16_beta8.4548=0.5262 val_L16_beta8.7139=0.6255 val_L16_beta9.287=0.6785 val_L16_beta9.571=0.4806 val_L16_beta9.8499=0.5007 val_L16_beta10.2188=0.5378 val_L16_beta11.8501=0.6303 val_L16_beta11.8784=0.5455 val_L16_beta12.9259=0.4924 val_L16_beta14.4687=0.6326 val_L16_beta15.5366=0.4651 val_L16_beta17.502=0.5109 val_L16_beta17.7602=0.6964 val_L16_beta19.403=0.5626 val_L16_beta20.2412=0.6616 val_L16_beta21.8857=0.5509 val_L16_beta27.0442=0.5786 val_L16_beta27.3387=0.6061 val_L16_beta27.7875=0.5799 val_L16_beta30.5978=0.5875 val_L16_beta33.325=0.5074 val_L16_beta34.3422=0.5097 val_L16_beta38.5957=0.4271 val_L16_beta39.6475=0.4434 val_L16_beta47.0386=0.4793 val_L16_beta47.4228=0.5813 val_L16_beta54.11=0.3951 val_L16_beta56.1944=0.5311 val_L16_beta57.2189=0.4376 val_L32_beta2.1926=0.9011 val_L32_beta2.4697=0.9929 val_L32_beta2.8622=0.8207 val_L32_beta4.994=0.5843 val_L32_beta8.069=0.5666 val_L32_beta11.2015=0.6791 val_L32_beta12.3504=0.6319 val_L32_beta12.688=0.7219 val_L32_beta14.1441=0.6068 val_L32_beta18.0708=0.3528 val_L32_beta18.6487=0.3853 val_L32_beta52.6284=0.5633 val_L8_beta1.4347=0.5068 val_L8_beta1.4977=0.6749 val_L8_beta1.7872=0.5920 val_L8_beta1.9783=0.6298 val_L8_beta2.4006=0.6269 val_L8_beta2.4786=0.7490 val_L32_beta2.0799=0.6615 val_L32_beta2.4378=0.7555 val_L32_beta2.5092=0.7246 val_L32_beta4.0939=0.6144 val_L32_beta4.2586=0.5728 val_L32_beta4.2761=0.6761 val_L32_beta5.2987=0.6277 val_L32_beta5.7905=0.6248 val_L32_beta6.1747=0.5813 val_L32_beta8.7467=0.7809 val_L32_beta8.9764=0.6264 val_L32_beta9.3874=0.4295 val_L32_beta9.5767=0.6390 val_L32_beta9.6729=0.6541 val_L32_beta10.8745=0.6438 val_L32_beta11.9792=0.6804 val_L32_beta25.9011=0.5546 val_L32_beta30.6638=0.5228 val_L32_beta31.4382=0.4604 val_L32_beta40.9956=0.4672 val_L32_beta43.8647=0.6084 val_L32_beta44.3339=0.4631 val_L32_beta44.5075=0.5253 val_L32_beta50.1987=0.4277 val_total=63.2480
epoch  30  train=0.6392  val_L16_beta14.1464=0.5478 val_L16_beta25=0.5251 val_L16_beta40=0.5300 val_L16_beta55.0237=0.5255 val_L16_beta1.0119=0.7459 val_L16_beta1.0397=0.7707 val_L16_beta1.0743=0.6662 val_L16_beta1.2464=0.6578 val_L16_beta1.2749=0.6559 val_L16_beta1.7484=0.4806 val_L16_beta1.8367=0.8305 val_L16_beta1.8781=0.6491 val_L16_beta2.122=0.5380 val_L16_beta2.1285=0.7208 val_L16_beta2.1757=0.6150 val_L16_beta2.1862=0.5673 val_L16_beta2.2983=0.5771 val_L16_beta2.3046=0.7182 val_L16_beta2.3454=0.6263 val_L16_beta2.7647=0.7426 val_L16_beta3.1518=0.6358 val_L16_beta3.1669=0.7341 val_L16_beta3.2922=0.4635 val_L16_beta3.3842=0.6449 val_L16_beta3.4006=0.5548 val_L16_beta3.6231=0.7384 val_L16_beta3.7225=0.7090 val_L16_beta4.0764=0.6575 val_L16_beta4.7323=0.6967 val_L16_beta4.7632=0.5495 val_L16_beta5.586=0.5841 val_L16_beta6.2411=0.4604 val_L16_beta6.4184=0.4878 val_L16_beta6.8771=0.4261 val_L16_beta8.3946=0.4652 val_L16_beta8.4548=0.5319 val_L16_beta8.7139=0.6334 val_L16_beta9.287=0.7012 val_L16_beta9.571=0.4733 val_L16_beta9.8499=0.5122 val_L16_beta10.2188=0.5429 val_L16_beta11.8501=0.6004 val_L16_beta11.8784=0.5190 val_L16_beta12.9259=0.5173 val_L16_beta14.4687=0.6282 val_L16_beta15.5366=0.5103 val_L16_beta17.502=0.5033 val_L16_beta17.7602=0.7157 val_L16_beta19.403=0.5736 val_L16_beta20.2412=0.6548 val_L16_beta21.8857=0.5206 val_L16_beta27.0442=0.6071 val_L16_beta27.3387=0.5950 val_L16_beta27.7875=0.5638 val_L16_beta30.5978=0.5734 val_L16_beta33.325=0.5121 val_L16_beta34.3422=0.4971 val_L16_beta38.5957=0.4293 val_L16_beta39.6475=0.4665 val_L16_beta47.0386=0.4573 val_L16_beta47.4228=0.5709 val_L16_beta54.11=0.4045 val_L16_beta56.1944=0.5180 val_L16_beta57.2189=0.4249 val_L32_beta2.1926=0.8617 val_L32_beta2.4697=0.9622 val_L32_beta2.8622=0.7663 val_L32_beta4.994=0.5415 val_L32_beta8.069=0.5456 val_L32_beta11.2015=0.6665 val_L32_beta12.3504=0.6318 val_L32_beta12.688=0.7314 val_L32_beta14.1441=0.5684 val_L32_beta18.0708=0.3455 val_L32_beta18.6487=0.3864 val_L32_beta52.6284=0.5370 val_L8_beta1.4347=0.5758 val_L8_beta1.4977=0.6998 val_L8_beta1.7872=0.6538 val_L8_beta1.9783=0.6691 val_L8_beta2.4006=0.6088 val_L8_beta2.4786=0.6884 val_L32_beta2.0799=0.6813 val_L32_beta2.4378=0.7921 val_L32_beta2.5092=0.7316 val_L32_beta4.0939=0.6007 val_L32_beta4.2586=0.5422 val_L32_beta4.2761=0.6194 val_L32_beta5.2987=0.6196 val_L32_beta5.7905=0.5973 val_L32_beta6.1747=0.5533 val_L32_beta8.7467=0.7539 val_L32_beta8.9764=0.6204 val_L32_beta9.3874=0.4315 val_L32_beta9.5767=0.6528 val_L32_beta9.6729=0.6420 val_L32_beta10.8745=0.6588 val_L32_beta11.9792=0.6493 val_L32_beta25.9011=0.5199 val_L32_beta30.6638=0.5033 val_L32_beta31.4382=0.4421 val_L32_beta40.9956=0.4303 val_L32_beta43.8647=0.6049 val_L32_beta44.3339=0.4617 val_L32_beta44.5075=0.5153 val_L32_beta50.1987=0.4300 val_total=62.7499
epoch  31  train=0.6357  val_L16_beta14.1464=0.5447 val_L16_beta25=0.5249 val_L16_beta40=0.5349 val_L16_beta55.0237=0.5157 val_L16_beta1.0119=0.7167 val_L16_beta1.0397=0.8135 val_L16_beta1.0743=0.6761 val_L16_beta1.2464=0.7141 val_L16_beta1.2749=0.6068 val_L16_beta1.7484=0.5266 val_L16_beta1.8367=0.7840 val_L16_beta1.8781=0.6630 val_L16_beta2.122=0.5146 val_L16_beta2.1285=0.7596 val_L16_beta2.1757=0.6208 val_L16_beta2.1862=0.5549 val_L16_beta2.2983=0.5792 val_L16_beta2.3046=0.7628 val_L16_beta2.3454=0.6411 val_L16_beta2.7647=0.7127 val_L16_beta3.1518=0.6439 val_L16_beta3.1669=0.7483 val_L16_beta3.2922=0.4576 val_L16_beta3.3842=0.6428 val_L16_beta3.4006=0.5742 val_L16_beta3.6231=0.7230 val_L16_beta3.7225=0.7153 val_L16_beta4.0764=0.6613 val_L16_beta4.7323=0.6969 val_L16_beta4.7632=0.5541 val_L16_beta5.586=0.6491 val_L16_beta6.2411=0.4753 val_L16_beta6.4184=0.4955 val_L16_beta6.8771=0.4007 val_L16_beta8.3946=0.5098 val_L16_beta8.4548=0.5200 val_L16_beta8.7139=0.6327 val_L16_beta9.287=0.6884 val_L16_beta9.571=0.4896 val_L16_beta9.8499=0.5459 val_L16_beta10.2188=0.5369 val_L16_beta11.8501=0.6181 val_L16_beta11.8784=0.5360 val_L16_beta12.9259=0.5229 val_L16_beta14.4687=0.6451 val_L16_beta15.5366=0.4626 val_L16_beta17.502=0.4948 val_L16_beta17.7602=0.7099 val_L16_beta19.403=0.5629 val_L16_beta20.2412=0.6808 val_L16_beta21.8857=0.5469 val_L16_beta27.0442=0.6043 val_L16_beta27.3387=0.5807 val_L16_beta27.7875=0.6096 val_L16_beta30.5978=0.5817 val_L16_beta33.325=0.5060 val_L16_beta34.3422=0.5269 val_L16_beta38.5957=0.4337 val_L16_beta39.6475=0.4741 val_L16_beta47.0386=0.4679 val_L16_beta47.4228=0.5615 val_L16_beta54.11=0.3755 val_L16_beta56.1944=0.5356 val_L16_beta57.2189=0.4156 val_L32_beta2.1926=0.9615 val_L32_beta2.4697=1.1311 val_L32_beta2.8622=0.8787 val_L32_beta4.994=0.5417 val_L32_beta8.069=0.5252 val_L32_beta11.2015=0.6771 val_L32_beta12.3504=0.6943 val_L32_beta12.688=0.7281 val_L32_beta14.1441=0.6287 val_L32_beta18.0708=0.3599 val_L32_beta18.6487=0.3972 val_L32_beta52.6284=0.5581 val_L8_beta1.4347=0.5578 val_L8_beta1.4977=0.7470 val_L8_beta1.7872=0.6301 val_L8_beta1.9783=0.6765 val_L8_beta2.4006=0.6649 val_L8_beta2.4786=0.7693 val_L32_beta2.0799=0.8361 val_L32_beta2.4378=0.7154 val_L32_beta2.5092=0.6670 val_L32_beta4.0939=0.5947 val_L32_beta4.2586=0.5491 val_L32_beta4.2761=0.7190 val_L32_beta5.2987=0.6070 val_L32_beta5.7905=0.6107 val_L32_beta6.1747=0.5827 val_L32_beta8.7467=0.7642 val_L32_beta8.9764=0.6164 val_L32_beta9.3874=0.4374 val_L32_beta9.5767=0.6129 val_L32_beta9.6729=0.6663 val_L32_beta10.8745=0.6539 val_L32_beta11.9792=0.6550 val_L32_beta25.9011=0.5568 val_L32_beta30.6638=0.4709 val_L32_beta31.4382=0.4478 val_L32_beta40.9956=0.4514 val_L32_beta43.8647=0.6085 val_L32_beta44.3339=0.4455 val_L32_beta44.5075=0.6066 val_L32_beta50.1987=0.4446 val_total=64.0286
epoch  32  train=0.6361  val_L16_beta14.1464=0.5421 val_L16_beta25=0.5279 val_L16_beta40=0.5379 val_L16_beta55.0237=0.5312 val_L16_beta1.0119=0.7506 val_L16_beta1.0397=0.7935 val_L16_beta1.0743=0.6868 val_L16_beta1.2464=0.6964 val_L16_beta1.2749=0.6379 val_L16_beta1.7484=0.4967 val_L16_beta1.8367=0.8194 val_L16_beta1.8781=0.6334 val_L16_beta2.122=0.5474 val_L16_beta2.1285=0.7089 val_L16_beta2.1757=0.6113 val_L16_beta2.1862=0.5566 val_L16_beta2.2983=0.6031 val_L16_beta2.3046=0.7364 val_L16_beta2.3454=0.6335 val_L16_beta2.7647=0.7080 val_L16_beta3.1518=0.6664 val_L16_beta3.1669=0.7100 val_L16_beta3.2922=0.4563 val_L16_beta3.3842=0.6035 val_L16_beta3.4006=0.5875 val_L16_beta3.6231=0.6944 val_L16_beta3.7225=0.7134 val_L16_beta4.0764=0.6688 val_L16_beta4.7323=0.7048 val_L16_beta4.7632=0.5579 val_L16_beta5.586=0.6101 val_L16_beta6.2411=0.4658 val_L16_beta6.4184=0.5084 val_L16_beta6.8771=0.3994 val_L16_beta8.3946=0.4963 val_L16_beta8.4548=0.5329 val_L16_beta8.7139=0.6111 val_L16_beta9.287=0.6997 val_L16_beta9.571=0.4832 val_L16_beta9.8499=0.5089 val_L16_beta10.2188=0.5291 val_L16_beta11.8501=0.6151 val_L16_beta11.8784=0.5357 val_L16_beta12.9259=0.4926 val_L16_beta14.4687=0.6248 val_L16_beta15.5366=0.4738 val_L16_beta17.502=0.5146 val_L16_beta17.7602=0.6685 val_L16_beta19.403=0.5381 val_L16_beta20.2412=0.6737 val_L16_beta21.8857=0.5393 val_L16_beta27.0442=0.5956 val_L16_beta27.3387=0.5723 val_L16_beta27.7875=0.5838 val_L16_beta30.5978=0.5615 val_L16_beta33.325=0.5241 val_L16_beta34.3422=0.5214 val_L16_beta38.5957=0.4265 val_L16_beta39.6475=0.4638 val_L16_beta47.0386=0.4685 val_L16_beta47.4228=0.5501 val_L16_beta54.11=0.4129 val_L16_beta56.1944=0.5399 val_L16_beta57.2189=0.4519 val_L32_beta2.1926=0.8595 val_L32_beta2.4697=0.8656 val_L32_beta2.8622=0.7188 val_L32_beta4.994=0.5397 val_L32_beta8.069=0.5643 val_L32_beta11.2015=0.6878 val_L32_beta12.3504=0.6571 val_L32_beta12.688=0.7677 val_L32_beta14.1441=0.5901 val_L32_beta18.0708=0.3702 val_L32_beta18.6487=0.4047 val_L32_beta52.6284=0.5451 val_L8_beta1.4347=0.5453 val_L8_beta1.4977=0.7303 val_L8_beta1.7872=0.6498 val_L8_beta1.9783=0.5912 val_L8_beta2.4006=0.6065 val_L8_beta2.4786=0.7234 val_L32_beta2.0799=0.8250 val_L32_beta2.4378=0.7001 val_L32_beta2.5092=0.6444 val_L32_beta4.0939=0.6733 val_L32_beta4.2586=0.5458 val_L32_beta4.2761=0.6605 val_L32_beta5.2987=0.6307 val_L32_beta5.7905=0.6096 val_L32_beta6.1747=0.5790 val_L32_beta8.7467=0.7911 val_L32_beta8.9764=0.6402 val_L32_beta9.3874=0.4622 val_L32_beta9.5767=0.6316 val_L32_beta9.6729=0.6413 val_L32_beta10.8745=0.6469 val_L32_beta11.9792=0.6813 val_L32_beta25.9011=0.5423 val_L32_beta30.6638=0.5352 val_L32_beta31.4382=0.4817 val_L32_beta40.9956=0.5154 val_L32_beta43.8647=0.6120 val_L32_beta44.3339=0.4687 val_L32_beta44.5075=0.5756 val_L32_beta50.1987=0.5086 val_total=63.3352
epoch  33  train=0.6400  val_L16_beta14.1464=0.5466 val_L16_beta25=0.5339 val_L16_beta40=0.5783 val_L16_beta55.0237=0.5591 val_L16_beta1.0119=0.7216 val_L16_beta1.0397=0.7850 val_L16_beta1.0743=0.6763 val_L16_beta1.2464=0.6471 val_L16_beta1.2749=0.5937 val_L16_beta1.7484=0.5097 val_L16_beta1.8367=0.8330 val_L16_beta1.8781=0.6196 val_L16_beta2.122=0.5339 val_L16_beta2.1285=0.7349 val_L16_beta2.1757=0.5703 val_L16_beta2.1862=0.5643 val_L16_beta2.2983=0.5839 val_L16_beta2.3046=0.7668 val_L16_beta2.3454=0.6177 val_L16_beta2.7647=0.7173 val_L16_beta3.1518=0.6318 val_L16_beta3.1669=0.6921 val_L16_beta3.2922=0.4744 val_L16_beta3.3842=0.5917 val_L16_beta3.4006=0.5546 val_L16_beta3.6231=0.7366 val_L16_beta3.7225=0.7025 val_L16_beta4.0764=0.6459 val_L16_beta4.7323=0.6939 val_L16_beta4.7632=0.5605 val_L16_beta5.586=0.5905 val_L16_beta6.2411=0.4683 val_L16_beta6.4184=0.4771 val_L16_beta6.8771=0.4021 val_L16_beta8.3946=0.4899 val_L16_beta8.4548=0.5395 val_L16_beta8.7139=0.6359 val_L16_beta9.287=0.6839 val_L16_beta9.571=0.4962 val_L16_beta9.8499=0.5186 val_L16_beta10.2188=0.5474 val_L16_beta11.8501=0.6219 val_L16_beta11.8784=0.5074 val_L16_beta12.9259=0.5222 val_L16_beta14.4687=0.6502 val_L16_beta15.5366=0.4813 val_L16_beta17.502=0.4894 val_L16_beta17.7602=0.6914 val_L16_beta19.403=0.5502 val_L16_beta20.2412=0.6655 val_L16_beta21.8857=0.5407 val_L16_beta27.0442=0.6221 val_L16_beta27.3387=0.5841 val_L16_beta27.7875=0.5913 val_L16_beta30.5978=0.5742 val_L16_beta33.325=0.5207 val_L16_beta34.3422=0.5057 val_L16_beta38.5957=0.4717 val_L16_beta39.6475=0.5023 val_L16_beta47.0386=0.5304 val_L16_beta47.4228=0.5634 val_L16_beta54.11=0.4776 val_L16_beta56.1944=0.5903 val_L16_beta57.2189=0.5088 val_L32_beta2.1926=0.8448 val_L32_beta2.4697=0.7996 val_L32_beta2.8622=0.7562 val_L32_beta4.994=0.5800 val_L32_beta8.069=0.5510 val_L32_beta11.2015=0.7029 val_L32_beta12.3504=0.6432 val_L32_beta12.688=0.7152 val_L32_beta14.1441=0.5839 val_L32_beta18.0708=0.4031 val_L32_beta18.6487=0.4024 val_L32_beta52.6284=0.6247 val_L8_beta1.4347=0.5153 val_L8_beta1.4977=0.7468 val_L8_beta1.7872=0.6293 val_L8_beta1.9783=0.6225 val_L8_beta2.4006=0.6224 val_L8_beta2.4786=0.6915 val_L32_beta2.0799=0.6551 val_L32_beta2.4378=0.6985 val_L32_beta2.5092=0.6994 val_L32_beta4.0939=0.6470 val_L32_beta4.2586=0.5431 val_L32_beta4.2761=0.6623 val_L32_beta5.2987=0.6074 val_L32_beta5.7905=0.5979 val_L32_beta6.1747=0.5690 val_L32_beta8.7467=0.7665 val_L32_beta8.9764=0.6268 val_L32_beta9.3874=0.4563 val_L32_beta9.5767=0.6992 val_L32_beta9.6729=0.6513 val_L32_beta10.8745=0.6566 val_L32_beta11.9792=0.6734 val_L32_beta25.9011=0.5240 val_L32_beta30.6638=0.4854 val_L32_beta31.4382=0.5168 val_L32_beta40.9956=0.5369 val_L32_beta43.8647=0.6402 val_L32_beta44.3339=0.5377 val_L32_beta44.5075=0.6003 val_L32_beta50.1987=0.6387 val_total=63.7137
epoch  34  train=0.6311  val_L16_beta14.1464=0.5433 val_L16_beta25=0.5319 val_L16_beta40=0.5484 val_L16_beta55.0237=0.5277 val_L16_beta1.0119=0.7381 val_L16_beta1.0397=0.7808 val_L16_beta1.0743=0.6885 val_L16_beta1.2464=0.6713 val_L16_beta1.2749=0.6279 val_L16_beta1.7484=0.4942 val_L16_beta1.8367=0.8493 val_L16_beta1.8781=0.6297 val_L16_beta2.122=0.5330 val_L16_beta2.1285=0.7301 val_L16_beta2.1757=0.6048 val_L16_beta2.1862=0.5667 val_L16_beta2.2983=0.5645 val_L16_beta2.3046=0.7519 val_L16_beta2.3454=0.6251 val_L16_beta2.7647=0.7629 val_L16_beta3.1518=0.6534 val_L16_beta3.1669=0.7101 val_L16_beta3.2922=0.4673 val_L16_beta3.3842=0.6255 val_L16_beta3.4006=0.5652 val_L16_beta3.6231=0.7288 val_L16_beta3.7225=0.6996 val_L16_beta4.0764=0.6557 val_L16_beta4.7323=0.6966 val_L16_beta4.7632=0.5628 val_L16_beta5.586=0.6168 val_L16_beta6.2411=0.4473 val_L16_beta6.4184=0.4779 val_L16_beta6.8771=0.3898 val_L16_beta8.3946=0.5040 val_L16_beta8.4548=0.5241 val_L16_beta8.7139=0.6148 val_L16_beta9.287=0.6635 val_L16_beta9.571=0.4887 val_L16_beta9.8499=0.5033 val_L16_beta10.2188=0.5585 val_L16_beta11.8501=0.6120 val_L16_beta11.8784=0.5564 val_L16_beta12.9259=0.5052 val_L16_beta14.4687=0.6552 val_L16_beta15.5366=0.4962 val_L16_beta17.502=0.5006 val_L16_beta17.7602=0.6932 val_L16_beta19.403=0.5548 val_L16_beta20.2412=0.6654 val_L16_beta21.8857=0.5380 val_L16_beta27.0442=0.5938 val_L16_beta27.3387=0.5701 val_L16_beta27.7875=0.5755 val_L16_beta30.5978=0.5796 val_L16_beta33.325=0.5596 val_L16_beta34.3422=0.5058 val_L16_beta38.5957=0.4260 val_L16_beta39.6475=0.4623 val_L16_beta47.0386=0.4917 val_L16_beta47.4228=0.5499 val_L16_beta54.11=0.3919 val_L16_beta56.1944=0.5336 val_L16_beta57.2189=0.4399 val_L32_beta2.1926=0.8490 val_L32_beta2.4697=0.8851 val_L32_beta2.8622=0.7867 val_L32_beta4.994=0.5762 val_L32_beta8.069=0.5332 val_L32_beta11.2015=0.6614 val_L32_beta12.3504=0.7406 val_L32_beta12.688=0.7317 val_L32_beta14.1441=0.6309 val_L32_beta18.0708=0.3399 val_L32_beta18.6487=0.3838 val_L32_beta52.6284=0.5779 val_L8_beta1.4347=0.5593 val_L8_beta1.4977=0.7533 val_L8_beta1.7872=0.6202 val_L8_beta1.9783=0.6043 val_L8_beta2.4006=0.6635 val_L8_beta2.4786=0.7495 val_L32_beta2.0799=0.6398 val_L32_beta2.4378=0.7622 val_L32_beta2.5092=0.6226 val_L32_beta4.0939=0.6475 val_L32_beta4.2586=0.5394 val_L32_beta4.2761=0.6944 val_L32_beta5.2987=0.6242 val_L32_beta5.7905=0.5818 val_L32_beta6.1747=0.6106 val_L32_beta8.7467=0.7507 val_L32_beta8.9764=0.6195 val_L32_beta9.3874=0.4350 val_L32_beta9.5767=0.6107 val_L32_beta9.6729=0.6402 val_L32_beta10.8745=0.6637 val_L32_beta11.9792=0.6544 val_L32_beta25.9011=0.5310 val_L32_beta30.6638=0.4760 val_L32_beta31.4382=0.4588 val_L32_beta40.9956=0.4501 val_L32_beta43.8647=0.6230 val_L32_beta44.3339=0.4676 val_L32_beta44.5075=0.5285 val_L32_beta50.1987=0.4120 val_total=63.0711
epoch  35  train=0.6351  val_L16_beta14.1464=0.5416 val_L16_beta25=0.5256 val_L16_beta40=0.5241 val_L16_beta55.0237=0.5107 val_L16_beta1.0119=0.7709 val_L16_beta1.0397=0.8338 val_L16_beta1.0743=0.6867 val_L16_beta1.2464=0.6880 val_L16_beta1.2749=0.6540 val_L16_beta1.7484=0.5178 val_L16_beta1.8367=0.8211 val_L16_beta1.8781=0.6461 val_L16_beta2.122=0.5388 val_L16_beta2.1285=0.7186 val_L16_beta2.1757=0.5909 val_L16_beta2.1862=0.5735 val_L16_beta2.2983=0.5576 val_L16_beta2.3046=0.7442 val_L16_beta2.3454=0.6488 val_L16_beta2.7647=0.7104 val_L16_beta3.1518=0.6361 val_L16_beta3.1669=0.7279 val_L16_beta3.2922=0.4619 val_L16_beta3.3842=0.6094 val_L16_beta3.4006=0.5756 val_L16_beta3.6231=0.7446 val_L16_beta3.7225=0.7341 val_L16_beta4.0764=0.6445 val_L16_beta4.7323=0.6888 val_L16_beta4.7632=0.5578 val_L16_beta5.586=0.6228 val_L16_beta6.2411=0.4548 val_L16_beta6.4184=0.5017 val_L16_beta6.8771=0.4039 val_L16_beta8.3946=0.4995 val_L16_beta8.4548=0.5278 val_L16_beta8.7139=0.6544 val_L16_beta9.287=0.6807 val_L16_beta9.571=0.5083 val_L16_beta9.8499=0.4998 val_L16_beta10.2188=0.5720 val_L16_beta11.8501=0.6005 val_L16_beta11.8784=0.5358 val_L16_beta12.9259=0.5289 val_L16_beta14.4687=0.6042 val_L16_beta15.5366=0.4568 val_L16_beta17.502=0.4976 val_L16_beta17.7602=0.6983 val_L16_beta19.403=0.5476 val_L16_beta20.2412=0.6363 val_L16_beta21.8857=0.5212 val_L16_beta27.0442=0.5882 val_L16_beta27.3387=0.5739 val_L16_beta27.7875=0.5836 val_L16_beta30.5978=0.5816 val_L16_beta33.325=0.5057 val_L16_beta34.3422=0.5061 val_L16_beta38.5957=0.4169 val_L16_beta39.6475=0.4569 val_L16_beta47.0386=0.4417 val_L16_beta47.4228=0.5640 val_L16_beta54.11=0.3870 val_L16_beta56.1944=0.5601 val_L16_beta57.2189=0.4393 val_L32_beta2.1926=0.8536 val_L32_beta2.4697=0.7800 val_L32_beta2.8622=0.7636 val_L32_beta4.994=0.5623 val_L32_beta8.069=0.5430 val_L32_beta11.2015=0.6746 val_L32_beta12.3504=0.6361 val_L32_beta12.688=0.7095 val_L32_beta14.1441=0.5711 val_L32_beta18.0708=0.3470 val_L32_beta18.6487=0.3956 val_L32_beta52.6284=0.5396 val_L8_beta1.4347=0.5123 val_L8_beta1.4977=0.7743 val_L8_beta1.7872=0.6609 val_L8_beta1.9783=0.6372 val_L8_beta2.4006=0.7283 val_L8_beta2.4786=0.7280 val_L32_beta2.0799=0.6462 val_L32_beta2.4378=0.7387 val_L32_beta2.5092=0.6330 val_L32_beta4.0939=0.6225 val_L32_beta4.2586=0.5296 val_L32_beta4.2761=0.6611 val_L32_beta5.2987=0.6198 val_L32_beta5.7905=0.6053 val_L32_beta6.1747=0.5744 val_L32_beta8.7467=0.7561 val_L32_beta8.9764=0.6196 val_L32_beta9.3874=0.4284 val_L32_beta9.5767=0.6055 val_L32_beta9.6729=0.6368 val_L32_beta10.8745=0.6696 val_L32_beta11.9792=0.6498 val_L32_beta25.9011=0.5315 val_L32_beta30.6638=0.5049 val_L32_beta31.4382=0.4415 val_L32_beta40.9956=0.4506 val_L32_beta43.8647=0.6106 val_L32_beta44.3339=0.4412 val_L32_beta44.5075=0.5001 val_L32_beta50.1987=0.4277 val_total=62.6633
epoch  36  train=0.6265  val_L16_beta14.1464=0.5446 val_L16_beta25=0.5357 val_L16_beta40=0.5454 val_L16_beta55.0237=0.5271 val_L16_beta1.0119=0.7172 val_L16_beta1.0397=0.8185 val_L16_beta1.0743=0.6600 val_L16_beta1.2464=0.6817 val_L16_beta1.2749=0.6234 val_L16_beta1.7484=0.5031 val_L16_beta1.8367=0.8491 val_L16_beta1.8781=0.6388 val_L16_beta2.122=0.5518 val_L16_beta2.1285=0.7407 val_L16_beta2.1757=0.6003 val_L16_beta2.1862=0.5593 val_L16_beta2.2983=0.6050 val_L16_beta2.3046=0.7382 val_L16_beta2.3454=0.6549 val_L16_beta2.7647=0.7086 val_L16_beta3.1518=0.6461 val_L16_beta3.1669=0.7027 val_L16_beta3.2922=0.4513 val_L16_beta3.3842=0.6145 val_L16_beta3.4006=0.5557 val_L16_beta3.6231=0.7297 val_L16_beta3.7225=0.6514 val_L16_beta4.0764=0.6501 val_L16_beta4.7323=0.6996 val_L16_beta4.7632=0.5689 val_L16_beta5.586=0.6131 val_L16_beta6.2411=0.4604 val_L16_beta6.4184=0.5095 val_L16_beta6.8771=0.3848 val_L16_beta8.3946=0.4822 val_L16_beta8.4548=0.5462 val_L16_beta8.7139=0.6291 val_L16_beta9.287=0.6941 val_L16_beta9.571=0.4929 val_L16_beta9.8499=0.4938 val_L16_beta10.2188=0.5472 val_L16_beta11.8501=0.6151 val_L16_beta11.8784=0.5277 val_L16_beta12.9259=0.5191 val_L16_beta14.4687=0.6289 val_L16_beta15.5366=0.4806 val_L16_beta17.502=0.5137 val_L16_beta17.7602=0.7066 val_L16_beta19.403=0.5447 val_L16_beta20.2412=0.6732 val_L16_beta21.8857=0.5506 val_L16_beta27.0442=0.6218 val_L16_beta27.3387=0.5883 val_L16_beta27.7875=0.5668 val_L16_beta30.5978=0.5747 val_L16_beta33.325=0.5084 val_L16_beta34.3422=0.4924 val_L16_beta38.5957=0.4421 val_L16_beta39.6475=0.4556 val_L16_beta47.0386=0.4771 val_L16_beta47.4228=0.5721 val_L16_beta54.11=0.4134 val_L16_beta56.1944=0.5543 val_L16_beta57.2189=0.4387 val_L32_beta2.1926=0.8642 val_L32_beta2.4697=0.8049 val_L32_beta2.8622=0.8183 val_L32_beta4.994=0.5640 val_L32_beta8.069=0.5890 val_L32_beta11.2015=0.6702 val_L32_beta12.3504=0.6411 val_L32_beta12.688=0.7398 val_L32_beta14.1441=0.5923 val_L32_beta18.0708=0.3784 val_L32_beta18.6487=0.4027 val_L32_beta52.6284=0.5599 val_L8_beta1.4347=0.5271 val_L8_beta1.4977=0.8309 val_L8_beta1.7872=0.6666 val_L8_beta1.9783=0.6281 val_L8_beta2.4006=0.6543 val_L8_beta2.4786=0.7260 val_L32_beta2.0799=0.6756 val_L32_beta2.4378=0.8020 val_L32_beta2.5092=0.6603 val_L32_beta4.0939=0.6252 val_L32_beta4.2586=0.5840 val_L32_beta4.2761=0.6615 val_L32_beta5.2987=0.6220 val_L32_beta5.7905=0.6116 val_L32_beta6.1747=0.5502 val_L32_beta8.7467=0.7791 val_L32_beta8.9764=0.6320 val_L32_beta9.3874=0.4320 val_L32_beta9.5767=0.6217 val_L32_beta9.6729=0.6603 val_L32_beta10.8745=0.6538 val_L32_beta11.9792=0.6627 val_L32_beta25.9011=0.5281 val_L32_beta30.6638=0.5198 val_L32_beta31.4382=0.4630 val_L32_beta40.9956=0.4624 val_L32_beta43.8647=0.6158 val_L32_beta44.3339=0.4618 val_L32_beta44.5075=0.5718 val_L32_beta50.1987=0.4401 val_total=63.3472
epoch  37  train=0.6321  val_L16_beta14.1464=0.5435 val_L16_beta25=0.5311 val_L16_beta40=0.5361 val_L16_beta55.0237=0.5213 val_L16_beta1.0119=0.7194 val_L16_beta1.0397=0.8180 val_L16_beta1.0743=0.6899 val_L16_beta1.2464=0.7669 val_L16_beta1.2749=0.6210 val_L16_beta1.7484=0.4871 val_L16_beta1.8367=0.8335 val_L16_beta1.8781=0.6410 val_L16_beta2.122=0.5871 val_L16_beta2.1285=0.7648 val_L16_beta2.1757=0.5912 val_L16_beta2.1862=0.5370 val_L16_beta2.2983=0.5441 val_L16_beta2.3046=0.7273 val_L16_beta2.3454=0.6448 val_L16_beta2.7647=0.7106 val_L16_beta3.1518=0.6532 val_L16_beta3.1669=0.7164 val_L16_beta3.2922=0.4697 val_L16_beta3.3842=0.5954 val_L16_beta3.4006=0.5637 val_L16_beta3.6231=0.7171 val_L16_beta3.7225=0.6912 val_L16_beta4.0764=0.6629 val_L16_beta4.7323=0.7181 val_L16_beta4.7632=0.5670 val_L16_beta5.586=0.6301 val_L16_beta6.2411=0.4668 val_L16_beta6.4184=0.4911 val_L16_beta6.8771=0.4089 val_L16_beta8.3946=0.4987 val_L16_beta8.4548=0.5303 val_L16_beta8.7139=0.6277 val_L16_beta9.287=0.6735 val_L16_beta9.571=0.4902 val_L16_beta9.8499=0.5229 val_L16_beta10.2188=0.5170 val_L16_beta11.8501=0.6123 val_L16_beta11.8784=0.5296 val_L16_beta12.9259=0.5426 val_L16_beta14.4687=0.6485 val_L16_beta15.5366=0.4783 val_L16_beta17.502=0.4886 val_L16_beta17.7602=0.6972 val_L16_beta19.403=0.5346 val_L16_beta20.2412=0.6764 val_L16_beta21.8857=0.5244 val_L16_beta27.0442=0.6087 val_L16_beta27.3387=0.5776 val_L16_beta27.7875=0.5814 val_L16_beta30.5978=0.5847 val_L16_beta33.325=0.5235 val_L16_beta34.3422=0.5267 val_L16_beta38.5957=0.4119 val_L16_beta39.6475=0.4630 val_L16_beta47.0386=0.4676 val_L16_beta47.4228=0.5579 val_L16_beta54.11=0.3993 val_L16_beta56.1944=0.5159 val_L16_beta57.2189=0.4418 val_L32_beta2.1926=0.9163 val_L32_beta2.4697=0.8885 val_L32_beta2.8622=0.8005 val_L32_beta4.994=0.5523 val_L32_beta8.069=0.5317 val_L32_beta11.2015=0.6650 val_L32_beta12.3504=0.6159 val_L32_beta12.688=0.7191 val_L32_beta14.1441=0.5648 val_L32_beta18.0708=0.3545 val_L32_beta18.6487=0.3787 val_L32_beta52.6284=0.5479 val_L8_beta1.4347=0.6036 val_L8_beta1.4977=0.7429 val_L8_beta1.7872=0.5983 val_L8_beta1.9783=0.6006 val_L8_beta2.4006=0.6512 val_L8_beta2.4786=0.7189 val_L32_beta2.0799=0.7617 val_L32_beta2.4378=0.7457 val_L32_beta2.5092=0.6316 val_L32_beta4.0939=0.5994 val_L32_beta4.2586=0.5324 val_L32_beta4.2761=0.6429 val_L32_beta5.2987=0.6134 val_L32_beta5.7905=0.5978 val_L32_beta6.1747=0.5564 val_L32_beta8.7467=0.7530 val_L32_beta8.9764=0.6222 val_L32_beta9.3874=0.4288 val_L32_beta9.5767=0.6383 val_L32_beta9.6729=0.6458 val_L32_beta10.8745=0.6559 val_L32_beta11.9792=0.6673 val_L32_beta25.9011=0.5060 val_L32_beta30.6638=0.4902 val_L32_beta31.4382=0.4524 val_L32_beta40.9956=0.4442 val_L32_beta43.8647=0.6132 val_L32_beta44.3339=0.5106 val_L32_beta44.5075=0.5021 val_L32_beta50.1987=0.4387 val_total=62.9212
epoch  38  train=0.6340  val_L16_beta14.1464=0.5431 val_L16_beta25=0.5326 val_L16_beta40=0.5449 val_L16_beta55.0237=0.5352 val_L16_beta1.0119=0.7122 val_L16_beta1.0397=0.8083 val_L16_beta1.0743=0.6739 val_L16_beta1.2464=0.7036 val_L16_beta1.2749=0.6293 val_L16_beta1.7484=0.4861 val_L16_beta1.8367=0.8498 val_L16_beta1.8781=0.6426 val_L16_beta2.122=0.5415 val_L16_beta2.1285=0.7392 val_L16_beta2.1757=0.5895 val_L16_beta2.1862=0.5501 val_L16_beta2.2983=0.5911 val_L16_beta2.3046=0.7322 val_L16_beta2.3454=0.6416 val_L16_beta2.7647=0.7311 val_L16_beta3.1518=0.6736 val_L16_beta3.1669=0.7300 val_L16_beta3.2922=0.4406 val_L16_beta3.3842=0.6080 val_L16_beta3.4006=0.5807 val_L16_beta3.6231=0.7109 val_L16_beta3.7225=0.6938 val_L16_beta4.0764=0.6617 val_L16_beta4.7323=0.6768 val_L16_beta4.7632=0.5470 val_L16_beta5.586=0.6344 val_L16_beta6.2411=0.4808 val_L16_beta6.4184=0.5093 val_L16_beta6.8771=0.3969 val_L16_beta8.3946=0.4962 val_L16_beta8.4548=0.5387 val_L16_beta8.7139=0.6088 val_L16_beta9.287=0.6935 val_L16_beta9.571=0.4957 val_L16_beta9.8499=0.5218 val_L16_beta10.2188=0.5679 val_L16_beta11.8501=0.5828 val_L16_beta11.8784=0.5405 val_L16_beta12.9259=0.5066 val_L16_beta14.4687=0.6242 val_L16_beta15.5366=0.5051 val_L16_beta17.502=0.5041 val_L16_beta17.7602=0.6948 val_L16_beta19.403=0.5360 val_L16_beta20.2412=0.6963 val_L16_beta21.8857=0.5310 val_L16_beta27.0442=0.6066 val_L16_beta27.3387=0.5681 val_L16_beta27.7875=0.5874 val_L16_beta30.5978=0.5653 val_L16_beta33.325=0.5020 val_L16_beta34.3422=0.5286 val_L16_beta38.5957=0.4228 val_L16_beta39.6475=0.4770 val_L16_beta47.0386=0.4978 val_L16_beta47.4228=0.5730 val_L16_beta54.11=0.3947 val_L16_beta56.1944=0.5558 val_L16_beta57.2189=0.4524 val_L32_beta2.1926=0.8695 val_L32_beta2.4697=0.8027 val_L32_beta2.8622=0.7041 val_L32_beta4.994=0.5633 val_L32_beta8.069=0.5244 val_L32_beta11.2015=0.6768 val_L32_beta12.3504=0.6360 val_L32_beta12.688=0.7128 val_L32_beta14.1441=0.5700 val_L32_beta18.0708=0.3590 val_L32_beta18.6487=0.3854 val_L32_beta52.6284=0.6576 val_L8_beta1.4347=0.5635 val_L8_beta1.4977=0.7155 val_L8_beta1.7872=0.6658 val_L8_beta1.9783=0.6025 val_L8_beta2.4006=0.6140 val_L8_beta2.4786=0.7385 val_L32_beta2.0799=0.6724 val_L32_beta2.4378=0.7944 val_L32_beta2.5092=0.6143 val_L32_beta4.0939=0.5806 val_L32_beta4.2586=0.5593 val_L32_beta4.2761=0.6495 val_L32_beta5.2987=0.6163 val_L32_beta5.7905=0.5916 val_L32_beta6.1747=0.5544 val_L32_beta8.7467=0.7501 val_L32_beta8.9764=0.6219 val_L32_beta9.3874=0.4392 val_L32_beta9.5767=0.6319 val_L32_beta9.6729=0.6304 val_L32_beta10.8745=0.6487 val_L32_beta11.9792=0.6550 val_L32_beta25.9011=0.5113 val_L32_beta30.6638=0.5119 val_L32_beta31.4382=0.4653 val_L32_beta40.9956=0.4797 val_L32_beta43.8647=0.6040 val_L32_beta44.3339=0.4840 val_L32_beta44.5075=0.5598 val_L32_beta50.1987=0.4371 val_total=62.9229
epoch  39  train=0.6359  val_L16_beta14.1464=0.5396 val_L16_beta25=0.5288 val_L16_beta40=0.5436 val_L16_beta55.0237=0.5068 val_L16_beta1.0119=0.7352 val_L16_beta1.0397=0.7831 val_L16_beta1.0743=0.6477 val_L16_beta1.2464=0.6866 val_L16_beta1.2749=0.5880 val_L16_beta1.7484=0.4747 val_L16_beta1.8367=0.8128 val_L16_beta1.8781=0.6428 val_L16_beta2.122=0.5568 val_L16_beta2.1285=0.7048 val_L16_beta2.1757=0.5937 val_L16_beta2.1862=0.5476 val_L16_beta2.2983=0.5692 val_L16_beta2.3046=0.7434 val_L16_beta2.3454=0.6281 val_L16_beta2.7647=0.7278 val_L16_beta3.1518=0.6396 val_L16_beta3.1669=0.7223 val_L16_beta3.2922=0.4676 val_L16_beta3.3842=0.6081 val_L16_beta3.4006=0.5828 val_L16_beta3.6231=0.7409 val_L16_beta3.7225=0.6845 val_L16_beta4.0764=0.6505 val_L16_beta4.7323=0.7161 val_L16_beta4.7632=0.5615 val_L16_beta5.586=0.6054 val_L16_beta6.2411=0.4539 val_L16_beta6.4184=0.4805 val_L16_beta6.8771=0.4025 val_L16_beta8.3946=0.4867 val_L16_beta8.4548=0.5346 val_L16_beta8.7139=0.6053 val_L16_beta9.287=0.6895 val_L16_beta9.571=0.4822 val_L16_beta9.8499=0.5107 val_L16_beta10.2188=0.5465 val_L16_beta11.8501=0.5837 val_L16_beta11.8784=0.5252 val_L16_beta12.9259=0.5181 val_L16_beta14.4687=0.6354 val_L16_beta15.5366=0.5137 val_L16_beta17.502=0.5083 val_L16_beta17.7602=0.7059 val_L16_beta19.403=0.5606 val_L16_beta20.2412=0.7026 val_L16_beta21.8857=0.5351 val_L16_beta27.0442=0.5892 val_L16_beta27.3387=0.5878 val_L16_beta27.7875=0.5734 val_L16_beta30.5978=0.5977 val_L16_beta33.325=0.5227 val_L16_beta34.3422=0.5117 val_L16_beta38.5957=0.4142 val_L16_beta39.6475=0.4687 val_L16_beta47.0386=0.4918 val_L16_beta47.4228=0.5616 val_L16_beta54.11=0.3875 val_L16_beta56.1944=0.5498 val_L16_beta57.2189=0.4237 val_L32_beta2.1926=0.9098 val_L32_beta2.4697=0.9176 val_L32_beta2.8622=0.8172 val_L32_beta4.994=0.5249 val_L32_beta8.069=0.5384 val_L32_beta11.2015=0.6715 val_L32_beta12.3504=0.6404 val_L32_beta12.688=0.7282 val_L32_beta14.1441=0.5715 val_L32_beta18.0708=0.3425 val_L32_beta18.6487=0.3961 val_L32_beta52.6284=0.5441 val_L8_beta1.4347=0.5441 val_L8_beta1.4977=0.7541 val_L8_beta1.7872=0.6201 val_L8_beta1.9783=0.6250 val_L8_beta2.4006=0.6051 val_L8_beta2.4786=0.7148 val_L32_beta2.0799=0.8489 val_L32_beta2.4378=0.7492 val_L32_beta2.5092=0.6421 val_L32_beta4.0939=0.5911 val_L32_beta4.2586=0.5517 val_L32_beta4.2761=0.6704 val_L32_beta5.2987=0.6072 val_L32_beta5.7905=0.6090 val_L32_beta6.1747=0.5558 val_L32_beta8.7467=0.7492 val_L32_beta8.9764=0.6063 val_L32_beta9.3874=0.4307 val_L32_beta9.5767=0.6227 val_L32_beta9.6729=0.6358 val_L32_beta10.8745=0.6573 val_L32_beta11.9792=0.6555 val_L32_beta25.9011=0.5459 val_L32_beta30.6638=0.4987 val_L32_beta31.4382=0.4335 val_L32_beta40.9956=0.4481 val_L32_beta43.8647=0.6030 val_L32_beta44.3339=0.4554 val_L32_beta44.5075=0.5116 val_L32_beta50.1987=0.4797 val_total=62.8252
epoch  40  train=0.6273  val_L16_beta14.1464=0.5422 val_L16_beta25=0.5302 val_L16_beta40=0.5428 val_L16_beta55.0237=0.5164 val_L16_beta1.0119=0.7958 val_L16_beta1.0397=0.7591 val_L16_beta1.0743=0.6537 val_L16_beta1.2464=0.6766 val_L16_beta1.2749=0.6140 val_L16_beta1.7484=0.4637 val_L16_beta1.8367=0.8246 val_L16_beta1.8781=0.6311 val_L16_beta2.122=0.5871 val_L16_beta2.1285=0.7294 val_L16_beta2.1757=0.5900 val_L16_beta2.1862=0.5613 val_L16_beta2.2983=0.5832 val_L16_beta2.3046=0.7610 val_L16_beta2.3454=0.6403 val_L16_beta2.7647=0.7184 val_L16_beta3.1518=0.6593 val_L16_beta3.1669=0.7618 val_L16_beta3.2922=0.4486 val_L16_beta3.3842=0.6082 val_L16_beta3.4006=0.5609 val_L16_beta3.6231=0.7334 val_L16_beta3.7225=0.6885 val_L16_beta4.0764=0.6486 val_L16_beta4.7323=0.6665 val_L16_beta4.7632=0.5411 val_L16_beta5.586=0.6259 val_L16_beta6.2411=0.4738 val_L16_beta6.4184=0.4965 val_L16_beta6.8771=0.3976 val_L16_beta8.3946=0.5006 val_L16_beta8.4548=0.5263 val_L16_beta8.7139=0.6388 val_L16_beta9.287=0.6856 val_L16_beta9.571=0.4888 val_L16_beta9.8499=0.5110 val_L16_beta10.2188=0.5357 val_L16_beta11.8501=0.6123 val_L16_beta11.8784=0.5335 val_L16_beta12.9259=0.5249 val_L16_beta14.4687=0.6355 val_L16_beta15.5366=0.4843 val_L16_beta17.502=0.5007 val_L16_beta17.7602=0.6866 val_L16_beta19.403=0.5452 val_L16_beta20.2412=0.6717 val_L16_beta21.8857=0.5467 val_L16_beta27.0442=0.5952 val_L16_beta27.3387=0.5921 val_L16_beta27.7875=0.5875 val_L16_beta30.5978=0.5408 val_L16_beta33.325=0.5411 val_L16_beta34.3422=0.5284 val_L16_beta38.5957=0.4411 val_L16_beta39.6475=0.4421 val_L16_beta47.0386=0.4816 val_L16_beta47.4228=0.5445 val_L16_beta54.11=0.3960 val_L16_beta56.1944=0.5246 val_L16_beta57.2189=0.4645 val_L32_beta2.1926=0.7786 val_L32_beta2.4697=0.8690 val_L32_beta2.8622=0.7958 val_L32_beta4.994=0.5685 val_L32_beta8.069=0.5333 val_L32_beta11.2015=0.6950 val_L32_beta12.3504=0.6476 val_L32_beta12.688=0.7563 val_L32_beta14.1441=0.5673 val_L32_beta18.0708=0.3896 val_L32_beta18.6487=0.3971 val_L32_beta52.6284=0.5418 val_L8_beta1.4347=0.5354 val_L8_beta1.4977=0.7538 val_L8_beta1.7872=0.6657 val_L8_beta1.9783=0.6373 val_L8_beta2.4006=0.6811 val_L8_beta2.4786=0.8011 val_L32_beta2.0799=0.6941 val_L32_beta2.4378=0.6813 val_L32_beta2.5092=0.6437 val_L32_beta4.0939=0.6029 val_L32_beta4.2586=0.6744 val_L32_beta4.2761=0.6591 val_L32_beta5.2987=0.6471 val_L32_beta5.7905=0.6281 val_L32_beta6.1747=0.5942 val_L32_beta8.7467=0.7747 val_L32_beta8.9764=0.6311 val_L32_beta9.3874=0.4631 val_L32_beta9.5767=0.6431 val_L32_beta9.6729=0.6598 val_L32_beta10.8745=0.6420 val_L32_beta11.9792=0.6671 val_L32_beta25.9011=0.5454 val_L32_beta30.6638=0.4880 val_L32_beta31.4382=0.4957 val_L32_beta40.9956=0.5020 val_L32_beta43.8647=0.6307 val_L32_beta44.3339=0.4689 val_L32_beta44.5075=0.5675 val_L32_beta50.1987=0.4349 val_total=63.3926
epoch  41  train=0.6372  val_L16_beta14.1464=0.5503 val_L16_beta25=0.5093 val_L16_beta40=0.5393 val_L16_beta55.0237=0.5212 val_L16_beta1.0119=0.7579 val_L16_beta1.0397=0.7727 val_L16_beta1.0743=0.7020 val_L16_beta1.2464=0.7299 val_L16_beta1.2749=0.5948 val_L16_beta1.7484=0.4927 val_L16_beta1.8367=0.8434 val_L16_beta1.8781=0.6366 val_L16_beta2.122=0.5657 val_L16_beta2.1285=0.7208 val_L16_beta2.1757=0.6094 val_L16_beta2.1862=0.5796 val_L16_beta2.2983=0.5540 val_L16_beta2.3046=0.7697 val_L16_beta2.3454=0.6173 val_L16_beta2.7647=0.7413 val_L16_beta3.1518=0.6607 val_L16_beta3.1669=0.7054 val_L16_beta3.2922=0.4782 val_L16_beta3.3842=0.6127 val_L16_beta3.4006=0.5895 val_L16_beta3.6231=0.7175 val_L16_beta3.7225=0.6726 val_L16_beta4.0764=0.6521 val_L16_beta4.7323=0.7059 val_L16_beta4.7632=0.5501 val_L16_beta5.586=0.6319 val_L16_beta6.2411=0.4621 val_L16_beta6.4184=0.4646 val_L16_beta6.8771=0.3829 val_L16_beta8.3946=0.4559 val_L16_beta8.4548=0.5453 val_L16_beta8.7139=0.6439 val_L16_beta9.287=0.6810 val_L16_beta9.571=0.4637 val_L16_beta9.8499=0.5009 val_L16_beta10.2188=0.5437 val_L16_beta11.8501=0.5917 val_L16_beta11.8784=0.5397 val_L16_beta12.9259=0.5221 val_L16_beta14.4687=0.6176 val_L16_beta15.5366=0.4749 val_L16_beta17.502=0.4981 val_L16_beta17.7602=0.7034 val_L16_beta19.403=0.5444 val_L16_beta20.2412=0.6703 val_L16_beta21.8857=0.5428 val_L16_beta27.0442=0.5822 val_L16_beta27.3387=0.5569 val_L16_beta27.7875=0.5926 val_L16_beta30.5978=0.5808 val_L16_beta33.325=0.5246 val_L16_beta34.3422=0.5014 val_L16_beta38.5957=0.4265 val_L16_beta39.6475=0.4664 val_L16_beta47.0386=0.4724 val_L16_beta47.4228=0.5735 val_L16_beta54.11=0.3961 val_L16_beta56.1944=0.5253 val_L16_beta57.2189=0.4423 val_L32_beta2.1926=0.8160 val_L32_beta2.4697=0.8161 val_L32_beta2.8622=0.7845 val_L32_beta4.994=0.5712 val_L32_beta8.069=0.5290 val_L32_beta11.2015=0.6654 val_L32_beta12.3504=0.6613 val_L32_beta12.688=0.7094 val_L32_beta14.1441=0.5760 val_L32_beta18.0708=0.3378 val_L32_beta18.6487=0.3807 val_L32_beta52.6284=0.5553 val_L8_beta1.4347=0.5244 val_L8_beta1.4977=0.7566 val_L8_beta1.7872=0.6128 val_L8_beta1.9783=0.6027 val_L8_beta2.4006=0.6745 val_L8_beta2.4786=0.7385 val_L32_beta2.0799=0.6538 val_L32_beta2.4378=0.7169 val_L32_beta2.5092=0.6139 val_L32_beta4.0939=0.6300 val_L32_beta4.2586=0.5849 val_L32_beta4.2761=0.6379 val_L32_beta5.2987=0.6193 val_L32_beta5.7905=0.6265 val_L32_beta6.1747=0.5679 val_L32_beta8.7467=0.7618 val_L32_beta8.9764=0.6212 val_L32_beta9.3874=0.4266 val_L32_beta9.5767=0.6185 val_L32_beta9.6729=0.6679 val_L32_beta10.8745=0.6566 val_L32_beta11.9792=0.6588 val_L32_beta25.9011=0.5144 val_L32_beta30.6638=0.4815 val_L32_beta31.4382=0.4575 val_L32_beta40.9956=0.4488 val_L32_beta43.8647=0.6154 val_L32_beta44.3339=0.4606 val_L32_beta44.5075=0.5071 val_L32_beta50.1987=0.4339 val_total=62.5678
epoch  42  train=0.6338  val_L16_beta14.1464=0.5322 val_L16_beta25=0.5222 val_L16_beta40=0.5481 val_L16_beta55.0237=0.5202 val_L16_beta1.0119=0.6990 val_L16_beta1.0397=0.8214 val_L16_beta1.0743=0.6870 val_L16_beta1.2464=0.7400 val_L16_beta1.2749=0.6188 val_L16_beta1.7484=0.4834 val_L16_beta1.8367=0.7577 val_L16_beta1.8781=0.6214 val_L16_beta2.122=0.5289 val_L16_beta2.1285=0.7191 val_L16_beta2.1757=0.5913 val_L16_beta2.1862=0.5430 val_L16_beta2.2983=0.5756 val_L16_beta2.3046=0.7209 val_L16_beta2.3454=0.6318 val_L16_beta2.7647=0.6870 val_L16_beta3.1518=0.6520 val_L16_beta3.1669=0.6963 val_L16_beta3.2922=0.4498 val_L16_beta3.3842=0.6336 val_L16_beta3.4006=0.5761 val_L16_beta3.6231=0.7256 val_L16_beta3.7225=0.7066 val_L16_beta4.0764=0.6696 val_L16_beta4.7323=0.6828 val_L16_beta4.7632=0.5791 val_L16_beta5.586=0.5937 val_L16_beta6.2411=0.4733 val_L16_beta6.4184=0.4973 val_L16_beta6.8771=0.3935 val_L16_beta8.3946=0.4548 val_L16_beta8.4548=0.5360 val_L16_beta8.7139=0.6244 val_L16_beta9.287=0.6626 val_L16_beta9.571=0.5132 val_L16_beta9.8499=0.5007 val_L16_beta10.2188=0.5388 val_L16_beta11.8501=0.6037 val_L16_beta11.8784=0.5154 val_L16_beta12.9259=0.5033 val_L16_beta14.4687=0.6315 val_L16_beta15.5366=0.5229 val_L16_beta17.502=0.4994 val_L16_beta17.7602=0.6689 val_L16_beta19.403=0.5530 val_L16_beta20.2412=0.6830 val_L16_beta21.8857=0.5312 val_L16_beta27.0442=0.5686 val_L16_beta27.3387=0.5676 val_L16_beta27.7875=0.5896 val_L16_beta30.5978=0.5687 val_L16_beta33.325=0.5155 val_L16_beta34.3422=0.5105 val_L16_beta38.5957=0.4090 val_L16_beta39.6475=0.4507 val_L16_beta47.0386=0.4690 val_L16_beta47.4228=0.5735 val_L16_beta54.11=0.3640 val_L16_beta56.1944=0.5206 val_L16_beta57.2189=0.4701 val_L32_beta2.1926=0.8294 val_L32_beta2.4697=0.7967 val_L32_beta2.8622=0.7731 val_L32_beta4.994=0.5877 val_L32_beta8.069=0.5319 val_L32_beta11.2015=0.6746 val_L32_beta12.3504=0.6297 val_L32_beta12.688=0.6982 val_L32_beta14.1441=0.5787 val_L32_beta18.0708=0.3487 val_L32_beta18.6487=0.3884 val_L32_beta52.6284=0.5483 val_L8_beta1.4347=0.5007 val_L8_beta1.4977=0.7251 val_L8_beta1.7872=0.6649 val_L8_beta1.9783=0.6163 val_L8_beta2.4006=0.6167 val_L8_beta2.4786=0.7196 val_L32_beta2.0799=0.6424 val_L32_beta2.4378=0.6799 val_L32_beta2.5092=0.6631 val_L32_beta4.0939=0.5812 val_L32_beta4.2586=0.5672 val_L32_beta4.2761=0.6232 val_L32_beta5.2987=0.6216 val_L32_beta5.7905=0.5987 val_L32_beta6.1747=0.5908 val_L32_beta8.7467=0.7440 val_L32_beta8.9764=0.6171 val_L32_beta9.3874=0.4300 val_L32_beta9.5767=0.6128 val_L32_beta9.6729=0.6198 val_L32_beta10.8745=0.6558 val_L32_beta11.9792=0.6773 val_L32_beta25.9011=0.5660 val_L32_beta30.6638=0.4859 val_L32_beta31.4382=0.4461 val_L32_beta40.9956=0.4427 val_L32_beta43.8647=0.6053 val_L32_beta44.3339=0.4431 val_L32_beta44.5075=0.5516 val_L32_beta50.1987=0.4256 val_total=62.1188
epoch  43  train=0.6281  val_L16_beta14.1464=0.5394 val_L16_beta25=0.5295 val_L16_beta40=0.5372 val_L16_beta55.0237=0.5270 val_L16_beta1.0119=0.7131 val_L16_beta1.0397=0.7623 val_L16_beta1.0743=0.6751 val_L16_beta1.2464=0.6698 val_L16_beta1.2749=0.5826 val_L16_beta1.7484=0.5195 val_L16_beta1.8367=0.7470 val_L16_beta1.8781=0.6209 val_L16_beta2.122=0.5419 val_L16_beta2.1285=0.6942 val_L16_beta2.1757=0.6228 val_L16_beta2.1862=0.5775 val_L16_beta2.2983=0.5682 val_L16_beta2.3046=0.7691 val_L16_beta2.3454=0.6353 val_L16_beta2.7647=0.7045 val_L16_beta3.1518=0.6366 val_L16_beta3.1669=0.7524 val_L16_beta3.2922=0.4387 val_L16_beta3.3842=0.6170 val_L16_beta3.4006=0.5546 val_L16_beta3.6231=0.7073 val_L16_beta3.7225=0.7127 val_L16_beta4.0764=0.6428 val_L16_beta4.7323=0.6860 val_L16_beta4.7632=0.5456 val_L16_beta5.586=0.6016 val_L16_beta6.2411=0.4495 val_L16_beta6.4184=0.4942 val_L16_beta6.8771=0.4006 val_L16_beta8.3946=0.4991 val_L16_beta8.4548=0.5216 val_L16_beta8.7139=0.6132 val_L16_beta9.287=0.6984 val_L16_beta9.571=0.4934 val_L16_beta9.8499=0.5128 val_L16_beta10.2188=0.5822 val_L16_beta11.8501=0.6125 val_L16_beta11.8784=0.5242 val_L16_beta12.9259=0.5263 val_L16_beta14.4687=0.6671 val_L16_beta15.5366=0.4685 val_L16_beta17.502=0.4912 val_L16_beta17.7602=0.6956 val_L16_beta19.403=0.5331 val_L16_beta20.2412=0.6585 val_L16_beta21.8857=0.5341 val_L16_beta27.0442=0.5862 val_L16_beta27.3387=0.6052 val_L16_beta27.7875=0.5910 val_L16_beta30.5978=0.5737 val_L16_beta33.325=0.5321 val_L16_beta34.3422=0.5416 val_L16_beta38.5957=0.4633 val_L16_beta39.6475=0.4769 val_L16_beta47.0386=0.4951 val_L16_beta47.4228=0.5725 val_L16_beta54.11=0.4132 val_L16_beta56.1944=0.5011 val_L16_beta57.2189=0.4468 val_L32_beta2.1926=0.8164 val_L32_beta2.4697=0.8669 val_L32_beta2.8622=0.7725 val_L32_beta4.994=0.5495 val_L32_beta8.069=0.5398 val_L32_beta11.2015=0.6825 val_L32_beta12.3504=0.6488 val_L32_beta12.688=0.7097 val_L32_beta14.1441=0.5960 val_L32_beta18.0708=0.3565 val_L32_beta18.6487=0.3868 val_L32_beta52.6284=0.5636 val_L8_beta1.4347=0.5552 val_L8_beta1.4977=0.7593 val_L8_beta1.7872=0.6458 val_L8_beta1.9783=0.5868 val_L8_beta2.4006=0.6832 val_L8_beta2.4786=0.7607 val_L32_beta2.0799=0.6624 val_L32_beta2.4378=0.7065 val_L32_beta2.5092=0.6661 val_L32_beta4.0939=0.6187 val_L32_beta4.2586=0.5501 val_L32_beta4.2761=0.6243 val_L32_beta5.2987=0.6134 val_L32_beta5.7905=0.6019 val_L32_beta6.1747=0.5755 val_L32_beta8.7467=0.7654 val_L32_beta8.9764=0.6195 val_L32_beta9.3874=0.4423 val_L32_beta9.5767=0.6273 val_L32_beta9.6729=0.6429 val_L32_beta10.8745=0.6477 val_L32_beta11.9792=0.6446 val_L32_beta25.9011=0.5531 val_L32_beta30.6638=0.5403 val_L32_beta31.4382=0.4638 val_L32_beta40.9956=0.4762 val_L32_beta43.8647=0.6130 val_L32_beta44.3339=0.5007 val_L32_beta44.5075=0.5162 val_L32_beta50.1987=0.5205 val_total=62.8790
epoch  44  train=0.6325  val_L16_beta14.1464=0.5463 val_L16_beta25=0.5229 val_L16_beta40=0.5336 val_L16_beta55.0237=0.5220 val_L16_beta1.0119=0.7233 val_L16_beta1.0397=0.7707 val_L16_beta1.0743=0.6800 val_L16_beta1.2464=0.7105 val_L16_beta1.2749=0.6181 val_L16_beta1.7484=0.5297 val_L16_beta1.8367=0.8458 val_L16_beta1.8781=0.6198 val_L16_beta2.122=0.5044 val_L16_beta2.1285=0.7218 val_L16_beta2.1757=0.6025 val_L16_beta2.1862=0.5561 val_L16_beta2.2983=0.5690 val_L16_beta2.3046=0.7228 val_L16_beta2.3454=0.6301 val_L16_beta2.7647=0.6975 val_L16_beta3.1518=0.6382 val_L16_beta3.1669=0.7103 val_L16_beta3.2922=0.4777 val_L16_beta3.3842=0.6209 val_L16_beta3.4006=0.5633 val_L16_beta3.6231=0.7136 val_L16_beta3.7225=0.6848 val_L16_beta4.0764=0.6339 val_L16_beta4.7323=0.6903 val_L16_beta4.7632=0.5689 val_L16_beta5.586=0.6236 val_L16_beta6.2411=0.4870 val_L16_beta6.4184=0.5005 val_L16_beta6.8771=0.3821 val_L16_beta8.3946=0.4497 val_L16_beta8.4548=0.5349 val_L16_beta8.7139=0.6224 val_L16_beta9.287=0.6798 val_L16_beta9.571=0.4855 val_L16_beta9.8499=0.5316 val_L16_beta10.2188=0.5580 val_L16_beta11.8501=0.6009 val_L16_beta11.8784=0.5386 val_L16_beta12.9259=0.5252 val_L16_beta14.4687=0.6219 val_L16_beta15.5366=0.4758 val_L16_beta17.502=0.4840 val_L16_beta17.7602=0.7031 val_L16_beta19.403=0.5651 val_L16_beta20.2412=0.6619 val_L16_beta21.8857=0.5221 val_L16_beta27.0442=0.5872 val_L16_beta27.3387=0.5706 val_L16_beta27.7875=0.5749 val_L16_beta30.5978=0.5996 val_L16_beta33.325=0.5270 val_L16_beta34.3422=0.5203 val_L16_beta38.5957=0.4213 val_L16_beta39.6475=0.4865 val_L16_beta47.0386=0.4743 val_L16_beta47.4228=0.5463 val_L16_beta54.11=0.4098 val_L16_beta56.1944=0.5322 val_L16_beta57.2189=0.4519 val_L32_beta2.1926=0.9216 val_L32_beta2.4697=0.9670 val_L32_beta2.8622=0.7034 val_L32_beta4.994=0.5550 val_L32_beta8.069=0.5593 val_L32_beta11.2015=0.6738 val_L32_beta12.3504=0.6837 val_L32_beta12.688=0.7185 val_L32_beta14.1441=0.5654 val_L32_beta18.0708=0.3626 val_L32_beta18.6487=0.3995 val_L32_beta52.6284=0.5715 val_L8_beta1.4347=0.5382 val_L8_beta1.4977=0.6866 val_L8_beta1.7872=0.6081 val_L8_beta1.9783=0.6068 val_L8_beta2.4006=0.6792 val_L8_beta2.4786=0.7401 val_L32_beta2.0799=0.6382 val_L32_beta2.4378=0.8211 val_L32_beta2.5092=0.6251 val_L32_beta4.0939=0.6110 val_L32_beta4.2586=0.6020 val_L32_beta4.2761=0.6563 val_L32_beta5.2987=0.6011 val_L32_beta5.7905=0.5841 val_L32_beta6.1747=0.5607 val_L32_beta8.7467=0.7569 val_L32_beta8.9764=0.6348 val_L32_beta9.3874=0.4458 val_L32_beta9.5767=0.6199 val_L32_beta9.6729=0.6343 val_L32_beta10.8745=0.6406 val_L32_beta11.9792=0.6462 val_L32_beta25.9011=0.5342 val_L32_beta30.6638=0.4961 val_L32_beta31.4382=0.4513 val_L32_beta40.9956=0.4673 val_L32_beta43.8647=0.6208 val_L32_beta44.3339=0.4462 val_L32_beta44.5075=0.5358 val_L32_beta50.1987=0.4261 val_total=62.7809
epoch  45  train=0.6290  val_L16_beta14.1464=0.5437 val_L16_beta25=0.5244 val_L16_beta40=0.5347 val_L16_beta55.0237=0.5289 val_L16_beta1.0119=0.7225 val_L16_beta1.0397=0.7808 val_L16_beta1.0743=0.6466 val_L16_beta1.2464=0.6621 val_L16_beta1.2749=0.6226 val_L16_beta1.7484=0.4633 val_L16_beta1.8367=0.8172 val_L16_beta1.8781=0.6354 val_L16_beta2.122=0.5393 val_L16_beta2.1285=0.7016 val_L16_beta2.1757=0.6119 val_L16_beta2.1862=0.5881 val_L16_beta2.2983=0.5391 val_L16_beta2.3046=0.7299 val_L16_beta2.3454=0.6241 val_L16_beta2.7647=0.6847 val_L16_beta3.1518=0.6487 val_L16_beta3.1669=0.7116 val_L16_beta3.2922=0.4701 val_L16_beta3.3842=0.5987 val_L16_beta3.4006=0.5686 val_L16_beta3.6231=0.6940 val_L16_beta3.7225=0.6937 val_L16_beta4.0764=0.6544 val_L16_beta4.7323=0.7062 val_L16_beta4.7632=0.5594 val_L16_beta5.586=0.5958 val_L16_beta6.2411=0.4820 val_L16_beta6.4184=0.5001 val_L16_beta6.8771=0.4023 val_L16_beta8.3946=0.4640 val_L16_beta8.4548=0.5311 val_L16_beta8.7139=0.6107 val_L16_beta9.287=0.6896 val_L16_beta9.571=0.4861 val_L16_beta9.8499=0.5029 val_L16_beta10.2188=0.5409 val_L16_beta11.8501=0.6026 val_L16_beta11.8784=0.5175 val_L16_beta12.9259=0.5088 val_L16_beta14.4687=0.6389 val_L16_beta15.5366=0.5031 val_L16_beta17.502=0.4908 val_L16_beta17.7602=0.6863 val_L16_beta19.403=0.5285 val_L16_beta20.2412=0.6582 val_L16_beta21.8857=0.5422 val_L16_beta27.0442=0.6403 val_L16_beta27.3387=0.6012 val_L16_beta27.7875=0.5901 val_L16_beta30.5978=0.6005 val_L16_beta33.325=0.5107 val_L16_beta34.3422=0.5097 val_L16_beta38.5957=0.4412 val_L16_beta39.6475=0.4654 val_L16_beta47.0386=0.4676 val_L16_beta47.4228=0.5477 val_L16_beta54.11=0.3789 val_L16_beta56.1944=0.5194 val_L16_beta57.2189=0.4267 val_L32_beta2.1926=0.8583 val_L32_beta2.4697=0.8476 val_L32_beta2.8622=0.7419 val_L32_beta4.994=0.5491 val_L32_beta8.069=0.5304 val_L32_beta11.2015=0.6638 val_L32_beta12.3504=0.6474 val_L32_beta12.688=0.7057 val_L32_beta14.1441=0.5601 val_L32_beta18.0708=0.3507 val_L32_beta18.6487=0.3815 val_L32_beta52.6284=0.5660 val_L8_beta1.4347=0.5260 val_L8_beta1.4977=0.7069 val_L8_beta1.7872=0.5978 val_L8_beta1.9783=0.6339 val_L8_beta2.4006=0.6174 val_L8_beta2.4786=0.7289 val_L32_beta2.0799=0.7160 val_L32_beta2.4378=0.7142 val_L32_beta2.5092=0.6947 val_L32_beta4.0939=0.5896 val_L32_beta4.2586=0.5431 val_L32_beta4.2761=0.6050 val_L32_beta5.2987=0.6301 val_L32_beta5.7905=0.5784 val_L32_beta6.1747=0.5543 val_L32_beta8.7467=0.7597 val_L32_beta8.9764=0.6282 val_L32_beta9.3874=0.4376 val_L32_beta9.5767=0.6266 val_L32_beta9.6729=0.6468 val_L32_beta10.8745=0.6508 val_L32_beta11.9792=0.6674 val_L32_beta25.9011=0.5166 val_L32_beta30.6638=0.4740 val_L32_beta31.4382=0.4413 val_L32_beta40.9956=0.4641 val_L32_beta43.8647=0.6064 val_L32_beta44.3339=0.4760 val_L32_beta44.5075=0.5379 val_L32_beta50.1987=0.4220 val_total=62.1823
epoch  46  train=0.6213  val_L16_beta14.1464=0.5357 val_L16_beta25=0.5295 val_L16_beta40=0.5349 val_L16_beta55.0237=0.5216 val_L16_beta1.0119=0.7334 val_L16_beta1.0397=0.7483 val_L16_beta1.0743=0.6581 val_L16_beta1.2464=0.6614 val_L16_beta1.2749=0.5933 val_L16_beta1.7484=0.4814 val_L16_beta1.8367=0.7828 val_L16_beta1.8781=0.6483 val_L16_beta2.122=0.5250 val_L16_beta2.1285=0.7276 val_L16_beta2.1757=0.5939 val_L16_beta2.1862=0.5416 val_L16_beta2.2983=0.5739 val_L16_beta2.3046=0.7495 val_L16_beta2.3454=0.6421 val_L16_beta2.7647=0.7092 val_L16_beta3.1518=0.6391 val_L16_beta3.1669=0.7117 val_L16_beta3.2922=0.4743 val_L16_beta3.3842=0.6010 val_L16_beta3.4006=0.5647 val_L16_beta3.6231=0.7295 val_L16_beta3.7225=0.7005 val_L16_beta4.0764=0.6480 val_L16_beta4.7323=0.6867 val_L16_beta4.7632=0.5586 val_L16_beta5.586=0.6067 val_L16_beta6.2411=0.4575 val_L16_beta6.4184=0.4724 val_L16_beta6.8771=0.3851 val_L16_beta8.3946=0.4930 val_L16_beta8.4548=0.5333 val_L16_beta8.7139=0.6336 val_L16_beta9.287=0.6842 val_L16_beta9.571=0.4737 val_L16_beta9.8499=0.5115 val_L16_beta10.2188=0.5280 val_L16_beta11.8501=0.6315 val_L16_beta11.8784=0.5454 val_L16_beta12.9259=0.5088 val_L16_beta14.4687=0.6161 val_L16_beta15.5366=0.4712 val_L16_beta17.502=0.4994 val_L16_beta17.7602=0.6888 val_L16_beta19.403=0.5496 val_L16_beta20.2412=0.6782 val_L16_beta21.8857=0.5483 val_L16_beta27.0442=0.5840 val_L16_beta27.3387=0.5709 val_L16_beta27.7875=0.5823 val_L16_beta30.5978=0.5729 val_L16_beta33.325=0.5212 val_L16_beta34.3422=0.5221 val_L16_beta38.5957=0.4287 val_L16_beta39.6475=0.4681 val_L16_beta47.0386=0.4758 val_L16_beta47.4228=0.5757 val_L16_beta54.11=0.4054 val_L16_beta56.1944=0.5124 val_L16_beta57.2189=0.4328 val_L32_beta2.1926=0.8458 val_L32_beta2.4697=0.8772 val_L32_beta2.8622=0.8124 val_L32_beta4.994=0.5631 val_L32_beta8.069=0.5220 val_L32_beta11.2015=0.6732 val_L32_beta12.3504=0.6302 val_L32_beta12.688=0.7296 val_L32_beta14.1441=0.5589 val_L32_beta18.0708=0.3489 val_L32_beta18.6487=0.3800 val_L32_beta52.6284=0.5477 val_L8_beta1.4347=0.5524 val_L8_beta1.4977=0.7332 val_L8_beta1.7872=0.6528 val_L8_beta1.9783=0.5719 val_L8_beta2.4006=0.6226 val_L8_beta2.4786=0.6881 val_L32_beta2.0799=0.7613 val_L32_beta2.4378=0.7256 val_L32_beta2.5092=0.6881 val_L32_beta4.0939=0.5842 val_L32_beta4.2586=0.5434 val_L32_beta4.2761=0.6781 val_L32_beta5.2987=0.6166 val_L32_beta5.7905=0.5906 val_L32_beta6.1747=0.5429 val_L32_beta8.7467=0.7572 val_L32_beta8.9764=0.6071 val_L32_beta9.3874=0.4230 val_L32_beta9.5767=0.6300 val_L32_beta9.6729=0.6434 val_L32_beta10.8745=0.6506 val_L32_beta11.9792=0.6578 val_L32_beta25.9011=0.5188 val_L32_beta30.6638=0.5070 val_L32_beta31.4382=0.4363 val_L32_beta40.9956=0.4550 val_L32_beta43.8647=0.6155 val_L32_beta44.3339=0.4469 val_L32_beta44.5075=0.5349 val_L32_beta50.1987=0.4188 val_total=62.3174
epoch  47  train=0.6293  val_L16_beta14.1464=0.5394 val_L16_beta25=0.5157 val_L16_beta40=0.5470 val_L16_beta55.0237=0.5148 val_L16_beta1.0119=0.7472 val_L16_beta1.0397=0.7692 val_L16_beta1.0743=0.6529 val_L16_beta1.2464=0.7056 val_L16_beta1.2749=0.6018 val_L16_beta1.7484=0.4962 val_L16_beta1.8367=0.8081 val_L16_beta1.8781=0.6205 val_L16_beta2.122=0.5445 val_L16_beta2.1285=0.7137 val_L16_beta2.1757=0.5736 val_L16_beta2.1862=0.5741 val_L16_beta2.2983=0.6024 val_L16_beta2.3046=0.7379 val_L16_beta2.3454=0.6394 val_L16_beta2.7647=0.7338 val_L16_beta3.1518=0.6510 val_L16_beta3.1669=0.7078 val_L16_beta3.2922=0.4647 val_L16_beta3.3842=0.5932 val_L16_beta3.4006=0.5600 val_L16_beta3.6231=0.7225 val_L16_beta3.7225=0.7164 val_L16_beta4.0764=0.6480 val_L16_beta4.7323=0.6815 val_L16_beta4.7632=0.5756 val_L16_beta5.586=0.6039 val_L16_beta6.2411=0.4495 val_L16_beta6.4184=0.4847 val_L16_beta6.8771=0.3986 val_L16_beta8.3946=0.4804 val_L16_beta8.4548=0.5246 val_L16_beta8.7139=0.6301 val_L16_beta9.287=0.7093 val_L16_beta9.571=0.4749 val_L16_beta9.8499=0.4944 val_L16_beta10.2188=0.5385 val_L16_beta11.8501=0.5870 val_L16_beta11.8784=0.5383 val_L16_beta12.9259=0.5245 val_L16_beta14.4687=0.6598 val_L16_beta15.5366=0.4778 val_L16_beta17.502=0.4757 val_L16_beta17.7602=0.6822 val_L16_beta19.403=0.5363 val_L16_beta20.2412=0.6828 val_L16_beta21.8857=0.5249 val_L16_beta27.0442=0.6132 val_L16_beta27.3387=0.5943 val_L16_beta27.7875=0.5667 val_L16_beta30.5978=0.5899 val_L16_beta33.325=0.4934 val_L16_beta34.3422=0.4966 val_L16_beta38.5957=0.4355 val_L16_beta39.6475=0.4735 val_L16_beta47.0386=0.4389 val_L16_beta47.4228=0.5709 val_L16_beta54.11=0.4021 val_L16_beta56.1944=0.5302 val_L16_beta57.2189=0.4351 val_L32_beta2.1926=0.8034 val_L32_beta2.4697=0.8041 val_L32_beta2.8622=0.8056 val_L32_beta4.994=0.5718 val_L32_beta8.069=0.5332 val_L32_beta11.2015=0.6829 val_L32_beta12.3504=0.6183 val_L32_beta12.688=0.7305 val_L32_beta14.1441=0.5527 val_L32_beta18.0708=0.3441 val_L32_beta18.6487=0.3935 val_L32_beta52.6284=0.5370 val_L8_beta1.4347=0.5108 val_L8_beta1.4977=0.7315 val_L8_beta1.7872=0.6198 val_L8_beta1.9783=0.5976 val_L8_beta2.4006=0.6439 val_L8_beta2.4786=0.7667 val_L32_beta2.0799=0.6482 val_L32_beta2.4378=0.6959 val_L32_beta2.5092=0.6242 val_L32_beta4.0939=0.6148 val_L32_beta4.2586=0.5299 val_L32_beta4.2761=0.6217 val_L32_beta5.2987=0.6057 val_L32_beta5.7905=0.5943 val_L32_beta6.1747=0.5837 val_L32_beta8.7467=0.7541 val_L32_beta8.9764=0.6242 val_L32_beta9.3874=0.4310 val_L32_beta9.5767=0.6104 val_L32_beta9.6729=0.6273 val_L32_beta10.8745=0.6432 val_L32_beta11.9792=0.6485 val_L32_beta25.9011=0.4983 val_L32_beta30.6638=0.4849 val_L32_beta31.4382=0.4494 val_L32_beta40.9956=0.4464 val_L32_beta43.8647=0.6105 val_L32_beta44.3339=0.4412 val_L32_beta44.5075=0.4928 val_L32_beta50.1987=0.4089 val_total=62.0141
epoch  48  train=0.6300  val_L16_beta14.1464=0.5342 val_L16_beta25=0.5234 val_L16_beta40=0.5311 val_L16_beta55.0237=0.5047 val_L16_beta1.0119=0.7262 val_L16_beta1.0397=0.7801 val_L16_beta1.0743=0.6655 val_L16_beta1.2464=0.7030 val_L16_beta1.2749=0.6300 val_L16_beta1.7484=0.4820 val_L16_beta1.8367=0.8030 val_L16_beta1.8781=0.6782 val_L16_beta2.122=0.5244 val_L16_beta2.1285=0.6936 val_L16_beta2.1757=0.5981 val_L16_beta2.1862=0.5801 val_L16_beta2.2983=0.5506 val_L16_beta2.3046=0.7076 val_L16_beta2.3454=0.6559 val_L16_beta2.7647=0.7053 val_L16_beta3.1518=0.6406 val_L16_beta3.1669=0.6897 val_L16_beta3.2922=0.4644 val_L16_beta3.3842=0.5898 val_L16_beta3.4006=0.5622 val_L16_beta3.6231=0.6910 val_L16_beta3.7225=0.7042 val_L16_beta4.0764=0.6522 val_L16_beta4.7323=0.7065 val_L16_beta4.7632=0.5578 val_L16_beta5.586=0.6039 val_L16_beta6.2411=0.4765 val_L16_beta6.4184=0.4807 val_L16_beta6.8771=0.3827 val_L16_beta8.3946=0.4813 val_L16_beta8.4548=0.5322 val_L16_beta8.7139=0.6050 val_L16_beta9.287=0.7133 val_L16_beta9.571=0.5043 val_L16_beta9.8499=0.5165 val_L16_beta10.2188=0.5199 val_L16_beta11.8501=0.6042 val_L16_beta11.8784=0.5303 val_L16_beta12.9259=0.5209 val_L16_beta14.4687=0.6214 val_L16_beta15.5366=0.4703 val_L16_beta17.502=0.5134 val_L16_beta17.7602=0.6873 val_L16_beta19.403=0.5646 val_L16_beta20.2412=0.6814 val_L16_beta21.8857=0.5255 val_L16_beta27.0442=0.5969 val_L16_beta27.3387=0.5721 val_L16_beta27.7875=0.6043 val_L16_beta30.5978=0.5929 val_L16_beta33.325=0.5343 val_L16_beta34.3422=0.4936 val_L16_beta38.5957=0.4258 val_L16_beta39.6475=0.4725 val_L16_beta47.0386=0.4844 val_L16_beta47.4228=0.5498 val_L16_beta54.11=0.3926 val_L16_beta56.1944=0.5421 val_L16_beta57.2189=0.4356 val_L32_beta2.1926=0.8229 val_L32_beta2.4697=0.7933 val_L32_beta2.8622=0.7031 val_L32_beta4.994=0.5455 val_L32_beta8.069=0.5505 val_L32_beta11.2015=0.6805 val_L32_beta12.3504=0.6087 val_L32_beta12.688=0.7085 val_L32_beta14.1441=0.5699 val_L32_beta18.0708=0.3478 val_L32_beta18.6487=0.3899 val_L32_beta52.6284=0.5495 val_L8_beta1.4347=0.5600 val_L8_beta1.4977=0.7165 val_L8_beta1.7872=0.6603 val_L8_beta1.9783=0.5878 val_L8_beta2.4006=0.6955 val_L8_beta2.4786=0.7287 val_L32_beta2.0799=0.6423 val_L32_beta2.4378=0.7068 val_L32_beta2.5092=0.5718 val_L32_beta4.0939=0.6150 val_L32_beta4.2586=0.5281 val_L32_beta4.2761=0.6190 val_L32_beta5.2987=0.6256 val_L32_beta5.7905=0.5870 val_L32_beta6.1747=0.5380 val_L32_beta8.7467=0.7754 val_L32_beta8.9764=0.6129 val_L32_beta9.3874=0.4300 val_L32_beta9.5767=0.6207 val_L32_beta9.6729=0.6273 val_L32_beta10.8745=0.6426 val_L32_beta11.9792=0.6503 val_L32_beta25.9011=0.5262 val_L32_beta30.6638=0.4785 val_L32_beta31.4382=0.4339 val_L32_beta40.9956=0.4444 val_L32_beta43.8647=0.5973 val_L32_beta44.3339=0.4829 val_L32_beta44.5075=0.5049 val_L32_beta50.1987=0.4138 val_total=61.9612
epoch  49  train=0.6339  val_L16_beta14.1464=0.5403 val_L16_beta25=0.5207 val_L16_beta40=0.5342 val_L16_beta55.0237=0.5193 val_L16_beta1.0119=0.7141 val_L16_beta1.0397=0.7873 val_L16_beta1.0743=0.6839 val_L16_beta1.2464=0.7110 val_L16_beta1.2749=0.5794 val_L16_beta1.7484=0.5102 val_L16_beta1.8367=0.7989 val_L16_beta1.8781=0.6279 val_L16_beta2.122=0.5258 val_L16_beta2.1285=0.7394 val_L16_beta2.1757=0.6197 val_L16_beta2.1862=0.5573 val_L16_beta2.2983=0.6090 val_L16_beta2.3046=0.7534 val_L16_beta2.3454=0.6199 val_L16_beta2.7647=0.7053 val_L16_beta3.1518=0.6321 val_L16_beta3.1669=0.7296 val_L16_beta3.2922=0.4594 val_L16_beta3.3842=0.5893 val_L16_beta3.4006=0.5770 val_L16_beta3.6231=0.6775 val_L16_beta3.7225=0.6910 val_L16_beta4.0764=0.6476 val_L16_beta4.7323=0.7116 val_L16_beta4.7632=0.5594 val_L16_beta5.586=0.6096 val_L16_beta6.2411=0.4677 val_L16_beta6.4184=0.4728 val_L16_beta6.8771=0.3903 val_L16_beta8.3946=0.4536 val_L16_beta8.4548=0.5363 val_L16_beta8.7139=0.6244 val_L16_beta9.287=0.6864 val_L16_beta9.571=0.5134 val_L16_beta9.8499=0.5188 val_L16_beta10.2188=0.5315 val_L16_beta11.8501=0.6146 val_L16_beta11.8784=0.5140 val_L16_beta12.9259=0.5182 val_L16_beta14.4687=0.6511 val_L16_beta15.5366=0.4853 val_L16_beta17.502=0.5037 val_L16_beta17.7602=0.6992 val_L16_beta19.403=0.5698 val_L16_beta20.2412=0.7010 val_L16_beta21.8857=0.5339 val_L16_beta27.0442=0.6124 val_L16_beta27.3387=0.5743 val_L16_beta27.7875=0.5660 val_L16_beta30.5978=0.5839 val_L16_beta33.325=0.5134 val_L16_beta34.3422=0.5079 val_L16_beta38.5957=0.4225 val_L16_beta39.6475=0.4399 val_L16_beta47.0386=0.4755 val_L16_beta47.4228=0.5777 val_L16_beta54.11=0.3771 val_L16_beta56.1944=0.5259 val_L16_beta57.2189=0.4368 val_L32_beta2.1926=0.8416 val_L32_beta2.4697=0.8821 val_L32_beta2.8622=0.8111 val_L32_beta4.994=0.5572 val_L32_beta8.069=0.5228 val_L32_beta11.2015=0.6738 val_L32_beta12.3504=0.6427 val_L32_beta12.688=0.7022 val_L32_beta14.1441=0.5733 val_L32_beta18.0708=0.3542 val_L32_beta18.6487=0.3930 val_L32_beta52.6284=0.5417 val_L8_beta1.4347=0.5311 val_L8_beta1.4977=0.7071 val_L8_beta1.7872=0.6288 val_L8_beta1.9783=0.6400 val_L8_beta2.4006=0.6666 val_L8_beta2.4786=0.6844 val_L32_beta2.0799=0.7015 val_L32_beta2.4378=0.7101 val_L32_beta2.5092=0.6303 val_L32_beta4.0939=0.6037 val_L32_beta4.2586=0.5351 val_L32_beta4.2761=0.6403 val_L32_beta5.2987=0.6170 val_L32_beta5.7905=0.5827 val_L32_beta6.1747=0.5729 val_L32_beta8.7467=0.7648 val_L32_beta8.9764=0.6223 val_L32_beta9.3874=0.4372 val_L32_beta9.5767=0.6403 val_L32_beta9.6729=0.6394 val_L32_beta10.8745=0.6609 val_L32_beta11.9792=0.6612 val_L32_beta25.9011=0.5190 val_L32_beta30.6638=0.4827 val_L32_beta31.4382=0.4702 val_L32_beta40.9956=0.4466 val_L32_beta43.8647=0.6103 val_L32_beta44.3339=0.4687 val_L32_beta44.5075=0.5170 val_L32_beta50.1987=0.4238 val_total=62.4521
epoch  50  train=0.6332  val_L16_beta14.1464=0.5430 val_L16_beta25=0.5306 val_L16_beta40=0.5475 val_L16_beta55.0237=0.5216 val_L16_beta1.0119=0.7286 val_L16_beta1.0397=0.7519 val_L16_beta1.0743=0.6769 val_L16_beta1.2464=0.6853 val_L16_beta1.2749=0.6469 val_L16_beta1.7484=0.4793 val_L16_beta1.8367=0.7840 val_L16_beta1.8781=0.6370 val_L16_beta2.122=0.5168 val_L16_beta2.1285=0.6941 val_L16_beta2.1757=0.6232 val_L16_beta2.1862=0.5506 val_L16_beta2.2983=0.5761 val_L16_beta2.3046=0.7060 val_L16_beta2.3454=0.6464 val_L16_beta2.7647=0.6923 val_L16_beta3.1518=0.6391 val_L16_beta3.1669=0.7052 val_L16_beta3.2922=0.4826 val_L16_beta3.3842=0.6091 val_L16_beta3.4006=0.5640 val_L16_beta3.6231=0.7212 val_L16_beta3.7225=0.6612 val_L16_beta4.0764=0.6628 val_L16_beta4.7323=0.6764 val_L16_beta4.7632=0.5722 val_L16_beta5.586=0.6040 val_L16_beta6.2411=0.4823 val_L16_beta6.4184=0.4830 val_L16_beta6.8771=0.3937 val_L16_beta8.3946=0.5033 val_L16_beta8.4548=0.5373 val_L16_beta8.7139=0.6162 val_L16_beta9.287=0.6794 val_L16_beta9.571=0.4859 val_L16_beta9.8499=0.5062 val_L16_beta10.2188=0.5663 val_L16_beta11.8501=0.5918 val_L16_beta11.8784=0.5579 val_L16_beta12.9259=0.5092 val_L16_beta14.4687=0.6075 val_L16_beta15.5366=0.4824 val_L16_beta17.502=0.4941 val_L16_beta17.7602=0.6983 val_L16_beta19.403=0.5495 val_L16_beta20.2412=0.6590 val_L16_beta21.8857=0.5325 val_L16_beta27.0442=0.6007 val_L16_beta27.3387=0.5808 val_L16_beta27.7875=0.5894 val_L16_beta30.5978=0.5830 val_L16_beta33.325=0.5104 val_L16_beta34.3422=0.5131 val_L16_beta38.5957=0.4139 val_L16_beta39.6475=0.4592 val_L16_beta47.0386=0.4441 val_L16_beta47.4228=0.5939 val_L16_beta54.11=0.3891 val_L16_beta56.1944=0.5371 val_L16_beta57.2189=0.4160 val_L32_beta2.1926=0.8358 val_L32_beta2.4697=0.8357 val_L32_beta2.8622=0.7387 val_L32_beta4.994=0.5614 val_L32_beta8.069=0.5507 val_L32_beta11.2015=0.6732 val_L32_beta12.3504=0.6295 val_L32_beta12.688=0.7179 val_L32_beta14.1441=0.5628 val_L32_beta18.0708=0.3726 val_L32_beta18.6487=0.4045 val_L32_beta52.6284=0.5494 val_L8_beta1.4347=0.4895 val_L8_beta1.4977=0.7551 val_L8_beta1.7872=0.5913 val_L8_beta1.9783=0.5617 val_L8_beta2.4006=0.6247 val_L8_beta2.4786=0.7426 val_L32_beta2.0799=0.7120 val_L32_beta2.4378=0.7283 val_L32_beta2.5092=0.6261 val_L32_beta4.0939=0.6122 val_L32_beta4.2586=0.5418 val_L32_beta4.2761=0.6308 val_L32_beta5.2987=0.6231 val_L32_beta5.7905=0.5729 val_L32_beta6.1747=0.5514 val_L32_beta8.7467=0.7383 val_L32_beta8.9764=0.6318 val_L32_beta9.3874=0.4455 val_L32_beta9.5767=0.6211 val_L32_beta9.6729=0.6351 val_L32_beta10.8745=0.6651 val_L32_beta11.9792=0.6730 val_L32_beta25.9011=0.5169 val_L32_beta30.6638=0.5011 val_L32_beta31.4382=0.4471 val_L32_beta40.9956=0.4588 val_L32_beta43.8647=0.6175 val_L32_beta44.3339=0.4542 val_L32_beta44.5075=0.5312 val_L32_beta50.1987=0.4341 val_total=62.1690
epoch  51  train=0.6378  val_L16_beta14.1464=0.5418 val_L16_beta25=0.5303 val_L16_beta40=0.5335 val_L16_beta55.0237=0.5203 val_L16_beta1.0119=0.7272 val_L16_beta1.0397=0.7645 val_L16_beta1.0743=0.6688 val_L16_beta1.2464=0.6934 val_L16_beta1.2749=0.5733 val_L16_beta1.7484=0.5277 val_L16_beta1.8367=0.8372 val_L16_beta1.8781=0.6083 val_L16_beta2.122=0.5616 val_L16_beta2.1285=0.7078 val_L16_beta2.1757=0.6040 val_L16_beta2.1862=0.5603 val_L16_beta2.2983=0.5939 val_L16_beta2.3046=0.7419 val_L16_beta2.3454=0.6348 val_L16_beta2.7647=0.7189 val_L16_beta3.1518=0.6356 val_L16_beta3.1669=0.7257 val_L16_beta3.2922=0.4496 val_L16_beta3.3842=0.5933 val_L16_beta3.4006=0.5705 val_L16_beta3.6231=0.6940 val_L16_beta3.7225=0.7050 val_L16_beta4.0764=0.6269 val_L16_beta4.7323=0.6961 val_L16_beta4.7632=0.5598 val_L16_beta5.586=0.5916 val_L16_beta6.2411=0.4581 val_L16_beta6.4184=0.5043 val_L16_beta6.8771=0.3899 val_L16_beta8.3946=0.4656 val_L16_beta8.4548=0.5291 val_L16_beta8.7139=0.6263 val_L16_beta9.287=0.6881 val_L16_beta9.571=0.4815 val_L16_beta9.8499=0.5328 val_L16_beta10.2188=0.5272 val_L16_beta11.8501=0.6134 val_L16_beta11.8784=0.5309 val_L16_beta12.9259=0.5188 val_L16_beta14.4687=0.6499 val_L16_beta15.5366=0.4701 val_L16_beta17.502=0.4839 val_L16_beta17.7602=0.6893 val_L16_beta19.403=0.5408 val_L16_beta20.2412=0.6740 val_L16_beta21.8857=0.5136 val_L16_beta27.0442=0.6156 val_L16_beta27.3387=0.5714 val_L16_beta27.7875=0.5817 val_L16_beta30.5978=0.5833 val_L16_beta33.325=0.5165 val_L16_beta34.3422=0.5091 val_L16_beta38.5957=0.4185 val_L16_beta39.6475=0.4481 val_L16_beta47.0386=0.4759 val_L16_beta47.4228=0.5868 val_L16_beta54.11=0.3890 val_L16_beta56.1944=0.5371 val_L16_beta57.2189=0.4300 val_L32_beta2.1926=0.8249 val_L32_beta2.4697=0.8586 val_L32_beta2.8622=0.7030 val_L32_beta4.994=0.5284 val_L32_beta8.069=0.5318 val_L32_beta11.2015=0.6723 val_L32_beta12.3504=0.6480 val_L32_beta12.688=0.7202 val_L32_beta14.1441=0.5662 val_L32_beta18.0708=0.3401 val_L32_beta18.6487=0.3894 val_L32_beta52.6284=0.5512 val_L8_beta1.4347=0.5108 val_L8_beta1.4977=0.7537 val_L8_beta1.7872=0.6284 val_L8_beta1.9783=0.6196 val_L8_beta2.4006=0.6648 val_L8_beta2.4786=0.7545 val_L32_beta2.0799=0.7359 val_L32_beta2.4378=0.7454 val_L32_beta2.5092=0.6694 val_L32_beta4.0939=0.5907 val_L32_beta4.2586=0.5469 val_L32_beta4.2761=0.6197 val_L32_beta5.2987=0.6221 val_L32_beta5.7905=0.5954 val_L32_beta6.1747=0.5453 val_L32_beta8.7467=0.7500 val_L32_beta8.9764=0.6379 val_L32_beta9.3874=0.4334 val_L32_beta9.5767=0.6133 val_L32_beta9.6729=0.6374 val_L32_beta10.8745=0.6655 val_L32_beta11.9792=0.6505 val_L32_beta25.9011=0.5290 val_L32_beta30.6638=0.4858 val_L32_beta31.4382=0.4448 val_L32_beta40.9956=0.4747 val_L32_beta43.8647=0.6006 val_L32_beta44.3339=0.4417 val_L32_beta44.5075=0.5021 val_L32_beta50.1987=0.4237 val_total=62.2747
epoch  52  train=0.6369  val_L16_beta14.1464=0.5408 val_L16_beta25=0.5244 val_L16_beta40=0.5329 val_L16_beta55.0237=0.5323 val_L16_beta1.0119=0.7359 val_L16_beta1.0397=0.7592 val_L16_beta1.0743=0.6758 val_L16_beta1.2464=0.7726 val_L16_beta1.2749=0.5772 val_L16_beta1.7484=0.4968 val_L16_beta1.8367=0.8182 val_L16_beta1.8781=0.6666 val_L16_beta2.122=0.5454 val_L16_beta2.1285=0.7411 val_L16_beta2.1757=0.5935 val_L16_beta2.1862=0.5626 val_L16_beta2.2983=0.5475 val_L16_beta2.3046=0.7017 val_L16_beta2.3454=0.6486 val_L16_beta2.7647=0.7380 val_L16_beta3.1518=0.6419 val_L16_beta3.1669=0.7108 val_L16_beta3.2922=0.4340 val_L16_beta3.3842=0.6194 val_L16_beta3.4006=0.5770 val_L16_beta3.6231=0.7202 val_L16_beta3.7225=0.7161 val_L16_beta4.0764=0.6588 val_L16_beta4.7323=0.6900 val_L16_beta4.7632=0.5545 val_L16_beta5.586=0.5927 val_L16_beta6.2411=0.4553 val_L16_beta6.4184=0.4877 val_L16_beta6.8771=0.3800 val_L16_beta8.3946=0.4726 val_L16_beta8.4548=0.5176 val_L16_beta8.7139=0.6391 val_L16_beta9.287=0.7039 val_L16_beta9.571=0.4904 val_L16_beta9.8499=0.5030 val_L16_beta10.2188=0.5381 val_L16_beta11.8501=0.6184 val_L16_beta11.8784=0.5162 val_L16_beta12.9259=0.5060 val_L16_beta14.4687=0.6249 val_L16_beta15.5366=0.4879 val_L16_beta17.502=0.5003 val_L16_beta17.7602=0.6825 val_L16_beta19.403=0.5735 val_L16_beta20.2412=0.6930 val_L16_beta21.8857=0.5426 val_L16_beta27.0442=0.6036 val_L16_beta27.3387=0.5954 val_L16_beta27.7875=0.5862 val_L16_beta30.5978=0.5817 val_L16_beta33.325=0.4996 val_L16_beta34.3422=0.5080 val_L16_beta38.5957=0.4399 val_L16_beta39.6475=0.4676 val_L16_beta47.0386=0.4564 val_L16_beta47.4228=0.5482 val_L16_beta54.11=0.3865 val_L16_beta56.1944=0.5056 val_L16_beta57.2189=0.4437 val_L32_beta2.1926=0.8511 val_L32_beta2.4697=0.7931 val_L32_beta2.8622=0.8393 val_L32_beta4.994=0.5449 val_L32_beta8.069=0.5406 val_L32_beta11.2015=0.6680 val_L32_beta12.3504=0.6165 val_L32_beta12.688=0.7054 val_L32_beta14.1441=0.5723 val_L32_beta18.0708=0.3451 val_L32_beta18.6487=0.3842 val_L32_beta52.6284=0.5234 val_L8_beta1.4347=0.5779 val_L8_beta1.4977=0.8246 val_L8_beta1.7872=0.6637 val_L8_beta1.9783=0.6124 val_L8_beta2.4006=0.6592 val_L8_beta2.4786=0.7834 val_L32_beta2.0799=0.6548 val_L32_beta2.4378=0.7577 val_L32_beta2.5092=0.6957 val_L32_beta4.0939=0.6383 val_L32_beta4.2586=0.5331 val_L32_beta4.2761=0.6268 val_L32_beta5.2987=0.6203 val_L32_beta5.7905=0.6216 val_L32_beta6.1747=0.5505 val_L32_beta8.7467=0.7669 val_L32_beta8.9764=0.6041 val_L32_beta9.3874=0.4376 val_L32_beta9.5767=0.6207 val_L32_beta9.6729=0.6484 val_L32_beta10.8745=0.6520 val_L32_beta11.9792=0.6569 val_L32_beta25.9011=0.5219 val_L32_beta30.6638=0.4812 val_L32_beta31.4382=0.4496 val_L32_beta40.9956=0.4327 val_L32_beta43.8647=0.6211 val_L32_beta44.3339=0.4385 val_L32_beta44.5075=0.5532 val_L32_beta50.1987=0.4222 val_total=62.6926
epoch  53  train=0.6268  val_L16_beta14.1464=0.5419 val_L16_beta25=0.5200 val_L16_beta40=0.5361 val_L16_beta55.0237=0.5204 val_L16_beta1.0119=0.7177 val_L16_beta1.0397=0.7736 val_L16_beta1.0743=0.6793 val_L16_beta1.2464=0.7125 val_L16_beta1.2749=0.6094 val_L16_beta1.7484=0.4935 val_L16_beta1.8367=0.7552 val_L16_beta1.8781=0.6684 val_L16_beta2.122=0.5124 val_L16_beta2.1285=0.7290 val_L16_beta2.1757=0.5898 val_L16_beta2.1862=0.5643 val_L16_beta2.2983=0.5805 val_L16_beta2.3046=0.7617 val_L16_beta2.3454=0.6199 val_L16_beta2.7647=0.7157 val_L16_beta3.1518=0.6625 val_L16_beta3.1669=0.6980 val_L16_beta3.2922=0.4628 val_L16_beta3.3842=0.6209 val_L16_beta3.4006=0.5735 val_L16_beta3.6231=0.7264 val_L16_beta3.7225=0.6792 val_L16_beta4.0764=0.6539 val_L16_beta4.7323=0.6715 val_L16_beta4.7632=0.5688 val_L16_beta5.586=0.6161 val_L16_beta6.2411=0.4587 val_L16_beta6.4184=0.4847 val_L16_beta6.8771=0.3933 val_L16_beta8.3946=0.4890 val_L16_beta8.4548=0.5230 val_L16_beta8.7139=0.6171 val_L16_beta9.287=0.7109 val_L16_beta9.571=0.4862 val_L16_beta9.8499=0.5151 val_L16_beta10.2188=0.5303 val_L16_beta11.8501=0.5990 val_L16_beta11.8784=0.5287 val_L16_beta12.9259=0.5235 val_L16_beta14.4687=0.6127 val_L16_beta15.5366=0.4865 val_L16_beta17.502=0.4979 val_L16_beta17.7602=0.6862 val_L16_beta19.403=0.5746 val_L16_beta20.2412=0.6574 val_L16_beta21.8857=0.5142 val_L16_beta27.0442=0.5888 val_L16_beta27.3387=0.5773 val_L16_beta27.7875=0.5824 val_L16_beta30.5978=0.5876 val_L16_beta33.325=0.5314 val_L16_beta34.3422=0.5057 val_L16_beta38.5957=0.4235 val_L16_beta39.6475=0.4424 val_L16_beta47.0386=0.4528 val_L16_beta47.4228=0.5689 val_L16_beta54.11=0.3805 val_L16_beta56.1944=0.5163 val_L16_beta57.2189=0.4413 val_L32_beta2.1926=0.8362 val_L32_beta2.4697=0.9724 val_L32_beta2.8622=0.7816 val_L32_beta4.994=0.5443 val_L32_beta8.069=0.5219 val_L32_beta11.2015=0.6794 val_L32_beta12.3504=0.6179 val_L32_beta12.688=0.7171 val_L32_beta14.1441=0.5689 val_L32_beta18.0708=0.3467 val_L32_beta18.6487=0.3933 val_L32_beta52.6284=0.5516 val_L8_beta1.4347=0.5256 val_L8_beta1.4977=0.7421 val_L8_beta1.7872=0.5947 val_L8_beta1.9783=0.5788 val_L8_beta2.4006=0.6011 val_L8_beta2.4786=0.7121 val_L32_beta2.0799=0.6220 val_L32_beta2.4378=0.7889 val_L32_beta2.5092=0.8528 val_L32_beta4.0939=0.6047 val_L32_beta4.2586=0.5367 val_L32_beta4.2761=0.6246 val_L32_beta5.2987=0.6135 val_L32_beta5.7905=0.5735 val_L32_beta6.1747=0.5695 val_L32_beta8.7467=0.7609 val_L32_beta8.9764=0.6121 val_L32_beta9.3874=0.4359 val_L32_beta9.5767=0.6259 val_L32_beta9.6729=0.6415 val_L32_beta10.8745=0.6595 val_L32_beta11.9792=0.6535 val_L32_beta25.9011=0.5131 val_L32_beta30.6638=0.4915 val_L32_beta31.4382=0.4394 val_L32_beta40.9956=0.4447 val_L32_beta43.8647=0.6190 val_L32_beta44.3339=0.4725 val_L32_beta44.5075=0.5079 val_L32_beta50.1987=0.4058 val_total=62.3780
epoch  54  train=0.6266  val_L16_beta14.1464=0.5323 val_L16_beta25=0.5243 val_L16_beta40=0.5372 val_L16_beta55.0237=0.5186 val_L16_beta1.0119=0.7528 val_L16_beta1.0397=0.7563 val_L16_beta1.0743=0.7026 val_L16_beta1.2464=0.6809 val_L16_beta1.2749=0.6102 val_L16_beta1.7484=0.4916 val_L16_beta1.8367=0.7745 val_L16_beta1.8781=0.6595 val_L16_beta2.122=0.5433 val_L16_beta2.1285=0.7314 val_L16_beta2.1757=0.5807 val_L16_beta2.1862=0.5493 val_L16_beta2.2983=0.5710 val_L16_beta2.3046=0.6968 val_L16_beta2.3454=0.6186 val_L16_beta2.7647=0.7315 val_L16_beta3.1518=0.6313 val_L16_beta3.1669=0.7074 val_L16_beta3.2922=0.4610 val_L16_beta3.3842=0.6241 val_L16_beta3.4006=0.5822 val_L16_beta3.6231=0.6955 val_L16_beta3.7225=0.6969 val_L16_beta4.0764=0.6492 val_L16_beta4.7323=0.7123 val_L16_beta4.7632=0.5547 val_L16_beta5.586=0.6346 val_L16_beta6.2411=0.4514 val_L16_beta6.4184=0.4764 val_L16_beta6.8771=0.3820 val_L16_beta8.3946=0.4871 val_L16_beta8.4548=0.5100 val_L16_beta8.7139=0.6256 val_L16_beta9.287=0.7154 val_L16_beta9.571=0.4882 val_L16_beta9.8499=0.4879 val_L16_beta10.2188=0.5617 val_L16_beta11.8501=0.6019 val_L16_beta11.8784=0.5499 val_L16_beta12.9259=0.5339 val_L16_beta14.4687=0.6232 val_L16_beta15.5366=0.4920 val_L16_beta17.502=0.5103 val_L16_beta17.7602=0.6916 val_L16_beta19.403=0.5646 val_L16_beta20.2412=0.6974 val_L16_beta21.8857=0.5402 val_L16_beta27.0442=0.5818 val_L16_beta27.3387=0.5937 val_L16_beta27.7875=0.5834 val_L16_beta30.5978=0.5777 val_L16_beta33.325=0.5006 val_L16_beta34.3422=0.5093 val_L16_beta38.5957=0.4308 val_L16_beta39.6475=0.4451 val_L16_beta47.0386=0.4690 val_L16_beta47.4228=0.5564 val_L16_beta54.11=0.4014 val_L16_beta56.1944=0.5182 val_L16_beta57.2189=0.4457 val_L32_beta2.1926=0.9019 val_L32_beta2.4697=0.8092 val_L32_beta2.8622=0.7969 val_L32_beta4.994=0.5708 val_L32_beta8.069=0.5419 val_L32_beta11.2015=0.6691 val_L32_beta12.3504=0.7015 val_L32_beta12.688=0.7145 val_L32_beta14.1441=0.5737 val_L32_beta18.0708=0.3444 val_L32_beta18.6487=0.3882 val_L32_beta52.6284=0.5527 val_L8_beta1.4347=0.5123 val_L8_beta1.4977=0.7323 val_L8_beta1.7872=0.6547 val_L8_beta1.9783=0.6093 val_L8_beta2.4006=0.6650 val_L8_beta2.4786=0.6943 val_L32_beta2.0799=0.7040 val_L32_beta2.4378=0.7260 val_L32_beta2.5092=0.6626 val_L32_beta4.0939=0.5912 val_L32_beta4.2586=0.5355 val_L32_beta4.2761=0.6217 val_L32_beta5.2987=0.6384 val_L32_beta5.7905=0.5974 val_L32_beta6.1747=0.5512 val_L32_beta8.7467=0.7690 val_L32_beta8.9764=0.6147 val_L32_beta9.3874=0.4284 val_L32_beta9.5767=0.6332 val_L32_beta9.6729=0.6484 val_L32_beta10.8745=0.6411 val_L32_beta11.9792=0.6491 val_L32_beta25.9011=0.5108 val_L32_beta30.6638=0.5272 val_L32_beta31.4382=0.4370 val_L32_beta40.9956=0.4450 val_L32_beta43.8647=0.6160 val_L32_beta44.3339=0.4445 val_L32_beta44.5075=0.5078 val_L32_beta50.1987=0.4367 val_total=62.4863
epoch  55  train=0.6282  val_L16_beta14.1464=0.5372 val_L16_beta25=0.5193 val_L16_beta40=0.5380 val_L16_beta55.0237=0.5191 val_L16_beta1.0119=0.7351 val_L16_beta1.0397=0.7645 val_L16_beta1.0743=0.6603 val_L16_beta1.2464=0.6985 val_L16_beta1.2749=0.5962 val_L16_beta1.7484=0.4842 val_L16_beta1.8367=0.8009 val_L16_beta1.8781=0.6444 val_L16_beta2.122=0.5332 val_L16_beta2.1285=0.7018 val_L16_beta2.1757=0.6241 val_L16_beta2.1862=0.5711 val_L16_beta2.2983=0.5784 val_L16_beta2.3046=0.7593 val_L16_beta2.3454=0.6364 val_L16_beta2.7647=0.6743 val_L16_beta3.1518=0.6387 val_L16_beta3.1669=0.7219 val_L16_beta3.2922=0.4788 val_L16_beta3.3842=0.6189 val_L16_beta3.4006=0.5502 val_L16_beta3.6231=0.7059 val_L16_beta3.7225=0.6899 val_L16_beta4.0764=0.6609 val_L16_beta4.7323=0.6975 val_L16_beta4.7632=0.5563 val_L16_beta5.586=0.6181 val_L16_beta6.2411=0.4702 val_L16_beta6.4184=0.4834 val_L16_beta6.8771=0.4187 val_L16_beta8.3946=0.4677 val_L16_beta8.4548=0.5289 val_L16_beta8.7139=0.6378 val_L16_beta9.287=0.6817 val_L16_beta9.571=0.4927 val_L16_beta9.8499=0.5130 val_L16_beta10.2188=0.5363 val_L16_beta11.8501=0.5956 val_L16_beta11.8784=0.5416 val_L16_beta12.9259=0.4938 val_L16_beta14.4687=0.6418 val_L16_beta15.5366=0.4636 val_L16_beta17.502=0.5149 val_L16_beta17.7602=0.6796 val_L16_beta19.403=0.5355 val_L16_beta20.2412=0.6632 val_L16_beta21.8857=0.5191 val_L16_beta27.0442=0.5943 val_L16_beta27.3387=0.5984 val_L16_beta27.7875=0.5943 val_L16_beta30.5978=0.5778 val_L16_beta33.325=0.5089 val_L16_beta34.3422=0.5142 val_L16_beta38.5957=0.4171 val_L16_beta39.6475=0.4516 val_L16_beta47.0386=0.4585 val_L16_beta47.4228=0.5803 val_L16_beta54.11=0.3745 val_L16_beta56.1944=0.5249 val_L16_beta57.2189=0.4163 val_L32_beta2.1926=0.8034 val_L32_beta2.4697=0.8536 val_L32_beta2.8622=0.7717 val_L32_beta4.994=0.5446 val_L32_beta8.069=0.5217 val_L32_beta11.2015=0.6670 val_L32_beta12.3504=0.6253 val_L32_beta12.688=0.7242 val_L32_beta14.1441=0.5695 val_L32_beta18.0708=0.3434 val_L32_beta18.6487=0.3858 val_L32_beta52.6284=0.5298 val_L8_beta1.4347=0.5365 val_L8_beta1.4977=0.7231 val_L8_beta1.7872=0.6274 val_L8_beta1.9783=0.6000 val_L8_beta2.4006=0.6448 val_L8_beta2.4786=0.7017 val_L32_beta2.0799=0.6608 val_L32_beta2.4378=0.7352 val_L32_beta2.5092=0.6756 val_L32_beta4.0939=0.6009 val_L32_beta4.2586=0.5293 val_L32_beta4.2761=0.6103 val_L32_beta5.2987=0.6135 val_L32_beta5.7905=0.6231 val_L32_beta6.1747=0.5398 val_L32_beta8.7467=0.7518 val_L32_beta8.9764=0.6177 val_L32_beta9.3874=0.4377 val_L32_beta9.5767=0.6214 val_L32_beta9.6729=0.6496 val_L32_beta10.8745=0.6678 val_L32_beta11.9792=0.6468 val_L32_beta25.9011=0.5044 val_L32_beta30.6638=0.4776 val_L32_beta31.4382=0.4502 val_L32_beta40.9956=0.4445 val_L32_beta43.8647=0.6187 val_L32_beta44.3339=0.4456 val_L32_beta44.5075=0.4994 val_L32_beta50.1987=0.4103 val_total=62.0094
epoch  56  train=0.6223  val_L16_beta14.1464=0.5483 val_L16_beta25=0.5215 val_L16_beta40=0.5344 val_L16_beta55.0237=0.5121 val_L16_beta1.0119=0.7103 val_L16_beta1.0397=0.7578 val_L16_beta1.0743=0.6892 val_L16_beta1.2464=0.6985 val_L16_beta1.2749=0.6240 val_L16_beta1.7484=0.4750 val_L16_beta1.8367=0.8071 val_L16_beta1.8781=0.6428 val_L16_beta2.122=0.5455 val_L16_beta2.1285=0.7162 val_L16_beta2.1757=0.6243 val_L16_beta2.1862=0.5946 val_L16_beta2.2983=0.5810 val_L16_beta2.3046=0.7375 val_L16_beta2.3454=0.6290 val_L16_beta2.7647=0.7221 val_L16_beta3.1518=0.6955 val_L16_beta3.1669=0.7219 val_L16_beta3.2922=0.4544 val_L16_beta3.3842=0.6005 val_L16_beta3.4006=0.5553 val_L16_beta3.6231=0.7054 val_L16_beta3.7225=0.7099 val_L16_beta4.0764=0.6475 val_L16_beta4.7323=0.6981 val_L16_beta4.7632=0.5488 val_L16_beta5.586=0.6008 val_L16_beta6.2411=0.4523 val_L16_beta6.4184=0.4899 val_L16_beta6.8771=0.3824 val_L16_beta8.3946=0.4735 val_L16_beta8.4548=0.5381 val_L16_beta8.7139=0.6359 val_L16_beta9.287=0.6835 val_L16_beta9.571=0.4858 val_L16_beta9.8499=0.5085 val_L16_beta10.2188=0.5310 val_L16_beta11.8501=0.6184 val_L16_beta11.8784=0.5231 val_L16_beta12.9259=0.4993 val_L16_beta14.4687=0.6280 val_L16_beta15.5366=0.4777 val_L16_beta17.502=0.5030 val_L16_beta17.7602=0.7052 val_L16_beta19.403=0.5632 val_L16_beta20.2412=0.6604 val_L16_beta21.8857=0.5296 val_L16_beta27.0442=0.5797 val_L16_beta27.3387=0.5677 val_L16_beta27.7875=0.5908 val_L16_beta30.5978=0.5834 val_L16_beta33.325=0.5119 val_L16_beta34.3422=0.5239 val_L16_beta38.5957=0.4171 val_L16_beta39.6475=0.4642 val_L16_beta47.0386=0.4751 val_L16_beta47.4228=0.5650 val_L16_beta54.11=0.3853 val_L16_beta56.1944=0.5096 val_L16_beta57.2189=0.4288 val_L32_beta2.1926=0.8521 val_L32_beta2.4697=0.8967 val_L32_beta2.8622=0.7706 val_L32_beta4.994=0.5490 val_L32_beta8.069=0.5256 val_L32_beta11.2015=0.6689 val_L32_beta12.3504=0.6291 val_L32_beta12.688=0.7201 val_L32_beta14.1441=0.5788 val_L32_beta18.0708=0.3476 val_L32_beta18.6487=0.3841 val_L32_beta52.6284=0.5490 val_L8_beta1.4347=0.5632 val_L8_beta1.4977=0.6990 val_L8_beta1.7872=0.6639 val_L8_beta1.9783=0.6131 val_L8_beta2.4006=0.6184 val_L8_beta2.4786=0.7145 val_L32_beta2.0799=0.6541 val_L32_beta2.4378=0.7336 val_L32_beta2.5092=0.6127 val_L32_beta4.0939=0.5968 val_L32_beta4.2586=0.5338 val_L32_beta4.2761=0.6243 val_L32_beta5.2987=0.6106 val_L32_beta5.7905=0.5853 val_L32_beta6.1747=0.5539 val_L32_beta8.7467=0.7669 val_L32_beta8.9764=0.6182 val_L32_beta9.3874=0.4349 val_L32_beta9.5767=0.6003 val_L32_beta9.6729=0.6393 val_L32_beta10.8745=0.6525 val_L32_beta11.9792=0.6525 val_L32_beta25.9011=0.5197 val_L32_beta30.6638=0.4802 val_L32_beta31.4382=0.4405 val_L32_beta40.9956=0.4434 val_L32_beta43.8647=0.6042 val_L32_beta44.3339=0.4308 val_L32_beta44.5075=0.5032 val_L32_beta50.1987=0.4320 val_total=62.1676
epoch  57  train=0.6241  val_L16_beta14.1464=0.5464 val_L16_beta25=0.5275 val_L16_beta40=0.5484 val_L16_beta55.0237=0.5260 val_L16_beta1.0119=0.7027 val_L16_beta1.0397=0.7785 val_L16_beta1.0743=0.6540 val_L16_beta1.2464=0.7220 val_L16_beta1.2749=0.6205 val_L16_beta1.7484=0.4687 val_L16_beta1.8367=0.8171 val_L16_beta1.8781=0.6290 val_L16_beta2.122=0.5573 val_L16_beta2.1285=0.7517 val_L16_beta2.1757=0.6140 val_L16_beta2.1862=0.5777 val_L16_beta2.2983=0.5830 val_L16_beta2.3046=0.6887 val_L16_beta2.3454=0.6598 val_L16_beta2.7647=0.7296 val_L16_beta3.1518=0.6521 val_L16_beta3.1669=0.7138 val_L16_beta3.2922=0.4741 val_L16_beta3.3842=0.6198 val_L16_beta3.4006=0.5429 val_L16_beta3.6231=0.7099 val_L16_beta3.7225=0.7057 val_L16_beta4.0764=0.6461 val_L16_beta4.7323=0.6730 val_L16_beta4.7632=0.5547 val_L16_beta5.586=0.6138 val_L16_beta6.2411=0.4653 val_L16_beta6.4184=0.4803 val_L16_beta6.8771=0.4127 val_L16_beta8.3946=0.4716 val_L16_beta8.4548=0.5163 val_L16_beta8.7139=0.6240 val_L16_beta9.287=0.6889 val_L16_beta9.571=0.4907 val_L16_beta9.8499=0.5024 val_L16_beta10.2188=0.5324 val_L16_beta11.8501=0.5808 val_L16_beta11.8784=0.5376 val_L16_beta12.9259=0.5115 val_L16_beta14.4687=0.6153 val_L16_beta15.5366=0.4531 val_L16_beta17.502=0.5135 val_L16_beta17.7602=0.6897 val_L16_beta19.403=0.5594 val_L16_beta20.2412=0.6595 val_L16_beta21.8857=0.5351 val_L16_beta27.0442=0.6152 val_L16_beta27.3387=0.5959 val_L16_beta27.7875=0.5964 val_L16_beta30.5978=0.5704 val_L16_beta33.325=0.5067 val_L16_beta34.3422=0.5029 val_L16_beta38.5957=0.4099 val_L16_beta39.6475=0.4752 val_L16_beta47.0386=0.4445 val_L16_beta47.4228=0.5833 val_L16_beta54.11=0.3795 val_L16_beta56.1944=0.5218 val_L16_beta57.2189=0.4237 val_L32_beta2.1926=0.8566 val_L32_beta2.4697=0.9026 val_L32_beta2.8622=0.7366 val_L32_beta4.994=0.5579 val_L32_beta8.069=0.5386 val_L32_beta11.2015=0.6888 val_L32_beta12.3504=0.6753 val_L32_beta12.688=0.7182 val_L32_beta14.1441=0.5855 val_L32_beta18.0708=0.3689 val_L32_beta18.6487=0.4002 val_L32_beta52.6284=0.5576 val_L8_beta1.4347=0.4997 val_L8_beta1.4977=0.7746 val_L8_beta1.7872=0.6176 val_L8_beta1.9783=0.5805 val_L8_beta2.4006=0.6187 val_L8_beta2.4786=0.7128 val_L32_beta2.0799=0.6619 val_L32_beta2.4378=0.7162 val_L32_beta2.5092=0.6422 val_L32_beta4.0939=0.6207 val_L32_beta4.2586=0.5592 val_L32_beta4.2761=0.6302 val_L32_beta5.2987=0.6306 val_L32_beta5.7905=0.6131 val_L32_beta6.1747=0.5703 val_L32_beta8.7467=0.7716 val_L32_beta8.9764=0.6217 val_L32_beta9.3874=0.4502 val_L32_beta9.5767=0.6313 val_L32_beta9.6729=0.6523 val_L32_beta10.8745=0.6533 val_L32_beta11.9792=0.6603 val_L32_beta25.9011=0.5358 val_L32_beta30.6638=0.4722 val_L32_beta31.4382=0.4714 val_L32_beta40.9956=0.4687 val_L32_beta43.8647=0.6213 val_L32_beta44.3339=0.4695 val_L32_beta44.5075=0.5201 val_L32_beta50.1987=0.4133 val_total=62.5221
epoch  58  train=0.6284  val_L16_beta14.1464=0.5391 val_L16_beta25=0.5235 val_L16_beta40=0.5351 val_L16_beta55.0237=0.5141 val_L16_beta1.0119=0.7350 val_L16_beta1.0397=0.7819 val_L16_beta1.0743=0.6722 val_L16_beta1.2464=0.7069 val_L16_beta1.2749=0.6497 val_L16_beta1.7484=0.4949 val_L16_beta1.8367=0.7884 val_L16_beta1.8781=0.6274 val_L16_beta2.122=0.5361 val_L16_beta2.1285=0.7140 val_L16_beta2.1757=0.6150 val_L16_beta2.1862=0.5598 val_L16_beta2.2983=0.5732 val_L16_beta2.3046=0.7445 val_L16_beta2.3454=0.6261 val_L16_beta2.7647=0.7022 val_L16_beta3.1518=0.6554 val_L16_beta3.1669=0.7317 val_L16_beta3.2922=0.4634 val_L16_beta3.3842=0.6191 val_L16_beta3.4006=0.5419 val_L16_beta3.6231=0.6963 val_L16_beta3.7225=0.6776 val_L16_beta4.0764=0.6719 val_L16_beta4.7323=0.7097 val_L16_beta4.7632=0.5535 val_L16_beta5.586=0.5838 val_L16_beta6.2411=0.4596 val_L16_beta6.4184=0.4858 val_L16_beta6.8771=0.3995 val_L16_beta8.3946=0.5055 val_L16_beta8.4548=0.5383 val_L16_beta8.7139=0.6253 val_L16_beta9.287=0.6571 val_L16_beta9.571=0.4832 val_L16_beta9.8499=0.5009 val_L16_beta10.2188=0.5324 val_L16_beta11.8501=0.5998 val_L16_beta11.8784=0.5352 val_L16_beta12.9259=0.4903 val_L16_beta14.4687=0.6531 val_L16_beta15.5366=0.4906 val_L16_beta17.502=0.4943 val_L16_beta17.7602=0.6885 val_L16_beta19.403=0.5572 val_L16_beta20.2412=0.6793 val_L16_beta21.8857=0.5032 val_L16_beta27.0442=0.5911 val_L16_beta27.3387=0.5595 val_L16_beta27.7875=0.5567 val_L16_beta30.5978=0.5562 val_L16_beta33.325=0.5291 val_L16_beta34.3422=0.4996 val_L16_beta38.5957=0.4227 val_L16_beta39.6475=0.4563 val_L16_beta47.0386=0.4988 val_L16_beta47.4228=0.5893 val_L16_beta54.11=0.3867 val_L16_beta56.1944=0.5173 val_L16_beta57.2189=0.4343 val_L32_beta2.1926=0.8960 val_L32_beta2.4697=0.9016 val_L32_beta2.8622=0.8364 val_L32_beta4.994=0.5517 val_L32_beta8.069=0.5234 val_L32_beta11.2015=0.6810 val_L32_beta12.3504=0.6208 val_L32_beta12.688=0.7266 val_L32_beta14.1441=0.5599 val_L32_beta18.0708=0.3493 val_L32_beta18.6487=0.3892 val_L32_beta52.6284=0.5274 val_L8_beta1.4347=0.5670 val_L8_beta1.4977=0.7320 val_L8_beta1.7872=0.6410 val_L8_beta1.9783=0.6190 val_L8_beta2.4006=0.6647 val_L8_beta2.4786=0.6918 val_L32_beta2.0799=0.7761 val_L32_beta2.4378=0.7543 val_L32_beta2.5092=0.6334 val_L32_beta4.0939=0.5899 val_L32_beta4.2586=0.5217 val_L32_beta4.2761=0.6253 val_L32_beta5.2987=0.6127 val_L32_beta5.7905=0.5839 val_L32_beta6.1747=0.5736 val_L32_beta8.7467=0.7455 val_L32_beta8.9764=0.6219 val_L32_beta9.3874=0.4354 val_L32_beta9.5767=0.6165 val_L32_beta9.6729=0.6254 val_L32_beta10.8745=0.6525 val_L32_beta11.9792=0.6393 val_L32_beta25.9011=0.5087 val_L32_beta30.6638=0.4853 val_L32_beta31.4382=0.4443 val_L32_beta40.9956=0.4514 val_L32_beta43.8647=0.6113 val_L32_beta44.3339=0.4465 val_L32_beta44.5075=0.5413 val_L32_beta50.1987=0.3980 val_total=62.3930
epoch  59  train=0.6282  val_L16_beta14.1464=0.5333 val_L16_beta25=0.5231 val_L16_beta40=0.5494 val_L16_beta55.0237=0.5167 val_L16_beta1.0119=0.7137 val_L16_beta1.0397=0.7858 val_L16_beta1.0743=0.6701 val_L16_beta1.2464=0.6708 val_L16_beta1.2749=0.5914 val_L16_beta1.7484=0.5201 val_L16_beta1.8367=0.8000 val_L16_beta1.8781=0.6278 val_L16_beta2.122=0.5379 val_L16_beta2.1285=0.7511 val_L16_beta2.1757=0.5862 val_L16_beta2.1862=0.5612 val_L16_beta2.2983=0.5588 val_L16_beta2.3046=0.7210 val_L16_beta2.3454=0.6421 val_L16_beta2.7647=0.7160 val_L16_beta3.1518=0.6518 val_L16_beta3.1669=0.7167 val_L16_beta3.2922=0.4587 val_L16_beta3.3842=0.6101 val_L16_beta3.4006=0.5355 val_L16_beta3.6231=0.7464 val_L16_beta3.7225=0.6892 val_L16_beta4.0764=0.6306 val_L16_beta4.7323=0.7171 val_L16_beta4.7632=0.5577 val_L16_beta5.586=0.6140 val_L16_beta6.2411=0.4547 val_L16_beta6.4184=0.4834 val_L16_beta6.8771=0.4007 val_L16_beta8.3946=0.4757 val_L16_beta8.4548=0.5376 val_L16_beta8.7139=0.6239 val_L16_beta9.287=0.6970 val_L16_beta9.571=0.4828 val_L16_beta9.8499=0.4984 val_L16_beta10.2188=0.5508 val_L16_beta11.8501=0.6093 val_L16_beta11.8784=0.5307 val_L16_beta12.9259=0.5102 val_L16_beta14.4687=0.6379 val_L16_beta15.5366=0.5082 val_L16_beta17.502=0.5030 val_L16_beta17.7602=0.6749 val_L16_beta19.403=0.5553 val_L16_beta20.2412=0.6652 val_L16_beta21.8857=0.5158 val_L16_beta27.0442=0.5983 val_L16_beta27.3387=0.5944 val_L16_beta27.7875=0.5959 val_L16_beta30.5978=0.5605 val_L16_beta33.325=0.5192 val_L16_beta34.3422=0.4968 val_L16_beta38.5957=0.4350 val_L16_beta39.6475=0.4542 val_L16_beta47.0386=0.4624 val_L16_beta47.4228=0.5637 val_L16_beta54.11=0.3787 val_L16_beta56.1944=0.5309 val_L16_beta57.2189=0.4311 val_L32_beta2.1926=0.8184 val_L32_beta2.4697=0.9073 val_L32_beta2.8622=0.7532 val_L32_beta4.994=0.5321 val_L32_beta8.069=0.5239 val_L32_beta11.2015=0.6750 val_L32_beta12.3504=0.6360 val_L32_beta12.688=0.7015 val_L32_beta14.1441=0.5677 val_L32_beta18.0708=0.3507 val_L32_beta18.6487=0.3863 val_L32_beta52.6284=0.5669 val_L8_beta1.4347=0.5007 val_L8_beta1.4977=0.7108 val_L8_beta1.7872=0.6171 val_L8_beta1.9783=0.5509 val_L8_beta2.4006=0.6394 val_L8_beta2.4786=0.6710 val_L32_beta2.0799=0.6373 val_L32_beta2.4378=0.6885 val_L32_beta2.5092=0.5991 val_L32_beta4.0939=0.5984 val_L32_beta4.2586=0.5589 val_L32_beta4.2761=0.6386 val_L32_beta5.2987=0.6188 val_L32_beta5.7905=0.5939 val_L32_beta6.1747=0.5887 val_L32_beta8.7467=0.7518 val_L32_beta8.9764=0.6080 val_L32_beta9.3874=0.4254 val_L32_beta9.5767=0.6399 val_L32_beta9.6729=0.6371 val_L32_beta10.8745=0.6612 val_L32_beta11.9792=0.6601 val_L32_beta25.9011=0.5185 val_L32_beta30.6638=0.4869 val_L32_beta31.4382=0.4278 val_L32_beta40.9956=0.4359 val_L32_beta43.8647=0.6108 val_L32_beta44.3339=0.4460 val_L32_beta44.5075=0.5036 val_L32_beta50.1987=0.4188 val_total=61.9043
epoch  60  train=0.6306  val_L16_beta14.1464=0.5449 val_L16_beta25=0.5328 val_L16_beta40=0.5370 val_L16_beta55.0237=0.5125 val_L16_beta1.0119=0.7143 val_L16_beta1.0397=0.7964 val_L16_beta1.0743=0.6648 val_L16_beta1.2464=0.6848 val_L16_beta1.2749=0.6164 val_L16_beta1.7484=0.5195 val_L16_beta1.8367=0.7822 val_L16_beta1.8781=0.6271 val_L16_beta2.122=0.5576 val_L16_beta2.1285=0.7447 val_L16_beta2.1757=0.6104 val_L16_beta2.1862=0.5650 val_L16_beta2.2983=0.5527 val_L16_beta2.3046=0.7299 val_L16_beta2.3454=0.6397 val_L16_beta2.7647=0.6917 val_L16_beta3.1518=0.6627 val_L16_beta3.1669=0.7174 val_L16_beta3.2922=0.4639 val_L16_beta3.3842=0.6098 val_L16_beta3.4006=0.5528 val_L16_beta3.6231=0.7428 val_L16_beta3.7225=0.7061 val_L16_beta4.0764=0.6456 val_L16_beta4.7323=0.6891 val_L16_beta4.7632=0.5521 val_L16_beta5.586=0.6034 val_L16_beta6.2411=0.4640 val_L16_beta6.4184=0.4739 val_L16_beta6.8771=0.3934 val_L16_beta8.3946=0.4830 val_L16_beta8.4548=0.5191 val_L16_beta8.7139=0.6200 val_L16_beta9.287=0.6995 val_L16_beta9.571=0.4778 val_L16_beta9.8499=0.5128 val_L16_beta10.2188=0.5260 val_L16_beta11.8501=0.6040 val_L16_beta11.8784=0.5409 val_L16_beta12.9259=0.5230 val_L16_beta14.4687=0.6506 val_L16_beta15.5366=0.4667 val_L16_beta17.502=0.4974 val_L16_beta17.7602=0.6997 val_L16_beta19.403=0.5786 val_L16_beta20.2412=0.6773 val_L16_beta21.8857=0.5188 val_L16_beta27.0442=0.5935 val_L16_beta27.3387=0.5400 val_L16_beta27.7875=0.5909 val_L16_beta30.5978=0.5676 val_L16_beta33.325=0.5039 val_L16_beta34.3422=0.4835 val_L16_beta38.5957=0.4104 val_L16_beta39.6475=0.4672 val_L16_beta47.0386=0.4659 val_L16_beta47.4228=0.5584 val_L16_beta54.11=0.3909 val_L16_beta56.1944=0.5748 val_L16_beta57.2189=0.4371 val_L32_beta2.1926=0.8635 val_L32_beta2.4697=0.8366 val_L32_beta2.8622=0.6919 val_L32_beta4.994=0.5316 val_L32_beta8.069=0.5229 val_L32_beta11.2015=0.6674 val_L32_beta12.3504=0.6553 val_L32_beta12.688=0.7142 val_L32_beta14.1441=0.5706 val_L32_beta18.0708=0.3522 val_L32_beta18.6487=0.3828 val_L32_beta52.6284=0.5267 val_L8_beta1.4347=0.5347 val_L8_beta1.4977=0.7025 val_L8_beta1.7872=0.6188 val_L8_beta1.9783=0.6665 val_L8_beta2.4006=0.6758 val_L8_beta2.4786=0.7258 val_L32_beta2.0799=0.7117 val_L32_beta2.4378=0.7561 val_L32_beta2.5092=0.6251 val_L32_beta4.0939=0.6063 val_L32_beta4.2586=0.5392 val_L32_beta4.2761=0.6348 val_L32_beta5.2987=0.6187 val_L32_beta5.7905=0.5768 val_L32_beta6.1747=0.5476 val_L32_beta8.7467=0.7713 val_L32_beta8.9764=0.6103 val_L32_beta9.3874=0.4334 val_L32_beta9.5767=0.6151 val_L32_beta9.6729=0.6311 val_L32_beta10.8745=0.6467 val_L32_beta11.9792=0.6490 val_L32_beta25.9011=0.5064 val_L32_beta30.6638=0.4782 val_L32_beta31.4382=0.4363 val_L32_beta40.9956=0.4474 val_L32_beta43.8647=0.6061 val_L32_beta44.3339=0.4406 val_L32_beta44.5075=0.5064 val_L32_beta50.1987=0.4230 val_total=62.1378
epoch  61  train=0.6296  val_L16_beta14.1464=0.5374 val_L16_beta25=0.5223 val_L16_beta40=0.5317 val_L16_beta55.0237=0.5159 val_L16_beta1.0119=0.7423 val_L16_beta1.0397=0.7581 val_L16_beta1.0743=0.7021 val_L16_beta1.2464=0.6986 val_L16_beta1.2749=0.6093 val_L16_beta1.7484=0.4958 val_L16_beta1.8367=0.8219 val_L16_beta1.8781=0.6434 val_L16_beta2.122=0.5770 val_L16_beta2.1285=0.7036 val_L16_beta2.1757=0.6095 val_L16_beta2.1862=0.5624 val_L16_beta2.2983=0.5662 val_L16_beta2.3046=0.7405 val_L16_beta2.3454=0.6502 val_L16_beta2.7647=0.6902 val_L16_beta3.1518=0.6367 val_L16_beta3.1669=0.7037 val_L16_beta3.2922=0.4753 val_L16_beta3.3842=0.6242 val_L16_beta3.4006=0.5531 val_L16_beta3.6231=0.7058 val_L16_beta3.7225=0.6797 val_L16_beta4.0764=0.6692 val_L16_beta4.7323=0.6999 val_L16_beta4.7632=0.5624 val_L16_beta5.586=0.6173 val_L16_beta6.2411=0.4315 val_L16_beta6.4184=0.4624 val_L16_beta6.8771=0.4040 val_L16_beta8.3946=0.4569 val_L16_beta8.4548=0.5301 val_L16_beta8.7139=0.6282 val_L16_beta9.287=0.6697 val_L16_beta9.571=0.4641 val_L16_beta9.8499=0.5147 val_L16_beta10.2188=0.5450 val_L16_beta11.8501=0.5954 val_L16_beta11.8784=0.5358 val_L16_beta12.9259=0.5110 val_L16_beta14.4687=0.6135 val_L16_beta15.5366=0.4874 val_L16_beta17.502=0.4967 val_L16_beta17.7602=0.6713 val_L16_beta19.403=0.5454 val_L16_beta20.2412=0.6676 val_L16_beta21.8857=0.5285 val_L16_beta27.0442=0.6006 val_L16_beta27.3387=0.5703 val_L16_beta27.7875=0.5983 val_L16_beta30.5978=0.5918 val_L16_beta33.325=0.5044 val_L16_beta34.3422=0.4951 val_L16_beta38.5957=0.4380 val_L16_beta39.6475=0.4680 val_L16_beta47.0386=0.4622 val_L16_beta47.4228=0.5452 val_L16_beta54.11=0.3869 val_L16_beta56.1944=0.5261 val_L16_beta57.2189=0.4493 val_L32_beta2.1926=0.8258 val_L32_beta2.4697=0.9386 val_L32_beta2.8622=0.7164 val_L32_beta4.994=0.5431 val_L32_beta8.069=0.5250 val_L32_beta11.2015=0.6704 val_L32_beta12.3504=0.6306 val_L32_beta12.688=0.7049 val_L32_beta14.1441=0.5631 val_L32_beta18.0708=0.3480 val_L32_beta18.6487=0.3806 val_L32_beta52.6284=0.5452 val_L8_beta1.4347=0.5074 val_L8_beta1.4977=0.7239 val_L8_beta1.7872=0.6372 val_L8_beta1.9783=0.6177 val_L8_beta2.4006=0.6264 val_L8_beta2.4786=0.7279 val_L32_beta2.0799=0.7068 val_L32_beta2.4378=0.6880 val_L32_beta2.5092=0.6200 val_L32_beta4.0939=0.6051 val_L32_beta4.2586=0.5346 val_L32_beta4.2761=0.6294 val_L32_beta5.2987=0.6072 val_L32_beta5.7905=0.5842 val_L32_beta6.1747=0.5453 val_L32_beta8.7467=0.7476 val_L32_beta8.9764=0.6155 val_L32_beta9.3874=0.4406 val_L32_beta9.5767=0.6036 val_L32_beta9.6729=0.6325 val_L32_beta10.8745=0.6621 val_L32_beta11.9792=0.6363 val_L32_beta25.9011=0.5128 val_L32_beta30.6638=0.4647 val_L32_beta31.4382=0.4405 val_L32_beta40.9956=0.4420 val_L32_beta43.8647=0.6100 val_L32_beta44.3339=0.4370 val_L32_beta44.5075=0.4961 val_L32_beta50.1987=0.4080 val_total=61.9032
epoch  62  train=0.6294  val_L16_beta14.1464=0.5363 val_L16_beta25=0.5156 val_L16_beta40=0.5445 val_L16_beta55.0237=0.5177 val_L16_beta1.0119=0.7528 val_L16_beta1.0397=0.7677 val_L16_beta1.0743=0.6504 val_L16_beta1.2464=0.6903 val_L16_beta1.2749=0.6031 val_L16_beta1.7484=0.4964 val_L16_beta1.8367=0.8276 val_L16_beta1.8781=0.6274 val_L16_beta2.122=0.5415 val_L16_beta2.1285=0.7346 val_L16_beta2.1757=0.6135 val_L16_beta2.1862=0.5524 val_L16_beta2.2983=0.5291 val_L16_beta2.3046=0.7241 val_L16_beta2.3454=0.6196 val_L16_beta2.7647=0.6856 val_L16_beta3.1518=0.6445 val_L16_beta3.1669=0.7212 val_L16_beta3.2922=0.4590 val_L16_beta3.3842=0.6331 val_L16_beta3.4006=0.5760 val_L16_beta3.6231=0.6843 val_L16_beta3.7225=0.6689 val_L16_beta4.0764=0.6501 val_L16_beta4.7323=0.6778 val_L16_beta4.7632=0.5377 val_L16_beta5.586=0.6095 val_L16_beta6.2411=0.4494 val_L16_beta6.4184=0.4746 val_L16_beta6.8771=0.3895 val_L16_beta8.3946=0.4891 val_L16_beta8.4548=0.5039 val_L16_beta8.7139=0.6071 val_L16_beta9.287=0.6807 val_L16_beta9.571=0.4706 val_L16_beta9.8499=0.5073 val_L16_beta10.2188=0.5256 val_L16_beta11.8501=0.6186 val_L16_beta11.8784=0.5479 val_L16_beta12.9259=0.5271 val_L16_beta14.4687=0.6407 val_L16_beta15.5366=0.4587 val_L16_beta17.502=0.4911 val_L16_beta17.7602=0.6959 val_L16_beta19.403=0.5472 val_L16_beta20.2412=0.6712 val_L16_beta21.8857=0.5240 val_L16_beta27.0442=0.5795 val_L16_beta27.3387=0.5589 val_L16_beta27.7875=0.5896 val_L16_beta30.5978=0.5851 val_L16_beta33.325=0.4991 val_L16_beta34.3422=0.5171 val_L16_beta38.5957=0.4206 val_L16_beta39.6475=0.4519 val_L16_beta47.0386=0.4693 val_L16_beta47.4228=0.5483 val_L16_beta54.11=0.3875 val_L16_beta56.1944=0.5139 val_L16_beta57.2189=0.4430 val_L32_beta2.1926=0.8489 val_L32_beta2.4697=0.8295 val_L32_beta2.8622=0.7924 val_L32_beta4.994=0.5449 val_L32_beta8.069=0.5329 val_L32_beta11.2015=0.6759 val_L32_beta12.3504=0.6194 val_L32_beta12.688=0.7535 val_L32_beta14.1441=0.5765 val_L32_beta18.0708=0.3405 val_L32_beta18.6487=0.3989 val_L32_beta52.6284=0.5388 val_L8_beta1.4347=0.4981 val_L8_beta1.4977=0.7481 val_L8_beta1.7872=0.6358 val_L8_beta1.9783=0.6332 val_L8_beta2.4006=0.6526 val_L8_beta2.4786=0.7390 val_L32_beta2.0799=0.6938 val_L32_beta2.4378=0.7023 val_L32_beta2.5092=0.5830 val_L32_beta4.0939=0.5864 val_L32_beta4.2586=0.5290 val_L32_beta4.2761=0.6360 val_L32_beta5.2987=0.6098 val_L32_beta5.7905=0.5840 val_L32_beta6.1747=0.5601 val_L32_beta8.7467=0.7549 val_L32_beta8.9764=0.6190 val_L32_beta9.3874=0.4419 val_L32_beta9.5767=0.6188 val_L32_beta9.6729=0.6405 val_L32_beta10.8745=0.6414 val_L32_beta11.9792=0.6313 val_L32_beta25.9011=0.5106 val_L32_beta30.6638=0.4643 val_L32_beta31.4382=0.4301 val_L32_beta40.9956=0.4466 val_L32_beta43.8647=0.6125 val_L32_beta44.3339=0.4548 val_L32_beta44.5075=0.4979 val_L32_beta50.1987=0.4270 val_total=61.8109
epoch  63  train=0.6257  val_L16_beta14.1464=0.5369 val_L16_beta25=0.5234 val_L16_beta40=0.5360 val_L16_beta55.0237=0.5153 val_L16_beta1.0119=0.7537 val_L16_beta1.0397=0.7525 val_L16_beta1.0743=0.6717 val_L16_beta1.2464=0.6855 val_L16_beta1.2749=0.5955 val_L16_beta1.7484=0.4687 val_L16_beta1.8367=0.7964 val_L16_beta1.8781=0.6353 val_L16_beta2.122=0.5662 val_L16_beta2.1285=0.7193 val_L16_beta2.1757=0.6088 val_L16_beta2.1862=0.5708 val_L16_beta2.2983=0.5420 val_L16_beta2.3046=0.7411 val_L16_beta2.3454=0.6148 val_L16_beta2.7647=0.7175 val_L16_beta3.1518=0.6625 val_L16_beta3.1669=0.7253 val_L16_beta3.2922=0.4611 val_L16_beta3.3842=0.6307 val_L16_beta3.4006=0.5586 val_L16_beta3.6231=0.7200 val_L16_beta3.7225=0.6834 val_L16_beta4.0764=0.6441 val_L16_beta4.7323=0.6887 val_L16_beta4.7632=0.5905 val_L16_beta5.586=0.5817 val_L16_beta6.2411=0.4817 val_L16_beta6.4184=0.4768 val_L16_beta6.8771=0.4080 val_L16_beta8.3946=0.4533 val_L16_beta8.4548=0.5122 val_L16_beta8.7139=0.6162 val_L16_beta9.287=0.6937 val_L16_beta9.571=0.4886 val_L16_beta9.8499=0.5130 val_L16_beta10.2188=0.5477 val_L16_beta11.8501=0.6085 val_L16_beta11.8784=0.5340 val_L16_beta12.9259=0.5232 val_L16_beta14.4687=0.6508 val_L16_beta15.5366=0.4589 val_L16_beta17.502=0.5016 val_L16_beta17.7602=0.6903 val_L16_beta19.403=0.5477 val_L16_beta20.2412=0.6635 val_L16_beta21.8857=0.5202 val_L16_beta27.0442=0.5853 val_L16_beta27.3387=0.5776 val_L16_beta27.7875=0.5820 val_L16_beta30.5978=0.5786 val_L16_beta33.325=0.4967 val_L16_beta34.3422=0.5081 val_L16_beta38.5957=0.4335 val_L16_beta39.6475=0.4613 val_L16_beta47.0386=0.4758 val_L16_beta47.4228=0.5479 val_L16_beta54.11=0.3945 val_L16_beta56.1944=0.5443 val_L16_beta57.2189=0.4450 val_L32_beta2.1926=0.8953 val_L32_beta2.4697=0.9302 val_L32_beta2.8622=0.7049 val_L32_beta4.994=0.5477 val_L32_beta8.069=0.5433 val_L32_beta11.2015=0.6750 val_L32_beta12.3504=0.6178 val_L32_beta12.688=0.7202 val_L32_beta14.1441=0.5656 val_L32_beta18.0708=0.3407 val_L32_beta18.6487=0.3852 val_L32_beta52.6284=0.5384 val_L8_beta1.4347=0.5792 val_L8_beta1.4977=0.7310 val_L8_beta1.7872=0.5864 val_L8_beta1.9783=0.5926 val_L8_beta2.4006=0.6603 val_L8_beta2.4786=0.7548 val_L32_beta2.0799=0.6755 val_L32_beta2.4378=0.7022 val_L32_beta2.5092=0.6040 val_L32_beta4.0939=0.6032 val_L32_beta4.2586=0.5338 val_L32_beta4.2761=0.6713 val_L32_beta5.2987=0.6112 val_L32_beta5.7905=0.5717 val_L32_beta6.1747=0.5400 val_L32_beta8.7467=0.7362 val_L32_beta8.9764=0.6335 val_L32_beta9.3874=0.4483 val_L32_beta9.5767=0.6145 val_L32_beta9.6729=0.6449 val_L32_beta10.8745=0.6521 val_L32_beta11.9792=0.6496 val_L32_beta25.9011=0.4985 val_L32_beta30.6638=0.4669 val_L32_beta31.4382=0.4521 val_L32_beta40.9956=0.4445 val_L32_beta43.8647=0.6104 val_L32_beta44.3339=0.4417 val_L32_beta44.5075=0.5300 val_L32_beta50.1987=0.4276 val_total=62.1508
epoch  64  train=0.6269  val_L16_beta14.1464=0.5423 val_L16_beta25=0.5265 val_L16_beta40=0.5432 val_L16_beta55.0237=0.5201 val_L16_beta1.0119=0.7182 val_L16_beta1.0397=0.7748 val_L16_beta1.0743=0.6614 val_L16_beta1.2464=0.6950 val_L16_beta1.2749=0.6160 val_L16_beta1.7484=0.4904 val_L16_beta1.8367=0.8098 val_L16_beta1.8781=0.6506 val_L16_beta2.122=0.5683 val_L16_beta2.1285=0.7301 val_L16_beta2.1757=0.6008 val_L16_beta2.1862=0.5365 val_L16_beta2.2983=0.5932 val_L16_beta2.3046=0.7457 val_L16_beta2.3454=0.6267 val_L16_beta2.7647=0.7103 val_L16_beta3.1518=0.6334 val_L16_beta3.1669=0.7338 val_L16_beta3.2922=0.4771 val_L16_beta3.3842=0.6166 val_L16_beta3.4006=0.5630 val_L16_beta3.6231=0.7284 val_L16_beta3.7225=0.6861 val_L16_beta4.0764=0.6332 val_L16_beta4.7323=0.7052 val_L16_beta4.7632=0.5393 val_L16_beta5.586=0.5901 val_L16_beta6.2411=0.4375 val_L16_beta6.4184=0.4811 val_L16_beta6.8771=0.4054 val_L16_beta8.3946=0.4676 val_L16_beta8.4548=0.5168 val_L16_beta8.7139=0.6368 val_L16_beta9.287=0.7393 val_L16_beta9.571=0.5045 val_L16_beta9.8499=0.5121 val_L16_beta10.2188=0.5269 val_L16_beta11.8501=0.6182 val_L16_beta11.8784=0.5325 val_L16_beta12.9259=0.5171 val_L16_beta14.4687=0.6283 val_L16_beta15.5366=0.4646 val_L16_beta17.502=0.4869 val_L16_beta17.7602=0.6807 val_L16_beta19.403=0.5567 val_L16_beta20.2412=0.6781 val_L16_beta21.8857=0.5291 val_L16_beta27.0442=0.5981 val_L16_beta27.3387=0.5532 val_L16_beta27.7875=0.5810 val_L16_beta30.5978=0.5581 val_L16_beta33.325=0.5036 val_L16_beta34.3422=0.5016 val_L16_beta38.5957=0.4141 val_L16_beta39.6475=0.4611 val_L16_beta47.0386=0.4914 val_L16_beta47.4228=0.5821 val_L16_beta54.11=0.3739 val_L16_beta56.1944=0.5353 val_L16_beta57.2189=0.4677 val_L32_beta2.1926=0.8588 val_L32_beta2.4697=0.8483 val_L32_beta2.8622=0.7460 val_L32_beta4.994=0.5444 val_L32_beta8.069=0.5319 val_L32_beta11.2015=0.6710 val_L32_beta12.3504=0.6161 val_L32_beta12.688=0.6957 val_L32_beta14.1441=0.5700 val_L32_beta18.0708=0.3386 val_L32_beta18.6487=0.3789 val_L32_beta52.6284=0.5368 val_L8_beta1.4347=0.5373 val_L8_beta1.4977=0.7395 val_L8_beta1.7872=0.6308 val_L8_beta1.9783=0.6980 val_L8_beta2.4006=0.6448 val_L8_beta2.4786=0.7393 val_L32_beta2.0799=0.6104 val_L32_beta2.4378=0.6877 val_L32_beta2.5092=0.6349 val_L32_beta4.0939=0.6057 val_L32_beta4.2586=0.5355 val_L32_beta4.2761=0.6144 val_L32_beta5.2987=0.6121 val_L32_beta5.7905=0.5760 val_L32_beta6.1747=0.5455 val_L32_beta8.7467=0.7541 val_L32_beta8.9764=0.6190 val_L32_beta9.3874=0.4331 val_L32_beta9.5767=0.6059 val_L32_beta9.6729=0.6416 val_L32_beta10.8745=0.6477 val_L32_beta11.9792=0.6387 val_L32_beta25.9011=0.5095 val_L32_beta30.6638=0.4708 val_L32_beta31.4382=0.4400 val_L32_beta40.9956=0.4321 val_L32_beta43.8647=0.6147 val_L32_beta44.3339=0.4507 val_L32_beta44.5075=0.4966 val_L32_beta50.1987=0.4042 val_total=62.0146
epoch  65  train=0.6262  val_L16_beta14.1464=0.5336 val_L16_beta25=0.5205 val_L16_beta40=0.5294 val_L16_beta55.0237=0.5098 val_L16_beta1.0119=0.7160 val_L16_beta1.0397=0.7356 val_L16_beta1.0743=0.6651 val_L16_beta1.2464=0.6796 val_L16_beta1.2749=0.6235 val_L16_beta1.7484=0.5093 val_L16_beta1.8367=0.8185 val_L16_beta1.8781=0.6277 val_L16_beta2.122=0.5329 val_L16_beta2.1285=0.7258 val_L16_beta2.1757=0.5878 val_L16_beta2.1862=0.5430 val_L16_beta2.2983=0.5571 val_L16_beta2.3046=0.7448 val_L16_beta2.3454=0.6300 val_L16_beta2.7647=0.7125 val_L16_beta3.1518=0.6527 val_L16_beta3.1669=0.7291 val_L16_beta3.2922=0.4460 val_L16_beta3.3842=0.6134 val_L16_beta3.4006=0.5725 val_L16_beta3.6231=0.7065 val_L16_beta3.7225=0.6898 val_L16_beta4.0764=0.6373 val_L16_beta4.7323=0.7217 val_L16_beta4.7632=0.5554 val_L16_beta5.586=0.6028 val_L16_beta6.2411=0.4488 val_L16_beta6.4184=0.4600 val_L16_beta6.8771=0.3902 val_L16_beta8.3946=0.4614 val_L16_beta8.4548=0.5202 val_L16_beta8.7139=0.6419 val_L16_beta9.287=0.6999 val_L16_beta9.571=0.4803 val_L16_beta9.8499=0.4988 val_L16_beta10.2188=0.5274 val_L16_beta11.8501=0.6191 val_L16_beta11.8784=0.5417 val_L16_beta12.9259=0.5009 val_L16_beta14.4687=0.6314 val_L16_beta15.5366=0.4949 val_L16_beta17.502=0.4888 val_L16_beta17.7602=0.6724 val_L16_beta19.403=0.5498 val_L16_beta20.2412=0.6651 val_L16_beta21.8857=0.5587 val_L16_beta27.0442=0.6079 val_L16_beta27.3387=0.5552 val_L16_beta27.7875=0.5785 val_L16_beta30.5978=0.5692 val_L16_beta33.325=0.5194 val_L16_beta34.3422=0.5073 val_L16_beta38.5957=0.4242 val_L16_beta39.6475=0.4610 val_L16_beta47.0386=0.4635 val_L16_beta47.4228=0.5532 val_L16_beta54.11=0.3852 val_L16_beta56.1944=0.5386 val_L16_beta57.2189=0.4281 val_L32_beta2.1926=0.8854 val_L32_beta2.4697=0.8331 val_L32_beta2.8622=0.6973 val_L32_beta4.994=0.5580 val_L32_beta8.069=0.5220 val_L32_beta11.2015=0.6674 val_L32_beta12.3504=0.6122 val_L32_beta12.688=0.7483 val_L32_beta14.1441=0.5674 val_L32_beta18.0708=0.3498 val_L32_beta18.6487=0.3794 val_L32_beta52.6284=0.5331 val_L8_beta1.4347=0.5759 val_L8_beta1.4977=0.7244 val_L8_beta1.7872=0.6163 val_L8_beta1.9783=0.6404 val_L8_beta2.4006=0.6974 val_L8_beta2.4786=0.6961 val_L32_beta2.0799=0.6172 val_L32_beta2.4378=0.7351 val_L32_beta2.5092=0.6105 val_L32_beta4.0939=0.6115 val_L32_beta4.2586=0.5721 val_L32_beta4.2761=0.6278 val_L32_beta5.2987=0.6108 val_L32_beta5.7905=0.5769 val_L32_beta6.1747=0.5542 val_L32_beta8.7467=0.7524 val_L32_beta8.9764=0.6222 val_L32_beta9.3874=0.4307 val_L32_beta9.5767=0.6041 val_L32_beta9.6729=0.6502 val_L32_beta10.8745=0.6564 val_L32_beta11.9792=0.6604 val_L32_beta25.9011=0.5097 val_L32_beta30.6638=0.4848 val_L32_beta31.4382=0.4548 val_L32_beta40.9956=0.4504 val_L32_beta43.8647=0.6034 val_L32_beta44.3339=0.4450 val_L32_beta44.5075=0.5069 val_L32_beta50.1987=0.4223 val_total=61.9465
epoch  66  train=0.6251  val_L16_beta14.1464=0.5416 val_L16_beta25=0.5146 val_L16_beta40=0.5344 val_L16_beta55.0237=0.5146 val_L16_beta1.0119=0.7309 val_L16_beta1.0397=0.7430 val_L16_beta1.0743=0.6699 val_L16_beta1.2464=0.6929 val_L16_beta1.2749=0.5735 val_L16_beta1.7484=0.4851 val_L16_beta1.8367=0.7968 val_L16_beta1.8781=0.6578 val_L16_beta2.122=0.5269 val_L16_beta2.1285=0.7211 val_L16_beta2.1757=0.5974 val_L16_beta2.1862=0.5484 val_L16_beta2.2983=0.5536 val_L16_beta2.3046=0.7113 val_L16_beta2.3454=0.6375 val_L16_beta2.7647=0.7064 val_L16_beta3.1518=0.6262 val_L16_beta3.1669=0.7129 val_L16_beta3.2922=0.4679 val_L16_beta3.3842=0.6225 val_L16_beta3.4006=0.5376 val_L16_beta3.6231=0.7173 val_L16_beta3.7225=0.6837 val_L16_beta4.0764=0.6641 val_L16_beta4.7323=0.6874 val_L16_beta4.7632=0.5575 val_L16_beta5.586=0.5944 val_L16_beta6.2411=0.4474 val_L16_beta6.4184=0.4768 val_L16_beta6.8771=0.4015 val_L16_beta8.3946=0.4993 val_L16_beta8.4548=0.5172 val_L16_beta8.7139=0.6367 val_L16_beta9.287=0.6891 val_L16_beta9.571=0.4690 val_L16_beta9.8499=0.5068 val_L16_beta10.2188=0.5700 val_L16_beta11.8501=0.6061 val_L16_beta11.8784=0.5084 val_L16_beta12.9259=0.5254 val_L16_beta14.4687=0.6210 val_L16_beta15.5366=0.4839 val_L16_beta17.502=0.4843 val_L16_beta17.7602=0.6945 val_L16_beta19.403=0.5301 val_L16_beta20.2412=0.6533 val_L16_beta21.8857=0.5330 val_L16_beta27.0442=0.5990 val_L16_beta27.3387=0.5694 val_L16_beta27.7875=0.5936 val_L16_beta30.5978=0.5667 val_L16_beta33.325=0.5133 val_L16_beta34.3422=0.5286 val_L16_beta38.5957=0.4293 val_L16_beta39.6475=0.4719 val_L16_beta47.0386=0.4599 val_L16_beta47.4228=0.5439 val_L16_beta54.11=0.3749 val_L16_beta56.1944=0.5364 val_L16_beta57.2189=0.4488 val_L32_beta2.1926=0.8265 val_L32_beta2.4697=0.8645 val_L32_beta2.8622=0.7415 val_L32_beta4.994=0.5447 val_L32_beta8.069=0.5230 val_L32_beta11.2015=0.6832 val_L32_beta12.3504=0.6254 val_L32_beta12.688=0.7116 val_L32_beta14.1441=0.5596 val_L32_beta18.0708=0.3388 val_L32_beta18.6487=0.3889 val_L32_beta52.6284=0.5452 val_L8_beta1.4347=0.5380 val_L8_beta1.4977=0.7311 val_L8_beta1.7872=0.6317 val_L8_beta1.9783=0.5786 val_L8_beta2.4006=0.6533 val_L8_beta2.4786=0.7668 val_L32_beta2.0799=0.7612 val_L32_beta2.4378=0.7817 val_L32_beta2.5092=0.5959 val_L32_beta4.0939=0.5939 val_L32_beta4.2586=0.5263 val_L32_beta4.2761=0.6286 val_L32_beta5.2987=0.6133 val_L32_beta5.7905=0.5873 val_L32_beta6.1747=0.5418 val_L32_beta8.7467=0.7409 val_L32_beta8.9764=0.6278 val_L32_beta9.3874=0.4425 val_L32_beta9.5767=0.6347 val_L32_beta9.6729=0.6330 val_L32_beta10.8745=0.6439 val_L32_beta11.9792=0.6611 val_L32_beta25.9011=0.5043 val_L32_beta30.6638=0.4671 val_L32_beta31.4382=0.4357 val_L32_beta40.9956=0.4321 val_L32_beta43.8647=0.6126 val_L32_beta44.3339=0.4350 val_L32_beta44.5075=0.5125 val_L32_beta50.1987=0.4051 val_total=61.8892
epoch  67  train=0.6266  val_L16_beta14.1464=0.5462 val_L16_beta25=0.5284 val_L16_beta40=0.5415 val_L16_beta55.0237=0.5243 val_L16_beta1.0119=0.7178 val_L16_beta1.0397=0.7680 val_L16_beta1.0743=0.6734 val_L16_beta1.2464=0.6919 val_L16_beta1.2749=0.5993 val_L16_beta1.7484=0.4838 val_L16_beta1.8367=0.7868 val_L16_beta1.8781=0.6141 val_L16_beta2.122=0.5357 val_L16_beta2.1285=0.7415 val_L16_beta2.1757=0.5829 val_L16_beta2.1862=0.5554 val_L16_beta2.2983=0.5639 val_L16_beta2.3046=0.7692 val_L16_beta2.3454=0.6332 val_L16_beta2.7647=0.7150 val_L16_beta3.1518=0.6486 val_L16_beta3.1669=0.7168 val_L16_beta3.2922=0.4633 val_L16_beta3.3842=0.5988 val_L16_beta3.4006=0.5580 val_L16_beta3.6231=0.6984 val_L16_beta3.7225=0.6985 val_L16_beta4.0764=0.6350 val_L16_beta4.7323=0.6629 val_L16_beta4.7632=0.5472 val_L16_beta5.586=0.6184 val_L16_beta6.2411=0.4705 val_L16_beta6.4184=0.4923 val_L16_beta6.8771=0.3967 val_L16_beta8.3946=0.4612 val_L16_beta8.4548=0.5322 val_L16_beta8.7139=0.6252 val_L16_beta9.287=0.6854 val_L16_beta9.571=0.4890 val_L16_beta9.8499=0.5044 val_L16_beta10.2188=0.5317 val_L16_beta11.8501=0.5978 val_L16_beta11.8784=0.5223 val_L16_beta12.9259=0.4907 val_L16_beta14.4687=0.6248 val_L16_beta15.5366=0.4633 val_L16_beta17.502=0.4942 val_L16_beta17.7602=0.7008 val_L16_beta19.403=0.5615 val_L16_beta20.2412=0.6516 val_L16_beta21.8857=0.5044 val_L16_beta27.0442=0.5698 val_L16_beta27.3387=0.5810 val_L16_beta27.7875=0.5931 val_L16_beta30.5978=0.5750 val_L16_beta33.325=0.5148 val_L16_beta34.3422=0.5138 val_L16_beta38.5957=0.4334 val_L16_beta39.6475=0.4702 val_L16_beta47.0386=0.4563 val_L16_beta47.4228=0.5593 val_L16_beta54.11=0.3724 val_L16_beta56.1944=0.5148 val_L16_beta57.2189=0.4313 val_L32_beta2.1926=0.8365 val_L32_beta2.4697=0.7725 val_L32_beta2.8622=0.7049 val_L32_beta4.994=0.5434 val_L32_beta8.069=0.5257 val_L32_beta11.2015=0.6611 val_L32_beta12.3504=0.6176 val_L32_beta12.688=0.7363 val_L32_beta14.1441=0.5657 val_L32_beta18.0708=0.3432 val_L32_beta18.6487=0.3857 val_L32_beta52.6284=0.5379 val_L8_beta1.4347=0.5216 val_L8_beta1.4977=0.7582 val_L8_beta1.7872=0.6405 val_L8_beta1.9783=0.6235 val_L8_beta2.4006=0.6448 val_L8_beta2.4786=0.6630 val_L32_beta2.0799=0.6418 val_L32_beta2.4378=0.7074 val_L32_beta2.5092=0.6324 val_L32_beta4.0939=0.6116 val_L32_beta4.2586=0.5469 val_L32_beta4.2761=0.6276 val_L32_beta5.2987=0.6136 val_L32_beta5.7905=0.5691 val_L32_beta6.1747=0.5630 val_L32_beta8.7467=0.7563 val_L32_beta8.9764=0.6206 val_L32_beta9.3874=0.4257 val_L32_beta9.5767=0.6262 val_L32_beta9.6729=0.6326 val_L32_beta10.8745=0.6581 val_L32_beta11.9792=0.6415 val_L32_beta25.9011=0.4972 val_L32_beta30.6638=0.4687 val_L32_beta31.4382=0.4324 val_L32_beta40.9956=0.4285 val_L32_beta43.8647=0.6080 val_L32_beta44.3339=0.4361 val_L32_beta44.5075=0.5013 val_L32_beta50.1987=0.4153 val_total=61.5473
epoch  68  train=0.6266  val_L16_beta14.1464=0.5466 val_L16_beta25=0.5235 val_L16_beta40=0.5403 val_L16_beta55.0237=0.5153 val_L16_beta1.0119=0.7213 val_L16_beta1.0397=0.7632 val_L16_beta1.0743=0.6719 val_L16_beta1.2464=0.6676 val_L16_beta1.2749=0.6064 val_L16_beta1.7484=0.4869 val_L16_beta1.8367=0.8191 val_L16_beta1.8781=0.6342 val_L16_beta2.122=0.5479 val_L16_beta2.1285=0.7446 val_L16_beta2.1757=0.5938 val_L16_beta2.1862=0.5342 val_L16_beta2.2983=0.5753 val_L16_beta2.3046=0.6937 val_L16_beta2.3454=0.6446 val_L16_beta2.7647=0.6991 val_L16_beta3.1518=0.6440 val_L16_beta3.1669=0.7149 val_L16_beta3.2922=0.4548 val_L16_beta3.3842=0.6087 val_L16_beta3.4006=0.5400 val_L16_beta3.6231=0.7329 val_L16_beta3.7225=0.6795 val_L16_beta4.0764=0.6339 val_L16_beta4.7323=0.6767 val_L16_beta4.7632=0.5268 val_L16_beta5.586=0.5815 val_L16_beta6.2411=0.4605 val_L16_beta6.4184=0.4538 val_L16_beta6.8771=0.3971 val_L16_beta8.3946=0.4931 val_L16_beta8.4548=0.5530 val_L16_beta8.7139=0.6160 val_L16_beta9.287=0.6737 val_L16_beta9.571=0.4768 val_L16_beta9.8499=0.5203 val_L16_beta10.2188=0.5440 val_L16_beta11.8501=0.6104 val_L16_beta11.8784=0.5303 val_L16_beta12.9259=0.5027 val_L16_beta14.4687=0.6632 val_L16_beta15.5366=0.4670 val_L16_beta17.502=0.5095 val_L16_beta17.7602=0.6988 val_L16_beta19.403=0.5702 val_L16_beta20.2412=0.6696 val_L16_beta21.8857=0.5373 val_L16_beta27.0442=0.5858 val_L16_beta27.3387=0.5813 val_L16_beta27.7875=0.5785 val_L16_beta30.5978=0.5730 val_L16_beta33.325=0.5318 val_L16_beta34.3422=0.4807 val_L16_beta38.5957=0.4333 val_L16_beta39.6475=0.4677 val_L16_beta47.0386=0.4723 val_L16_beta47.4228=0.5397 val_L16_beta54.11=0.3800 val_L16_beta56.1944=0.5082 val_L16_beta57.2189=0.4462 val_L32_beta2.1926=0.8395 val_L32_beta2.4697=0.8809 val_L32_beta2.8622=0.7630 val_L32_beta4.994=0.5367 val_L32_beta8.069=0.5288 val_L32_beta11.2015=0.6657 val_L32_beta12.3504=0.6018 val_L32_beta12.688=0.7102 val_L32_beta14.1441=0.5682 val_L32_beta18.0708=0.3443 val_L32_beta18.6487=0.3832 val_L32_beta52.6284=0.5529 val_L8_beta1.4347=0.5464 val_L8_beta1.4977=0.7196 val_L8_beta1.7872=0.6536 val_L8_beta1.9783=0.6011 val_L8_beta2.4006=0.6381 val_L8_beta2.4786=0.7423 val_L32_beta2.0799=0.6804 val_L32_beta2.4378=0.7549 val_L32_beta2.5092=0.5926 val_L32_beta4.0939=0.5807 val_L32_beta4.2586=0.5261 val_L32_beta4.2761=0.6589 val_L32_beta5.2987=0.6118 val_L32_beta5.7905=0.5936 val_L32_beta6.1747=0.5749 val_L32_beta8.7467=0.7493 val_L32_beta8.9764=0.6276 val_L32_beta9.3874=0.4296 val_L32_beta9.5767=0.6176 val_L32_beta9.6729=0.6288 val_L32_beta10.8745=0.6648 val_L32_beta11.9792=0.6418 val_L32_beta25.9011=0.5119 val_L32_beta30.6638=0.4633 val_L32_beta31.4382=0.4380 val_L32_beta40.9956=0.4466 val_L32_beta43.8647=0.6116 val_L32_beta44.3339=0.4364 val_L32_beta44.5075=0.4897 val_L32_beta50.1987=0.4141 val_total=61.8703
epoch  69  train=0.6237  val_L16_beta14.1464=0.5403 val_L16_beta25=0.5207 val_L16_beta40=0.5408 val_L16_beta55.0237=0.5208 val_L16_beta1.0119=0.7295 val_L16_beta1.0397=0.7664 val_L16_beta1.0743=0.6720 val_L16_beta1.2464=0.7205 val_L16_beta1.2749=0.5836 val_L16_beta1.7484=0.5107 val_L16_beta1.8367=0.7867 val_L16_beta1.8781=0.6209 val_L16_beta2.122=0.5436 val_L16_beta2.1285=0.7589 val_L16_beta2.1757=0.6005 val_L16_beta2.1862=0.5646 val_L16_beta2.2983=0.5740 val_L16_beta2.3046=0.7107 val_L16_beta2.3454=0.6374 val_L16_beta2.7647=0.7324 val_L16_beta3.1518=0.6640 val_L16_beta3.1669=0.7121 val_L16_beta3.2922=0.4601 val_L16_beta3.3842=0.6169 val_L16_beta3.4006=0.5603 val_L16_beta3.6231=0.7146 val_L16_beta3.7225=0.7051 val_L16_beta4.0764=0.6641 val_L16_beta4.7323=0.7057 val_L16_beta4.7632=0.5618 val_L16_beta5.586=0.6161 val_L16_beta6.2411=0.4434 val_L16_beta6.4184=0.4769 val_L16_beta6.8771=0.3970 val_L16_beta8.3946=0.4686 val_L16_beta8.4548=0.5210 val_L16_beta8.7139=0.6312 val_L16_beta9.287=0.6996 val_L16_beta9.571=0.4862 val_L16_beta9.8499=0.4900 val_L16_beta10.2188=0.5284 val_L16_beta11.8501=0.5917 val_L16_beta11.8784=0.5162 val_L16_beta12.9259=0.4977 val_L16_beta14.4687=0.6273 val_L16_beta15.5366=0.4770 val_L16_beta17.502=0.5091 val_L16_beta17.7602=0.6766 val_L16_beta19.403=0.5337 val_L16_beta20.2412=0.6820 val_L16_beta21.8857=0.5446 val_L16_beta27.0442=0.5927 val_L16_beta27.3387=0.5739 val_L16_beta27.7875=0.5727 val_L16_beta30.5978=0.6032 val_L16_beta33.325=0.5460 val_L16_beta34.3422=0.5203 val_L16_beta38.5957=0.4342 val_L16_beta39.6475=0.4757 val_L16_beta47.0386=0.4683 val_L16_beta47.4228=0.5843 val_L16_beta54.11=0.3929 val_L16_beta56.1944=0.5318 val_L16_beta57.2189=0.4512 val_L32_beta2.1926=0.8297 val_L32_beta2.4697=0.8533 val_L32_beta2.8622=0.7992 val_L32_beta4.994=0.5389 val_L32_beta8.069=0.5325 val_L32_beta11.2015=0.6769 val_L32_beta12.3504=0.6176 val_L32_beta12.688=0.7198 val_L32_beta14.1441=0.5660 val_L32_beta18.0708=0.3499 val_L32_beta18.6487=0.3751 val_L32_beta52.6284=0.5332 val_L8_beta1.4347=0.5301 val_L8_beta1.4977=0.7343 val_L8_beta1.7872=0.6592 val_L8_beta1.9783=0.5803 val_L8_beta2.4006=0.6371 val_L8_beta2.4786=0.6796 val_L32_beta2.0799=0.6421 val_L32_beta2.4378=0.7388 val_L32_beta2.5092=0.5816 val_L32_beta4.0939=0.6169 val_L32_beta4.2586=0.5361 val_L32_beta4.2761=0.6489 val_L32_beta5.2987=0.6036 val_L32_beta5.7905=0.5948 val_L32_beta6.1747=0.5512 val_L32_beta8.7467=0.7542 val_L32_beta8.9764=0.6110 val_L32_beta9.3874=0.4219 val_L32_beta9.5767=0.6048 val_L32_beta9.6729=0.6507 val_L32_beta10.8745=0.6598 val_L32_beta11.9792=0.6480 val_L32_beta25.9011=0.5153 val_L32_beta30.6638=0.4920 val_L32_beta31.4382=0.4393 val_L32_beta40.9956=0.4412 val_L32_beta43.8647=0.6137 val_L32_beta44.3339=0.4506 val_L32_beta44.5075=0.4932 val_L32_beta50.1987=0.4029 val_total=62.0871
epoch  70  train=0.6294  val_L16_beta14.1464=0.5441 val_L16_beta25=0.5225 val_L16_beta40=0.5324 val_L16_beta55.0237=0.5179 val_L16_beta1.0119=0.7325 val_L16_beta1.0397=0.8024 val_L16_beta1.0743=0.6736 val_L16_beta1.2464=0.6945 val_L16_beta1.2749=0.6179 val_L16_beta1.7484=0.5028 val_L16_beta1.8367=0.8361 val_L16_beta1.8781=0.6107 val_L16_beta2.122=0.5350 val_L16_beta2.1285=0.7245 val_L16_beta2.1757=0.5923 val_L16_beta2.1862=0.5720 val_L16_beta2.2983=0.5673 val_L16_beta2.3046=0.7836 val_L16_beta2.3454=0.6680 val_L16_beta2.7647=0.7110 val_L16_beta3.1518=0.6792 val_L16_beta3.1669=0.7286 val_L16_beta3.2922=0.4724 val_L16_beta3.3842=0.6280 val_L16_beta3.4006=0.5748 val_L16_beta3.6231=0.7003 val_L16_beta3.7225=0.6786 val_L16_beta4.0764=0.6633 val_L16_beta4.7323=0.6787 val_L16_beta4.7632=0.5483 val_L16_beta5.586=0.6107 val_L16_beta6.2411=0.4864 val_L16_beta6.4184=0.5045 val_L16_beta6.8771=0.3800 val_L16_beta8.3946=0.4939 val_L16_beta8.4548=0.5298 val_L16_beta8.7139=0.6355 val_L16_beta9.287=0.6893 val_L16_beta9.571=0.4927 val_L16_beta9.8499=0.5120 val_L16_beta10.2188=0.5175 val_L16_beta11.8501=0.6133 val_L16_beta11.8784=0.5455 val_L16_beta12.9259=0.5125 val_L16_beta14.4687=0.6075 val_L16_beta15.5366=0.4834 val_L16_beta17.502=0.4928 val_L16_beta17.7602=0.7389 val_L16_beta19.403=0.5495 val_L16_beta20.2412=0.6582 val_L16_beta21.8857=0.5251 val_L16_beta27.0442=0.5953 val_L16_beta27.3387=0.6074 val_L16_beta27.7875=0.5793 val_L16_beta30.5978=0.5984 val_L16_beta33.325=0.5066 val_L16_beta34.3422=0.5083 val_L16_beta38.5957=0.4271 val_L16_beta39.6475=0.4567 val_L16_beta47.0386=0.4765 val_L16_beta47.4228=0.5746 val_L16_beta54.11=0.3740 val_L16_beta56.1944=0.5431 val_L16_beta57.2189=0.4184 val_L32_beta2.1926=0.8280 val_L32_beta2.4697=0.8644 val_L32_beta2.8622=0.8553 val_L32_beta4.994=0.5277 val_L32_beta8.069=0.5388 val_L32_beta11.2015=0.6770 val_L32_beta12.3504=0.6341 val_L32_beta12.688=0.7071 val_L32_beta14.1441=0.5715 val_L32_beta18.0708=0.3341 val_L32_beta18.6487=0.3784 val_L32_beta52.6284=0.5378 val_L8_beta1.4347=0.5307 val_L8_beta1.4977=0.7006 val_L8_beta1.7872=0.6738 val_L8_beta1.9783=0.6661 val_L8_beta2.4006=0.6848 val_L8_beta2.4786=0.6828 val_L32_beta2.0799=0.6642 val_L32_beta2.4378=0.7615 val_L32_beta2.5092=0.7834 val_L32_beta4.0939=0.5987 val_L32_beta4.2586=0.5429 val_L32_beta4.2761=0.6656 val_L32_beta5.2987=0.6231 val_L32_beta5.7905=0.5689 val_L32_beta6.1747=0.5359 val_L32_beta8.7467=0.7484 val_L32_beta8.9764=0.6185 val_L32_beta9.3874=0.4292 val_L32_beta9.5767=0.6191 val_L32_beta9.6729=0.6319 val_L32_beta10.8745=0.6602 val_L32_beta11.9792=0.6378 val_L32_beta25.9011=0.5208 val_L32_beta30.6638=0.4725 val_L32_beta31.4382=0.4442 val_L32_beta40.9956=0.4485 val_L32_beta43.8647=0.6089 val_L32_beta44.3339=0.4267 val_L32_beta44.5075=0.4968 val_L32_beta50.1987=0.4135 val_total=62.6515
epoch  71  train=0.6229  val_L16_beta14.1464=0.5442 val_L16_beta25=0.5154 val_L16_beta40=0.5384 val_L16_beta55.0237=0.5110 val_L16_beta1.0119=0.7210 val_L16_beta1.0397=0.7737 val_L16_beta1.0743=0.6737 val_L16_beta1.2464=0.6785 val_L16_beta1.2749=0.6051 val_L16_beta1.7484=0.4882 val_L16_beta1.8367=0.8175 val_L16_beta1.8781=0.6424 val_L16_beta2.122=0.5319 val_L16_beta2.1285=0.7263 val_L16_beta2.1757=0.5947 val_L16_beta2.1862=0.5735 val_L16_beta2.2983=0.5844 val_L16_beta2.3046=0.7499 val_L16_beta2.3454=0.6369 val_L16_beta2.7647=0.7152 val_L16_beta3.1518=0.6553 val_L16_beta3.1669=0.7325 val_L16_beta3.2922=0.4688 val_L16_beta3.3842=0.5947 val_L16_beta3.4006=0.5790 val_L16_beta3.6231=0.7034 val_L16_beta3.7225=0.6949 val_L16_beta4.0764=0.6638 val_L16_beta4.7323=0.6938 val_L16_beta4.7632=0.5619 val_L16_beta5.586=0.5974 val_L16_beta6.2411=0.4500 val_L16_beta6.4184=0.4829 val_L16_beta6.8771=0.3994 val_L16_beta8.3946=0.4788 val_L16_beta8.4548=0.5315 val_L16_beta8.7139=0.6251 val_L16_beta9.287=0.6974 val_L16_beta9.571=0.4909 val_L16_beta9.8499=0.5132 val_L16_beta10.2188=0.5287 val_L16_beta11.8501=0.5995 val_L16_beta11.8784=0.5499 val_L16_beta12.9259=0.4881 val_L16_beta14.4687=0.6307 val_L16_beta15.5366=0.4816 val_L16_beta17.502=0.5006 val_L16_beta17.7602=0.6899 val_L16_beta19.403=0.5389 val_L16_beta20.2412=0.6498 val_L16_beta21.8857=0.5497 val_L16_beta27.0442=0.6106 val_L16_beta27.3387=0.5779 val_L16_beta27.7875=0.5966 val_L16_beta30.5978=0.5725 val_L16_beta33.325=0.5259 val_L16_beta34.3422=0.4975 val_L16_beta38.5957=0.4140 val_L16_beta39.6475=0.4509 val_L16_beta47.0386=0.4648 val_L16_beta47.4228=0.5734 val_L16_beta54.11=0.3726 val_L16_beta56.1944=0.5365 val_L16_beta57.2189=0.4592 val_L32_beta2.1926=0.9158 val_L32_beta2.4697=0.8266 val_L32_beta2.8622=0.7532 val_L32_beta4.994=0.5551 val_L32_beta8.069=0.5224 val_L32_beta11.2015=0.6792 val_L32_beta12.3504=0.6108 val_L32_beta12.688=0.7228 val_L32_beta14.1441=0.5641 val_L32_beta18.0708=0.3469 val_L32_beta18.6487=0.3794 val_L32_beta52.6284=0.5404 val_L8_beta1.4347=0.5182 val_L8_beta1.4977=0.7560 val_L8_beta1.7872=0.6711 val_L8_beta1.9783=0.6261 val_L8_beta2.4006=0.6270 val_L8_beta2.4786=0.6666 val_L32_beta2.0799=0.6915 val_L32_beta2.4378=0.7006 val_L32_beta2.5092=0.6545 val_L32_beta4.0939=0.5861 val_L32_beta4.2586=0.5333 val_L32_beta4.2761=0.6304 val_L32_beta5.2987=0.6102 val_L32_beta5.7905=0.5778 val_L32_beta6.1747=0.5483 val_L32_beta8.7467=0.7434 val_L32_beta8.9764=0.6150 val_L32_beta9.3874=0.4284 val_L32_beta9.5767=0.6156 val_L32_beta9.6729=0.6397 val_L32_beta10.8745=0.6499 val_L32_beta11.9792=0.6676 val_L32_beta25.9011=0.5070 val_L32_beta30.6638=0.4792 val_L32_beta31.4382=0.4477 val_L32_beta40.9956=0.4419 val_L32_beta43.8647=0.6131 val_L32_beta44.3339=0.4496 val_L32_beta44.5075=0.5047 val_L32_beta50.1987=0.4264 val_total=62.1399
epoch  72  train=0.6229  val_L16_beta14.1464=0.5401 val_L16_beta25=0.5250 val_L16_beta40=0.5389 val_L16_beta55.0237=0.5195 val_L16_beta1.0119=0.7076 val_L16_beta1.0397=0.7647 val_L16_beta1.0743=0.6631 val_L16_beta1.2464=0.6724 val_L16_beta1.2749=0.6211 val_L16_beta1.7484=0.4845 val_L16_beta1.8367=0.7855 val_L16_beta1.8781=0.6380 val_L16_beta2.122=0.5534 val_L16_beta2.1285=0.7064 val_L16_beta2.1757=0.6161 val_L16_beta2.1862=0.5484 val_L16_beta2.2983=0.5738 val_L16_beta2.3046=0.7463 val_L16_beta2.3454=0.6274 val_L16_beta2.7647=0.7353 val_L16_beta3.1518=0.6420 val_L16_beta3.1669=0.7223 val_L16_beta3.2922=0.4674 val_L16_beta3.3842=0.5980 val_L16_beta3.4006=0.5532 val_L16_beta3.6231=0.6891 val_L16_beta3.7225=0.6901 val_L16_beta4.0764=0.6409 val_L16_beta4.7323=0.6890 val_L16_beta4.7632=0.5676 val_L16_beta5.586=0.6209 val_L16_beta6.2411=0.4697 val_L16_beta6.4184=0.5061 val_L16_beta6.8771=0.3706 val_L16_beta8.3946=0.4726 val_L16_beta8.4548=0.5056 val_L16_beta8.7139=0.5984 val_L16_beta9.287=0.6914 val_L16_beta9.571=0.4975 val_L16_beta9.8499=0.5063 val_L16_beta10.2188=0.5288 val_L16_beta11.8501=0.6246 val_L16_beta11.8784=0.5409 val_L16_beta12.9259=0.5033 val_L16_beta14.4687=0.6299 val_L16_beta15.5366=0.4857 val_L16_beta17.502=0.4872 val_L16_beta17.7602=0.7176 val_L16_beta19.403=0.5687 val_L16_beta20.2412=0.6838 val_L16_beta21.8857=0.5141 val_L16_beta27.0442=0.6061 val_L16_beta27.3387=0.5556 val_L16_beta27.7875=0.5837 val_L16_beta30.5978=0.5684 val_L16_beta33.325=0.4945 val_L16_beta34.3422=0.5003 val_L16_beta38.5957=0.4247 val_L16_beta39.6475=0.4571 val_L16_beta47.0386=0.4799 val_L16_beta47.4228=0.5644 val_L16_beta54.11=0.3736 val_L16_beta56.1944=0.5280 val_L16_beta57.2189=0.4439 val_L32_beta2.1926=0.8388 val_L32_beta2.4697=0.8812 val_L32_beta2.8622=0.6974 val_L32_beta4.994=0.5611 val_L32_beta8.069=0.5410 val_L32_beta11.2015=0.6729 val_L32_beta12.3504=0.6255 val_L32_beta12.688=0.7071 val_L32_beta14.1441=0.5556 val_L32_beta18.0708=0.3452 val_L32_beta18.6487=0.3821 val_L32_beta52.6284=0.5399 val_L8_beta1.4347=0.5492 val_L8_beta1.4977=0.7425 val_L8_beta1.7872=0.6758 val_L8_beta1.9783=0.5636 val_L8_beta2.4006=0.6384 val_L8_beta2.4786=0.6985 val_L32_beta2.0799=0.6839 val_L32_beta2.4378=0.7159 val_L32_beta2.5092=0.6199 val_L32_beta4.0939=0.6067 val_L32_beta4.2586=0.5457 val_L32_beta4.2761=0.6206 val_L32_beta5.2987=0.6189 val_L32_beta5.7905=0.5717 val_L32_beta6.1747=0.5394 val_L32_beta8.7467=0.7757 val_L32_beta8.9764=0.6160 val_L32_beta9.3874=0.4279 val_L32_beta9.5767=0.6135 val_L32_beta9.6729=0.6183 val_L32_beta10.8745=0.6600 val_L32_beta11.9792=0.6566 val_L32_beta25.9011=0.5046 val_L32_beta30.6638=0.4589 val_L32_beta31.4382=0.4374 val_L32_beta40.9956=0.4372 val_L32_beta43.8647=0.6101 val_L32_beta44.3339=0.4409 val_L32_beta44.5075=0.4998 val_L32_beta50.1987=0.4215 val_total=61.8476
epoch  73  train=0.6271  val_L16_beta14.1464=0.5357 val_L16_beta25=0.5222 val_L16_beta40=0.5399 val_L16_beta55.0237=0.5144 val_L16_beta1.0119=0.7060 val_L16_beta1.0397=0.8239 val_L16_beta1.0743=0.6719 val_L16_beta1.2464=0.6927 val_L16_beta1.2749=0.6079 val_L16_beta1.7484=0.4959 val_L16_beta1.8367=0.8084 val_L16_beta1.8781=0.6437 val_L16_beta2.122=0.5380 val_L16_beta2.1285=0.7105 val_L16_beta2.1757=0.5883 val_L16_beta2.1862=0.5782 val_L16_beta2.2983=0.5600 val_L16_beta2.3046=0.7118 val_L16_beta2.3454=0.6455 val_L16_beta2.7647=0.7006 val_L16_beta3.1518=0.6930 val_L16_beta3.1669=0.7035 val_L16_beta3.2922=0.4847 val_L16_beta3.3842=0.6007 val_L16_beta3.4006=0.5571 val_L16_beta3.6231=0.7165 val_L16_beta3.7225=0.6956 val_L16_beta4.0764=0.6472 val_L16_beta4.7323=0.6642 val_L16_beta4.7632=0.5471 val_L16_beta5.586=0.5817 val_L16_beta6.2411=0.4808 val_L16_beta6.4184=0.4614 val_L16_beta6.8771=0.3926 val_L16_beta8.3946=0.4884 val_L16_beta8.4548=0.5218 val_L16_beta8.7139=0.6165 val_L16_beta9.287=0.6733 val_L16_beta9.571=0.5001 val_L16_beta9.8499=0.5178 val_L16_beta10.2188=0.5489 val_L16_beta11.8501=0.6046 val_L16_beta11.8784=0.5301 val_L16_beta12.9259=0.5129 val_L16_beta14.4687=0.6273 val_L16_beta15.5366=0.4846 val_L16_beta17.502=0.5018 val_L16_beta17.7602=0.6971 val_L16_beta19.403=0.5499 val_L16_beta20.2412=0.6703 val_L16_beta21.8857=0.5237 val_L16_beta27.0442=0.5816 val_L16_beta27.3387=0.5869 val_L16_beta27.7875=0.5851 val_L16_beta30.5978=0.5796 val_L16_beta33.325=0.5080 val_L16_beta34.3422=0.4801 val_L16_beta38.5957=0.4147 val_L16_beta39.6475=0.4778 val_L16_beta47.0386=0.4696 val_L16_beta47.4228=0.5636 val_L16_beta54.11=0.3691 val_L16_beta56.1944=0.5317 val_L16_beta57.2189=0.4243 val_L32_beta2.1926=0.8464 val_L32_beta2.4697=0.9064 val_L32_beta2.8622=0.7294 val_L32_beta4.994=0.5409 val_L32_beta8.069=0.5323 val_L32_beta11.2015=0.6692 val_L32_beta12.3504=0.6155 val_L32_beta12.688=0.7067 val_L32_beta14.1441=0.5580 val_L32_beta18.0708=0.3478 val_L32_beta18.6487=0.3800 val_L32_beta52.6284=0.5394 val_L8_beta1.4347=0.5471 val_L8_beta1.4977=0.7853 val_L8_beta1.7872=0.6803 val_L8_beta1.9783=0.6021 val_L8_beta2.4006=0.6183 val_L8_beta2.4786=0.7519 val_L32_beta2.0799=0.6661 val_L32_beta2.4378=0.7133 val_L32_beta2.5092=0.6150 val_L32_beta4.0939=0.5705 val_L32_beta4.2586=0.5310 val_L32_beta4.2761=0.6401 val_L32_beta5.2987=0.6076 val_L32_beta5.7905=0.5921 val_L32_beta6.1747=0.5352 val_L32_beta8.7467=0.7522 val_L32_beta8.9764=0.6233 val_L32_beta9.3874=0.4367 val_L32_beta9.5767=0.6209 val_L32_beta9.6729=0.6239 val_L32_beta10.8745=0.6504 val_L32_beta11.9792=0.6561 val_L32_beta25.9011=0.5007 val_L32_beta30.6638=0.4728 val_L32_beta31.4382=0.4394 val_L32_beta40.9956=0.4411 val_L32_beta43.8647=0.6213 val_L32_beta44.3339=0.4431 val_L32_beta44.5075=0.5043 val_L32_beta50.1987=0.4139 val_total=61.9903
epoch  74  train=0.6281  val_L16_beta14.1464=0.5386 val_L16_beta25=0.5290 val_L16_beta40=0.5302 val_L16_beta55.0237=0.5157 val_L16_beta1.0119=0.7368 val_L16_beta1.0397=0.7515 val_L16_beta1.0743=0.6560 val_L16_beta1.2464=0.6897 val_L16_beta1.2749=0.6024 val_L16_beta1.7484=0.4939 val_L16_beta1.8367=0.7914 val_L16_beta1.8781=0.6244 val_L16_beta2.122=0.5464 val_L16_beta2.1285=0.7040 val_L16_beta2.1757=0.5879 val_L16_beta2.1862=0.5698 val_L16_beta2.2983=0.5632 val_L16_beta2.3046=0.6964 val_L16_beta2.3454=0.6230 val_L16_beta2.7647=0.6978 val_L16_beta3.1518=0.6373 val_L16_beta3.1669=0.6920 val_L16_beta3.2922=0.4292 val_L16_beta3.3842=0.6082 val_L16_beta3.4006=0.5851 val_L16_beta3.6231=0.6871 val_L16_beta3.7225=0.6841 val_L16_beta4.0764=0.6635 val_L16_beta4.7323=0.6936 val_L16_beta4.7632=0.5332 val_L16_beta5.586=0.6165 val_L16_beta6.2411=0.4485 val_L16_beta6.4184=0.4630 val_L16_beta6.8771=0.3927 val_L16_beta8.3946=0.4864 val_L16_beta8.4548=0.5341 val_L16_beta8.7139=0.6178 val_L16_beta9.287=0.6652 val_L16_beta9.571=0.4908 val_L16_beta9.8499=0.4939 val_L16_beta10.2188=0.5357 val_L16_beta11.8501=0.5880 val_L16_beta11.8784=0.5317 val_L16_beta12.9259=0.5124 val_L16_beta14.4687=0.6334 val_L16_beta15.5366=0.4568 val_L16_beta17.502=0.4875 val_L16_beta17.7602=0.6943 val_L16_beta19.403=0.5472 val_L16_beta20.2412=0.6504 val_L16_beta21.8857=0.5580 val_L16_beta27.0442=0.6011 val_L16_beta27.3387=0.5975 val_L16_beta27.7875=0.5850 val_L16_beta30.5978=0.5740 val_L16_beta33.325=0.5055 val_L16_beta34.3422=0.5316 val_L16_beta38.5957=0.4459 val_L16_beta39.6475=0.4611 val_L16_beta47.0386=0.4803 val_L16_beta47.4228=0.5813 val_L16_beta54.11=0.3516 val_L16_beta56.1944=0.5301 val_L16_beta57.2189=0.4413 val_L32_beta2.1926=0.8198 val_L32_beta2.4697=0.8411 val_L32_beta2.8622=0.7237 val_L32_beta4.994=0.5441 val_L32_beta8.069=0.5115 val_L32_beta11.2015=0.6695 val_L32_beta12.3504=0.6196 val_L32_beta12.688=0.7038 val_L32_beta14.1441=0.5606 val_L32_beta18.0708=0.3407 val_L32_beta18.6487=0.3803 val_L32_beta52.6284=0.5281 val_L8_beta1.4347=0.5192 val_L8_beta1.4977=0.7086 val_L8_beta1.7872=0.6410 val_L8_beta1.9783=0.6318 val_L8_beta2.4006=0.6506 val_L8_beta2.4786=0.7335 val_L32_beta2.0799=0.6695 val_L32_beta2.4378=0.7232 val_L32_beta2.5092=0.6159 val_L32_beta4.0939=0.6149 val_L32_beta4.2586=0.5177 val_L32_beta4.2761=0.6253 val_L32_beta5.2987=0.6140 val_L32_beta5.7905=0.5686 val_L32_beta6.1747=0.5516 val_L32_beta8.7467=0.7496 val_L32_beta8.9764=0.6244 val_L32_beta9.3874=0.4309 val_L32_beta9.5767=0.6260 val_L32_beta9.6729=0.6422 val_L32_beta10.8745=0.6272 val_L32_beta11.9792=0.6383 val_L32_beta25.9011=0.5125 val_L32_beta30.6638=0.4613 val_L32_beta31.4382=0.4453 val_L32_beta40.9956=0.4362 val_L32_beta43.8647=0.6056 val_L32_beta44.3339=0.4317 val_L32_beta44.5075=0.4956 val_L32_beta50.1987=0.4051 val_total=61.5124
epoch  75  train=0.6246  val_L16_beta14.1464=0.5332 val_L16_beta25=0.5223 val_L16_beta40=0.5302 val_L16_beta55.0237=0.5202 val_L16_beta1.0119=0.7038 val_L16_beta1.0397=0.7417 val_L16_beta1.0743=0.6644 val_L16_beta1.2464=0.6805 val_L16_beta1.2749=0.5725 val_L16_beta1.7484=0.5049 val_L16_beta1.8367=0.8055 val_L16_beta1.8781=0.6307 val_L16_beta2.122=0.5503 val_L16_beta2.1285=0.6877 val_L16_beta2.1757=0.5922 val_L16_beta2.1862=0.5641 val_L16_beta2.2983=0.5720 val_L16_beta2.3046=0.7404 val_L16_beta2.3454=0.6012 val_L16_beta2.7647=0.7168 val_L16_beta3.1518=0.6521 val_L16_beta3.1669=0.7053 val_L16_beta3.2922=0.4353 val_L16_beta3.3842=0.6039 val_L16_beta3.4006=0.5542 val_L16_beta3.6231=0.7202 val_L16_beta3.7225=0.6830 val_L16_beta4.0764=0.6707 val_L16_beta4.7323=0.6930 val_L16_beta4.7632=0.5340 val_L16_beta5.586=0.5935 val_L16_beta6.2411=0.4541 val_L16_beta6.4184=0.4903 val_L16_beta6.8771=0.3834 val_L16_beta8.3946=0.5022 val_L16_beta8.4548=0.5218 val_L16_beta8.7139=0.6173 val_L16_beta9.287=0.6636 val_L16_beta9.571=0.4925 val_L16_beta9.8499=0.5002 val_L16_beta10.2188=0.5288 val_L16_beta11.8501=0.6191 val_L16_beta11.8784=0.5202 val_L16_beta12.9259=0.5146 val_L16_beta14.4687=0.6087 val_L16_beta15.5366=0.4531 val_L16_beta17.502=0.4775 val_L16_beta17.7602=0.6855 val_L16_beta19.403=0.5363 val_L16_beta20.2412=0.6910 val_L16_beta21.8857=0.5084 val_L16_beta27.0442=0.5944 val_L16_beta27.3387=0.5800 val_L16_beta27.7875=0.5808 val_L16_beta30.5978=0.5608 val_L16_beta33.325=0.5009 val_L16_beta34.3422=0.5164 val_L16_beta38.5957=0.4255 val_L16_beta39.6475=0.4715 val_L16_beta47.0386=0.4624 val_L16_beta47.4228=0.5633 val_L16_beta54.11=0.3635 val_L16_beta56.1944=0.5061 val_L16_beta57.2189=0.4067 val_L32_beta2.1926=0.8615 val_L32_beta2.4697=0.7978 val_L32_beta2.8622=0.7342 val_L32_beta4.994=0.5520 val_L32_beta8.069=0.5371 val_L32_beta11.2015=0.6765 val_L32_beta12.3504=0.6142 val_L32_beta12.688=0.7103 val_L32_beta14.1441=0.5546 val_L32_beta18.0708=0.3435 val_L32_beta18.6487=0.3853 val_L32_beta52.6284=0.5387 val_L8_beta1.4347=0.5821 val_L8_beta1.4977=0.6921 val_L8_beta1.7872=0.6019 val_L8_beta1.9783=0.6264 val_L8_beta2.4006=0.6187 val_L8_beta2.4786=0.7309 val_L32_beta2.0799=0.7016 val_L32_beta2.4378=0.7127 val_L32_beta2.5092=0.6295 val_L32_beta4.0939=0.5800 val_L32_beta4.2586=0.5261 val_L32_beta4.2761=0.6608 val_L32_beta5.2987=0.6159 val_L32_beta5.7905=0.5789 val_L32_beta6.1747=0.5410 val_L32_beta8.7467=0.7393 val_L32_beta8.9764=0.6202 val_L32_beta9.3874=0.4313 val_L32_beta9.5767=0.6052 val_L32_beta9.6729=0.6403 val_L32_beta10.8745=0.6388 val_L32_beta11.9792=0.6402 val_L32_beta25.9011=0.5109 val_L32_beta30.6638=0.5135 val_L32_beta31.4382=0.4398 val_L32_beta40.9956=0.4397 val_L32_beta43.8647=0.6041 val_L32_beta44.3339=0.4360 val_L32_beta44.5075=0.4923 val_L32_beta50.1987=0.4056 val_total=61.4416
epoch  76  train=0.6205  val_L16_beta14.1464=0.5312 val_L16_beta25=0.5321 val_L16_beta40=0.5319 val_L16_beta55.0237=0.5142 val_L16_beta1.0119=0.7417 val_L16_beta1.0397=0.7430 val_L16_beta1.0743=0.6569 val_L16_beta1.2464=0.6949 val_L16_beta1.2749=0.6003 val_L16_beta1.7484=0.4761 val_L16_beta1.8367=0.7709 val_L16_beta1.8781=0.6393 val_L16_beta2.122=0.5215 val_L16_beta2.1285=0.7176 val_L16_beta2.1757=0.5951 val_L16_beta2.1862=0.5677 val_L16_beta2.2983=0.5528 val_L16_beta2.3046=0.7318 val_L16_beta2.3454=0.6532 val_L16_beta2.7647=0.6810 val_L16_beta3.1518=0.6266 val_L16_beta3.1669=0.7303 val_L16_beta3.2922=0.4595 val_L16_beta3.3842=0.6143 val_L16_beta3.4006=0.5568 val_L16_beta3.6231=0.7400 val_L16_beta3.7225=0.7055 val_L16_beta4.0764=0.6417 val_L16_beta4.7323=0.7054 val_L16_beta4.7632=0.5655 val_L16_beta5.586=0.6063 val_L16_beta6.2411=0.4588 val_L16_beta6.4184=0.4725 val_L16_beta6.8771=0.3853 val_L16_beta8.3946=0.4712 val_L16_beta8.4548=0.5256 val_L16_beta8.7139=0.6155 val_L16_beta9.287=0.6718 val_L16_beta9.571=0.4809 val_L16_beta9.8499=0.5130 val_L16_beta10.2188=0.5284 val_L16_beta11.8501=0.6066 val_L16_beta11.8784=0.5300 val_L16_beta12.9259=0.5123 val_L16_beta14.4687=0.6257 val_L16_beta15.5366=0.4980 val_L16_beta17.502=0.4973 val_L16_beta17.7602=0.6836 val_L16_beta19.403=0.5286 val_L16_beta20.2412=0.6630 val_L16_beta21.8857=0.5366 val_L16_beta27.0442=0.5788 val_L16_beta27.3387=0.5574 val_L16_beta27.7875=0.5640 val_L16_beta30.5978=0.5739 val_L16_beta33.325=0.5046 val_L16_beta34.3422=0.5089 val_L16_beta38.5957=0.4279 val_L16_beta39.6475=0.4643 val_L16_beta47.0386=0.4995 val_L16_beta47.4228=0.5582 val_L16_beta54.11=0.3906 val_L16_beta56.1944=0.5117 val_L16_beta57.2189=0.4353 val_L32_beta2.1926=0.8197 val_L32_beta2.4697=0.9119 val_L32_beta2.8622=0.7072 val_L32_beta4.994=0.5661 val_L32_beta8.069=0.5284 val_L32_beta11.2015=0.6751 val_L32_beta12.3504=0.6001 val_L32_beta12.688=0.7144 val_L32_beta14.1441=0.5517 val_L32_beta18.0708=0.3457 val_L32_beta18.6487=0.3897 val_L32_beta52.6284=0.5549 val_L8_beta1.4347=0.5672 val_L8_beta1.4977=0.7746 val_L8_beta1.7872=0.6499 val_L8_beta1.9783=0.6058 val_L8_beta2.4006=0.6834 val_L8_beta2.4786=0.7347 val_L32_beta2.0799=0.6497 val_L32_beta2.4378=0.7073 val_L32_beta2.5092=0.6234 val_L32_beta4.0939=0.5829 val_L32_beta4.2586=0.5391 val_L32_beta4.2761=0.6595 val_L32_beta5.2987=0.6023 val_L32_beta5.7905=0.5868 val_L32_beta6.1747=0.5456 val_L32_beta8.7467=0.7397 val_L32_beta8.9764=0.6260 val_L32_beta9.3874=0.4279 val_L32_beta9.5767=0.6034 val_L32_beta9.6729=0.6364 val_L32_beta10.8745=0.6414 val_L32_beta11.9792=0.6587 val_L32_beta25.9011=0.5092 val_L32_beta30.6638=0.4786 val_L32_beta31.4382=0.4325 val_L32_beta40.9956=0.4527 val_L32_beta43.8647=0.5982 val_L32_beta44.3339=0.4361 val_L32_beta44.5075=0.4955 val_L32_beta50.1987=0.4109 val_total=61.8096
epoch  77  train=0.6270  val_L16_beta14.1464=0.5416 val_L16_beta25=0.5268 val_L16_beta40=0.5460 val_L16_beta55.0237=0.5079 val_L16_beta1.0119=0.7372 val_L16_beta1.0397=0.7618 val_L16_beta1.0743=0.6832 val_L16_beta1.2464=0.6986 val_L16_beta1.2749=0.6093 val_L16_beta1.7484=0.5236 val_L16_beta1.8367=0.7949 val_L16_beta1.8781=0.6269 val_L16_beta2.122=0.5607 val_L16_beta2.1285=0.7455 val_L16_beta2.1757=0.5893 val_L16_beta2.1862=0.5834 val_L16_beta2.2983=0.5609 val_L16_beta2.3046=0.7452 val_L16_beta2.3454=0.5888 val_L16_beta2.7647=0.7247 val_L16_beta3.1518=0.6389 val_L16_beta3.1669=0.6959 val_L16_beta3.2922=0.4608 val_L16_beta3.3842=0.6165 val_L16_beta3.4006=0.5524 val_L16_beta3.6231=0.7092 val_L16_beta3.7225=0.6865 val_L16_beta4.0764=0.6564 val_L16_beta4.7323=0.6927 val_L16_beta4.7632=0.5861 val_L16_beta5.586=0.6054 val_L16_beta6.2411=0.4463 val_L16_beta6.4184=0.4656 val_L16_beta6.8771=0.4080 val_L16_beta8.3946=0.4763 val_L16_beta8.4548=0.5368 val_L16_beta8.7139=0.6334 val_L16_beta9.287=0.7158 val_L16_beta9.571=0.4615 val_L16_beta9.8499=0.5002 val_L16_beta10.2188=0.5413 val_L16_beta11.8501=0.5962 val_L16_beta11.8784=0.5283 val_L16_beta12.9259=0.5117 val_L16_beta14.4687=0.6410 val_L16_beta15.5366=0.4869 val_L16_beta17.502=0.4975 val_L16_beta17.7602=0.6939 val_L16_beta19.403=0.5267 val_L16_beta20.2412=0.6581 val_L16_beta21.8857=0.5405 val_L16_beta27.0442=0.5960 val_L16_beta27.3387=0.5800 val_L16_beta27.7875=0.5876 val_L16_beta30.5978=0.5665 val_L16_beta33.325=0.5086 val_L16_beta34.3422=0.5114 val_L16_beta38.5957=0.4165 val_L16_beta39.6475=0.4801 val_L16_beta47.0386=0.4486 val_L16_beta47.4228=0.5302 val_L16_beta54.11=0.3847 val_L16_beta56.1944=0.5316 val_L16_beta57.2189=0.4028 val_L32_beta2.1926=0.8289 val_L32_beta2.4697=0.8079 val_L32_beta2.8622=0.7357 val_L32_beta4.994=0.5535 val_L32_beta8.069=0.5321 val_L32_beta11.2015=0.6733 val_L32_beta12.3504=0.6075 val_L32_beta12.688=0.7047 val_L32_beta14.1441=0.5655 val_L32_beta18.0708=0.3455 val_L32_beta18.6487=0.3871 val_L32_beta52.6284=0.5377 val_L8_beta1.4347=0.5329 val_L8_beta1.4977=0.7317 val_L8_beta1.7872=0.6358 val_L8_beta1.9783=0.6134 val_L8_beta2.4006=0.6463 val_L8_beta2.4786=0.7358 val_L32_beta2.0799=0.6233 val_L32_beta2.4378=0.7364 val_L32_beta2.5092=0.6523 val_L32_beta4.0939=0.5920 val_L32_beta4.2586=0.5339 val_L32_beta4.2761=0.6473 val_L32_beta5.2987=0.6111 val_L32_beta5.7905=0.5896 val_L32_beta6.1747=0.5319 val_L32_beta8.7467=0.7622 val_L32_beta8.9764=0.6193 val_L32_beta9.3874=0.4301 val_L32_beta9.5767=0.6192 val_L32_beta9.6729=0.6529 val_L32_beta10.8745=0.6336 val_L32_beta11.9792=0.6556 val_L32_beta25.9011=0.4950 val_L32_beta30.6638=0.4766 val_L32_beta31.4382=0.4307 val_L32_beta40.9956=0.4429 val_L32_beta43.8647=0.6158 val_L32_beta44.3339=0.4331 val_L32_beta44.5075=0.4924 val_L32_beta50.1987=0.4157 val_total=61.8359
epoch  78  train=0.6265  val_L16_beta14.1464=0.5448 val_L16_beta25=0.5237 val_L16_beta40=0.5277 val_L16_beta55.0237=0.5190 val_L16_beta1.0119=0.7278 val_L16_beta1.0397=0.7687 val_L16_beta1.0743=0.6778 val_L16_beta1.2464=0.7171 val_L16_beta1.2749=0.6046 val_L16_beta1.7484=0.4974 val_L16_beta1.8367=0.8083 val_L16_beta1.8781=0.6654 val_L16_beta2.122=0.5330 val_L16_beta2.1285=0.7139 val_L16_beta2.1757=0.6201 val_L16_beta2.1862=0.5706 val_L16_beta2.2983=0.5560 val_L16_beta2.3046=0.7169 val_L16_beta2.3454=0.6206 val_L16_beta2.7647=0.6906 val_L16_beta3.1518=0.6343 val_L16_beta3.1669=0.7077 val_L16_beta3.2922=0.4677 val_L16_beta3.3842=0.6043 val_L16_beta3.4006=0.5569 val_L16_beta3.6231=0.7160 val_L16_beta3.7225=0.7040 val_L16_beta4.0764=0.6317 val_L16_beta4.7323=0.6861 val_L16_beta4.7632=0.5528 val_L16_beta5.586=0.6281 val_L16_beta6.2411=0.4469 val_L16_beta6.4184=0.4886 val_L16_beta6.8771=0.4024 val_L16_beta8.3946=0.5032 val_L16_beta8.4548=0.5315 val_L16_beta8.7139=0.6034 val_L16_beta9.287=0.7025 val_L16_beta9.571=0.4980 val_L16_beta9.8499=0.5156 val_L16_beta10.2188=0.5354 val_L16_beta11.8501=0.6163 val_L16_beta11.8784=0.5176 val_L16_beta12.9259=0.5041 val_L16_beta14.4687=0.6461 val_L16_beta15.5366=0.4661 val_L16_beta17.502=0.4904 val_L16_beta17.7602=0.6886 val_L16_beta19.403=0.5327 val_L16_beta20.2412=0.6589 val_L16_beta21.8857=0.5280 val_L16_beta27.0442=0.5969 val_L16_beta27.3387=0.5647 val_L16_beta27.7875=0.5894 val_L16_beta30.5978=0.5877 val_L16_beta33.325=0.5007 val_L16_beta34.3422=0.5014 val_L16_beta38.5957=0.4196 val_L16_beta39.6475=0.4658 val_L16_beta47.0386=0.4878 val_L16_beta47.4228=0.5534 val_L16_beta54.11=0.3866 val_L16_beta56.1944=0.5386 val_L16_beta57.2189=0.4440 val_L32_beta2.1926=0.8232 val_L32_beta2.4697=0.8286 val_L32_beta2.8622=0.7594 val_L32_beta4.994=0.5427 val_L32_beta8.069=0.5342 val_L32_beta11.2015=0.6714 val_L32_beta12.3504=0.6110 val_L32_beta12.688=0.7155 val_L32_beta14.1441=0.5682 val_L32_beta18.0708=0.3462 val_L32_beta18.6487=0.3784 val_L32_beta52.6284=0.5547 val_L8_beta1.4347=0.5083 val_L8_beta1.4977=0.7626 val_L8_beta1.7872=0.6518 val_L8_beta1.9783=0.6401 val_L8_beta2.4006=0.6165 val_L8_beta2.4786=0.7469 val_L32_beta2.0799=0.6499 val_L32_beta2.4378=0.6838 val_L32_beta2.5092=0.6114 val_L32_beta4.0939=0.6112 val_L32_beta4.2586=0.5501 val_L32_beta4.2761=0.6180 val_L32_beta5.2987=0.6139 val_L32_beta5.7905=0.6138 val_L32_beta6.1747=0.5345 val_L32_beta8.7467=0.7387 val_L32_beta8.9764=0.6178 val_L32_beta9.3874=0.4304 val_L32_beta9.5767=0.5954 val_L32_beta9.6729=0.6509 val_L32_beta10.8745=0.6629 val_L32_beta11.9792=0.6506 val_L32_beta25.9011=0.5030 val_L32_beta30.6638=0.4615 val_L32_beta31.4382=0.4387 val_L32_beta40.9956=0.4415 val_L32_beta43.8647=0.6106 val_L32_beta44.3339=0.4399 val_L32_beta44.5075=0.5137 val_L32_beta50.1987=0.4189 val_total=61.9273
epoch  79  train=0.6248  val_L16_beta14.1464=0.5453 val_L16_beta25=0.5151 val_L16_beta40=0.5460 val_L16_beta55.0237=0.5147 val_L16_beta1.0119=0.7230 val_L16_beta1.0397=0.7625 val_L16_beta1.0743=0.6656 val_L16_beta1.2464=0.7105 val_L16_beta1.2749=0.6327 val_L16_beta1.7484=0.4799 val_L16_beta1.8367=0.8171 val_L16_beta1.8781=0.6366 val_L16_beta2.122=0.5299 val_L16_beta2.1285=0.7332 val_L16_beta2.1757=0.5974 val_L16_beta2.1862=0.5633 val_L16_beta2.2983=0.5492 val_L16_beta2.3046=0.7525 val_L16_beta2.3454=0.6503 val_L16_beta2.7647=0.6808 val_L16_beta3.1518=0.6604 val_L16_beta3.1669=0.7118 val_L16_beta3.2922=0.4710 val_L16_beta3.3842=0.6191 val_L16_beta3.4006=0.5612 val_L16_beta3.6231=0.6972 val_L16_beta3.7225=0.6726 val_L16_beta4.0764=0.6392 val_L16_beta4.7323=0.7249 val_L16_beta4.7632=0.5603 val_L16_beta5.586=0.5992 val_L16_beta6.2411=0.4672 val_L16_beta6.4184=0.4722 val_L16_beta6.8771=0.3946 val_L16_beta8.3946=0.4454 val_L16_beta8.4548=0.5265 val_L16_beta8.7139=0.5994 val_L16_beta9.287=0.6967 val_L16_beta9.571=0.5045 val_L16_beta9.8499=0.5173 val_L16_beta10.2188=0.5419 val_L16_beta11.8501=0.5933 val_L16_beta11.8784=0.5513 val_L16_beta12.9259=0.5108 val_L16_beta14.4687=0.6230 val_L16_beta15.5366=0.4710 val_L16_beta17.502=0.4850 val_L16_beta17.7602=0.6959 val_L16_beta19.403=0.5752 val_L16_beta20.2412=0.6629 val_L16_beta21.8857=0.5466 val_L16_beta27.0442=0.5938 val_L16_beta27.3387=0.6096 val_L16_beta27.7875=0.5842 val_L16_beta30.5978=0.5801 val_L16_beta33.325=0.5020 val_L16_beta34.3422=0.5128 val_L16_beta38.5957=0.4111 val_L16_beta39.6475=0.4760 val_L16_beta47.0386=0.4545 val_L16_beta47.4228=0.5446 val_L16_beta54.11=0.3912 val_L16_beta56.1944=0.5075 val_L16_beta57.2189=0.4421 val_L32_beta2.1926=0.8335 val_L32_beta2.4697=0.8397 val_L32_beta2.8622=0.8204 val_L32_beta4.994=0.5496 val_L32_beta8.069=0.5181 val_L32_beta11.2015=0.6707 val_L32_beta12.3504=0.6341 val_L32_beta12.688=0.7074 val_L32_beta14.1441=0.5662 val_L32_beta18.0708=0.3483 val_L32_beta18.6487=0.3873 val_L32_beta52.6284=0.5282 val_L8_beta1.4347=0.5417 val_L8_beta1.4977=0.7361 val_L8_beta1.7872=0.6100 val_L8_beta1.9783=0.6441 val_L8_beta2.4006=0.6573 val_L8_beta2.4786=0.7138 val_L32_beta2.0799=0.6579 val_L32_beta2.4378=0.7344 val_L32_beta2.5092=0.6282 val_L32_beta4.0939=0.6009 val_L32_beta4.2586=0.5270 val_L32_beta4.2761=0.6312 val_L32_beta5.2987=0.6185 val_L32_beta5.7905=0.5773 val_L32_beta6.1747=0.5411 val_L32_beta8.7467=0.7564 val_L32_beta8.9764=0.6180 val_L32_beta9.3874=0.4482 val_L32_beta9.5767=0.6285 val_L32_beta9.6729=0.6470 val_L32_beta10.8745=0.6432 val_L32_beta11.9792=0.6379 val_L32_beta25.9011=0.4975 val_L32_beta30.6638=0.4769 val_L32_beta31.4382=0.4375 val_L32_beta40.9956=0.4337 val_L32_beta43.8647=0.6078 val_L32_beta44.3339=0.4292 val_L32_beta44.5075=0.5098 val_L32_beta50.1987=0.4160 val_total=62.0234
heldout losses: {'heldout_L16_beta20': 0.4892560541629791}
checkpoint: out/diffusion_v2/v2/checkpoints/score_net_big.pt
history:    out/diffusion_v2/v2/checkpoints/history_big.json
[2026-08-02 02:05:34] STAGE_TRAIN_DONE (279.0 min)
[2026-08-02 02:05:34] STAGE_VERIFY_BASE_START: C:\Users\ompan\OneDrive\Desktop\Lattice QCD Research\dev\InverseRG\.venv\Scripts\python.exe C:\Users\ompan\OneDrive\Desktop\Lattice QCD Research\dev\InverseRG\diffusion_v2\scripts\19_ode_reweighting.py --config diffusion_v2/configs/v3_scale.yaml --checkpoint C:\Users\ompan\OneDrive\Desktop\Lattice QCD Research\dev\InverseRG\out\diffusion_v2\v2\checkpoints\score_net_big.pt --cases 16:14.1464 16:55.0237 32:55.0237 32:218.58 --out C:\Users\ompan\OneDrive\Desktop\Lattice QCD Research\dev\InverseRG\out\diffusion_v2\v2\ess_chain\verify_big_base
case L=16 beta=14.1464 ...
  {"n": 64, "ess_per_n": 0.01625058613717556, "log_weight_std": 20.689804077148438, "log_weight_range": 105.689697265625, "ess_per_n_fiber": 0.020674770697951317, "log_weight_std_fiber": 19.7209415435791, "log_weight_range_fiber": 89.662353515625, "fine_L": 16, "fine_beta": 14.1464, "coarse_L": 8, "coarse_beta": 3.9999887248909847, "imh_acceptance": 0.07936507936507936, "seconds_hmc_base": 1.7, "seconds_ode_sample": 229.5, "ode_steps": 120, "n_probes": 2}
case L=16 beta=55.0237 ...
  {"n": 64, "ess_per_n": 0.01562688499689102, "log_weight_std": 32.11159896850586, "log_weight_range": 181.228515625, "ess_per_n_fiber": 0.0156250037252903, "log_weight_std_fiber": 31.585893630981445, "log_weight_range_fiber": 177.853515625, "fine_L": 16, "fine_beta": 55.0237, "coarse_L": 8, "coarse_beta": 14.146404977472109, "imh_acceptance": 0.047619047619047616, "seconds_hmc_base": 9.0, "seconds_ode_sample": 232.7, "ode_steps": 120, "n_probes": 2}
case L=32 beta=55.0237 ...
  {"n": 64, "ess_per_n": 0.03113396279513836, "log_weight_std": 49.878868103027344, "log_weight_range": 233.234375, "ess_per_n_fiber": 0.015783486887812614, "log_weight_std_fiber": 49.588985443115234, "log_weight_range_fiber": 246.4453125, "fine_L": 32, "fine_beta": 55.0237, "coarse_L": 16, "coarse_beta": 14.146404977472109, "imh_acceptance": 0.1111111111111111, "seconds_hmc_base": 10.2, "seconds_ode_sample": 740.2, "ode_steps": 120, "n_probes": 2}
case L=32 beta=218.58 ...
  {"n": 64, "ess_per_n": 0.015625, "log_weight_std": 214.50674438476562, "log_weight_range": 1210.109375, "ess_per_n_fiber": 0.015625, "log_weight_std_fiber": 211.8467559814453, "log_weight_range_fiber": 1204.609375, "fine_L": 32, "fine_beta": 218.58, "coarse_L": 16, "coarse_beta": 55.02364659738549, "imh_acceptance": 0.031746031746031744, "seconds_hmc_base": 63.8, "seconds_ode_sample": 743.7, "ode_steps": 120, "n_probes": 2}
wrote C:\Users\ompan\OneDrive\Desktop\Lattice QCD Research\dev\InverseRG\out\diffusion_v2\v2\ess_chain\verify_big_base\report.md
[2026-08-02 02:39:37] STAGE_VERIFY_BASE_DONE (34.0 min)
[2026-08-02 02:39:37] STAGE_RKL_START: C:\Users\ompan\OneDrive\Desktop\Lattice QCD Research\dev\InverseRG\.venv\Scripts\python.exe C:\Users\ompan\OneDrive\Desktop\Lattice QCD Research\dev\InverseRG\diffusion_v2\scripts\22_multicase_rkl.py --config diffusion_v2/configs/v3_scale.yaml --checkpoint C:\Users\ompan\OneDrive\Desktop\Lattice QCD Research\dev\InverseRG\out\diffusion_v2\v2\checkpoints\score_net_big.pt --out-checkpoint C:\Users\ompan\OneDrive\Desktop\Lattice QCD Research\dev\InverseRG\out\diffusion_v2\v2\checkpoints\score_net_big_rkl.pt --steps 300
pool 16:14.1464: 320 coarse @ beta_c=4.000 (3s)
pool 16:55.0237: 320 coarse @ beta_c=14.146 (10s)
pool 32:55.0237: 192 coarse @ beta_c=14.146 (11s)
pool 32:218.58: 128 coarse @ beta_c=55.024 (64s)
{"step": 0, "16:14.1464": {"ess": 0.031309861689805984, "log_w_std": 17.87572479248047, "mean_Q": 0.1875, "mean_Q2": 1.25}, "16:55.0237": {"ess": 0.09603395313024521, "log_w_std": 23.725061416625977, "mean_Q": 0.1875, "mean_Q2": 0.625}, "32:55.0237": {"ess": 0.0625, "log_w_std": 55.186553955078125, "mean_Q": -0.0625, "mean_Q2": 2.8125}, "monitor": {"ess": 0.06250026822090149, "log_w_std": 179.79652404785156, "mean_Q": 0.0, "mean_Q2": 4.375}, "mean_train_ess": 0.06328127160668373}
C:\Users\ompan\OneDrive\Desktop\Lattice QCD Research\dev\InverseRG\diffusion_v2\scripts\22_multicase_rkl.py:244: UserWarning: Converting a tensor with requires_grad=True to a scalar may lead to unexpected behavior.
Consider using tensor.detach() first. (Triggered internally at C:\actions-runner\_work\pytorch\pytorch\torch\csrc\autograd\generated\python_variable_methods.cpp:839.)
  "loss_rkl_per_dof": float(loss_rkl),
{"step": 1, "case": "16:14.1464", "loss_rkl_per_dof": -6.856727123260498, "loss_dsm": 0.6378371119499207, "seconds": 8.2}
{"step": 2, "case": "16:55.0237", "loss_rkl_per_dof": -26.950302124023438, "loss_dsm": 0.5040848255157471, "seconds": 7.6}
{"step": 3, "case": "32:55.0237", "loss_rkl_per_dof": -26.89434051513672, "loss_dsm": 0.609519362449646, "seconds": 11.4}
{"step": 4, "case": "16:14.1464", "loss_rkl_per_dof": -6.849546909332275, "loss_dsm": 0.5701861381530762, "seconds": 7.4}
{"step": 5, "case": "16:55.0237", "loss_rkl_per_dof": -26.989974975585938, "loss_dsm": 0.6376909017562866, "seconds": 7.3}
{"step": 6, "case": "32:55.0237", "loss_rkl_per_dof": -26.994253158569336, "loss_dsm": 0.5991902351379395, "seconds": 10.5}
{"step": 7, "case": "16:14.1464", "loss_rkl_per_dof": -6.864712715148926, "loss_dsm": 0.5751099586486816, "seconds": 7.1}
{"step": 8, "case": "16:55.0237", "loss_rkl_per_dof": -26.91554069519043, "loss_dsm": 0.6937816739082336, "seconds": 7.0}
{"step": 9, "case": "32:55.0237", "loss_rkl_per_dof": -26.91205596923828, "loss_dsm": 0.6513042449951172, "seconds": 9.6}
{"step": 10, "case": "16:14.1464", "loss_rkl_per_dof": -6.894772529602051, "loss_dsm": 0.5012816786766052, "seconds": 6.8}
{"step": 11, "case": "16:55.0237", "loss_rkl_per_dof": -26.97771453857422, "loss_dsm": 0.6679903864860535, "seconds": 6.7}
{"step": 12, "case": "32:55.0237", "loss_rkl_per_dof": -26.93339729309082, "loss_dsm": 0.48340851068496704, "seconds": 9.8}
{"step": 13, "case": "16:14.1464", "loss_rkl_per_dof": -6.868736743927002, "loss_dsm": 0.5304351449012756, "seconds": 7.0}
{"step": 14, "case": "16:55.0237", "loss_rkl_per_dof": -26.97300910949707, "loss_dsm": 0.5054334402084351, "seconds": 7.1}
{"step": 15, "case": "32:55.0237", "loss_rkl_per_dof": -26.997108459472656, "loss_dsm": 0.7000241279602051, "seconds": 9.7}
{"step": 16, "case": "16:14.1464", "loss_rkl_per_dof": -6.88057279586792, "loss_dsm": 0.5965644121170044, "seconds": 6.9}
{"step": 17, "case": "16:55.0237", "loss_rkl_per_dof": -26.996784210205078, "loss_dsm": 0.7092804908752441, "seconds": 6.8}
{"step": 18, "case": "32:55.0237", "loss_rkl_per_dof": -26.944128036499023, "loss_dsm": 0.6920837759971619, "seconds": 9.5}
{"step": 19, "case": "16:14.1464", "loss_rkl_per_dof": -6.892237663269043, "loss_dsm": 0.6325485706329346, "seconds": 7.3}
{"step": 20, "case": "16:55.0237", "loss_rkl_per_dof": -26.910911560058594, "loss_dsm": 0.6669465899467468, "seconds": 6.9}
{"step": 21, "case": "32:55.0237", "loss_rkl_per_dof": -26.93122100830078, "loss_dsm": 0.6839781403541565, "seconds": 10.0}
{"step": 22, "case": "16:14.1464", "loss_rkl_per_dof": -6.856205940246582, "loss_dsm": 0.5897051095962524, "seconds": 7.0}
{"step": 23, "case": "16:55.0237", "loss_rkl_per_dof": -26.965381622314453, "loss_dsm": 0.7431641221046448, "seconds": 6.9}
{"step": 24, "case": "32:55.0237", "loss_rkl_per_dof": -26.97753143310547, "loss_dsm": 0.7152024507522583, "seconds": 9.6}
{"step": 25, "case": "16:14.1464", "loss_rkl_per_dof": -6.849152088165283, "loss_dsm": 0.6353192329406738, "seconds": 6.9}
{"step": 26, "case": "16:55.0237", "loss_rkl_per_dof": -26.982553482055664, "loss_dsm": 0.5581760406494141, "seconds": 6.8}
{"step": 27, "case": "32:55.0237", "loss_rkl_per_dof": -26.982421875, "loss_dsm": 0.6455553770065308, "seconds": 9.3}
{"step": 28, "case": "16:14.1464", "loss_rkl_per_dof": -6.926090240478516, "loss_dsm": 0.6535952091217041, "seconds": 6.8}
{"step": 29, "case": "16:55.0237", "loss_rkl_per_dof": -27.0169734954834, "loss_dsm": 0.7088828086853027, "seconds": 7.0}
{"step": 30, "case": "32:55.0237", "loss_rkl_per_dof": -26.96664810180664, "loss_dsm": 0.6619513034820557, "seconds": 9.7}
{"step": 31, "case": "16:14.1464", "loss_rkl_per_dof": -6.893191337585449, "loss_dsm": 0.563446044921875, "seconds": 6.9}
{"step": 32, "case": "16:55.0237", "loss_rkl_per_dof": -26.96018409729004, "loss_dsm": 0.6536679863929749, "seconds": 6.7}
{"step": 33, "case": "32:55.0237", "loss_rkl_per_dof": -26.963808059692383, "loss_dsm": 0.6075241565704346, "seconds": 9.7}
{"step": 34, "case": "16:14.1464", "loss_rkl_per_dof": -6.893345832824707, "loss_dsm": 0.5859798789024353, "seconds": 6.9}
{"step": 35, "case": "16:55.0237", "loss_rkl_per_dof": -26.962928771972656, "loss_dsm": 0.5832682847976685, "seconds": 6.9}
{"step": 36, "case": "32:55.0237", "loss_rkl_per_dof": -27.02555274963379, "loss_dsm": 0.6640135049819946, "seconds": 9.7}
{"step": 37, "case": "16:14.1464", "loss_rkl_per_dof": -6.875757694244385, "loss_dsm": 0.6282464265823364, "seconds": 7.0}
{"step": 38, "case": "16:55.0237", "loss_rkl_per_dof": -27.005435943603516, "loss_dsm": 0.6920417547225952, "seconds": 6.8}
{"step": 39, "case": "32:55.0237", "loss_rkl_per_dof": -26.982635498046875, "loss_dsm": 0.71380615234375, "seconds": 9.6}
{"step": 40, "case": "16:14.1464", "loss_rkl_per_dof": -6.895719051361084, "loss_dsm": 0.641454815864563, "seconds": 6.9}
{"step": 41, "case": "16:55.0237", "loss_rkl_per_dof": -26.994239807128906, "loss_dsm": 0.6551659107208252, "seconds": 7.1}
{"step": 42, "case": "32:55.0237", "loss_rkl_per_dof": -26.98371124267578, "loss_dsm": 0.6000770926475525, "seconds": 9.9}
{"step": 43, "case": "16:14.1464", "loss_rkl_per_dof": -6.923196792602539, "loss_dsm": 0.552295982837677, "seconds": 6.9}
{"step": 44, "case": "16:55.0237", "loss_rkl_per_dof": -27.00334930419922, "loss_dsm": 0.7244935035705566, "seconds": 7.0}
{"step": 45, "case": "32:55.0237", "loss_rkl_per_dof": -27.015872955322266, "loss_dsm": 0.41864269971847534, "seconds": 9.4}
{"step": 46, "case": "16:14.1464", "loss_rkl_per_dof": -6.871209144592285, "loss_dsm": 0.5470960140228271, "seconds": 7.0}
{"step": 47, "case": "16:55.0237", "loss_rkl_per_dof": -26.991859436035156, "loss_dsm": 0.6718438863754272, "seconds": 6.9}
{"step": 48, "case": "32:55.0237", "loss_rkl_per_dof": -27.008567810058594, "loss_dsm": 0.6410998106002808, "seconds": 9.8}
{"step": 49, "case": "16:14.1464", "loss_rkl_per_dof": -6.892831802368164, "loss_dsm": 0.5275496244430542, "seconds": 6.9}
{"step": 50, "case": "16:55.0237", "loss_rkl_per_dof": -26.967029571533203, "loss_dsm": 0.6280256509780884, "seconds": 6.8, "16:14.1464": {"ess": 0.03125741332769394, "log_w_std": 18.59640121459961, "mean_Q": -0.03125, "mean_Q2": 1.03125}, "16:55.0237": {"ess": 0.05530209094285965, "log_w_std": 25.443632125854492, "mean_Q": 0.09375, "mean_Q2": 0.78125}, "32:55.0237": {"ess": 0.0625, "log_w_std": 39.99330139160156, "mean_Q": 0.5, "mean_Q2": 4.5}, "monitor": {"ess": 0.0625, "log_w_std": 578.88671875, "mean_Q": -1.0, "mean_Q2": 10.375}, "mean_train_ess": 0.04968650142351786, "monitor_guard_blocked": true}
{"step": 51, "case": "32:55.0237", "loss_rkl_per_dof": -26.97762680053711, "loss_dsm": 0.7192335724830627, "seconds": 9.6}
{"step": 52, "case": "16:14.1464", "loss_rkl_per_dof": -6.866636276245117, "loss_dsm": 0.44416651129722595, "seconds": 6.9}
{"step": 53, "case": "16:55.0237", "loss_rkl_per_dof": -27.042741775512695, "loss_dsm": 0.5509560704231262, "seconds": 7.2}
{"step": 54, "case": "32:55.0237", "loss_rkl_per_dof": -27.000646591186523, "loss_dsm": 0.6805999279022217, "seconds": 9.6}
{"step": 55, "case": "16:14.1464", "loss_rkl_per_dof": -6.916092872619629, "loss_dsm": 0.6296877264976501, "seconds": 7.4}
{"step": 56, "case": "16:55.0237", "loss_rkl_per_dof": -26.949026107788086, "loss_dsm": 0.573860228061676, "seconds": 7.0}
{"step": 57, "case": "32:55.0237", "loss_rkl_per_dof": -26.976463317871094, "loss_dsm": 0.6707726716995239, "seconds": 9.7}
{"step": 58, "case": "16:14.1464", "loss_rkl_per_dof": -6.870648384094238, "loss_dsm": 0.6405205726623535, "seconds": 7.2}
{"step": 59, "case": "16:55.0237", "loss_rkl_per_dof": -27.06448745727539, "loss_dsm": 0.6160610914230347, "seconds": 6.9}
{"step": 60, "case": "32:55.0237", "loss_rkl_per_dof": -27.017581939697266, "loss_dsm": 0.7106891870498657, "seconds": 9.6}
{"step": 61, "case": "16:14.1464", "loss_rkl_per_dof": -6.902260780334473, "loss_dsm": 0.41641923785209656, "seconds": 6.9}
{"step": 62, "case": "16:55.0237", "loss_rkl_per_dof": -26.99962615966797, "loss_dsm": 0.7243151068687439, "seconds": 6.9}
{"step": 63, "case": "32:55.0237", "loss_rkl_per_dof": -26.986724853515625, "loss_dsm": 0.6571567058563232, "seconds": 9.3}
{"step": 64, "case": "16:14.1464", "loss_rkl_per_dof": -6.898509502410889, "loss_dsm": 0.7253419160842896, "seconds": 7.0}
{"step": 65, "case": "16:55.0237", "loss_rkl_per_dof": -27.007266998291016, "loss_dsm": 0.42524611949920654, "seconds": 6.9}
{"step": 66, "case": "32:55.0237", "loss_rkl_per_dof": -26.99393081665039, "loss_dsm": 0.6169295310974121, "seconds": 9.9}
{"step": 67, "case": "16:14.1464", "loss_rkl_per_dof": -6.874070644378662, "loss_dsm": 0.5706622004508972, "seconds": 7.0}
{"step": 68, "case": "16:55.0237", "loss_rkl_per_dof": -27.01382064819336, "loss_dsm": 0.6011675000190735, "seconds": 6.9}
{"step": 69, "case": "32:55.0237", "loss_rkl_per_dof": -26.990341186523438, "loss_dsm": 0.6774542331695557, "seconds": 9.7}
{"step": 70, "case": "16:14.1464", "loss_rkl_per_dof": -6.912391662597656, "loss_dsm": 0.773362398147583, "seconds": 7.2}
{"step": 71, "case": "16:55.0237", "loss_rkl_per_dof": -27.044918060302734, "loss_dsm": 0.6741946339607239, "seconds": 6.9}
{"step": 72, "case": "32:55.0237", "loss_rkl_per_dof": -26.986713409423828, "loss_dsm": 0.6535664796829224, "seconds": 9.5}
{"step": 73, "case": "16:14.1464", "loss_rkl_per_dof": -6.9036478996276855, "loss_dsm": 0.6309805512428284, "seconds": 6.9}
{"step": 74, "case": "16:55.0237", "loss_rkl_per_dof": -27.026716232299805, "loss_dsm": 0.6767317056655884, "seconds": 6.9}
{"step": 75, "case": "32:55.0237", "loss_rkl_per_dof": -27.008464813232422, "loss_dsm": 0.6407905220985413, "seconds": 9.5}
{"step": 76, "case": "16:14.1464", "loss_rkl_per_dof": -6.900866508483887, "loss_dsm": 0.7193095088005066, "seconds": 7.2}
{"step": 77, "case": "16:55.0237", "loss_rkl_per_dof": -27.00386619567871, "loss_dsm": 0.5673027038574219, "seconds": 7.2}
{"step": 78, "case": "32:55.0237", "loss_rkl_per_dof": -27.009063720703125, "loss_dsm": 0.6464691758155823, "seconds": 9.8}
{"step": 79, "case": "16:14.1464", "loss_rkl_per_dof": -6.898602485656738, "loss_dsm": 0.6314287781715393, "seconds": 6.9}
{"step": 80, "case": "16:55.0237", "loss_rkl_per_dof": -26.966686248779297, "loss_dsm": 0.7041617035865784, "seconds": 6.8}
{"step": 81, "case": "32:55.0237", "loss_rkl_per_dof": -26.962112426757812, "loss_dsm": 0.7127004861831665, "seconds": 9.4}
{"step": 82, "case": "16:14.1464", "loss_rkl_per_dof": -6.902122974395752, "loss_dsm": 0.5795488953590393, "seconds": 7.0}
{"step": 83, "case": "16:55.0237", "loss_rkl_per_dof": -26.972423553466797, "loss_dsm": 0.7122945189476013, "seconds": 7.1}
{"step": 84, "case": "32:55.0237", "loss_rkl_per_dof": -26.978412628173828, "loss_dsm": 0.6060705184936523, "seconds": 10.1}
{"step": 85, "case": "16:14.1464", "loss_rkl_per_dof": -6.907561302185059, "loss_dsm": 0.6412221789360046, "seconds": 6.9}
{"step": 86, "case": "16:55.0237", "loss_rkl_per_dof": -27.04473876953125, "loss_dsm": 0.7101765871047974, "seconds": 6.8}
{"step": 87, "case": "32:55.0237", "loss_rkl_per_dof": -26.97771644592285, "loss_dsm": 0.7374728918075562, "seconds": 9.6}
{"step": 88, "case": "16:14.1464", "loss_rkl_per_dof": -6.917215347290039, "loss_dsm": 0.43780621886253357, "seconds": 6.9}
{"step": 89, "case": "16:55.0237", "loss_rkl_per_dof": -26.958744049072266, "loss_dsm": 0.6813857555389404, "seconds": 7.2}
{"step": 90, "case": "32:55.0237", "loss_rkl_per_dof": -27.035236358642578, "loss_dsm": 0.6210626363754272, "seconds": 9.7}
{"step": 91, "case": "16:14.1464", "loss_rkl_per_dof": -6.934141159057617, "loss_dsm": 0.6922412514686584, "seconds": 7.3}
{"step": 92, "case": "16:55.0237", "loss_rkl_per_dof": -27.005386352539062, "loss_dsm": 0.6564716696739197, "seconds": 7.8}
{"step": 93, "case": "32:55.0237", "loss_rkl_per_dof": -27.001293182373047, "loss_dsm": 0.5044935941696167, "seconds": 10.8}
{"step": 94, "case": "16:14.1464", "loss_rkl_per_dof": -6.924195289611816, "loss_dsm": 0.5593723058700562, "seconds": 7.6}
{"step": 95, "case": "16:55.0237", "loss_rkl_per_dof": -27.03817367553711, "loss_dsm": 0.6907705068588257, "seconds": 7.7}
{"step": 96, "case": "32:55.0237", "loss_rkl_per_dof": -27.014949798583984, "loss_dsm": 0.5086247324943542, "seconds": 9.4}
{"step": 97, "case": "16:14.1464", "loss_rkl_per_dof": -6.885786533355713, "loss_dsm": 0.5649162530899048, "seconds": 7.1}
{"step": 98, "case": "16:55.0237", "loss_rkl_per_dof": -27.010740280151367, "loss_dsm": 0.5946394205093384, "seconds": 7.1}
{"step": 99, "case": "32:55.0237", "loss_rkl_per_dof": -27.036762237548828, "loss_dsm": 0.6668717861175537, "seconds": 9.4}
{"step": 100, "case": "16:14.1464", "loss_rkl_per_dof": -6.943502902984619, "loss_dsm": 0.6388935446739197, "seconds": 6.9, "16:14.1464": {"ess": 0.06414588540792465, "log_w_std": 18.614887237548828, "mean_Q": -0.15625, "mean_Q2": 1.40625}, "16:55.0237": {"ess": 0.03125400096178055, "log_w_std": 30.498376846313477, "mean_Q": -0.09375, "mean_Q2": 0.90625}, "32:55.0237": {"ess": 0.06301698833703995, "log_w_std": 46.140140533447266, "mean_Q": 0.3125, "mean_Q2": 4.1875}, "monitor": {"ess": 0.0625, "log_w_std": 711.3632202148438, "mean_Q": -1.1875, "mean_Q2": 12.3125}, "mean_train_ess": 0.05280562490224838, "monitor_guard_blocked": true}
{"step": 101, "case": "16:55.0237", "loss_rkl_per_dof": -27.04397201538086, "loss_dsm": 0.6000339984893799, "seconds": 7.0}
{"step": 102, "case": "32:55.0237", "loss_rkl_per_dof": -27.05158042907715, "loss_dsm": 0.5049118399620056, "seconds": 9.1}
{"step": 103, "case": "16:14.1464", "loss_rkl_per_dof": -6.884275436401367, "loss_dsm": 0.5204629898071289, "seconds": 7.5}
{"step": 104, "case": "16:55.0237", "loss_rkl_per_dof": -26.99686622619629, "loss_dsm": 0.6720151901245117, "seconds": 8.3}
{"step": 105, "case": "32:55.0237", "loss_rkl_per_dof": -27.060083389282227, "loss_dsm": 0.6360170841217041, "seconds": 9.9}
{"step": 106, "case": "16:14.1464", "loss_rkl_per_dof": -6.929037094116211, "loss_dsm": 0.6939395070075989, "seconds": 7.0}
{"step": 107, "case": "16:55.0237", "loss_rkl_per_dof": -27.004894256591797, "loss_dsm": 0.7546887993812561, "seconds": 6.8}
{"step": 108, "case": "32:55.0237", "loss_rkl_per_dof": -27.05419921875, "loss_dsm": 0.5634902119636536, "seconds": 9.1}
{"step": 109, "case": "16:14.1464", "loss_rkl_per_dof": -6.911777973175049, "loss_dsm": 0.4379088282585144, "seconds": 7.2}
{"step": 110, "case": "16:55.0237", "loss_rkl_per_dof": -27.038633346557617, "loss_dsm": 0.6236557960510254, "seconds": 6.9}
{"step": 111, "case": "32:55.0237", "loss_rkl_per_dof": -27.026548385620117, "loss_dsm": 0.6165035367012024, "seconds": 9.4}
{"step": 112, "case": "16:14.1464", "loss_rkl_per_dof": -6.899635314941406, "loss_dsm": 0.6576327085494995, "seconds": 7.2}
{"step": 113, "case": "16:55.0237", "loss_rkl_per_dof": -26.91993522644043, "loss_dsm": 0.5964824557304382, "seconds": 6.7}
{"step": 114, "case": "32:55.0237", "loss_rkl_per_dof": -27.055171966552734, "loss_dsm": 0.5817179083824158, "seconds": 9.2}
{"step": 115, "case": "16:14.1464", "loss_rkl_per_dof": -6.924859523773193, "loss_dsm": 0.6108548045158386, "seconds": 6.9}
{"step": 116, "case": "16:55.0237", "loss_rkl_per_dof": -27.044801712036133, "loss_dsm": 0.6341130137443542, "seconds": 7.2}
{"step": 117, "case": "32:55.0237", "loss_rkl_per_dof": -27.025741577148438, "loss_dsm": 0.7271170616149902, "seconds": 9.6}
{"step": 118, "case": "16:14.1464", "loss_rkl_per_dof": -6.940006732940674, "loss_dsm": 0.7463027238845825, "seconds": 6.8}
{"step": 119, "case": "16:55.0237", "loss_rkl_per_dof": -27.05828857421875, "loss_dsm": 0.4923468232154846, "seconds": 7.0}
{"step": 120, "case": "32:55.0237", "loss_rkl_per_dof": -27.01162338256836, "loss_dsm": 0.7250164747238159, "seconds": 9.6}
{"step": 121, "case": "16:14.1464", "loss_rkl_per_dof": -6.914443016052246, "loss_dsm": 0.6715746521949768, "seconds": 7.2}
{"step": 122, "case": "16:55.0237", "loss_rkl_per_dof": -27.000967025756836, "loss_dsm": 0.6139490008354187, "seconds": 6.8}
{"step": 123, "case": "32:55.0237", "loss_rkl_per_dof": -27.03681182861328, "loss_dsm": 0.6636866927146912, "seconds": 9.1}
{"step": 124, "case": "16:14.1464", "loss_rkl_per_dof": -6.921017169952393, "loss_dsm": 0.5481244325637817, "seconds": 6.8}
{"step": 125, "case": "16:55.0237", "loss_rkl_per_dof": -26.956729888916016, "loss_dsm": 0.6365525722503662, "seconds": 6.6}
{"step": 126, "case": "32:55.0237", "loss_rkl_per_dof": -27.057300567626953, "loss_dsm": 0.7062090039253235, "seconds": 9.1}
{"step": 127, "case": "16:14.1464", "loss_rkl_per_dof": -6.977361679077148, "loss_dsm": 0.5839635729789734, "seconds": 6.8}
{"step": 128, "case": "16:55.0237", "loss_rkl_per_dof": -26.995450973510742, "loss_dsm": 0.6832600235939026, "seconds": 6.7}
{"step": 129, "case": "32:55.0237", "loss_rkl_per_dof": -27.041032791137695, "loss_dsm": 0.5870082378387451, "seconds": 9.1}
{"step": 130, "case": "16:14.1464", "loss_rkl_per_dof": -6.941588401794434, "loss_dsm": 0.6825113296508789, "seconds": 7.1}
{"step": 131, "case": "16:55.0237", "loss_rkl_per_dof": -26.984804153442383, "loss_dsm": 0.7139524817466736, "seconds": 6.7}
{"step": 132, "case": "32:55.0237", "loss_rkl_per_dof": -27.01137924194336, "loss_dsm": 0.7535442113876343, "seconds": 9.1}
{"step": 133, "case": "16:14.1464", "loss_rkl_per_dof": -6.906328201293945, "loss_dsm": 0.6776566505432129, "seconds": 7.1}
{"step": 134, "case": "16:55.0237", "loss_rkl_per_dof": -27.062957763671875, "loss_dsm": 0.668702244758606, "seconds": 6.9}
{"step": 135, "case": "32:55.0237", "loss_rkl_per_dof": -27.033416748046875, "loss_dsm": 0.6650230884552002, "seconds": 9.1}
{"step": 136, "case": "16:14.1464", "loss_rkl_per_dof": -6.925502777099609, "loss_dsm": 0.598760724067688, "seconds": 7.1}
{"step": 137, "case": "16:55.0237", "loss_rkl_per_dof": -27.01750373840332, "loss_dsm": 0.7438886761665344, "seconds": 6.9}
{"step": 138, "case": "32:55.0237", "loss_rkl_per_dof": -27.05042839050293, "loss_dsm": 0.6867762804031372, "seconds": 9.2}
{"step": 139, "case": "16:14.1464", "loss_rkl_per_dof": -6.850946426391602, "loss_dsm": 0.5900759696960449, "seconds": 7.2}
{"step": 140, "case": "16:55.0237", "loss_rkl_per_dof": -26.996545791625977, "loss_dsm": 0.782481849193573, "seconds": 7.1}
{"step": 141, "case": "32:55.0237", "loss_rkl_per_dof": -27.008502960205078, "loss_dsm": 0.5987752676010132, "seconds": 9.1}
{"step": 142, "case": "16:14.1464", "loss_rkl_per_dof": -6.9268670082092285, "loss_dsm": 0.6252825260162354, "seconds": 6.8}
{"step": 143, "case": "16:55.0237", "loss_rkl_per_dof": -26.979310989379883, "loss_dsm": 0.7450963854789734, "seconds": 7.0}
{"step": 144, "case": "32:55.0237", "loss_rkl_per_dof": -26.984176635742188, "loss_dsm": 0.5858899354934692, "seconds": 9.4}
{"step": 145, "case": "16:14.1464", "loss_rkl_per_dof": -6.950735092163086, "loss_dsm": 0.5866646766662598, "seconds": 6.8}
{"step": 146, "case": "16:55.0237", "loss_rkl_per_dof": -26.995201110839844, "loss_dsm": 0.6426587700843811, "seconds": 6.7}
{"step": 147, "case": "32:55.0237", "loss_rkl_per_dof": -27.00499725341797, "loss_dsm": 0.5250248908996582, "seconds": 9.2}
{"step": 148, "case": "16:14.1464", "loss_rkl_per_dof": -6.947812080383301, "loss_dsm": 0.6118303537368774, "seconds": 6.8}
{"step": 149, "case": "16:55.0237", "loss_rkl_per_dof": -27.025779724121094, "loss_dsm": 0.6555646657943726, "seconds": 6.7}
{"step": 150, "case": "32:55.0237", "loss_rkl_per_dof": -26.99224281311035, "loss_dsm": 0.7169527411460876, "seconds": 9.0, "16:14.1464": {"ess": 0.06704625487327576, "log_w_std": 19.514047622680664, "mean_Q": 0.125, "mean_Q2": 0.6875}, "16:55.0237": {"ess": 0.03129137307405472, "log_w_std": 21.349668502807617, "mean_Q": 0.21875, "mean_Q2": 0.78125}, "32:55.0237": {"ess": 0.0625, "log_w_std": 47.81247329711914, "mean_Q": -0.25, "mean_Q2": 3.375}, "monitor": {"ess": 0.0625, "log_w_std": 374.1502380371094, "mean_Q": -1.3125, "mean_Q2": 5.3125}, "mean_train_ess": 0.05361254264911016, "monitor_guard_blocked": true}
{"step": 151, "case": "16:14.1464", "loss_rkl_per_dof": -6.948470115661621, "loss_dsm": 0.5474313497543335, "seconds": 7.0}
{"step": 152, "case": "16:55.0237", "loss_rkl_per_dof": -27.037246704101562, "loss_dsm": 0.5411151647567749, "seconds": 6.7}
{"step": 153, "case": "32:55.0237", "loss_rkl_per_dof": -27.02755355834961, "loss_dsm": 0.6658661961555481, "seconds": 9.7}
{"step": 154, "case": "16:14.1464", "loss_rkl_per_dof": -6.899755477905273, "loss_dsm": 0.516141951084137, "seconds": 6.8}
{"step": 155, "case": "16:55.0237", "loss_rkl_per_dof": -27.039188385009766, "loss_dsm": 0.6383811235427856, "seconds": 6.8}
{"step": 156, "case": "32:55.0237", "loss_rkl_per_dof": -27.046398162841797, "loss_dsm": 0.6267736554145813, "seconds": 9.2}
{"step": 157, "case": "16:14.1464", "loss_rkl_per_dof": -6.915962219238281, "loss_dsm": 0.697506308555603, "seconds": 7.1}
{"step": 158, "case": "16:55.0237", "loss_rkl_per_dof": -27.12364387512207, "loss_dsm": 0.5903706550598145, "seconds": 6.9}
{"step": 159, "case": "32:55.0237", "loss_rkl_per_dof": -27.12377166748047, "loss_dsm": 0.7026386260986328, "seconds": 9.3}
{"step": 160, "case": "16:14.1464", "loss_rkl_per_dof": -6.95121955871582, "loss_dsm": 0.6867585182189941, "seconds": 7.1}
{"step": 161, "case": "16:55.0237", "loss_rkl_per_dof": -27.041725158691406, "loss_dsm": 0.6966017484664917, "seconds": 7.1}
{"step": 162, "case": "32:55.0237", "loss_rkl_per_dof": -27.093154907226562, "loss_dsm": 0.7235380411148071, "seconds": 9.1}
{"step": 163, "case": "16:14.1464", "loss_rkl_per_dof": -6.950519561767578, "loss_dsm": 0.6600221395492554, "seconds": 6.7}
{"step": 164, "case": "16:55.0237", "loss_rkl_per_dof": -27.079978942871094, "loss_dsm": 0.6348857879638672, "seconds": 6.9}
{"step": 165, "case": "32:55.0237", "loss_rkl_per_dof": -27.030742645263672, "loss_dsm": 0.6666226387023926, "seconds": 9.4}
{"step": 166, "case": "16:14.1464", "loss_rkl_per_dof": -6.959151744842529, "loss_dsm": 0.6135434508323669, "seconds": 6.8}
{"step": 167, "case": "16:55.0237", "loss_rkl_per_dof": -27.06683921813965, "loss_dsm": 0.603248655796051, "seconds": 6.9}
{"step": 168, "case": "32:55.0237", "loss_rkl_per_dof": -27.07196044921875, "loss_dsm": 0.6818925142288208, "seconds": 9.1}
{"step": 169, "case": "16:14.1464", "loss_rkl_per_dof": -6.93382453918457, "loss_dsm": 0.6272028088569641, "seconds": 6.8}
{"step": 170, "case": "16:55.0237", "loss_rkl_per_dof": -27.057369232177734, "loss_dsm": 0.5393249988555908, "seconds": 7.0}
{"step": 171, "case": "32:55.0237", "loss_rkl_per_dof": -27.073680877685547, "loss_dsm": 0.5866718292236328, "seconds": 9.3}
{"step": 172, "case": "16:14.1464", "loss_rkl_per_dof": -6.922548294067383, "loss_dsm": 0.5131929516792297, "seconds": 6.8}
{"step": 173, "case": "16:55.0237", "loss_rkl_per_dof": -27.077516555786133, "loss_dsm": 0.647911548614502, "seconds": 7.0}
{"step": 174, "case": "32:55.0237", "loss_rkl_per_dof": -27.03931427001953, "loss_dsm": 0.5290263891220093, "seconds": 9.1}
{"step": 175, "case": "16:14.1464", "loss_rkl_per_dof": -6.948182106018066, "loss_dsm": 0.752720296382904, "seconds": 6.7}
{"step": 176, "case": "16:55.0237", "loss_rkl_per_dof": -27.097991943359375, "loss_dsm": 0.5187398195266724, "seconds": 7.0}
{"step": 177, "case": "32:55.0237", "loss_rkl_per_dof": -26.99966812133789, "loss_dsm": 0.4861840009689331, "seconds": 9.4}
{"step": 178, "case": "16:14.1464", "loss_rkl_per_dof": -6.946742534637451, "loss_dsm": 0.6400309205055237, "seconds": 6.8}
{"step": 179, "case": "16:55.0237", "loss_rkl_per_dof": -27.075611114501953, "loss_dsm": 0.799571692943573, "seconds": 6.7}
{"step": 180, "case": "32:55.0237", "loss_rkl_per_dof": -27.00809097290039, "loss_dsm": 0.6515135169029236, "seconds": 9.3}
{"step": 181, "case": "16:14.1464", "loss_rkl_per_dof": -6.944086074829102, "loss_dsm": 0.670741081237793, "seconds": 6.8}
{"step": 182, "case": "16:55.0237", "loss_rkl_per_dof": -27.018253326416016, "loss_dsm": 0.7020660638809204, "seconds": 6.9}
{"step": 183, "case": "32:55.0237", "loss_rkl_per_dof": -27.06092071533203, "loss_dsm": 0.6049039363861084, "seconds": 9.3}
{"step": 184, "case": "16:14.1464", "loss_rkl_per_dof": -6.9593706130981445, "loss_dsm": 0.6940520405769348, "seconds": 7.1}
{"step": 185, "case": "16:55.0237", "loss_rkl_per_dof": -27.07712173461914, "loss_dsm": 0.6656414866447449, "seconds": 7.0}
{"step": 186, "case": "32:55.0237", "loss_rkl_per_dof": -27.075992584228516, "loss_dsm": 0.6612874269485474, "seconds": 9.4}
{"step": 187, "case": "16:14.1464", "loss_rkl_per_dof": -6.9715728759765625, "loss_dsm": 0.6460990309715271, "seconds": 6.8}
{"step": 188, "case": "16:55.0237", "loss_rkl_per_dof": -27.04796600341797, "loss_dsm": 0.7569949626922607, "seconds": 6.7}
{"step": 189, "case": "32:55.0237", "loss_rkl_per_dof": -27.054931640625, "loss_dsm": 0.6891247630119324, "seconds": 9.1}
{"step": 190, "case": "16:14.1464", "loss_rkl_per_dof": -6.917363166809082, "loss_dsm": 0.584979772567749, "seconds": 7.1}
{"step": 191, "case": "16:55.0237", "loss_rkl_per_dof": -27.08858871459961, "loss_dsm": 0.6704356670379639, "seconds": 6.6}
{"step": 192, "case": "32:55.0237", "loss_rkl_per_dof": -27.06591033935547, "loss_dsm": 0.6659675240516663, "seconds": 9.1}
{"step": 193, "case": "16:14.1464", "loss_rkl_per_dof": -6.9469075202941895, "loss_dsm": 0.6409381031990051, "seconds": 8.9}
{"step": 194, "case": "16:55.0237", "loss_rkl_per_dof": -27.083457946777344, "loss_dsm": 0.6324521899223328, "seconds": 7.8}
{"step": 195, "case": "32:55.0237", "loss_rkl_per_dof": -27.05962371826172, "loss_dsm": 0.7025959491729736, "seconds": 10.1}
{"step": 196, "case": "16:14.1464", "loss_rkl_per_dof": -6.97841215133667, "loss_dsm": 0.48902183771133423, "seconds": 7.5}
{"step": 197, "case": "16:55.0237", "loss_rkl_per_dof": -27.033435821533203, "loss_dsm": 0.6279782056808472, "seconds": 6.8}
{"step": 198, "case": "32:55.0237", "loss_rkl_per_dof": -27.07714080810547, "loss_dsm": 0.6822120547294617, "seconds": 10.1}
{"step": 199, "case": "16:14.1464", "loss_rkl_per_dof": -6.948113441467285, "loss_dsm": 0.5708569288253784, "seconds": 7.2}
{"step": 200, "case": "16:55.0237", "loss_rkl_per_dof": -27.09278678894043, "loss_dsm": 0.6011091470718384, "seconds": 7.0, "16:14.1464": {"ess": 0.036170199513435364, "log_w_std": 16.905488967895508, "mean_Q": -0.09375, "mean_Q2": 1.78125}, "16:55.0237": {"ess": 0.03138132020831108, "log_w_std": 17.113183975219727, "mean_Q": 0.0625, "mean_Q2": 1.1875}, "32:55.0237": {"ess": 0.0625, "log_w_std": 58.41397476196289, "mean_Q": -0.3125, "mean_Q2": 8.9375}, "monitor": {"ess": 0.0625, "log_w_std": 974.1345825195312, "mean_Q": 0.3125, "mean_Q2": 9.8125}, "mean_train_ess": 0.04335050657391548, "monitor_guard_blocked": true}
{"step": 201, "case": "32:55.0237", "loss_rkl_per_dof": -27.048255920410156, "loss_dsm": 0.7551240921020508, "seconds": 9.1}
{"step": 202, "case": "16:14.1464", "loss_rkl_per_dof": -6.942065238952637, "loss_dsm": 0.7250240445137024, "seconds": 6.7}
{"step": 203, "case": "16:55.0237", "loss_rkl_per_dof": -27.067474365234375, "loss_dsm": 0.5404465794563293, "seconds": 6.7}
{"step": 204, "case": "32:55.0237", "loss_rkl_per_dof": -27.09476089477539, "loss_dsm": 0.6031069755554199, "seconds": 9.3}
{"step": 205, "case": "16:14.1464", "loss_rkl_per_dof": -6.93303918838501, "loss_dsm": 0.5143991708755493, "seconds": 6.7}
{"step": 206, "case": "16:55.0237", "loss_rkl_per_dof": -27.116073608398438, "loss_dsm": 0.6282464861869812, "seconds": 6.7}
{"step": 207, "case": "32:55.0237", "loss_rkl_per_dof": -27.08977508544922, "loss_dsm": 0.6127191781997681, "seconds": 9.1}
{"step": 208, "case": "16:14.1464", "loss_rkl_per_dof": -6.980636119842529, "loss_dsm": 0.7081993222236633, "seconds": 6.7}
{"step": 209, "case": "16:55.0237", "loss_rkl_per_dof": -27.09686279296875, "loss_dsm": 0.6540111899375916, "seconds": 6.6}
{"step": 210, "case": "32:55.0237", "loss_rkl_per_dof": -27.14162826538086, "loss_dsm": 0.4621150493621826, "seconds": 9.1}
{"step": 211, "case": "16:14.1464", "loss_rkl_per_dof": -6.953555107116699, "loss_dsm": 0.5954153537750244, "seconds": 6.8}
{"step": 212, "case": "16:55.0237", "loss_rkl_per_dof": -27.102096557617188, "loss_dsm": 0.724638819694519, "seconds": 7.1}
{"step": 213, "case": "32:55.0237", "loss_rkl_per_dof": -27.109792709350586, "loss_dsm": 0.6235339045524597, "seconds": 9.5}
{"step": 214, "case": "16:14.1464", "loss_rkl_per_dof": -6.945186614990234, "loss_dsm": 0.6008903384208679, "seconds": 7.1}
{"step": 215, "case": "16:55.0237", "loss_rkl_per_dof": -27.04704475402832, "loss_dsm": 0.6876894235610962, "seconds": 6.7}
{"step": 216, "case": "32:55.0237", "loss_rkl_per_dof": -27.119834899902344, "loss_dsm": 0.615778923034668, "seconds": 9.3}
{"step": 217, "case": "16:14.1464", "loss_rkl_per_dof": -6.97813081741333, "loss_dsm": 0.6564281582832336, "seconds": 6.7}
{"step": 218, "case": "16:55.0237", "loss_rkl_per_dof": -27.14628791809082, "loss_dsm": 0.6885660290718079, "seconds": 6.9}
{"step": 219, "case": "32:55.0237", "loss_rkl_per_dof": -27.118532180786133, "loss_dsm": 0.5570881366729736, "seconds": 9.2}
{"step": 220, "case": "16:14.1464", "loss_rkl_per_dof": -6.954104423522949, "loss_dsm": 0.49281394481658936, "seconds": 6.8}
{"step": 221, "case": "16:55.0237", "loss_rkl_per_dof": -27.152748107910156, "loss_dsm": 0.6062318682670593, "seconds": 6.7}
{"step": 222, "case": "32:55.0237", "loss_rkl_per_dof": -27.14736557006836, "loss_dsm": 0.593497097492218, "seconds": 9.2}
{"step": 223, "case": "16:14.1464", "loss_rkl_per_dof": -6.907691955566406, "loss_dsm": 0.6569624543190002, "seconds": 6.9}
{"step": 224, "case": "16:55.0237", "loss_rkl_per_dof": -27.107559204101562, "loss_dsm": 0.589948296546936, "seconds": 6.8}
{"step": 225, "case": "32:55.0237", "loss_rkl_per_dof": -27.1422176361084, "loss_dsm": 0.6314893960952759, "seconds": 9.5}
{"step": 226, "case": "16:14.1464", "loss_rkl_per_dof": -6.927646636962891, "loss_dsm": 0.5782361030578613, "seconds": 6.8}
{"step": 227, "case": "16:55.0237", "loss_rkl_per_dof": -27.152421951293945, "loss_dsm": 0.5538207292556763, "seconds": 6.7}
{"step": 228, "case": "32:55.0237", "loss_rkl_per_dof": -27.22296142578125, "loss_dsm": 0.48766207695007324, "seconds": 9.5}
{"step": 229, "case": "16:14.1464", "loss_rkl_per_dof": -6.932494163513184, "loss_dsm": 0.6996533870697021, "seconds": 7.2}
{"step": 230, "case": "16:55.0237", "loss_rkl_per_dof": -27.0072021484375, "loss_dsm": 0.6538585424423218, "seconds": 6.8}
{"step": 231, "case": "32:55.0237", "loss_rkl_per_dof": -27.158218383789062, "loss_dsm": 0.7231789827346802, "seconds": 9.7}
{"step": 232, "case": "16:14.1464", "loss_rkl_per_dof": -6.942201137542725, "loss_dsm": 0.5227375030517578, "seconds": 7.1}
{"step": 233, "case": "16:55.0237", "loss_rkl_per_dof": -27.18438720703125, "loss_dsm": 0.7275776863098145, "seconds": 6.8}
{"step": 234, "case": "32:55.0237", "loss_rkl_per_dof": -27.18330955505371, "loss_dsm": 0.5576508641242981, "seconds": 9.5}
{"step": 235, "case": "16:14.1464", "loss_rkl_per_dof": -6.923816680908203, "loss_dsm": 0.691632866859436, "seconds": 6.8}
{"step": 236, "case": "16:55.0237", "loss_rkl_per_dof": -27.242019653320312, "loss_dsm": 0.5846216678619385, "seconds": 7.1}
{"step": 237, "case": "32:55.0237", "loss_rkl_per_dof": -27.22515296936035, "loss_dsm": 0.6289057731628418, "seconds": 9.5}
{"step": 238, "case": "16:14.1464", "loss_rkl_per_dof": -6.935652732849121, "loss_dsm": 0.6164977550506592, "seconds": 7.2}
{"step": 239, "case": "16:55.0237", "loss_rkl_per_dof": -27.22459602355957, "loss_dsm": 0.5688418745994568, "seconds": 6.8}
{"step": 240, "case": "32:55.0237", "loss_rkl_per_dof": -27.199161529541016, "loss_dsm": 0.6596921682357788, "seconds": 9.2}
{"step": 241, "case": "16:14.1464", "loss_rkl_per_dof": -6.931993007659912, "loss_dsm": 0.4761972725391388, "seconds": 6.9}
{"step": 242, "case": "16:55.0237", "loss_rkl_per_dof": -27.23624610900879, "loss_dsm": 0.65358966588974, "seconds": 7.1}
{"step": 243, "case": "32:55.0237", "loss_rkl_per_dof": -27.157302856445312, "loss_dsm": 0.5547974705696106, "seconds": 10.5}
{"step": 244, "case": "16:14.1464", "loss_rkl_per_dof": -6.9528398513793945, "loss_dsm": 0.8200389742851257, "seconds": 7.8}
{"step": 245, "case": "16:55.0237", "loss_rkl_per_dof": -27.20899200439453, "loss_dsm": 0.6197420954704285, "seconds": 7.2}
{"step": 246, "case": "32:55.0237", "loss_rkl_per_dof": -27.168617248535156, "loss_dsm": 0.5978377461433411, "seconds": 10.1}
{"step": 247, "case": "16:14.1464", "loss_rkl_per_dof": -6.921003818511963, "loss_dsm": 0.4775615930557251, "seconds": 6.9}
{"step": 248, "case": "16:55.0237", "loss_rkl_per_dof": -27.182954788208008, "loss_dsm": 0.6094638109207153, "seconds": 7.1}
{"step": 249, "case": "32:55.0237", "loss_rkl_per_dof": -27.163780212402344, "loss_dsm": 0.544865608215332, "seconds": 9.6}
{"step": 250, "case": "16:14.1464", "loss_rkl_per_dof": -6.968063831329346, "loss_dsm": 0.7105100750923157, "seconds": 7.5, "16:14.1464": {"ess": 0.0388697013258934, "log_w_std": 16.0102596282959, "mean_Q": 0.15625, "mean_Q2": 0.84375}, "16:55.0237": {"ess": 0.031951118260622025, "log_w_std": 30.586244583129883, "mean_Q": 0.0, "mean_Q2": 2.875}, "32:55.0237": {"ess": 0.07773023843765259, "log_w_std": 44.74527359008789, "mean_Q": 0.125, "mean_Q2": 8.75}, "monitor": {"ess": 0.0625, "log_w_std": 2072.073974609375, "mean_Q": -2.0625, "mean_Q2": 17.1875}, "mean_train_ess": 0.049517019341389336, "monitor_guard_blocked": true}
{"step": 251, "case": "16:55.0237", "loss_rkl_per_dof": -27.177284240722656, "loss_dsm": 0.5715202689170837, "seconds": 7.0}
{"step": 252, "case": "32:55.0237", "loss_rkl_per_dof": -27.215877532958984, "loss_dsm": 0.6367903351783752, "seconds": 9.3}
{"step": 253, "case": "16:14.1464", "loss_rkl_per_dof": -6.958363056182861, "loss_dsm": 0.623246967792511, "seconds": 6.9}
{"step": 254, "case": "16:55.0237", "loss_rkl_per_dof": -27.16854476928711, "loss_dsm": 0.6611284017562866, "seconds": 6.9}
{"step": 255, "case": "32:55.0237", "loss_rkl_per_dof": -27.23535919189453, "loss_dsm": 0.5942648649215698, "seconds": 9.7}
{"step": 256, "case": "16:14.1464", "loss_rkl_per_dof": -6.95631217956543, "loss_dsm": 0.7565057277679443, "seconds": 7.0}
{"step": 257, "case": "16:55.0237", "loss_rkl_per_dof": -27.27748680114746, "loss_dsm": 0.6545553803443909, "seconds": 6.9}
{"step": 258, "case": "32:55.0237", "loss_rkl_per_dof": -27.18541717529297, "loss_dsm": 0.6907510161399841, "seconds": 9.2}
{"step": 259, "case": "16:14.1464", "loss_rkl_per_dof": -6.976082801818848, "loss_dsm": 0.6435685157775879, "seconds": 7.1}
{"step": 260, "case": "16:55.0237", "loss_rkl_per_dof": -27.161705017089844, "loss_dsm": 0.787076473236084, "seconds": 6.9}
{"step": 261, "case": "32:55.0237", "loss_rkl_per_dof": -27.206317901611328, "loss_dsm": 0.5338330268859863, "seconds": 9.6}
{"step": 262, "case": "16:14.1464", "loss_rkl_per_dof": -6.986904144287109, "loss_dsm": 0.7400758862495422, "seconds": 6.9}
{"step": 263, "case": "16:55.0237", "loss_rkl_per_dof": -27.22063446044922, "loss_dsm": 0.5881803631782532, "seconds": 7.1}
{"step": 264, "case": "32:55.0237", "loss_rkl_per_dof": -27.1677188873291, "loss_dsm": 0.642863929271698, "seconds": 9.7}
{"step": 265, "case": "16:14.1464", "loss_rkl_per_dof": -7.006515026092529, "loss_dsm": 0.8091397285461426, "seconds": 7.0}
{"step": 266, "case": "16:55.0237", "loss_rkl_per_dof": -27.205230712890625, "loss_dsm": 0.5491723418235779, "seconds": 6.9}
{"step": 267, "case": "32:55.0237", "loss_rkl_per_dof": -27.218006134033203, "loss_dsm": 0.5111052393913269, "seconds": 9.4}
{"step": 268, "case": "16:14.1464", "loss_rkl_per_dof": -6.952929973602295, "loss_dsm": 0.6284242868423462, "seconds": 7.0}
{"step": 269, "case": "16:55.0237", "loss_rkl_per_dof": -27.233230590820312, "loss_dsm": 0.5601502656936646, "seconds": 6.8}
{"step": 270, "case": "32:55.0237", "loss_rkl_per_dof": -27.22585678100586, "loss_dsm": 0.695108950138092, "seconds": 9.7}
{"step": 271, "case": "16:14.1464", "loss_rkl_per_dof": -6.905032157897949, "loss_dsm": 0.6961675882339478, "seconds": 7.2}
{"step": 272, "case": "16:55.0237", "loss_rkl_per_dof": -27.168914794921875, "loss_dsm": 0.6058792471885681, "seconds": 6.9}
{"step": 273, "case": "32:55.0237", "loss_rkl_per_dof": -27.21387481689453, "loss_dsm": 0.6184515357017517, "seconds": 9.5}
{"step": 274, "case": "16:14.1464", "loss_rkl_per_dof": -6.98720645904541, "loss_dsm": 0.636239230632782, "seconds": 7.6}
{"step": 275, "case": "16:55.0237", "loss_rkl_per_dof": -27.237810134887695, "loss_dsm": 0.6152264475822449, "seconds": 7.2}
{"step": 276, "case": "32:55.0237", "loss_rkl_per_dof": -27.223554611206055, "loss_dsm": 0.6832085251808167, "seconds": 9.4}
{"step": 277, "case": "16:14.1464", "loss_rkl_per_dof": -6.965368747711182, "loss_dsm": 0.6821221709251404, "seconds": 6.9}
{"step": 278, "case": "16:55.0237", "loss_rkl_per_dof": -27.232234954833984, "loss_dsm": 0.5705977082252502, "seconds": 6.9}
{"step": 279, "case": "32:55.0237", "loss_rkl_per_dof": -27.18445587158203, "loss_dsm": 0.6422802805900574, "seconds": 9.9}
{"step": 280, "case": "16:14.1464", "loss_rkl_per_dof": -6.9838128089904785, "loss_dsm": 0.6678738594055176, "seconds": 7.3}
{"step": 281, "case": "16:55.0237", "loss_rkl_per_dof": -27.31696128845215, "loss_dsm": 0.6558831930160522, "seconds": 6.9}
{"step": 282, "case": "32:55.0237", "loss_rkl_per_dof": -27.218372344970703, "loss_dsm": 0.6953621506690979, "seconds": 9.4}
{"step": 283, "case": "16:14.1464", "loss_rkl_per_dof": -6.9825239181518555, "loss_dsm": 0.6613505482673645, "seconds": 7.2}
{"step": 284, "case": "16:55.0237", "loss_rkl_per_dof": -27.26190185546875, "loss_dsm": 0.5688839554786682, "seconds": 6.8}
{"step": 285, "case": "32:55.0237", "loss_rkl_per_dof": -27.23615837097168, "loss_dsm": 0.6447757482528687, "seconds": 9.5}
{"step": 286, "case": "16:14.1464", "loss_rkl_per_dof": -6.945198059082031, "loss_dsm": 0.5196818113327026, "seconds": 7.0}
{"step": 287, "case": "16:55.0237", "loss_rkl_per_dof": -27.175439834594727, "loss_dsm": 0.5723345279693604, "seconds": 6.8}
{"step": 288, "case": "32:55.0237", "loss_rkl_per_dof": -27.158723831176758, "loss_dsm": 0.6242876052856445, "seconds": 9.7}
{"step": 289, "case": "16:14.1464", "loss_rkl_per_dof": -6.969705581665039, "loss_dsm": 0.3971189856529236, "seconds": 6.9}
{"step": 290, "case": "16:55.0237", "loss_rkl_per_dof": -27.243345260620117, "loss_dsm": 0.6076844930648804, "seconds": 6.8}
{"step": 291, "case": "32:55.0237", "loss_rkl_per_dof": -27.204437255859375, "loss_dsm": 0.6970605850219727, "seconds": 9.7}
{"step": 292, "case": "16:14.1464", "loss_rkl_per_dof": -6.9733123779296875, "loss_dsm": 0.6368628740310669, "seconds": 7.0}
{"step": 293, "case": "16:55.0237", "loss_rkl_per_dof": -27.253292083740234, "loss_dsm": 0.6806239485740662, "seconds": 7.3}
{"step": 294, "case": "32:55.0237", "loss_rkl_per_dof": -27.224044799804688, "loss_dsm": 0.6206451654434204, "seconds": 9.4}
{"step": 295, "case": "16:14.1464", "loss_rkl_per_dof": -6.9587860107421875, "loss_dsm": 0.6281147599220276, "seconds": 7.2}
{"step": 296, "case": "16:55.0237", "loss_rkl_per_dof": -27.206056594848633, "loss_dsm": 0.455896258354187, "seconds": 6.8}
{"step": 297, "case": "32:55.0237", "loss_rkl_per_dof": -27.200828552246094, "loss_dsm": 0.5517691969871521, "seconds": 9.4}
{"step": 298, "case": "16:14.1464", "loss_rkl_per_dof": -6.922586441040039, "loss_dsm": 0.6779468059539795, "seconds": 7.2}
{"step": 299, "case": "16:55.0237", "loss_rkl_per_dof": -27.25122833251953, "loss_dsm": 0.6031794548034668, "seconds": 7.1}
{"step": 300, "case": "32:55.0237", "loss_rkl_per_dof": -27.239990234375, "loss_dsm": 0.7636070847511292, "seconds": 9.3, "16:14.1464": {"ess": 0.03351959213614464, "log_w_std": 16.329307556152344, "mean_Q": -0.0625, "mean_Q2": 2.4375}, "16:55.0237": {"ess": 0.03125, "log_w_std": 24.345821380615234, "mean_Q": 0.03125, "mean_Q2": 1.21875}, "32:55.0237": {"ess": 0.06588111817836761, "log_w_std": 59.94216537475586, "mean_Q": -1.4375, "mean_Q2": 12.5625}, "monitor": {"ess": 0.0625, "log_w_std": 1663.7347412109375, "mean_Q": 0.3125, "mean_Q2": 22.1875}, "mean_train_ess": 0.04355023677150408, "monitor_guard_blocked": true}
best mean train ESS/N: 0.0633 (initial 0.0633)
never improved; no checkpoint saved
[2026-08-02 03:44:39] STAGE_RKL_DONE (65.0 min)
[2026-08-02 03:44:39] RKL never improved under the guards; skipping its verification
[2026-08-02 03:44:40] report: C:\Users\ompan\OneDrive\Desktop\Lattice QCD Research\dev\InverseRG\out\diffusion_v2\v2\ess_chain\scale_report.md
[2026-08-02 03:44:40] CHAIN_DONE
