{
  "label": "A_bc6_L32_beta22.3151",
  "beta": 22.31514788507771,
  "lattice_size": 32,
  "n_gen_chains": 128,
  "n_baseline_chains": 32,
  "n_traj_gen": 96,
  "n_traj_baseline": 640,
  "hmc": {
    "step_size": 0.08467595563003825,
    "n_steps": 12,
    "acceptance": {
      "generated": 0.98486328125,
      "hot": 0.98564453125,
      "cold": 0.983642578125
    },
    "sec_per_traj_gen_batch": 0.10031143575906754,
    "sec_per_traj_baseline_batch": 0.05828441977500916
  },
  "t_therm": {
    "diffusion seed": {
      "plaquette": 21.0,
      "wilson_2x2": 15.0,
      "wilson_4x4": 1.0,
      "wilson_6x6": 1.0,
      "Q^2": 0.0
    },
    "hot start": {
      "plaquette": Infinity,
      "wilson_2x2": Infinity,
      "wilson_4x4": Infinity,
      "wilson_6x6": Infinity,
      "Q^2": Infinity
    },
    "cold start": {
      "plaquette": 237.0,
      "wilson_2x2": 131.0,
      "wilson_4x4": 90.0,
      "wilson_6x6": 55.0,
      "Q^2": Infinity
    }
  },
  "t_therm_generated_full_batch": {
    "plaquette": 68.0,
    "wilson_2x2": 15.0,
    "wilson_4x4": 16.0,
    "wilson_6x6": 8.0,
    "Q^2": 0.0
  },
  "t_therm_subsample_size": 32,
  "final_abs_z": {
    "diffusion seed": {
      "plaquette": 1.0192880630493164,
      "wilson_2x2": 1.0170252323150635,
      "wilson_4x4": 0.9133821725845337,
      "wilson_6x6": 0.9525285959243774,
      "Q^2": 0.8627032041549683
    },
    "hot start": {
      "plaquette": 4.917083263397217,
      "wilson_2x2": 7.521506309509277,
      "wilson_4x4": 4.73984432220459,
      "wilson_6x6": 5.284414291381836,
      "Q^2": 4.373730659484863
    },
    "cold start": {
      "plaquette": 1.1041311025619507,
      "wilson_2x2": 0.3238542377948761,
      "wilson_4x4": 0.23208685219287872,
      "wilson_6x6": 0.48205238580703735,
      "Q^2": 1189769248768.0
    }
  },
  "tau_int": {
    "plaquette": {
      "value": 7.982295753823048,
      "error": 1.0206314642296654
    },
    "wilson_2x2": {
      "value": 8.822238466525,
      "error": 1.344352018769233
    },
    "wilson_4x4": {
      "value": 2.7021154907029383,
      "error": 0.3509563966902916
    },
    "wilson_6x6": {
      "value": 1.194409246018381,
      "error": 0.10538815907490122
    }
  },
  "hmc_interval_trajectories": 17.64447693305,
  "q_freezing": {
    "label": "hot-start HMC L=32 beta=22.3151",
    "frozen": true,
    "n_tunnelings": 0,
    "window_length": 321,
    "n_chains": 32,
    "tau_int_Q": 321.0
  }
}