{
  "label": "A_bc6_L32_beta22.3151",
  "beta": 22.31514788507771,
  "lattice_size": 32,
  "n_gen_chains": 128,
  "n_baseline_chains": 32,
  "n_traj_gen": 96,
  "n_traj_baseline": 640,
  "hmc": {
    "step_size": 0.08467595563003825,
    "n_steps": 12,
    "acceptance": {
      "generated": 0.9833170572916666,
      "hot": 0.98251953125,
      "cold": 0.982373046875
    },
    "sec_per_traj_gen_batch": 0.06244961420694987,
    "sec_per_traj_baseline_batch": 0.05862700305879116
  },
  "t_therm": {
    "diffusion seed": {
      "plaquette": 44.0,
      "wilson_2x2": 9.0,
      "wilson_4x4": 9.0,
      "wilson_6x6": 8.0,
      "Q^2": 0.0
    },
    "hot start": {
      "plaquette": Infinity,
      "wilson_2x2": Infinity,
      "wilson_4x4": Infinity,
      "wilson_6x6": Infinity,
      "Q^2": Infinity
    },
    "cold start": {
      "plaquette": 293.0,
      "wilson_2x2": 200.0,
      "wilson_4x4": 73.0,
      "wilson_6x6": 61.0,
      "Q^2": Infinity
    }
  },
  "t_therm_generated_full_batch": {
    "plaquette": 46.0,
    "wilson_2x2": 16.0,
    "wilson_4x4": 9.0,
    "wilson_6x6": 1.0,
    "Q^2": 0.0
  },
  "t_therm_subsample_size": 32,
  "final_abs_z": {
    "diffusion seed": {
      "plaquette": 1.020630955696106,
      "wilson_2x2": 0.7499083280563354,
      "wilson_4x4": 0.8084880709648132,
      "wilson_6x6": 0.9897258877754211,
      "Q^2": 0.8627032041549683
    },
    "hot start": {
      "plaquette": 5.455831050872803,
      "wilson_2x2": 6.236789703369141,
      "wilson_4x4": 4.278459072113037,
      "wilson_6x6": 5.029638767242432,
      "Q^2": 4.648624420166016
    },
    "cold start": {
      "plaquette": 1.2226864099502563,
      "wilson_2x2": 1.5524394512176514,
      "wilson_4x4": 1.3366944789886475,
      "wilson_6x6": 1.3180820941925049,
      "Q^2": 1189769248768.0
    }
  },
  "tau_int": {
    "plaquette": {
      "value": 7.270201849155745,
      "error": 0.8762640008084105
    },
    "wilson_2x2": {
      "value": 8.806685557535689,
      "error": 1.438752817967921
    },
    "wilson_4x4": {
      "value": 3.5603255868750616,
      "error": 0.37499073494468127
    },
    "wilson_6x6": {
      "value": 1.2175945590023467,
      "error": 0.09715243580032853
    }
  },
  "hmc_interval_trajectories": 17.613371115071377,
  "q_freezing": {
    "label": "hot-start HMC L=32 beta=22.3151",
    "frozen": true,
    "n_tunnelings": 0,
    "window_length": 321,
    "n_chains": 32,
    "tau_int_Q": 321.0
  }
}