{
  "diffusion seed": {
    "plaquette": {
      "tau": 17.22916261874729,
      "A": 0.00014009407825851366,
      "C": 0.9638293027778878,
      "target": 0.9639807778019461,
      "plateau_minus_target": -0.00015147502405832292,
      "status": "ok (amplitude within noise of plateau)",
      "tau_error": 10.378920043885575
    },
    "wilson_2x2": {
      "tau": 0.9261456707412155,
      "A": -0.0013404284363776272,
      "C": 0.8629679184245473,
      "target": 0.8635221775172254,
      "plateau_minus_target": -0.0005542590926780333,
      "status": "ok",
      "tau_error": 0.8777308793133395
    },
    "wilson_4x4": {
      "tau": null,
      "A": -0.005334659214559174,
      "C": 0.5540910234202014,
      "target": 0.5560245707242246,
      "plateau_minus_target": -0.0019335473040231754,
      "status": "no measurable decay (starts at plateau; tau unconstrained)"
    },
    "Q^2": {
      "tau": null,
      "A": 0.0,
      "C": 2.0625,
      "target": 1.9039978031706457,
      "plateau_minus_target": 0.1585021968293543,
      "status": "constant series (no decay; frozen)"
    }
  },
  "cold start": {
    "plaquette": {
      "tau": 7.673624845568484,
      "A": 0.02313090705273632,
      "C": 0.9644868064284062,
      "target": 0.9639807778019461,
      "plateau_minus_target": 0.0005060286264600977,
      "status": "ok",
      "tau_error": 0.30344985094933674
    },
    "wilson_2x2": {
      "tau": 6.567765994543979,
      "A": 0.09040595906135142,
      "C": 0.86541249641535,
      "target": 0.8635221775172254,
      "plateau_minus_target": 0.0018903188981246322,
      "status": "ok",
      "tau_error": 0.27503250151652575
    },
    "wilson_4x4": {
      "tau": 3.326847989854095,
      "A": 0.353886752528751,
      "C": 0.5642601689914124,
      "target": 0.5560245707242246,
      "plateau_minus_target": 0.008235598267187783,
      "status": "ok",
      "tau_error": 0.15283253166542926
    },
    "Q^2": {
      "tau": null,
      "A": 0.0,
      "C": 0.0,
      "target": 1.9039978031706457,
      "plateau_minus_target": -1.9039978031706457,
      "status": "constant series (no decay; frozen)"
    }
  },
  "hot start": {
    "plaquette": {
      "tau": 1.9771814034417212,
      "A": -0.9350719628956207,
      "C": 0.9607588312258709,
      "target": 0.9639807778019461,
      "plateau_minus_target": -0.0032219465760752186,
      "status": "ok",
      "tau_error": 0.024850313111790694
    },
    "wilson_2x2": {
      "tau": 8.346754307114546,
      "A": -0.7765163077103051,
      "C": 0.8513377979536059,
      "target": 0.8635221775172254,
      "plateau_minus_target": -0.012184379563619507,
      "status": "ok",
      "tau_error": 0.18431438044087117
    },
    "wilson_4x4": {
      "tau": 33.450795888048376,
      "A": -0.48989651709385035,
      "C": 0.511972170155451,
      "target": 0.5560245707242246,
      "plateau_minus_target": -0.044052400568773575,
      "status": "ok",
      "tau_error": 0.3865557523805179
    },
    "Q^2": {
      "tau": 1.0178223069851309,
      "A": 52.37685526116797,
      "C": 15.838288413217727,
      "target": 1.9039978031706457,
      "plateau_minus_target": 13.934290610047082,
      "status": "ok",
      "tau_error": 0.01344391841266311
    }
  }
}