{
  "diffusion seed": {
    "plaquette": {
      "tau": 4.4997959766113285,
      "A": -0.014009583200786395,
      "C": 0.9750409226512917,
      "target": 0.9773305543269266,
      "plateau_minus_target": -0.0022896316756348956,
      "status": "ok",
      "tau_error": 0.3244332029386198
    },
    "wilson_2x2": {
      "tau": 3.0894557957917232,
      "A": -0.03554913705050854,
      "C": 0.9081806568944844,
      "target": 0.9123593043548801,
      "plateau_minus_target": -0.004178647460395757,
      "status": "ok",
      "tau_error": 0.219404602507515
    },
    "wilson_4x4": {
      "tau": 8.781359938621582,
      "A": -0.04807772203049398,
      "C": 0.685310871439451,
      "target": 0.6928889280234714,
      "plateau_minus_target": -0.007578056584020332,
      "status": "ok",
      "tau_error": 0.7969105918561086
    },
    "Q^2": {
      "tau": null,
      "A": 0.0,
      "C": 1.2265625,
      "target": 1.1897693964398635,
      "plateau_minus_target": 0.03679310356013654,
      "status": "constant series (no decay; frozen)"
    }
  },
  "cold start": {
    "plaquette": {
      "tau": 14.425763251868723,
      "A": 0.01194905652857861,
      "C": 0.9778651979958101,
      "target": 0.9773305543269266,
      "plateau_minus_target": 0.0005346436688834499,
      "status": "ok",
      "tau_error": 0.5833804430639903
    },
    "wilson_2x2": {
      "tau": 5.278354423657961,
      "A": 0.06237314883630775,
      "C": 0.9147470434994742,
      "target": 0.9123593043548801,
      "plateau_minus_target": 0.0023877391445941143,
      "status": "ok",
      "tau_error": 0.2097353286293769
    },
    "wilson_4x4": {
      "tau": 4.298646564556536,
      "A": 0.23512405026100688,
      "C": 0.6992553631557734,
      "target": 0.6928889280234714,
      "plateau_minus_target": 0.006366435132302062,
      "status": "ok",
      "tau_error": 0.18024392581010856
    },
    "Q^2": {
      "tau": null,
      "A": 0.0,
      "C": 0.0,
      "target": 1.1897693964398635,
      "plateau_minus_target": -1.1897693964398635,
      "status": "constant series (no decay; frozen)"
    }
  },
  "hot start": {
    "plaquette": {
      "tau": 1.7885795896412546,
      "A": -0.963610417464596,
      "C": 0.9724204258313818,
      "target": 0.9773305543269266,
      "plateau_minus_target": -0.004910128495544841,
      "status": "ok",
      "tau_error": 0.017677250455921712
    },
    "wilson_2x2": {
      "tau": 5.276398827069967,
      "A": -0.9194755166518568,
      "C": 0.8874687445095648,
      "target": 0.9123593043548801,
      "plateau_minus_target": -0.024890559845315297,
      "status": "ok",
      "tau_error": 0.10612803447713087
    },
    "wilson_4x4": {
      "tau": 27.134018321990865,
      "A": -0.5638704115866138,
      "C": 0.6337725750444508,
      "target": 0.6928889280234714,
      "plateau_minus_target": -0.059116352979020514,
      "status": "ok",
      "tau_error": 0.4184368536887536
    },
    "Q^2": {
      "tau": 0.7570848770325225,
      "A": 77.25302358746049,
      "C": 15.50418559345435,
      "target": 1.1897693964398635,
      "plateau_minus_target": 14.314416197014486,
      "status": "ok",
      "tau_error": 0.00692061665492968
    }
  }
}