{
  "label": "E_bc5.8_L32_beta21.5051",
  "beta": 21.505144545605745,
  "lattice_size": 32,
  "n_gen_chains": 128,
  "n_baseline_chains": 32,
  "n_traj_gen": 96,
  "n_traj_baseline": 640,
  "hmc": {
    "step_size": 0.08625589947282804,
    "n_steps": 12,
    "acceptance": {
      "generated": 0.9828287760416666,
      "hot": 0.983251953125,
      "cold": 0.98330078125
    },
    "sec_per_traj_gen_batch": 0.10654538869857788,
    "sec_per_traj_baseline_batch": 0.07116864435374737
  },
  "t_therm": {
    "diffusion seed": {
      "plaquette": 58.0,
      "wilson_2x2": 31.0,
      "wilson_4x4": 14.0,
      "wilson_6x6": 14.0,
      "Q^2": 0.0
    },
    "hot start": {
      "plaquette": Infinity,
      "wilson_2x2": Infinity,
      "wilson_4x4": Infinity,
      "wilson_6x6": Infinity,
      "Q^2": Infinity
    },
    "cold start": {
      "plaquette": 282.0,
      "wilson_2x2": 181.0,
      "wilson_4x4": 47.0,
      "wilson_6x6": 46.0,
      "Q^2": Infinity
    }
  },
  "t_therm_generated_full_batch": {
    "plaquette": Infinity,
    "wilson_2x2": 37.0,
    "wilson_4x4": 7.0,
    "wilson_6x6": 6.0,
    "Q^2": 0.0
  },
  "t_therm_subsample_size": 32,
  "final_abs_z": {
    "diffusion seed": {
      "plaquette": 1.4887853860855103,
      "wilson_2x2": 0.762526273727417,
      "wilson_4x4": 0.6264878511428833,
      "wilson_6x6": 0.7299171686172485,
      "Q^2": 0.37756818532943726
    },
    "hot start": {
      "plaquette": 4.588406562805176,
      "wilson_2x2": 5.552376747131348,
      "wilson_4x4": 3.7858898639678955,
      "wilson_6x6": 4.663395881652832,
      "Q^2": 4.112856864929199
    },
    "cold start": {
      "plaquette": 1.4425833225250244,
      "wilson_2x2": 1.0871236324310303,
      "wilson_4x4": 0.9540517926216125,
      "wilson_6x6": 1.3417705297470093,
      "Q^2": 1235714179072.0
    }
  },
  "tau_int": {
    "plaquette": {
      "value": 8.14782779978513,
      "error": 0.9514335841638523
    },
    "wilson_2x2": {
      "value": 8.25933177052521,
      "error": 1.2141631431172566
    },
    "wilson_4x4": {
      "value": 3.5888547000412307,
      "error": 0.4704265299647536
    },
    "wilson_6x6": {
      "value": 1.3870114434550338,
      "error": 0.18308948914855286
    }
  },
  "hmc_interval_trajectories": 16.51866354105042,
  "q_freezing": {
    "label": "hot-start HMC L=32 beta=21.5051",
    "frozen": true,
    "n_tunnelings": 0,
    "window_length": 321,
    "n_chains": 32,
    "tau_int_Q": 321.0
  }
}