{
  "label": "A_bc0.5_L32_beta2.02441",
  "beta": 2.024407657391736,
  "lattice_size": 32,
  "n_gen_chains": 128,
  "n_baseline_chains": 32,
  "n_traj_gen": 96,
  "n_traj_baseline": 640,
  "hmc": {
    "step_size": 0.2,
    "n_steps": 5,
    "acceptance": {
      "generated": 0.9632975260416666,
      "hot": 0.96376953125,
      "cold": 0.962451171875
    },
    "sec_per_traj_gen_batch": 0.07761039833227794,
    "sec_per_traj_baseline_batch": 0.06090756095945835
  },
  "t_therm": {
    "diffusion seed": {
      "plaquette": 15.0,
      "wilson_2x2": 2.0,
      "wilson_4x4": 0.0,
      "wilson_6x6": 0.0,
      "Q^2": 0.0
    },
    "hot start": {
      "plaquette": 25.0,
      "wilson_2x2": 12.0,
      "wilson_4x4": 1.0,
      "wilson_6x6": 0.0,
      "Q^2": 2.0
    },
    "cold start": {
      "plaquette": 24.0,
      "wilson_2x2": 14.0,
      "wilson_4x4": 3.0,
      "wilson_6x6": 3.0,
      "Q^2": 5.0
    }
  },
  "t_therm_generated_full_batch": {
    "plaquette": 13.0,
    "wilson_2x2": 4.0,
    "wilson_4x4": 1.0,
    "wilson_6x6": 0.0,
    "Q^2": 8.0
  },
  "t_therm_subsample_size": 32,
  "final_abs_z": {
    "diffusion seed": {
      "plaquette": 0.868716835975647,
      "wilson_2x2": 0.977383017539978,
      "wilson_4x4": 0.6806806325912476,
      "wilson_6x6": 1.4016268253326416,
      "Q^2": 0.9828753471374512
    },
    "hot start": {
      "plaquette": 1.2446283102035522,
      "wilson_2x2": 1.0033046007156372,
      "wilson_4x4": 0.8229036331176758,
      "wilson_6x6": 0.6682981252670288,
      "Q^2": 1.4859068393707275
    },
    "cold start": {
      "plaquette": 0.6359354853630066,
      "wilson_2x2": 0.976279079914093,
      "wilson_4x4": 0.7034584879875183,
      "wilson_6x6": 0.8544822931289673,
      "Q^2": 0.5833050608634949
    }
  },
  "tau_int": {
    "plaquette": {
      "value": 2.4488164179413103,
      "error": 0.1395716307433442
    },
    "wilson_2x2": {
      "value": 0.9861780282459185,
      "error": 0.043969951526714374
    },
    "wilson_4x4": {
      "value": 0.6241978925716198,
      "error": 0.018636414463993552
    },
    "wilson_6x6": {
      "value": 0.5818057131567607,
      "error": 0.015012134866013776
    }
  },
  "hmc_interval_trajectories": 4.897632835882621,
  "q_freezing": {
    "label": "hot-start HMC L=32 beta=2.02441",
    "frozen": false,
    "n_tunnelings": 8766,
    "window_length": 321,
    "n_chains": 32,
    "tau_int_Q": 2.5255512512083094
  }
}