{
  "label": "F_L32_bc100_L32_beta398.492",
  "beta": 398.49207215551195,
  "lattice_size": 32,
  "n_gen_chains": 64,
  "n_baseline_chains": 32,
  "n_traj_gen": 96,
  "n_traj_baseline": 640,
  "hmc": {
    "step_size": 0.020037805118613118,
    "n_steps": 50,
    "acceptance": {
      "generated": 0.9791666666666666,
      "hot": 0.85029296875,
      "cold": 0.97607421875
    },
    "sec_per_traj_gen_batch": 0.2159872775276502,
    "sec_per_traj_baseline_batch": 0.18700105585157872
  },
  "t_therm": {
    "diffusion seed": {
      "plaquette": 0.0,
      "wilson_2x2": 0.0,
      "wilson_4x4": 0.0,
      "wilson_6x6": 0.0,
      "Q^2": Infinity
    },
    "hot start": {
      "plaquette": Infinity,
      "wilson_2x2": Infinity,
      "wilson_4x4": Infinity,
      "wilson_6x6": Infinity,
      "Q^2": Infinity
    },
    "cold start": {
      "plaquette": 624.0,
      "wilson_2x2": 331.0,
      "wilson_4x4": 78.0,
      "wilson_6x6": 25.0,
      "Q^2": Infinity
    }
  },
  "t_therm_generated_full_batch": {
    "plaquette": 0.0,
    "wilson_2x2": 0.0,
    "wilson_4x4": 0.0,
    "wilson_6x6": 0.0,
    "Q^2": Infinity
  },
  "t_therm_subsample_size": 32,
  "final_abs_z": {
    "diffusion seed": {
      "plaquette": 0.5681573152542114,
      "wilson_2x2": 0.41424256563186646,
      "wilson_4x4": 0.5448353886604309,
      "wilson_6x6": 0.596164882183075,
      "Q^2": 930603328.0
    },
    "hot start": {
      "plaquette": 11.267621994018555,
      "wilson_2x2": 8.850875854492188,
      "wilson_4x4": 5.940526962280273,
      "wilson_6x6": 4.607923984527588,
      "Q^2": 4.378394603729248
    },
    "cold start": {
      "plaquette": 3.004347085952759,
      "wilson_2x2": 3.181506395339966,
      "wilson_4x4": 1.7417333126068115,
      "wilson_6x6": 0.8824599385261536,
      "Q^2": 930603328.0
    }
  },
  "tau_int": {
    "plaquette": {
      "value": 34.761991426830136,
      "error": 1.830988418946331
    },
    "wilson_2x2": {
      "value": 34.88711920934625,
      "error": 1.9151300869619892
    },
    "wilson_4x4": {
      "value": 29.910141635829547,
      "error": 1.9496983354780713
    },
    "wilson_6x6": {
      "value": 9.209349080989329,
      "error": 1.9401953077881087
    }
  },
  "hmc_interval_trajectories": 69.7742384186925,
  "q_freezing": {
    "label": "hot-start HMC L=32 beta=398.492",
    "frozen": true,
    "n_tunnelings": 0,
    "window_length": 321,
    "n_chains": 32,
    "tau_int_Q": 321.0
  }
}