{
  "label": "A_bc3_L32_beta10.015",
  "beta": 10.014964667572846,
  "lattice_size": 32,
  "n_gen_chains": 128,
  "n_baseline_chains": 32,
  "n_traj_gen": 96,
  "n_traj_baseline": 640,
  "hmc": {
    "step_size": 0.12639656763119933,
    "n_steps": 8,
    "acceptance": {
      "generated": 0.9788411458333334,
      "hot": 0.977978515625,
      "cold": 0.978857421875
    },
    "sec_per_traj_gen_batch": 0.13206670929988226,
    "sec_per_traj_baseline_batch": 0.07838387899100781
  },
  "t_therm": {
    "diffusion seed": {
      "plaquette": 10.0,
      "wilson_2x2": 0.0,
      "wilson_4x4": 0.0,
      "wilson_6x6": 2.0,
      "Q^2": 0.0
    },
    "hot start": {
      "plaquette": 488.0,
      "wilson_2x2": Infinity,
      "wilson_4x4": Infinity,
      "wilson_6x6": 117.0,
      "Q^2": Infinity
    },
    "cold start": {
      "plaquette": 183.0,
      "wilson_2x2": 223.0,
      "wilson_4x4": 88.0,
      "wilson_6x6": 29.0,
      "Q^2": Infinity
    }
  },
  "t_therm_generated_full_batch": {
    "plaquette": 8.0,
    "wilson_2x2": 0.0,
    "wilson_4x4": 0.0,
    "wilson_6x6": 0.0,
    "Q^2": 0.0
  },
  "t_therm_subsample_size": 32,
  "final_abs_z": {
    "diffusion seed": {
      "plaquette": 0.4861350655555725,
      "wilson_2x2": 0.5602940917015076,
      "wilson_4x4": 0.655113697052002,
      "wilson_6x6": 0.6482120752334595,
      "Q^2": 0.17287859320640564
    },
    "hot start": {
      "plaquette": 1.8642600774765015,
      "wilson_2x2": 4.752272605895996,
      "wilson_4x4": 3.9087436199188232,
      "wilson_6x6": 2.713183641433716,
      "Q^2": 3.5252766609191895
    },
    "cold start": {
      "plaquette": 0.8028265237808228,
      "wilson_2x2": 0.4716026186943054,
      "wilson_4x4": 1.1882476806640625,
      "wilson_6x6": 1.1710844039916992,
      "Q^2": 2736159195136.0
    }
  },
  "tau_int": {
    "plaquette": {
      "value": 6.173406287107888,
      "error": 0.7678972243949653
    },
    "wilson_2x2": {
      "value": 7.65599150328061,
      "error": 1.2921850261525891
    },
    "wilson_4x4": {
      "value": 2.486837461747072,
      "error": 0.45065633752028683
    },
    "wilson_6x6": {
      "value": 0.8676410193662245,
      "error": 0.03859275763880552
    }
  },
  "hmc_interval_trajectories": 15.31198300656122,
  "q_freezing": {
    "label": "hot-start HMC L=32 beta=10.015",
    "frozen": true,
    "n_tunnelings": 0,
    "window_length": 321,
    "n_chains": 32,
    "tau_int_Q": 321.0
  }
}