{
  "L16_beta5": {
    "fine_beta": 5.0,
    "matched_coarse_beta": 1.6914607561883015,
    "tree_level": 1.25
  },
  "L16_beta6.5": {
    "fine_beta": 6.5,
    "matched_coarse_beta": 2.1237577273673107,
    "tree_level": 1.625
  }
}