{
  "diffusion seed": {
    "plaquette": {
      "tau": 1.9855274118300328,
      "A": -0.01885517758269455,
      "C": 0.9813908075899087,
      "target": 0.983400093303146,
      "plateau_minus_target": -0.00200928571323733,
      "status": "ok",
      "tau_error": 0.13766034005374417
    },
    "wilson_2x2": {
      "tau": 2.4699514319470617,
      "A": -0.03904894559461348,
      "C": 0.9294634069745693,
      "target": 0.9352354941357008,
      "plateau_minus_target": -0.005772087161131534,
      "status": "ok",
      "tau_error": 0.18192961741421532
    },
    "wilson_4x4": {
      "tau": 2.6515781829055465,
      "A": -0.06926482430760846,
      "C": 0.755880822494403,
      "target": 0.7650396196517061,
      "plateau_minus_target": -0.009158797157303056,
      "status": "ok",
      "tau_error": 0.2586745368499234
    },
    "Q^2": {
      "tau": null,
      "A": 0.0,
      "C": 0.9140625,
      "target": 0.8684550777757817,
      "plateau_minus_target": 0.04560742222421832,
      "status": "constant series (no decay; frozen)"
    }
  },
  "cold start": {
    "plaquette": {
      "tau": 4.746833544804164,
      "A": 0.011733982069026018,
      "C": 0.9840457783669919,
      "target": 0.983400093303146,
      "plateau_minus_target": 0.00064568506384588,
      "status": "ok",
      "tau_error": 0.239615056445204
    },
    "wilson_2x2": {
      "tau": 6.659133245501292,
      "A": 0.03949957795229445,
      "C": 0.9385032214842403,
      "target": 0.9352354941357008,
      "plateau_minus_target": 0.0032677273485394176,
      "status": "ok",
      "tau_error": 0.3771056650368459
    },
    "wilson_4x4": {
      "tau": 3.0909366303381907,
      "A": 0.18250238599908622,
      "C": 0.7758135311652412,
      "target": 0.7650396196517061,
      "plateau_minus_target": 0.010773911513535128,
      "status": "ok",
      "tau_error": 0.20170150990926294
    },
    "Q^2": {
      "tau": null,
      "A": 0.0,
      "C": 0.0,
      "target": 0.8684550777757817,
      "plateau_minus_target": -0.8684550777757817,
      "status": "constant series (no decay; frozen)"
    }
  },
  "hot start": {
    "plaquette": {
      "tau": 1.781764699727139,
      "A": -0.9710368800467927,
      "C": 0.9793389702315421,
      "target": 0.983400093303146,
      "plateau_minus_target": -0.004061123071603889,
      "status": "ok",
      "tau_error": 0.011558470376139867
    },
    "wilson_2x2": {
      "tau": 5.188563103256755,
      "A": -0.9330544317636768,
      "C": 0.9067398647285604,
      "target": 0.9352354941357008,
      "plateau_minus_target": -0.028495629407140455,
      "status": "ok",
      "tau_error": 0.11410135375365982
    },
    "wilson_4x4": {
      "tau": 63.49832249331928,
      "A": -0.4763762953345555,
      "C": 0.6840881684767907,
      "target": 0.7650396196517061,
      "plateau_minus_target": -0.08095145117491542,
      "status": "ok",
      "tau_error": 1.580917951764038
    },
    "Q^2": {
      "tau": 1.0166926473344005,
      "A": 74.92700846182274,
      "C": 12.64601466796508,
      "target": 0.8684550777757817,
      "plateau_minus_target": 11.777559590189298,
      "status": "ok",
      "tau_error": 0.008747918700361342
    }
  }
}