{
  "diffusion seed": {
    "plaquette": {
      "tau": 2.8885133791551936,
      "A": -0.008505301222625168,
      "C": 0.99677438921153,
      "target": 0.9977115747818409,
      "plateau_minus_target": -0.0009371855703108611,
      "status": "ok",
      "tau_error": 0.2274688422803305
    },
    "wilson_2x2": {
      "tau": 2.9782145471066217,
      "A": -0.018459257605248806,
      "C": 0.9882346998875766,
      "target": 0.9908978023413485,
      "plateau_minus_target": -0.0026631024537718817,
      "status": "ok",
      "tau_error": 0.23902779935653873
    },
    "wilson_4x4": {
      "tau": 2.995378034045561,
      "A": -0.03990035233678225,
      "C": 0.9610511027564216,
      "target": 0.964398806743753,
      "plateau_minus_target": -0.0033477039873314185,
      "status": "ok",
      "tau_error": 0.2108912145390072
    },
    "Q^2": {
      "tau": null,
      "A": 0.0,
      "C": 0.046875,
      "target": 0.029010770617803255,
      "plateau_minus_target": 0.017864229382196745,
      "status": "constant series (no decay; frozen)"
    }
  },
  "cold start": {
    "plaquette": {
      "tau": 8.37873597655604,
      "A": 0.001399499725885092,
      "C": 0.9977686412859741,
      "target": 0.9977115747818409,
      "plateau_minus_target": 5.7066504133174156e-05,
      "status": "ok",
      "tau_error": 0.36144840142139406
    },
    "wilson_2x2": {
      "tau": 13.399353790875686,
      "A": 0.004692385749618768,
      "C": 0.9911349867151187,
      "target": 0.9908978023413485,
      "plateau_minus_target": 0.00023718437377018287,
      "status": "ok",
      "tau_error": 0.5904233539837181
    },
    "wilson_4x4": {
      "tau": 13.229843098689951,
      "A": 0.020660303835473046,
      "C": 0.9645755553179225,
      "target": 0.964398806743753,
      "plateau_minus_target": 0.00017674857416949408,
      "status": "ok",
      "tau_error": 0.5404103625944082
    },
    "Q^2": {
      "tau": null,
      "A": 0.0,
      "C": 0.0,
      "target": 0.029010770617803255,
      "plateau_minus_target": -0.029010770617803255,
      "status": "constant series (no decay; frozen)"
    }
  },
  "hot start": {
    "plaquette": {
      "tau": 1.6502752762365782,
      "A": -0.9990591857814817,
      "C": 0.9965863857011198,
      "target": 0.9977115747818409,
      "plateau_minus_target": -0.001125189080721123,
      "status": "ok",
      "tau_error": 0.0043033980321869935
    },
    "wilson_2x2": {
      "tau": 3.6740963112065677,
      "A": -1.089627792023001,
      "C": 0.9819524043651718,
      "target": 0.9908978023413485,
      "plateau_minus_target": -0.008945397976176661,
      "status": "ok",
      "tau_error": 0.05849149895182395
    },
    "wilson_4x4": {
      "tau": 28.976432160362084,
      "A": -0.7733751628222926,
      "C": 0.906225928088799,
      "target": 0.964398806743753,
      "plateau_minus_target": -0.05817287865495402,
      "status": "ok",
      "tau_error": 0.39628316968273947
    },
    "Q^2": {
      "tau": 1.116022118903781,
      "A": 51.898332699329146,
      "C": 11.838427120616394,
      "target": 0.029010770617803255,
      "plateau_minus_target": 11.80941634999859,
      "status": "ok",
      "tau_error": 0.00620200006483838
    }
  }
}