{
  "label": "A_bc0.75_L32_beta2.5435",
  "beta": 2.543503387786122,
  "lattice_size": 32,
  "n_gen_chains": 128,
  "n_baseline_chains": 32,
  "n_traj_gen": 96,
  "n_traj_baseline": 640,
  "hmc": {
    "step_size": 0.2,
    "n_steps": 5,
    "acceptance": {
      "generated": 0.96484375,
      "hot": 0.960546875,
      "cold": 0.95986328125
    },
    "sec_per_traj_gen_batch": 0.038958373169104256,
    "sec_per_traj_baseline_batch": 0.02173924706876278
  },
  "t_therm": {
    "diffusion seed": {
      "plaquette": 16.0,
      "wilson_2x2": 1.0,
      "wilson_4x4": 1.0,
      "wilson_6x6": 0.0,
      "Q^2": 7.0
    },
    "hot start": {
      "plaquette": 29.0,
      "wilson_2x2": 16.0,
      "wilson_4x4": 8.0,
      "wilson_6x6": 0.0,
      "Q^2": 4.0
    },
    "cold start": {
      "plaquette": 24.0,
      "wilson_2x2": 17.0,
      "wilson_4x4": 9.0,
      "wilson_6x6": 5.0,
      "Q^2": 10.0
    }
  },
  "t_therm_generated_full_batch": {
    "plaquette": 16.0,
    "wilson_2x2": 12.0,
    "wilson_4x4": 1.0,
    "wilson_6x6": 0.0,
    "Q^2": 4.0
  },
  "t_therm_subsample_size": 32,
  "final_abs_z": {
    "diffusion seed": {
      "plaquette": 1.1102041006088257,
      "wilson_2x2": 0.5615905523300171,
      "wilson_4x4": 0.6274556517601013,
      "wilson_6x6": 0.8704150915145874,
      "Q^2": 2.123134136199951
    },
    "hot start": {
      "plaquette": 1.4269006252288818,
      "wilson_2x2": 0.9628009796142578,
      "wilson_4x4": 0.4713537096977234,
      "wilson_6x6": 0.6566066145896912,
      "Q^2": 1.3286964893341064
    },
    "cold start": {
      "plaquette": 0.85157310962677,
      "wilson_2x2": 0.8918641805648804,
      "wilson_4x4": 0.8626492619514465,
      "wilson_6x6": 0.42284122109413147,
      "Q^2": 0.6391552090644836
    }
  },
  "tau_int": {
    "plaquette": {
      "value": 3.1070967210196376,
      "error": 0.17040575773908362
    },
    "wilson_2x2": {
      "value": 1.2581008482365994,
      "error": 0.06295222788000406
    },
    "wilson_4x4": {
      "value": 0.7093055863945457,
      "error": 0.025577914531824987
    },
    "wilson_6x6": {
      "value": 0.5709789370332508,
      "error": 0.017835727080304575
    }
  },
  "hmc_interval_trajectories": 6.214193442039275,
  "q_freezing": {
    "label": "hot-start HMC L=32 beta=2.5435",
    "frozen": false,
    "n_tunnelings": 8213,
    "window_length": 321,
    "n_chains": 32,
    "tau_int_Q": 5.005532071466995
  }
}