{
  "label": "D_bc20_L32_beta78.4578",
  "beta": 78.4577689263765,
  "lattice_size": 32,
  "n_gen_chains": 128,
  "n_baseline_chains": 32,
  "n_traj_gen": 96,
  "n_traj_baseline": 640,
  "hmc": {
    "step_size": 0.04515876062531922,
    "n_steps": 22,
    "acceptance": {
      "generated": 0.9524739583333334,
      "hot": 0.978857421875,
      "cold": 0.97900390625
    },
    "sec_per_traj_gen_batch": 0.4634290759762128,
    "sec_per_traj_baseline_batch": 0.19335053637623786
  },
  "t_therm": {
    "diffusion seed": {
      "plaquette": Infinity,
      "wilson_2x2": Infinity,
      "wilson_4x4": Infinity,
      "wilson_6x6": 24.0,
      "Q^2": 0.0
    },
    "hot start": {
      "plaquette": Infinity,
      "wilson_2x2": Infinity,
      "wilson_4x4": Infinity,
      "wilson_6x6": Infinity,
      "Q^2": Infinity
    },
    "cold start": {
      "plaquette": Infinity,
      "wilson_2x2": 189.0,
      "wilson_4x4": 72.0,
      "wilson_6x6": 72.0,
      "Q^2": Infinity
    }
  },
  "t_therm_generated_full_batch": {
    "plaquette": Infinity,
    "wilson_2x2": Infinity,
    "wilson_4x4": Infinity,
    "wilson_6x6": Infinity,
    "Q^2": 0.0
  },
  "t_therm_subsample_size": 32,
  "final_abs_z": {
    "diffusion seed": {
      "plaquette": 15.271354675292969,
      "wilson_2x2": 6.430819034576416,
      "wilson_4x4": 2.466261386871338,
      "wilson_6x6": 1.4180855751037598,
      "Q^2": 0.09600941836833954
    },
    "hot start": {
      "plaquette": 12.299354553222656,
      "wilson_2x2": 8.47325325012207,
      "wilson_4x4": 4.720009803771973,
      "wilson_6x6": 5.328802108764648,
      "Q^2": 4.467140197753906
    },
    "cold start": {
      "plaquette": 2.93379807472229,
      "wilson_2x2": 1.3536790609359741,
      "wilson_4x4": 0.4014046788215637,
      "wilson_6x6": 0.8964977264404297,
      "Q^2": 320492732416.0
    }
  },
  "tau_int": {
    "plaquette": {
      "value": 7.658110260257581,
      "error": 1.1504948790468943
    },
    "wilson_2x2": {
      "value": 5.51117464097627,
      "error": 0.8814164017014702
    },
    "wilson_4x4": {
      "value": 2.946267069346299,
      "error": 0.3769139352637412
    },
    "wilson_6x6": {
      "value": 1.8934377015674526,
      "error": 0.20048090123593396
    }
  },
  "hmc_interval_trajectories": 15.316220520515161,
  "q_freezing": {
    "label": "hot-start HMC L=32 beta=78.4578",
    "frozen": true,
    "n_tunnelings": 0,
    "window_length": 321,
    "n_chains": 32,
    "tau_int_Q": 321.0
  }
}