{
  "label": "E_bc4.5_L32_beta16.2057",
  "beta": 16.205709105763358,
  "lattice_size": 32,
  "n_gen_chains": 128,
  "n_baseline_chains": 32,
  "n_traj_gen": 96,
  "n_traj_baseline": 640,
  "hmc": {
    "step_size": 0.09936329203785818,
    "n_steps": 10,
    "acceptance": {
      "generated": 0.9763997395833334,
      "hot": 0.978662109375,
      "cold": 0.978759765625
    },
    "sec_per_traj_gen_batch": 0.05977547665437063,
    "sec_per_traj_baseline_batch": 0.09168659523129463
  },
  "t_therm": {
    "diffusion seed": {
      "plaquette": 9.0,
      "wilson_2x2": 0.0,
      "wilson_4x4": 0.0,
      "wilson_6x6": 0.0,
      "Q^2": 0.0
    },
    "hot start": {
      "plaquette": Infinity,
      "wilson_2x2": Infinity,
      "wilson_4x4": Infinity,
      "wilson_6x6": Infinity,
      "Q^2": Infinity
    },
    "cold start": {
      "plaquette": 249.0,
      "wilson_2x2": 404.0,
      "wilson_4x4": 376.0,
      "wilson_6x6": 183.0,
      "Q^2": Infinity
    }
  },
  "t_therm_generated_full_batch": {
    "plaquette": 1.0,
    "wilson_2x2": 3.0,
    "wilson_4x4": 0.0,
    "wilson_6x6": 0.0,
    "Q^2": 0.0
  },
  "t_therm_subsample_size": 32,
  "final_abs_z": {
    "diffusion seed": {
      "plaquette": 1.6994144916534424,
      "wilson_2x2": 1.7017357349395752,
      "wilson_4x4": 0.5831577777862549,
      "wilson_6x6": 0.7644439935684204,
      "Q^2": 0.4485568404197693
    },
    "hot start": {
      "plaquette": 5.7599077224731445,
      "wilson_2x2": 8.235329627990723,
      "wilson_4x4": 8.05257511138916,
      "wilson_6x6": 5.619076728820801,
      "Q^2": 3.800769329071045
    },
    "cold start": {
      "plaquette": 1.3282535076141357,
      "wilson_2x2": 1.4681670665740967,
      "wilson_4x4": 1.4591023921966553,
      "wilson_6x6": 1.3177543878555298,
      "Q^2": 1653625323520.0
    }
  },
  "tau_int": {
    "plaquette": {
      "value": 6.472886260375484,
      "error": 0.8693519285076122
    },
    "wilson_2x2": {
      "value": 11.540998707647994,
      "error": 1.503487623194503
    },
    "wilson_4x4": {
      "value": 6.831039414554135,
      "error": 1.305684540463415
    },
    "wilson_6x6": {
      "value": 1.0029600633005789,
      "error": 0.05516780781670108
    }
  },
  "hmc_interval_trajectories": 23.081997415295987,
  "q_freezing": {
    "label": "hot-start HMC L=32 beta=16.2057",
    "frozen": true,
    "n_tunnelings": 0,
    "window_length": 321,
    "n_chains": 32,
    "tau_int_Q": 321.0
  }
}