{
  "label": "E_bc4.5_L32_beta16.2057",
  "beta": 16.205709105763358,
  "lattice_size": 32,
  "n_gen_chains": 128,
  "n_baseline_chains": 32,
  "n_traj_gen": 96,
  "n_traj_baseline": 640,
  "hmc": {
    "step_size": 0.09936329203785818,
    "n_steps": 10,
    "acceptance": {
      "generated": 0.9757486979166666,
      "hot": 0.97841796875,
      "cold": 0.977490234375
    },
    "sec_per_traj_gen_batch": 0.06922466804583867,
    "sec_per_traj_baseline_batch": 0.07769774831831455
  },
  "t_therm": {
    "diffusion seed": {
      "plaquette": 8.0,
      "wilson_2x2": 7.0,
      "wilson_4x4": 11.0,
      "wilson_6x6": 0.0,
      "Q^2": 0.0
    },
    "hot start": {
      "plaquette": Infinity,
      "wilson_2x2": Infinity,
      "wilson_4x4": Infinity,
      "wilson_6x6": Infinity,
      "Q^2": Infinity
    },
    "cold start": {
      "plaquette": 321.0,
      "wilson_2x2": 508.0,
      "wilson_4x4": 325.0,
      "wilson_6x6": 179.0,
      "Q^2": Infinity
    }
  },
  "t_therm_generated_full_batch": {
    "plaquette": 1.0,
    "wilson_2x2": 1.0,
    "wilson_4x4": 5.0,
    "wilson_6x6": 5.0,
    "Q^2": 0.0
  },
  "t_therm_subsample_size": 32,
  "final_abs_z": {
    "diffusion seed": {
      "plaquette": 0.6420822739601135,
      "wilson_2x2": 0.38470083475112915,
      "wilson_4x4": 0.516166627407074,
      "wilson_6x6": 0.5039384365081787,
      "Q^2": 0.4485568404197693
    },
    "hot start": {
      "plaquette": 4.685560703277588,
      "wilson_2x2": 7.595351219177246,
      "wilson_4x4": 7.348044395446777,
      "wilson_6x6": 5.062534809112549,
      "Q^2": 4.036617755889893
    },
    "cold start": {
      "plaquette": 0.4258228838443756,
      "wilson_2x2": 1.123657464981079,
      "wilson_4x4": 2.0551297664642334,
      "wilson_6x6": 1.492758870124817,
      "Q^2": 1653625323520.0
    }
  },
  "tau_int": {
    "plaquette": {
      "value": 7.052274463793441,
      "error": 1.076637239405374
    },
    "wilson_2x2": {
      "value": 10.701712589092569,
      "error": 1.6419261928910178
    },
    "wilson_4x4": {
      "value": 7.067742447434048,
      "error": 1.290072514269711
    },
    "wilson_6x6": {
      "value": 1.0603511724111812,
      "error": 0.09066697780217045
    }
  },
  "hmc_interval_trajectories": 21.403425178185138,
  "q_freezing": {
    "label": "hot-start HMC L=32 beta=16.2057",
    "frozen": true,
    "n_tunnelings": 0,
    "window_length": 321,
    "n_chains": 32,
    "tau_int_Q": 321.0
  }
}