{
  "label": "F_L32_bc218.58_L32_beta872.816",
  "beta": 872.8164019338273,
  "lattice_size": 32,
  "n_gen_chains": 64,
  "n_baseline_chains": 32,
  "n_traj_gen": 96,
  "n_traj_baseline": 640,
  "hmc": {
    "step_size": 0.013539372656160781,
    "n_steps": 74,
    "acceptance": {
      "generated": 0.9669596354166666,
      "hot": 0.011572265625,
      "cold": 0.965869140625
    },
    "sec_per_traj_gen_batch": 0.4301792308688164,
    "sec_per_traj_baseline_batch": 0.3315397407859564
  },
  "t_therm": {
    "diffusion seed": {
      "plaquette": 0.0,
      "wilson_2x2": 0.0,
      "wilson_4x4": 11.0,
      "wilson_6x6": 0.0,
      "Q^2": Infinity
    },
    "hot start": {
      "plaquette": Infinity,
      "wilson_2x2": Infinity,
      "wilson_4x4": Infinity,
      "wilson_6x6": Infinity,
      "Q^2": Infinity
    },
    "cold start": {
      "plaquette": Infinity,
      "wilson_2x2": 474.0,
      "wilson_4x4": 37.0,
      "wilson_6x6": 11.0,
      "Q^2": Infinity
    }
  },
  "t_therm_generated_full_batch": {
    "plaquette": 0.0,
    "wilson_2x2": 0.0,
    "wilson_4x4": 0.0,
    "wilson_6x6": 2.0,
    "Q^2": Infinity
  },
  "t_therm_subsample_size": 32,
  "final_abs_z": {
    "diffusion seed": {
      "plaquette": 0.5160692930221558,
      "wilson_2x2": 0.9061170816421509,
      "wilson_4x4": 0.4848140776157379,
      "wilson_6x6": 1.1699289083480835,
      "Q^2": 99603.4296875
    },
    "hot start": {
      "plaquette": 18.53946304321289,
      "wilson_2x2": 23.38321304321289,
      "wilson_4x4": 27.06313705444336,
      "wilson_6x6": 33.082767486572266,
      "Q^2": 5.791722297668457
    },
    "cold start": {
      "plaquette": 4.706038951873779,
      "wilson_2x2": 1.9522651433944702,
      "wilson_4x4": 1.0633418560028076,
      "wilson_6x6": 1.3514111042022705,
      "Q^2": 99603.4296875
    }
  },
  "tau_int": {
    "plaquette": {
      "value": 2.277743246328402,
      "error": 1.7497455399451447
    },
    "wilson_2x2": {
      "value": 2.1982232409930833,
      "error": 1.6714778964261743
    },
    "wilson_4x4": {
      "value": 2.0571966153260455,
      "error": 1.5326723013077281
    },
    "wilson_6x6": {
      "value": 1.9217331302737286,
      "error": 1.3993422328148497
    }
  },
  "hmc_interval_trajectories": 4.555486492656804,
  "q_freezing": {
    "label": "hot-start HMC L=32 beta=872.816",
    "frozen": true,
    "n_tunnelings": 0,
    "window_length": 321,
    "n_chains": 32,
    "tau_int_Q": 321.0
  }
}