{
  "label": "B_bc2_bt8_L32_beta8",
  "beta": 8.0,
  "lattice_size": 32,
  "n_gen_chains": 128,
  "n_baseline_chains": 32,
  "n_traj_gen": 96,
  "n_traj_baseline": 640,
  "hmc": {
    "step_size": 0.14142135623730953,
    "n_steps": 7,
    "acceptance": {
      "generated": 0.9750162760416666,
      "hot": 0.97548828125,
      "cold": 0.97490234375
    },
    "sec_per_traj_gen_batch": 0.14958614856004715,
    "sec_per_traj_baseline_batch": 0.09143096171319484
  },
  "t_therm": {
    "diffusion seed": {
      "plaquette": 21.0,
      "wilson_2x2": 37.0,
      "wilson_4x4": 15.0,
      "wilson_6x6": 9.0,
      "Q^2": 0.0
    },
    "hot start": {
      "plaquette": 253.0,
      "wilson_2x2": 466.0,
      "wilson_4x4": Infinity,
      "wilson_6x6": 307.0,
      "Q^2": Infinity
    },
    "cold start": {
      "plaquette": 88.0,
      "wilson_2x2": 128.0,
      "wilson_4x4": 81.0,
      "wilson_6x6": 9.0,
      "Q^2": Infinity
    }
  },
  "t_therm_generated_full_batch": {
    "plaquette": 69.0,
    "wilson_2x2": Infinity,
    "wilson_4x4": 56.0,
    "wilson_6x6": 9.0,
    "Q^2": Infinity
  },
  "t_therm_subsample_size": 32,
  "final_abs_z": {
    "diffusion seed": {
      "plaquette": 0.9236881136894226,
      "wilson_2x2": 0.5472784042358398,
      "wilson_4x4": 1.005581021308899,
      "wilson_6x6": 0.879662036895752,
      "Q^2": 1.5260356664657593
    },
    "hot start": {
      "plaquette": 0.9175373315811157,
      "wilson_2x2": 1.964146614074707,
      "wilson_4x4": 2.525986909866333,
      "wilson_6x6": 2.4708917140960693,
      "Q^2": 3.5235018730163574
    },
    "cold start": {
      "plaquette": 0.5289918184280396,
      "wilson_2x2": 0.48683005571365356,
      "wilson_4x4": 0.510199248790741,
      "wilson_6x6": 0.7288350462913513,
      "Q^2": 110.36767578125
    }
  },
  "tau_int": {
    "plaquette": {
      "value": 4.535929117192517,
      "error": 0.8602599594981433
    },
    "wilson_2x2": {
      "value": 5.278875907690012,
      "error": 0.8707264904931782
    },
    "wilson_4x4": {
      "value": 1.2773840922625594,
      "error": 0.0788256563860924
    },
    "wilson_6x6": {
      "value": 0.8546109536966118,
      "error": 0.04202579354616298
    }
  },
  "hmc_interval_trajectories": 10.557751815380024,
  "q_freezing": {
    "label": "hot-start HMC L=32 beta=8",
    "frozen": true,
    "n_tunnelings": 1,
    "window_length": 321,
    "n_chains": 32,
    "tau_int_Q": 321.0
  }
}