{
  "label": "E_bc9_L32_beta34.3944",
  "beta": 34.39436133740299,
  "lattice_size": 32,
  "n_gen_chains": 128,
  "n_baseline_chains": 32,
  "n_traj_gen": 96,
  "n_traj_baseline": 640,
  "hmc": {
    "step_size": 0.06820502407610633,
    "n_steps": 15,
    "acceptance": {
      "generated": 0.979736328125,
      "hot": 0.9791015625,
      "cold": 0.980712890625
    },
    "sec_per_traj_gen_batch": 0.17926659683386484,
    "sec_per_traj_baseline_batch": 0.10150845721364021
  },
  "t_therm": {
    "diffusion seed": {
      "plaquette": 15.0,
      "wilson_2x2": 6.0,
      "wilson_4x4": 2.0,
      "wilson_6x6": 0.0,
      "Q^2": 0.0
    },
    "hot start": {
      "plaquette": Infinity,
      "wilson_2x2": Infinity,
      "wilson_4x4": Infinity,
      "wilson_6x6": Infinity,
      "Q^2": Infinity
    },
    "cold start": {
      "plaquette": 397.0,
      "wilson_2x2": 227.0,
      "wilson_4x4": 54.0,
      "wilson_6x6": 52.0,
      "Q^2": Infinity
    }
  },
  "t_therm_generated_full_batch": {
    "plaquette": 53.0,
    "wilson_2x2": 13.0,
    "wilson_4x4": 0.0,
    "wilson_6x6": 0.0,
    "Q^2": 0.0
  },
  "t_therm_subsample_size": 32,
  "final_abs_z": {
    "diffusion seed": {
      "plaquette": 1.9828647375106812,
      "wilson_2x2": 0.9156051874160767,
      "wilson_4x4": 0.37598729133605957,
      "wilson_6x6": 0.5147706270217896,
      "Q^2": 1.0662566423416138
    },
    "hot start": {
      "plaquette": 8.945168495178223,
      "wilson_2x2": 8.201754570007324,
      "wilson_4x4": 5.242450714111328,
      "wilson_6x6": 5.794882774353027,
      "Q^2": 5.272769451141357
    },
    "cold start": {
      "plaquette": 2.5182764530181885,
      "wilson_2x2": 1.982816457748413,
      "wilson_4x4": 1.3529975414276123,
      "wilson_6x6": 1.6121580600738525,
      "Q^2": 765454843904.0
    }
  },
  "tau_int": {
    "plaquette": {
      "value": 11.997499352540547,
      "error": 1.427146695158655
    },
    "wilson_2x2": {
      "value": 6.128704538400612,
      "error": 0.8551744172110194
    },
    "wilson_4x4": {
      "value": 2.325429633062398,
      "error": 0.23311982933613207
    },
    "wilson_6x6": {
      "value": 1.4330227004642069,
      "error": 0.12528551046713915
    }
  },
  "hmc_interval_trajectories": 23.994998705081095,
  "q_freezing": {
    "label": "hot-start HMC L=32 beta=34.3944",
    "frozen": true,
    "n_tunnelings": 0,
    "window_length": 321,
    "n_chains": 32,
    "tau_int_Q": 321.0
  }
}