{
  "diffusion seed": {
    "plaquette": {
      "tau": 1.559254753372733,
      "A": 0.15096789032427366,
      "C": 0.5934658514654128,
      "target": 0.5934508432951672,
      "plateau_minus_target": 1.5008170245578434e-05,
      "status": "ok",
      "tau_error": 0.0293547404679011
    },
    "wilson_2x2": {
      "tau": 1.0800284017265878,
      "A": 0.16166467969810272,
      "C": 0.12370809912191358,
      "target": 0.12403350181951592,
      "plateau_minus_target": -0.0003254026976023394,
      "status": "ok",
      "tau_error": 0.03172366547319714
    },
    "wilson_4x4": {
      "tau": 2.26391895872505,
      "A": 0.004112506730625069,
      "C": 0.00021878145377540127,
      "target": 0.00023667698105672545,
      "plateau_minus_target": -1.7895527281324184e-05,
      "status": "ok (amplitude within noise of plateau)",
      "tau_error": 1.974233016657428
    },
    "Q^2": {
      "tau": 5.1073935455214485,
      "A": -9.418897651725619,
      "C": 28.21545089813314,
      "target": 28.522281376703877,
      "plateau_minus_target": -0.3068304785707383,
      "status": "ok",
      "tau_error": 2.5447798931309302
    }
  },
  "cold start": {
    "plaquette": {
      "tau": 2.028137641471654,
      "A": 0.408526926416855,
      "C": 0.5934360919515542,
      "target": 0.5934508432951672,
      "plateau_minus_target": -1.475134361295094e-05,
      "status": "ok",
      "tau_error": 0.0226803722552049
    },
    "wilson_2x2": {
      "tau": 1.1000259153917498,
      "A": 0.8751453400903908,
      "C": 0.12401093755109284,
      "target": 0.12403350181951592,
      "plateau_minus_target": -2.2564268423078127e-05,
      "status": "ok",
      "tau_error": 0.012536185007231294
    },
    "wilson_4x4": {
      "tau": 0.7579542659412377,
      "A": 1.0015128597882579,
      "C": 0.0002553281508485509,
      "target": 0.00023667698105672545,
      "plateau_minus_target": 1.8651169791825465e-05,
      "status": "ok",
      "tau_error": 0.008082302258208988
    },
    "Q^2": {
      "tau": 3.6170497798583336,
      "A": -29.95999267521163,
      "C": 28.86130837335228,
      "target": 28.522281376703877,
      "plateau_minus_target": 0.3390269966484034,
      "status": "ok",
      "tau_error": 1.1152079305400353
    }
  },
  "hot start": {
    "plaquette": {
      "tau": 1.0694210105600979,
      "A": -0.5824704112780721,
      "C": 0.5936502324627152,
      "target": 0.5934508432951672,
      "plateau_minus_target": 0.00019938916754802527,
      "status": "ok",
      "tau_error": 0.010455027103460196
    },
    "wilson_2x2": {
      "tau": 2.0262737600426033,
      "A": -0.13079790620036352,
      "C": 0.12364743078181523,
      "target": 0.12403350181951592,
      "plateau_minus_target": -0.0003860710377006915,
      "status": "ok",
      "tau_error": 0.11813742109990738
    },
    "wilson_4x4": {
      "tau": null,
      "A": 0.0008844176338906758,
      "C": 6.476183513524468e-05,
      "target": 0.00023667698105672545,
      "plateau_minus_target": -0.00017191514592148076,
      "status": "no measurable decay (starts at plateau; tau unconstrained)"
    },
    "Q^2": {
      "tau": null,
      "A": 134.11898903463702,
      "C": 29.099414604534307,
      "target": 28.522281376703877,
      "plateau_minus_target": 0.57713322783043,
      "status": "unconstrained fit (tau error exceeds tau)"
    }
  }
}