{
  "label": "A_bc4_L32_beta14.1464",
  "beta": 14.146446570889967,
  "lattice_size": 32,
  "n_gen_chains": 128,
  "n_baseline_chains": 32,
  "n_traj_gen": 96,
  "n_traj_baseline": 640,
  "hmc": {
    "step_size": 0.10634970988311153,
    "n_steps": 9,
    "acceptance": {
      "generated": 0.9847819010416666,
      "hot": 0.98564453125,
      "cold": 0.9859375
    },
    "sec_per_traj_gen_batch": 0.05335072179635366,
    "sec_per_traj_baseline_batch": 0.0421415027230978
  },
  "t_therm": {
    "diffusion seed": {
      "plaquette": 2.0,
      "wilson_2x2": 1.0,
      "wilson_4x4": 1.0,
      "wilson_6x6": 6.0,
      "Q^2": Infinity
    },
    "hot start": {
      "plaquette": 402.0,
      "wilson_2x2": 511.0,
      "wilson_4x4": Infinity,
      "wilson_6x6": Infinity,
      "Q^2": Infinity
    },
    "cold start": {
      "plaquette": 190.0,
      "wilson_2x2": 129.0,
      "wilson_4x4": 107.0,
      "wilson_6x6": 22.0,
      "Q^2": Infinity
    }
  },
  "t_therm_generated_full_batch": {
    "plaquette": 3.0,
    "wilson_2x2": 29.0,
    "wilson_4x4": 4.0,
    "wilson_6x6": 2.0,
    "Q^2": 0.0
  },
  "t_therm_subsample_size": 32,
  "final_abs_z": {
    "diffusion seed": {
      "plaquette": 1.1696128845214844,
      "wilson_2x2": 0.8279512524604797,
      "wilson_4x4": 0.5674583315849304,
      "wilson_6x6": 0.3183586597442627,
      "Q^2": 2.3327157497406006
    },
    "hot start": {
      "plaquette": 1.1117037534713745,
      "wilson_2x2": 1.8294527530670166,
      "wilson_4x4": 2.9520010948181152,
      "wilson_6x6": 3.497868061065674,
      "Q^2": 4.6022491455078125
    },
    "cold start": {
      "plaquette": 1.1130669116973877,
      "wilson_2x2": 2.2036123275756836,
      "wilson_4x4": 2.035356044769287,
      "wilson_6x6": 1.5689187049865723,
      "Q^2": 1903991324672.0
    }
  },
  "tau_int": {
    "plaquette": {
      "value": 4.4658578317838575,
      "error": 0.585968810652139
    },
    "wilson_2x2": {
      "value": 3.4607001764596825,
      "error": 0.37903610840437096
    },
    "wilson_4x4": {
      "value": 1.7132128843739585,
      "error": 0.11476194530370404
    },
    "wilson_6x6": {
      "value": 0.8330279563902525,
      "error": 0.05022719265929826
    }
  },
  "hmc_interval_trajectories": 8.931715663567715,
  "q_freezing": {
    "label": "hot-start HMC L=32 beta=14.1464",
    "frozen": true,
    "n_tunnelings": 0,
    "window_length": 321,
    "n_chains": 32,
    "tau_int_Q": 321.0
  }
}