================ campaign launch Fri 07/31/2026  0:14:33.17 ================ 
[2026-07-31 00:14:33] CAMPAIGN_START (smoke=False) repo=C:\Users\ompan\OneDrive\Desktop\Lattice QCD Research\dev\InverseRG
[2026-07-31 00:14:33] STAGE_DATA_START: C:\Users\ompan\OneDrive\Desktop\Lattice QCD Research\dev\InverseRG\.venv\Scripts\python.exe diffusion_v2/scripts/01_generate_data.py --config diffusion_v2/configs/v2.yaml
================ campaign launch Fri 07/31/2026  0:16:25.10 ================ 
[2026-07-31 00:16:25] CAMPAIGN_START (smoke=False) repo=C:\Users\ompan\OneDrive\Desktop\Lattice QCD Research\dev\InverseRG
[2026-07-31 00:16:25] STAGE_DATA_START: C:\Users\ompan\OneDrive\Desktop\Lattice QCD Research\dev\InverseRG\.venv\Scripts\python.exe diffusion_v2/scripts/01_generate_data.py --config diffusion_v2/configs/v2.yaml
skip existing out\diffusion_v2\v2\data\wilson_L16_beta14.1464.pt
skip existing out\diffusion_v2\v2\data\wilson_L16_beta25.pt
generating out\diffusion_v2\v2\data\wilson_L16_beta40.pt ...
  L=16 beta=40.0: 448 configs, acceptance 0.988, cold start, burn-in 2000, 52s
    sector augmentation: +224 configs at Q shifts of +-1, +-2
  matched coarse beta: 9.7062 (tree level 10)
generating out\diffusion_v2\v2\data\wilson_L16_beta55.0237.pt ...
  L=16 beta=55.0237: 448 configs, acceptance 0.990, cold start, burn-in 2000, 61s
    sector augmentation: +224 configs at Q shifts of +-1, +-2
  matched coarse beta: 12.8774 (tree level 13.7559)
generating out\diffusion_v2\v2\data\wilson_L16_beta1.0119.pt ...
  L=16 beta=1.0119: 128 configs, acceptance 0.988, hot start, burn-in 200, 2s
  matched coarse beta: 0.0827 (tree level 0.252975)
generating out\diffusion_v2\v2\data\wilson_L16_beta1.0397.pt ...
  L=16 beta=1.0397: 128 configs, acceptance 0.985, hot start, burn-in 200, 2s
  matched coarse beta: 0.0827 (tree level 0.259925)
generating out\diffusion_v2\v2\data\wilson_L16_beta1.0743.pt ...
  L=16 beta=1.0743: 128 configs, acceptance 0.989, hot start, burn-in 200, 2s
  matched coarse beta: 0.0861 (tree level 0.268575)
generating out\diffusion_v2\v2\data\wilson_L16_beta1.2464.pt ...
  L=16 beta=1.2464: 128 configs, acceptance 0.985, hot start, burn-in 200, 2s
  matched coarse beta: 0.1473 (tree level 0.3116)
generating out\diffusion_v2\v2\data\wilson_L16_beta1.2749.pt ...
  L=16 beta=1.2749: 128 configs, acceptance 0.987, hot start, burn-in 200, 2s
  matched coarse beta: 0.1794 (tree level 0.318725)
generating out\diffusion_v2\v2\data\wilson_L16_beta1.7484.pt ...
  L=16 beta=1.7484: 128 configs, acceptance 0.980, hot start, burn-in 200, 2s
  matched coarse beta: 0.3507 (tree level 0.4371)
generating out\diffusion_v2\v2\data\wilson_L16_beta1.8367.pt ...
  L=16 beta=1.8367: 128 configs, acceptance 0.982, hot start, burn-in 200, 2s
  matched coarse beta: 0.3861 (tree level 0.459175)
generating out\diffusion_v2\v2\data\wilson_L16_beta1.8781.pt ...
  L=16 beta=1.8781: 128 configs, acceptance 0.984, hot start, burn-in 200, 2s
  matched coarse beta: 0.4105 (tree level 0.469525)
generating out\diffusion_v2\v2\data\wilson_L16_beta2.122.pt ...
  L=16 beta=2.122: 128 configs, acceptance 0.984, hot start, burn-in 200, 2s
  matched coarse beta: 0.5376 (tree level 0.5305)
generating out\diffusion_v2\v2\data\wilson_L16_beta2.1285.pt ...
  L=16 beta=2.1285: 128 configs, acceptance 0.978, hot start, burn-in 200, 2s
  matched coarse beta: 0.5204 (tree level 0.532125)
generating out\diffusion_v2\v2\data\wilson_L16_beta2.1757.pt ...
  L=16 beta=2.1757: 128 configs, acceptance 0.980, hot start, burn-in 200, 2s
  matched coarse beta: 0.5602 (tree level 0.543925)
generating out\diffusion_v2\v2\data\wilson_L16_beta2.1862.pt ...
  L=16 beta=2.1862: 128 configs, acceptance 0.984, hot start, burn-in 200, 2s
  matched coarse beta: 0.5591 (tree level 0.54655)
generating out\diffusion_v2\v2\data\wilson_L16_beta2.2983.pt ...
  L=16 beta=2.2983: 128 configs, acceptance 0.985, hot start, burn-in 200, 2s
  matched coarse beta: 0.6126 (tree level 0.574575)
generating out\diffusion_v2\v2\data\wilson_L16_beta2.3046.pt ...
  L=16 beta=2.3046: 128 configs, acceptance 0.978, hot start, burn-in 200, 2s
  matched coarse beta: 0.6361 (tree level 0.57615)
generating out\diffusion_v2\v2\data\wilson_L16_beta2.3454.pt ...
  L=16 beta=2.3454: 128 configs, acceptance 0.977, hot start, burn-in 200, 2s
  matched coarse beta: 0.6525 (tree level 0.58635)
generating out\diffusion_v2\v2\data\wilson_L16_beta2.7647.pt ...
  L=16 beta=2.7647: 128 configs, acceptance 0.981, hot start, burn-in 200, 2s
  matched coarse beta: 0.8523 (tree level 0.691175)
generating out\diffusion_v2\v2\data\wilson_L16_beta3.1518.pt ...
  L=16 beta=3.1518: 128 configs, acceptance 0.981, hot start, burn-in 200, 2s
  matched coarse beta: 1.0331 (tree level 0.78795)
generating out\diffusion_v2\v2\data\wilson_L16_beta3.1669.pt ...
  L=16 beta=3.1669: 128 configs, acceptance 0.982, hot start, burn-in 200, 2s
  matched coarse beta: 1.0299 (tree level 0.791725)
generating out\diffusion_v2\v2\data\wilson_L16_beta3.2922.pt ...
  L=16 beta=3.2922: 128 configs, acceptance 0.982, hot start, burn-in 200, 2s
  matched coarse beta: 1.0607 (tree level 0.82305)
generating out\diffusion_v2\v2\data\wilson_L16_beta3.3842.pt ...
  L=16 beta=3.3842: 128 configs, acceptance 0.982, hot start, burn-in 200, 2s
  matched coarse beta: 1.0614 (tree level 0.84605)
generating out\diffusion_v2\v2\data\wilson_L16_beta3.4006.pt ...
  L=16 beta=3.4006: 128 configs, acceptance 0.980, hot start, burn-in 200, 2s
  matched coarse beta: 1.0921 (tree level 0.85015)
generating out\diffusion_v2\v2\data\wilson_L16_beta3.6231.pt ...
  L=16 beta=3.6231: 128 configs, acceptance 0.981, hot start, burn-in 200, 3s
  matched coarse beta: 1.2435 (tree level 0.905775)
generating out\diffusion_v2\v2\data\wilson_L16_beta3.7225.pt ...
  L=16 beta=3.7225: 128 configs, acceptance 0.979, hot start, burn-in 200, 2s
  matched coarse beta: 1.2482 (tree level 0.930625)
generating out\diffusion_v2\v2\data\wilson_L16_beta4.0764.pt ...
  L=16 beta=4.0764: 128 configs, acceptance 0.982, hot start, burn-in 200, 2s
  matched coarse beta: 1.3790 (tree level 1.0191)
generating out\diffusion_v2\v2\data\wilson_L16_beta4.7323.pt ...
  L=16 beta=4.7323: 128 configs, acceptance 0.984, hot start, burn-in 200, 3s
  matched coarse beta: 1.6100 (tree level 1.18308)
generating out\diffusion_v2\v2\data\wilson_L16_beta4.7632.pt ...
  L=16 beta=4.7632: 128 configs, acceptance 0.983, hot start, burn-in 200, 3s
  matched coarse beta: 1.6205 (tree level 1.1908)
generating out\diffusion_v2\v2\data\wilson_L16_beta5.586.pt ...
  L=16 beta=5.586: 128 configs, acceptance 0.985, cold start, burn-in 600, 8s
  matched coarse beta: 1.8661 (tree level 1.3965)
generating out\diffusion_v2\v2\data\wilson_L16_beta6.2411.pt ...
  L=16 beta=6.2411: 128 configs, acceptance 0.987, cold start, burn-in 600, 8s
  matched coarse beta: 2.0604 (tree level 1.56028)
generating out\diffusion_v2\v2\data\wilson_L16_beta6.4184.pt ...
  L=16 beta=6.4184: 128 configs, acceptance 0.988, cold start, burn-in 600, 7s
  matched coarse beta: 2.1220 (tree level 1.6046)
generating out\diffusion_v2\v2\data\wilson_L16_beta6.8771.pt ...
  L=16 beta=6.8771: 128 configs, acceptance 0.988, cold start, burn-in 600, 8s
  matched coarse beta: 2.2253 (tree level 1.71928)
generating out\diffusion_v2\v2\data\wilson_L16_beta8.3946.pt ...
  L=16 beta=8.3946: 128 configs, acceptance 0.988, cold start, burn-in 600, 8s
  matched coarse beta: 2.5795 (tree level 2.09865)
generating out\diffusion_v2\v2\data\wilson_L16_beta8.4548.pt ...
  L=16 beta=8.4548: 128 configs, acceptance 0.988, cold start, burn-in 600, 8s
  matched coarse beta: 2.5667 (tree level 2.1137)
generating out\diffusion_v2\v2\data\wilson_L16_beta8.7139.pt ...
  L=16 beta=8.7139: 128 configs, acceptance 0.989, cold start, burn-in 600, 8s
  matched coarse beta: 2.6886 (tree level 2.17848)
generating out\diffusion_v2\v2\data\wilson_L16_beta9.287.pt ...
  L=16 beta=9.287: 128 configs, acceptance 0.988, cold start, burn-in 600, 9s
  matched coarse beta: 2.8480 (tree level 2.32175)
generating out\diffusion_v2\v2\data\wilson_L16_beta9.571.pt ...
  L=16 beta=9.571: 128 configs, acceptance 0.989, cold start, burn-in 600, 9s
  matched coarse beta: 2.9210 (tree level 2.39275)
generating out\diffusion_v2\v2\data\wilson_L16_beta9.8499.pt ...
  L=16 beta=9.8499: 128 configs, acceptance 0.990, cold start, burn-in 600, 9s
  matched coarse beta: 2.9519 (tree level 2.46247)
generating out\diffusion_v2\v2\data\wilson_L16_beta10.2188.pt ...
  L=16 beta=10.2188: 128 configs, acceptance 0.990, cold start, burn-in 600, 9s
  matched coarse beta: 3.0481 (tree level 2.5547)
generating out\diffusion_v2\v2\data\wilson_L16_beta11.8501.pt ...
  L=16 beta=11.8501: 128 configs, acceptance 0.992, cold start, burn-in 600, 9s
  matched coarse beta: 3.4556 (tree level 2.96252)
generating out\diffusion_v2\v2\data\wilson_L16_beta11.8784.pt ...
  L=16 beta=11.8784: 128 configs, acceptance 0.993, cold start, burn-in 600, 9s
  matched coarse beta: 3.4383 (tree level 2.9696)
generating out\diffusion_v2\v2\data\wilson_L16_beta12.9259.pt ...
  L=16 beta=12.9259: 128 configs, acceptance 0.994, cold start, burn-in 600, 9s
  matched coarse beta: 3.7415 (tree level 3.23148)
generating out\diffusion_v2\v2\data\wilson_L16_beta14.4687.pt ...
  L=16 beta=14.4687: 128 configs, acceptance 0.988, cold start, burn-in 600, 10s
  matched coarse beta: 4.0990 (tree level 3.61718)
generating out\diffusion_v2\v2\data\wilson_L16_beta15.5366.pt ...
  L=16 beta=15.5366: 128 configs, acceptance 0.989, cold start, burn-in 600, 10s
  matched coarse beta: 4.3221 (tree level 3.88415)
generating out\diffusion_v2\v2\data\wilson_L16_beta17.502.pt ...
  L=16 beta=17.502: 128 configs, acceptance 0.989, cold start, burn-in 600, 10s
  matched coarse beta: 4.6372 (tree level 4.3755)
generating out\diffusion_v2\v2\data\wilson_L16_beta17.7602.pt ...
  L=16 beta=17.7602: 128 configs, acceptance 0.992, cold start, burn-in 600, 11s
  matched coarse beta: 4.6741 (tree level 4.44005)
generating out\diffusion_v2\v2\data\wilson_L16_beta19.403.pt ...
  L=16 beta=19.403: 128 configs, acceptance 0.988, cold start, burn-in 600, 11s
  matched coarse beta: 5.2476 (tree level 4.85075)
generating out\diffusion_v2\v2\data\wilson_L16_beta20.2412.pt ...
  L=16 beta=20.2412: 128 configs, acceptance 0.991, cold start, burn-in 2000, 35s
  matched coarse beta: 5.5888 (tree level 5.0603)
generating out\diffusion_v2\v2\data\wilson_L16_beta21.8857.pt ...
  L=16 beta=21.8857: 128 configs, acceptance 0.991, cold start, burn-in 2000, 45s
  matched coarse beta: 6.0527 (tree level 5.47142)
generating out\diffusion_v2\v2\data\wilson_L16_beta27.0442.pt ...
  L=16 beta=27.0442: 128 configs, acceptance 0.989, cold start, burn-in 2000, 41s
  matched coarse beta: 7.3915 (tree level 6.76105)
generating out\diffusion_v2\v2\data\wilson_L16_beta27.3387.pt ...
  L=16 beta=27.3387: 128 configs, acceptance 0.988, cold start, burn-in 2000, 41s
  matched coarse beta: 7.3554 (tree level 6.83467)
generating out\diffusion_v2\v2\data\wilson_L16_beta27.7875.pt ...
  L=16 beta=27.7875: 128 configs, acceptance 0.989, cold start, burn-in 2000, 41s
  matched coarse beta: 7.3089 (tree level 6.94688)
generating out\diffusion_v2\v2\data\wilson_L16_beta30.5978.pt ...
  L=16 beta=30.5978: 128 configs, acceptance 0.991, cold start, burn-in 2000, 45s
  matched coarse beta: 7.9495 (tree level 7.64945)
generating out\diffusion_v2\v2\data\wilson_L16_beta33.325.pt ...
  L=16 beta=33.325: 128 configs, acceptance 0.992, cold start, burn-in 2000, 44s
  matched coarse beta: 8.7026 (tree level 8.33125)
generating out\diffusion_v2\v2\data\wilson_L16_beta34.3422.pt ...
  L=16 beta=34.3422: 128 configs, acceptance 0.990, cold start, burn-in 2000, 47s
  matched coarse beta: 8.8640 (tree level 8.58555)
generating out\diffusion_v2\v2\data\wilson_L16_beta38.5957.pt ...
  L=16 beta=38.5957: 128 configs, acceptance 0.988, cold start, burn-in 2000, 49s
  matched coarse beta: 10.0156 (tree level 9.64893)
generating out\diffusion_v2\v2\data\wilson_L16_beta39.6475.pt ...
  L=16 beta=39.6475: 128 configs, acceptance 0.988, cold start, burn-in 2000, 49s
  matched coarse beta: 10.4354 (tree level 9.91188)
generating out\diffusion_v2\v2\data\wilson_L16_beta47.0386.pt ...
  L=16 beta=47.0386: 128 configs, acceptance 0.991, cold start, burn-in 2000, 56s
  matched coarse beta: 12.1627 (tree level 11.7597)
generating out\diffusion_v2\v2\data\wilson_L16_beta47.4228.pt ...
  L=16 beta=47.4228: 128 configs, acceptance 0.991, cold start, burn-in 2000, 52s
  matched coarse beta: 12.3817 (tree level 11.8557)
generating out\diffusion_v2\v2\data\wilson_L16_beta54.11.pt ...
  L=16 beta=54.11: 128 configs, acceptance 0.990, cold start, burn-in 2000, 55s
  matched coarse beta: 13.5786 (tree level 13.5275)
generating out\diffusion_v2\v2\data\wilson_L16_beta56.1944.pt ...
  L=16 beta=56.1944: 128 configs, acceptance 0.990, cold start, burn-in 2000, 58s
  matched coarse beta: 14.5225 (tree level 14.0486)
generating out\diffusion_v2\v2\data\wilson_L16_beta57.2189.pt ...
  L=16 beta=57.2189: 128 configs, acceptance 0.989, cold start, burn-in 2000, 58s
  matched coarse beta: 14.6376 (tree level 14.3047)
generating out\diffusion_v2\v2\data\wilson_L32_beta2.1926.pt ...
  L=32 beta=2.1926: 128 configs, acceptance 0.970, hot start, burn-in 200, 3s
  matched coarse beta: 0.5963 (tree level 0.54815)
generating out\diffusion_v2\v2\data\wilson_L32_beta2.4697.pt ...
  L=32 beta=2.4697: 128 configs, acceptance 0.965, hot start, burn-in 200, 3s
  matched coarse beta: 0.7237 (tree level 0.617425)
generating out\diffusion_v2\v2\data\wilson_L32_beta2.8622.pt ...
  L=32 beta=2.8622: 128 configs, acceptance 0.960, hot start, burn-in 200, 3s
  matched coarse beta: 0.9058 (tree level 0.71555)
generating out\diffusion_v2\v2\data\wilson_L32_beta4.994.pt ...
  L=32 beta=4.994: 128 configs, acceptance 0.969, hot start, burn-in 200, 4s
  matched coarse beta: 1.6891 (tree level 1.2485)
generating out\diffusion_v2\v2\data\wilson_L32_beta8.069.pt ...
  L=32 beta=8.069: 128 configs, acceptance 0.979, cold start, burn-in 600, 11s
  matched coarse beta: 2.4953 (tree level 2.01725)
generating out\diffusion_v2\v2\data\wilson_L32_beta11.2015.pt ...
  L=32 beta=11.2015: 128 configs, acceptance 0.982, cold start, burn-in 600, 12s
  matched coarse beta: 3.3044 (tree level 2.80037)
generating out\diffusion_v2\v2\data\wilson_L32_beta12.3504.pt ...
  L=32 beta=12.3504: 128 configs, acceptance 0.986, cold start, burn-in 600, 13s
  matched coarse beta: 3.5784 (tree level 3.0876)
generating out\diffusion_v2\v2\data\wilson_L32_beta12.688.pt ...
  L=32 beta=12.688: 128 configs, acceptance 0.985, cold start, burn-in 600, 13s
  matched coarse beta: 3.6882 (tree level 3.172)
generating out\diffusion_v2\v2\data\wilson_L32_beta14.1441.pt ...
  L=32 beta=14.1441: 128 configs, acceptance 0.987, cold start, burn-in 600, 13s
  matched coarse beta: 4.0306 (tree level 3.53602)
generating out\diffusion_v2\v2\data\wilson_L32_beta18.0708.pt ...
  L=32 beta=18.0708: 128 configs, acceptance 0.981, cold start, burn-in 600, 16s
  matched coarse beta: 4.9635 (tree level 4.5177)
generating out\diffusion_v2\v2\data\wilson_L32_beta18.6487.pt ...
  L=32 beta=18.6487: 128 configs, acceptance 0.982, cold start, burn-in 600, 16s
  matched coarse beta: 5.1209 (tree level 4.66218)
generating out\diffusion_v2\v2\data\wilson_L32_beta52.6284.pt ...
  L=32 beta=52.6284: 128 configs, acceptance 0.978, cold start, burn-in 2000, 76s
  matched coarse beta: 14.0222 (tree level 13.1571)
generating out\diffusion_v2\v2\data\wilson_L8_beta1.4347.pt ...
  L=8 beta=1.4347: 128 configs, acceptance 0.992, hot start, burn-in 200, 2s
  matched coarse beta: 0.2279 (tree level 0.358675)
generating out\diffusion_v2\v2\data\wilson_L8_beta1.4977.pt ...
  L=8 beta=1.4977: 128 configs, acceptance 0.992, hot start, burn-in 200, 2s
  matched coarse beta: 0.2450 (tree level 0.374425)
generating out\diffusion_v2\v2\data\wilson_L8_beta1.7872.pt ...
  L=8 beta=1.7872: 128 configs, acceptance 0.990, hot start, burn-in 200, 2s
  matched coarse beta: 0.2991 (tree level 0.4468)
generating out\diffusion_v2\v2\data\wilson_L8_beta1.9783.pt ...
  L=8 beta=1.9783: 128 configs, acceptance 0.991, hot start, burn-in 200, 2s
  matched coarse beta: 0.4944 (tree level 0.494575)
generating out\diffusion_v2\v2\data\wilson_L8_beta2.4006.pt ...
  L=8 beta=2.4006: 128 configs, acceptance 0.992, hot start, burn-in 200, 2s
  matched coarse beta: 0.6690 (tree level 0.60015)
generating out\diffusion_v2\v2\data\wilson_L8_beta2.4786.pt ...
  L=8 beta=2.4786: 128 configs, acceptance 0.991, hot start, burn-in 200, 2s
  matched coarse beta: 0.6703 (tree level 0.61965)
generating out\diffusion_v2\v2\data\wilson_L16_beta20.pt ...
  L=16 beta=20.0: 128 configs, acceptance 0.991, cold start, burn-in 2000, 36s
  matched coarse beta: 5.4873 (tree level 5)
wrote out\diffusion_v2\v2\data\matching.json
[2026-07-31 00:38:04] STAGE_DATA_DONE (21.7 min)
[2026-07-31 00:38:04] STAGE_TRAIN_START: C:\Users\ompan\OneDrive\Desktop\Lattice QCD Research\dev\InverseRG\.venv\Scripts\python.exe diffusion_v2/scripts/02_train.py --config diffusion_v2/configs/v2.yaml --resume
rung L16_beta14.1464: 605 train / 67 val configs
rung L16_beta25: 605 train / 67 val configs
rung L16_beta40: 605 train / 67 val configs
rung L16_beta55.0237: 605 train / 67 val configs
rung L16_beta1.0119: 116 train / 12 val configs
rung L16_beta1.0397: 116 train / 12 val configs
rung L16_beta1.0743: 116 train / 12 val configs
rung L16_beta1.2464: 116 train / 12 val configs
rung L16_beta1.2749: 116 train / 12 val configs
rung L16_beta1.7484: 116 train / 12 val configs
rung L16_beta1.8367: 116 train / 12 val configs
rung L16_beta1.8781: 116 train / 12 val configs
rung L16_beta2.122: 116 train / 12 val configs
rung L16_beta2.1285: 116 train / 12 val configs
rung L16_beta2.1757: 116 train / 12 val configs
rung L16_beta2.1862: 116 train / 12 val configs
rung L16_beta2.2983: 116 train / 12 val configs
rung L16_beta2.3046: 116 train / 12 val configs
rung L16_beta2.3454: 116 train / 12 val configs
rung L16_beta2.7647: 116 train / 12 val configs
rung L16_beta3.1518: 116 train / 12 val configs
rung L16_beta3.1669: 116 train / 12 val configs
rung L16_beta3.2922: 116 train / 12 val configs
rung L16_beta3.3842: 116 train / 12 val configs
rung L16_beta3.4006: 116 train / 12 val configs
rung L16_beta3.6231: 116 train / 12 val configs
rung L16_beta3.7225: 116 train / 12 val configs
rung L16_beta4.0764: 116 train / 12 val configs
rung L16_beta4.7323: 116 train / 12 val configs
rung L16_beta4.7632: 116 train / 12 val configs
rung L16_beta5.586: 116 train / 12 val configs
rung L16_beta6.2411: 116 train / 12 val configs
rung L16_beta6.4184: 116 train / 12 val configs
rung L16_beta6.8771: 116 train / 12 val configs
rung L16_beta8.3946: 116 train / 12 val configs
rung L16_beta8.4548: 116 train / 12 val configs
rung L16_beta8.7139: 116 train / 12 val configs
rung L16_beta9.287: 116 train / 12 val configs
rung L16_beta9.571: 116 train / 12 val configs
rung L16_beta9.8499: 116 train / 12 val configs
rung L16_beta10.2188: 116 train / 12 val configs
rung L16_beta11.8501: 116 train / 12 val configs
rung L16_beta11.8784: 116 train / 12 val configs
rung L16_beta12.9259: 116 train / 12 val configs
rung L16_beta14.4687: 116 train / 12 val configs
rung L16_beta15.5366: 116 train / 12 val configs
rung L16_beta17.502: 116 train / 12 val configs
rung L16_beta17.7602: 116 train / 12 val configs
rung L16_beta19.403: 116 train / 12 val configs
rung L16_beta20.2412: 116 train / 12 val configs
rung L16_beta21.8857: 116 train / 12 val configs
rung L16_beta27.0442: 116 train / 12 val configs
rung L16_beta27.3387: 116 train / 12 val configs
rung L16_beta27.7875: 116 train / 12 val configs
rung L16_beta30.5978: 116 train / 12 val configs
rung L16_beta33.325: 116 train / 12 val configs
rung L16_beta34.3422: 116 train / 12 val configs
rung L16_beta38.5957: 116 train / 12 val configs
rung L16_beta39.6475: 116 train / 12 val configs
rung L16_beta47.0386: 116 train / 12 val configs
rung L16_beta47.4228: 116 train / 12 val configs
rung L16_beta54.11: 116 train / 12 val configs
rung L16_beta56.1944: 116 train / 12 val configs
rung L16_beta57.2189: 116 train / 12 val configs
rung L32_beta2.1926: 116 train / 12 val configs
rung L32_beta2.4697: 116 train / 12 val configs
rung L32_beta2.8622: 116 train / 12 val configs
rung L32_beta4.994: 116 train / 12 val configs
rung L32_beta8.069: 116 train / 12 val configs
rung L32_beta11.2015: 116 train / 12 val configs
rung L32_beta12.3504: 116 train / 12 val configs
rung L32_beta12.688: 116 train / 12 val configs
rung L32_beta14.1441: 116 train / 12 val configs
rung L32_beta18.0708: 116 train / 12 val configs
rung L32_beta18.6487: 116 train / 12 val configs
rung L32_beta52.6284: 116 train / 12 val configs
rung L8_beta1.4347: 116 train / 12 val configs
rung L8_beta1.4977: 116 train / 12 val configs
rung L8_beta1.7872: 116 train / 12 val configs
rung L8_beta1.9783: 116 train / 12 val configs
rung L8_beta2.4006: 116 train / 12 val configs
rung L8_beta2.4786: 116 train / 12 val configs
epoch   0  train=0.7417  val_L16_beta14.1464=0.6051 val_L16_beta25=0.6079 val_L16_beta40=0.6212 val_L16_beta55.0237=0.5921 val_L16_beta1.0119=0.7700 val_L16_beta1.0397=0.8565 val_L16_beta1.0743=0.8059 val_L16_beta1.2464=0.8537 val_L16_beta1.2749=0.6971 val_L16_beta1.7484=0.5962 val_L16_beta1.8367=0.8634 val_L16_beta1.8781=0.7133 val_L16_beta2.122=0.5920 val_L16_beta2.1285=0.8348 val_L16_beta2.1757=0.6425 val_L16_beta2.1862=0.6708 val_L16_beta2.2983=0.6397 val_L16_beta2.3046=0.8182 val_L16_beta2.3454=0.7136 val_L16_beta2.7647=0.7959 val_L16_beta3.1518=0.7473 val_L16_beta3.1669=0.8054 val_L16_beta3.2922=0.5334 val_L16_beta3.3842=0.6660 val_L16_beta3.4006=0.6643 val_L16_beta3.6231=0.8553 val_L16_beta3.7225=0.8024 val_L16_beta4.0764=0.7911 val_L16_beta4.7323=0.8080 val_L16_beta4.7632=0.6163 val_L16_beta5.586=0.7250 val_L16_beta6.2411=0.5149 val_L16_beta6.4184=0.5722 val_L16_beta6.8771=0.4436 val_L16_beta8.3946=0.5338 val_L16_beta8.4548=0.5726 val_L16_beta8.7139=0.6891 val_L16_beta9.287=0.7570 val_L16_beta9.571=0.5493 val_L16_beta9.8499=0.5769 val_L16_beta10.2188=0.6281 val_L16_beta11.8501=0.6567 val_L16_beta11.8784=0.5709 val_L16_beta12.9259=0.5783 val_L16_beta14.4687=0.7185 val_L16_beta15.5366=0.4945 val_L16_beta17.502=0.5599 val_L16_beta17.7602=0.7318 val_L16_beta19.403=0.6153 val_L16_beta20.2412=0.7374 val_L16_beta21.8857=0.5721 val_L16_beta27.0442=0.6716 val_L16_beta27.3387=0.6382 val_L16_beta27.7875=0.6666 val_L16_beta30.5978=0.6364 val_L16_beta33.325=0.6575 val_L16_beta34.3422=0.5572 val_L16_beta38.5957=0.4624 val_L16_beta39.6475=0.5047 val_L16_beta47.0386=0.5346 val_L16_beta47.4228=0.6342 val_L16_beta54.11=0.4503 val_L16_beta56.1944=0.6673 val_L16_beta57.2189=0.6029 val_L32_beta2.1926=1.0942 val_L32_beta2.4697=1.2030 val_L32_beta2.8622=1.0014 val_L32_beta4.994=0.7627 val_L32_beta8.069=0.7054 val_L32_beta11.2015=0.7479 val_L32_beta12.3504=0.8682 val_L32_beta12.688=0.8210 val_L32_beta14.1441=0.7437 val_L32_beta18.0708=0.4905 val_L32_beta18.6487=0.5084 val_L32_beta52.6284=0.6320 val_L8_beta1.4347=0.6065 val_L8_beta1.4977=0.8511 val_L8_beta1.7872=0.6814 val_L8_beta1.9783=0.6821 val_L8_beta2.4006=0.7327 val_L8_beta2.4786=0.7974 val_total=55.9906
epoch   1  train=0.7074  val_L16_beta14.1464=0.6042 val_L16_beta25=0.5978 val_L16_beta40=0.6159 val_L16_beta55.0237=0.6589 val_L16_beta1.0119=0.7517 val_L16_beta1.0397=0.8544 val_L16_beta1.0743=0.7744 val_L16_beta1.2464=0.7715 val_L16_beta1.2749=0.6665 val_L16_beta1.7484=0.5200 val_L16_beta1.8367=0.8847 val_L16_beta1.8781=0.6975 val_L16_beta2.122=0.5788 val_L16_beta2.1285=0.7745 val_L16_beta2.1757=0.6516 val_L16_beta2.1862=0.6306 val_L16_beta2.2983=0.6739 val_L16_beta2.3046=0.7947 val_L16_beta2.3454=0.7110 val_L16_beta2.7647=0.8131 val_L16_beta3.1518=0.6745 val_L16_beta3.1669=0.7902 val_L16_beta3.2922=0.5019 val_L16_beta3.3842=0.6539 val_L16_beta3.4006=0.6128 val_L16_beta3.6231=0.7781 val_L16_beta3.7225=0.8153 val_L16_beta4.0764=0.7244 val_L16_beta4.7323=0.6979 val_L16_beta4.7632=0.5691 val_L16_beta5.586=0.6821 val_L16_beta6.2411=0.5298 val_L16_beta6.4184=0.5124 val_L16_beta6.8771=0.4386 val_L16_beta8.3946=0.5236 val_L16_beta8.4548=0.5577 val_L16_beta8.7139=0.6578 val_L16_beta9.287=0.7411 val_L16_beta9.571=0.5684 val_L16_beta9.8499=0.5351 val_L16_beta10.2188=0.5857 val_L16_beta11.8501=0.6610 val_L16_beta11.8784=0.5684 val_L16_beta12.9259=0.5443 val_L16_beta14.4687=0.6748 val_L16_beta15.5366=0.5118 val_L16_beta17.502=0.5217 val_L16_beta17.7602=0.7396 val_L16_beta19.403=0.6189 val_L16_beta20.2412=0.7053 val_L16_beta21.8857=0.5935 val_L16_beta27.0442=0.6311 val_L16_beta27.3387=0.6423 val_L16_beta27.7875=0.6224 val_L16_beta30.5978=0.6473 val_L16_beta33.325=0.5763 val_L16_beta34.3422=0.5847 val_L16_beta38.5957=0.5402 val_L16_beta39.6475=0.5374 val_L16_beta47.0386=0.6168 val_L16_beta47.4228=0.6229 val_L16_beta54.11=0.5796 val_L16_beta56.1944=0.7169 val_L16_beta57.2189=0.5865 val_L32_beta2.1926=1.2332 val_L32_beta2.4697=0.9395 val_L32_beta2.8622=1.2701 val_L32_beta4.994=0.6716 val_L32_beta8.069=0.6211 val_L32_beta11.2015=0.7695 val_L32_beta12.3504=0.7603 val_L32_beta12.688=0.7997 val_L32_beta14.1441=0.6461 val_L32_beta18.0708=0.3897 val_L32_beta18.6487=0.5146 val_L32_beta52.6284=0.7606 val_L8_beta1.4347=0.5905 val_L8_beta1.4977=0.7737 val_L8_beta1.7872=0.7142 val_L8_beta1.9783=0.6905 val_L8_beta2.4006=0.7117 val_L8_beta2.4786=0.8090 val_total=54.8858
epoch   2  train=0.6989  val_L16_beta14.1464=0.5819 val_L16_beta25=0.5645 val_L16_beta40=0.5898 val_L16_beta55.0237=0.5888 val_L16_beta1.0119=0.8008 val_L16_beta1.0397=0.8492 val_L16_beta1.0743=0.7008 val_L16_beta1.2464=0.7541 val_L16_beta1.2749=0.6596 val_L16_beta1.7484=0.5170 val_L16_beta1.8367=0.8641 val_L16_beta1.8781=0.7595 val_L16_beta2.122=0.5935 val_L16_beta2.1285=0.8679 val_L16_beta2.1757=0.6526 val_L16_beta2.1862=0.6087 val_L16_beta2.2983=0.6508 val_L16_beta2.3046=0.7578 val_L16_beta2.3454=0.6758 val_L16_beta2.7647=0.7666 val_L16_beta3.1518=0.6965 val_L16_beta3.1669=0.7628 val_L16_beta3.2922=0.4963 val_L16_beta3.3842=0.6973 val_L16_beta3.4006=0.6355 val_L16_beta3.6231=0.7702 val_L16_beta3.7225=0.7676 val_L16_beta4.0764=0.7317 val_L16_beta4.7323=0.7128 val_L16_beta4.7632=0.5877 val_L16_beta5.586=0.6658 val_L16_beta6.2411=0.5094 val_L16_beta6.4184=0.5643 val_L16_beta6.8771=0.4393 val_L16_beta8.3946=0.5808 val_L16_beta8.4548=0.5798 val_L16_beta8.7139=0.6895 val_L16_beta9.287=0.6997 val_L16_beta9.571=0.5358 val_L16_beta9.8499=0.5539 val_L16_beta10.2188=0.6058 val_L16_beta11.8501=0.6280 val_L16_beta11.8784=0.5247 val_L16_beta12.9259=0.5578 val_L16_beta14.4687=0.6943 val_L16_beta15.5366=0.5128 val_L16_beta17.502=0.5493 val_L16_beta17.7602=0.7541 val_L16_beta19.403=0.5724 val_L16_beta20.2412=0.7174 val_L16_beta21.8857=0.5775 val_L16_beta27.0442=0.6583 val_L16_beta27.3387=0.6170 val_L16_beta27.7875=0.6470 val_L16_beta30.5978=0.6444 val_L16_beta33.325=0.5661 val_L16_beta34.3422=0.5604 val_L16_beta38.5957=0.4676 val_L16_beta39.6475=0.4993 val_L16_beta47.0386=0.5133 val_L16_beta47.4228=0.6356 val_L16_beta54.11=0.4599 val_L16_beta56.1944=0.5830 val_L16_beta57.2189=0.5383 val_L32_beta2.1926=0.9800 val_L32_beta2.4697=0.9564 val_L32_beta2.8622=0.9078 val_L32_beta4.994=0.6810 val_L32_beta8.069=0.6144 val_L32_beta11.2015=0.7499 val_L32_beta12.3504=0.7114 val_L32_beta12.688=0.8231 val_L32_beta14.1441=0.6829 val_L32_beta18.0708=0.4513 val_L32_beta18.6487=0.4515 val_L32_beta52.6284=0.6420 val_L8_beta1.4347=0.5789 val_L8_beta1.4977=0.8382 val_L8_beta1.7872=0.7219 val_L8_beta1.9783=0.6823 val_L8_beta2.4006=0.7724 val_L8_beta2.4786=0.7605 val_total=53.5711
epoch   3  train=0.6808  val_L16_beta14.1464=0.5535 val_L16_beta25=0.5420 val_L16_beta40=0.5601 val_L16_beta55.0237=0.5571 val_L16_beta1.0119=0.7805 val_L16_beta1.0397=0.8698 val_L16_beta1.0743=0.7731 val_L16_beta1.2464=0.7558 val_L16_beta1.2749=0.6676 val_L16_beta1.7484=0.5435 val_L16_beta1.8367=0.8765 val_L16_beta1.8781=0.7011 val_L16_beta2.122=0.6087 val_L16_beta2.1285=0.7851 val_L16_beta2.1757=0.6234 val_L16_beta2.1862=0.6035 val_L16_beta2.2983=0.5918 val_L16_beta2.3046=0.7816 val_L16_beta2.3454=0.6573 val_L16_beta2.7647=0.7350 val_L16_beta3.1518=0.6830 val_L16_beta3.1669=0.7551 val_L16_beta3.2922=0.4740 val_L16_beta3.3842=0.6359 val_L16_beta3.4006=0.5834 val_L16_beta3.6231=0.7664 val_L16_beta3.7225=0.7734 val_L16_beta4.0764=0.6727 val_L16_beta4.7323=0.7293 val_L16_beta4.7632=0.5729 val_L16_beta5.586=0.6244 val_L16_beta6.2411=0.4830 val_L16_beta6.4184=0.5120 val_L16_beta6.8771=0.4207 val_L16_beta8.3946=0.4841 val_L16_beta8.4548=0.5275 val_L16_beta8.7139=0.6607 val_L16_beta9.287=0.7324 val_L16_beta9.571=0.5015 val_L16_beta9.8499=0.5292 val_L16_beta10.2188=0.5729 val_L16_beta11.8501=0.6098 val_L16_beta11.8784=0.5417 val_L16_beta12.9259=0.5416 val_L16_beta14.4687=0.6542 val_L16_beta15.5366=0.4992 val_L16_beta17.502=0.5083 val_L16_beta17.7602=0.6977 val_L16_beta19.403=0.6050 val_L16_beta20.2412=0.6858 val_L16_beta21.8857=0.5558 val_L16_beta27.0442=0.6086 val_L16_beta27.3387=0.6090 val_L16_beta27.7875=0.6199 val_L16_beta30.5978=0.5895 val_L16_beta33.325=0.5516 val_L16_beta34.3422=0.5280 val_L16_beta38.5957=0.4532 val_L16_beta39.6475=0.4665 val_L16_beta47.0386=0.4871 val_L16_beta47.4228=0.5809 val_L16_beta54.11=0.4351 val_L16_beta56.1944=0.5821 val_L16_beta57.2189=0.4585 val_L32_beta2.1926=0.9054 val_L32_beta2.4697=0.9128 val_L32_beta2.8622=0.9678 val_L32_beta4.994=0.6259 val_L32_beta8.069=0.5738 val_L32_beta11.2015=0.7320 val_L32_beta12.3504=0.6760 val_L32_beta12.688=0.7532 val_L32_beta14.1441=0.6530 val_L32_beta18.0708=0.4060 val_L32_beta18.6487=0.4228 val_L32_beta52.6284=0.5867 val_L8_beta1.4347=0.5608 val_L8_beta1.4977=0.7741 val_L8_beta1.7872=0.6544 val_L8_beta1.9783=0.6579 val_L8_beta2.4006=0.6773 val_L8_beta2.4786=0.8012 val_total=51.4715
epoch   4  train=0.6700  val_L16_beta14.1464=0.5666 val_L16_beta25=0.5523 val_L16_beta40=0.5968 val_L16_beta55.0237=0.5769 val_L16_beta1.0119=0.8453 val_L16_beta1.0397=0.8252 val_L16_beta1.0743=0.7134 val_L16_beta1.2464=0.8043 val_L16_beta1.2749=0.6510 val_L16_beta1.7484=0.5669 val_L16_beta1.8367=0.8787 val_L16_beta1.8781=0.6854 val_L16_beta2.122=0.6002 val_L16_beta2.1285=0.7936 val_L16_beta2.1757=0.6243 val_L16_beta2.1862=0.6021 val_L16_beta2.2983=0.6161 val_L16_beta2.3046=0.7547 val_L16_beta2.3454=0.6408 val_L16_beta2.7647=0.7572 val_L16_beta3.1518=0.6984 val_L16_beta3.1669=0.7289 val_L16_beta3.2922=0.4870 val_L16_beta3.3842=0.6573 val_L16_beta3.4006=0.6284 val_L16_beta3.6231=0.7980 val_L16_beta3.7225=0.7033 val_L16_beta4.0764=0.6773 val_L16_beta4.7323=0.6982 val_L16_beta4.7632=0.5869 val_L16_beta5.586=0.6262 val_L16_beta6.2411=0.5097 val_L16_beta6.4184=0.5369 val_L16_beta6.8771=0.4234 val_L16_beta8.3946=0.5268 val_L16_beta8.4548=0.5837 val_L16_beta8.7139=0.6530 val_L16_beta9.287=0.7144 val_L16_beta9.571=0.5061 val_L16_beta9.8499=0.5363 val_L16_beta10.2188=0.5674 val_L16_beta11.8501=0.6370 val_L16_beta11.8784=0.5585 val_L16_beta12.9259=0.5512 val_L16_beta14.4687=0.6922 val_L16_beta15.5366=0.4870 val_L16_beta17.502=0.5328 val_L16_beta17.7602=0.7085 val_L16_beta19.403=0.5633 val_L16_beta20.2412=0.6918 val_L16_beta21.8857=0.5534 val_L16_beta27.0442=0.6346 val_L16_beta27.3387=0.6572 val_L16_beta27.7875=0.6457 val_L16_beta30.5978=0.5774 val_L16_beta33.325=0.6345 val_L16_beta34.3422=0.5545 val_L16_beta38.5957=0.4538 val_L16_beta39.6475=0.4801 val_L16_beta47.0386=0.5599 val_L16_beta47.4228=0.5939 val_L16_beta54.11=0.4328 val_L16_beta56.1944=0.6460 val_L16_beta57.2189=0.5530 val_L32_beta2.1926=0.9661 val_L32_beta2.4697=1.0076 val_L32_beta2.8622=0.7984 val_L32_beta4.994=0.6998 val_L32_beta8.069=0.6299 val_L32_beta11.2015=0.7312 val_L32_beta12.3504=0.7763 val_L32_beta12.688=0.8053 val_L32_beta14.1441=0.6692 val_L32_beta18.0708=0.4503 val_L32_beta18.6487=0.4299 val_L32_beta52.6284=0.7651 val_L8_beta1.4347=0.5709 val_L8_beta1.4977=0.7518 val_L8_beta1.7872=0.6918 val_L8_beta1.9783=0.6475 val_L8_beta2.4006=0.6880 val_L8_beta2.4786=0.7701 val_total=52.7473
epoch   5  train=0.6671  val_L16_beta14.1464=0.5612 val_L16_beta25=0.5503 val_L16_beta40=0.5605 val_L16_beta55.0237=0.5392 val_L16_beta1.0119=0.7440 val_L16_beta1.0397=0.8644 val_L16_beta1.0743=0.7180 val_L16_beta1.2464=0.7288 val_L16_beta1.2749=0.6355 val_L16_beta1.7484=0.5693 val_L16_beta1.8367=0.8338 val_L16_beta1.8781=0.6378 val_L16_beta2.122=0.6150 val_L16_beta2.1285=0.7442 val_L16_beta2.1757=0.7107 val_L16_beta2.1862=0.5836 val_L16_beta2.2983=0.6148 val_L16_beta2.3046=0.7688 val_L16_beta2.3454=0.6356 val_L16_beta2.7647=0.7739 val_L16_beta3.1518=0.6584 val_L16_beta3.1669=0.7477 val_L16_beta3.2922=0.4864 val_L16_beta3.3842=0.6241 val_L16_beta3.4006=0.5729 val_L16_beta3.6231=0.7140 val_L16_beta3.7225=0.7263 val_L16_beta4.0764=0.7037 val_L16_beta4.7323=0.7314 val_L16_beta4.7632=0.5610 val_L16_beta5.586=0.6421 val_L16_beta6.2411=0.4640 val_L16_beta6.4184=0.5237 val_L16_beta6.8771=0.3961 val_L16_beta8.3946=0.5152 val_L16_beta8.4548=0.5357 val_L16_beta8.7139=0.6385 val_L16_beta9.287=0.7200 val_L16_beta9.571=0.4806 val_L16_beta9.8499=0.5057 val_L16_beta10.2188=0.5559 val_L16_beta11.8501=0.6176 val_L16_beta11.8784=0.5416 val_L16_beta12.9259=0.5314 val_L16_beta14.4687=0.6687 val_L16_beta15.5366=0.5153 val_L16_beta17.502=0.5177 val_L16_beta17.7602=0.7253 val_L16_beta19.403=0.5650 val_L16_beta20.2412=0.6711 val_L16_beta21.8857=0.5257 val_L16_beta27.0442=0.6043 val_L16_beta27.3387=0.6124 val_L16_beta27.7875=0.5673 val_L16_beta30.5978=0.5852 val_L16_beta33.325=0.5205 val_L16_beta34.3422=0.5668 val_L16_beta38.5957=0.4344 val_L16_beta39.6475=0.4951 val_L16_beta47.0386=0.4854 val_L16_beta47.4228=0.5867 val_L16_beta54.11=0.4073 val_L16_beta56.1944=0.5723 val_L16_beta57.2189=0.4485 val_L32_beta2.1926=1.2354 val_L32_beta2.4697=1.1319 val_L32_beta2.8622=0.8073 val_L32_beta4.994=0.6621 val_L32_beta8.069=0.5924 val_L32_beta11.2015=0.6893 val_L32_beta12.3504=0.7510 val_L32_beta12.688=0.7492 val_L32_beta14.1441=0.6212 val_L32_beta18.0708=0.3820 val_L32_beta18.6487=0.4143 val_L32_beta52.6284=0.6124 val_L8_beta1.4347=0.5630 val_L8_beta1.4977=0.7776 val_L8_beta1.7872=0.6724 val_L8_beta1.9783=0.6459 val_L8_beta2.4006=0.7086 val_L8_beta2.4786=0.7331 val_total=51.4078
epoch   6  train=0.6583  val_L16_beta14.1464=0.5534 val_L16_beta25=0.5365 val_L16_beta40=0.5645 val_L16_beta55.0237=0.5488 val_L16_beta1.0119=0.7497 val_L16_beta1.0397=0.8426 val_L16_beta1.0743=0.6630 val_L16_beta1.2464=0.7904 val_L16_beta1.2749=0.6143 val_L16_beta1.7484=0.5348 val_L16_beta1.8367=0.8307 val_L16_beta1.8781=0.6996 val_L16_beta2.122=0.5901 val_L16_beta2.1285=0.7440 val_L16_beta2.1757=0.6283 val_L16_beta2.1862=0.5603 val_L16_beta2.2983=0.5837 val_L16_beta2.3046=0.8055 val_L16_beta2.3454=0.6586 val_L16_beta2.7647=0.7344 val_L16_beta3.1518=0.6765 val_L16_beta3.1669=0.7479 val_L16_beta3.2922=0.4735 val_L16_beta3.3842=0.6246 val_L16_beta3.4006=0.6047 val_L16_beta3.6231=0.7338 val_L16_beta3.7225=0.7192 val_L16_beta4.0764=0.6835 val_L16_beta4.7323=0.7236 val_L16_beta4.7632=0.5821 val_L16_beta5.586=0.6154 val_L16_beta6.2411=0.4896 val_L16_beta6.4184=0.5398 val_L16_beta6.8771=0.4167 val_L16_beta8.3946=0.5240 val_L16_beta8.4548=0.5500 val_L16_beta8.7139=0.6534 val_L16_beta9.287=0.7055 val_L16_beta9.571=0.5185 val_L16_beta9.8499=0.5179 val_L16_beta10.2188=0.5694 val_L16_beta11.8501=0.6153 val_L16_beta11.8784=0.5359 val_L16_beta12.9259=0.5203 val_L16_beta14.4687=0.6541 val_L16_beta15.5366=0.4714 val_L16_beta17.502=0.4907 val_L16_beta17.7602=0.6949 val_L16_beta19.403=0.5770 val_L16_beta20.2412=0.6924 val_L16_beta21.8857=0.5423 val_L16_beta27.0442=0.6205 val_L16_beta27.3387=0.5719 val_L16_beta27.7875=0.5781 val_L16_beta30.5978=0.5825 val_L16_beta33.325=0.5489 val_L16_beta34.3422=0.5145 val_L16_beta38.5957=0.4360 val_L16_beta39.6475=0.4781 val_L16_beta47.0386=0.4812 val_L16_beta47.4228=0.6018 val_L16_beta54.11=0.4102 val_L16_beta56.1944=0.5331 val_L16_beta57.2189=0.4712 val_L32_beta2.1926=0.8559 val_L32_beta2.4697=0.7776 val_L32_beta2.8622=0.7861 val_L32_beta4.994=0.6065 val_L32_beta8.069=0.5638 val_L32_beta11.2015=0.6913 val_L32_beta12.3504=0.7036 val_L32_beta12.688=0.7861 val_L32_beta14.1441=0.5805 val_L32_beta18.0708=0.4224 val_L32_beta18.6487=0.4159 val_L32_beta52.6284=0.6486 val_L8_beta1.4347=0.5435 val_L8_beta1.4977=0.6955 val_L8_beta1.7872=0.6228 val_L8_beta1.9783=0.6540 val_L8_beta2.4006=0.6980 val_L8_beta2.4786=0.6953 val_total=50.2725
epoch   7  train=0.6540  val_L16_beta14.1464=0.5579 val_L16_beta25=0.5367 val_L16_beta40=0.5883 val_L16_beta55.0237=0.5706 val_L16_beta1.0119=0.8426 val_L16_beta1.0397=0.8183 val_L16_beta1.0743=0.6951 val_L16_beta1.2464=0.7373 val_L16_beta1.2749=0.6248 val_L16_beta1.7484=0.4976 val_L16_beta1.8367=0.8667 val_L16_beta1.8781=0.6969 val_L16_beta2.122=0.5419 val_L16_beta2.1285=0.8090 val_L16_beta2.1757=0.6391 val_L16_beta2.1862=0.6111 val_L16_beta2.2983=0.5831 val_L16_beta2.3046=0.8377 val_L16_beta2.3454=0.6681 val_L16_beta2.7647=0.7715 val_L16_beta3.1518=0.6556 val_L16_beta3.1669=0.7246 val_L16_beta3.2922=0.4820 val_L16_beta3.3842=0.6401 val_L16_beta3.4006=0.5866 val_L16_beta3.6231=0.7684 val_L16_beta3.7225=0.6805 val_L16_beta4.0764=0.6772 val_L16_beta4.7323=0.7466 val_L16_beta4.7632=0.5497 val_L16_beta5.586=0.6417 val_L16_beta6.2411=0.5100 val_L16_beta6.4184=0.4824 val_L16_beta6.8771=0.3980 val_L16_beta8.3946=0.5185 val_L16_beta8.4548=0.5718 val_L16_beta8.7139=0.6450 val_L16_beta9.287=0.7054 val_L16_beta9.571=0.5082 val_L16_beta9.8499=0.5267 val_L16_beta10.2188=0.5803 val_L16_beta11.8501=0.6304 val_L16_beta11.8784=0.5396 val_L16_beta12.9259=0.5241 val_L16_beta14.4687=0.6686 val_L16_beta15.5366=0.4973 val_L16_beta17.502=0.5305 val_L16_beta17.7602=0.6744 val_L16_beta19.403=0.5996 val_L16_beta20.2412=0.6908 val_L16_beta21.8857=0.5533 val_L16_beta27.0442=0.6285 val_L16_beta27.3387=0.5966 val_L16_beta27.7875=0.6188 val_L16_beta30.5978=0.5879 val_L16_beta33.325=0.5576 val_L16_beta34.3422=0.5515 val_L16_beta38.5957=0.4347 val_L16_beta39.6475=0.5283 val_L16_beta47.0386=0.5177 val_L16_beta47.4228=0.5937 val_L16_beta54.11=0.4872 val_L16_beta56.1944=0.6048 val_L16_beta57.2189=0.4915 val_L32_beta2.1926=0.9115 val_L32_beta2.4697=0.8879 val_L32_beta2.8622=0.8182 val_L32_beta4.994=0.7319 val_L32_beta8.069=0.5751 val_L32_beta11.2015=0.7234 val_L32_beta12.3504=0.7288 val_L32_beta12.688=0.7995 val_L32_beta14.1441=0.6418 val_L32_beta18.0708=0.4609 val_L32_beta18.6487=0.5488 val_L32_beta52.6284=0.5900 val_L8_beta1.4347=0.4942 val_L8_beta1.4977=0.7724 val_L8_beta1.7872=0.6288 val_L8_beta1.9783=0.6105 val_L8_beta2.4006=0.6836 val_L8_beta2.4786=0.6996 val_total=51.5084
epoch   8  train=0.6567  val_L16_beta14.1464=0.5591 val_L16_beta25=0.5435 val_L16_beta40=0.5645 val_L16_beta55.0237=0.5505 val_L16_beta1.0119=0.7809 val_L16_beta1.0397=0.7693 val_L16_beta1.0743=0.6950 val_L16_beta1.2464=0.6828 val_L16_beta1.2749=0.6199 val_L16_beta1.7484=0.5538 val_L16_beta1.8367=0.8615 val_L16_beta1.8781=0.6577 val_L16_beta2.122=0.5922 val_L16_beta2.1285=0.7133 val_L16_beta2.1757=0.6390 val_L16_beta2.1862=0.5825 val_L16_beta2.2983=0.5826 val_L16_beta2.3046=0.7744 val_L16_beta2.3454=0.6461 val_L16_beta2.7647=0.7083 val_L16_beta3.1518=0.6582 val_L16_beta3.1669=0.7142 val_L16_beta3.2922=0.4822 val_L16_beta3.3842=0.6221 val_L16_beta3.4006=0.6125 val_L16_beta3.6231=0.7356 val_L16_beta3.7225=0.7244 val_L16_beta4.0764=0.6616 val_L16_beta4.7323=0.7146 val_L16_beta4.7632=0.5595 val_L16_beta5.586=0.6287 val_L16_beta6.2411=0.4656 val_L16_beta6.4184=0.4885 val_L16_beta6.8771=0.4020 val_L16_beta8.3946=0.4851 val_L16_beta8.4548=0.5446 val_L16_beta8.7139=0.6203 val_L16_beta9.287=0.7215 val_L16_beta9.571=0.5196 val_L16_beta9.8499=0.5103 val_L16_beta10.2188=0.5659 val_L16_beta11.8501=0.6160 val_L16_beta11.8784=0.5365 val_L16_beta12.9259=0.5340 val_L16_beta14.4687=0.6256 val_L16_beta15.5366=0.4978 val_L16_beta17.502=0.4952 val_L16_beta17.7602=0.6920 val_L16_beta19.403=0.5577 val_L16_beta20.2412=0.6661 val_L16_beta21.8857=0.5544 val_L16_beta27.0442=0.5992 val_L16_beta27.3387=0.5771 val_L16_beta27.7875=0.5852 val_L16_beta30.5978=0.5875 val_L16_beta33.325=0.5742 val_L16_beta34.3422=0.5338 val_L16_beta38.5957=0.4539 val_L16_beta39.6475=0.4687 val_L16_beta47.0386=0.4946 val_L16_beta47.4228=0.6179 val_L16_beta54.11=0.4126 val_L16_beta56.1944=0.5662 val_L16_beta57.2189=0.4691 val_L32_beta2.1926=0.9136 val_L32_beta2.4697=1.2609 val_L32_beta2.8622=0.8524 val_L32_beta4.994=0.5800 val_L32_beta8.069=0.5739 val_L32_beta11.2015=0.6852 val_L32_beta12.3504=0.6576 val_L32_beta12.688=0.7505 val_L32_beta14.1441=0.6045 val_L32_beta18.0708=0.3837 val_L32_beta18.6487=0.4103 val_L32_beta52.6284=0.6128 val_L8_beta1.4347=0.5600 val_L8_beta1.4977=0.7244 val_L8_beta1.7872=0.6439 val_L8_beta1.9783=0.6470 val_L8_beta2.4006=0.6685 val_L8_beta2.4786=0.7230 val_total=50.4815
epoch   9  train=0.6553  val_L16_beta14.1464=0.5609 val_L16_beta25=0.5383 val_L16_beta40=0.5630 val_L16_beta55.0237=0.5504 val_L16_beta1.0119=0.7668 val_L16_beta1.0397=0.7998 val_L16_beta1.0743=0.6858 val_L16_beta1.2464=0.6890 val_L16_beta1.2749=0.6228 val_L16_beta1.7484=0.4962 val_L16_beta1.8367=0.8236 val_L16_beta1.8781=0.6742 val_L16_beta2.122=0.5479 val_L16_beta2.1285=0.7431 val_L16_beta2.1757=0.6425 val_L16_beta2.1862=0.5772 val_L16_beta2.2983=0.5643 val_L16_beta2.3046=0.7606 val_L16_beta2.3454=0.6497 val_L16_beta2.7647=0.7267 val_L16_beta3.1518=0.6672 val_L16_beta3.1669=0.7549 val_L16_beta3.2922=0.4752 val_L16_beta3.3842=0.6064 val_L16_beta3.4006=0.5771 val_L16_beta3.6231=0.7398 val_L16_beta3.7225=0.6924 val_L16_beta4.0764=0.6634 val_L16_beta4.7323=0.7026 val_L16_beta4.7632=0.5932 val_L16_beta5.586=0.6088 val_L16_beta6.2411=0.4911 val_L16_beta6.4184=0.5285 val_L16_beta6.8771=0.4180 val_L16_beta8.3946=0.5062 val_L16_beta8.4548=0.5502 val_L16_beta8.7139=0.6508 val_L16_beta9.287=0.6937 val_L16_beta9.571=0.4901 val_L16_beta9.8499=0.5474 val_L16_beta10.2188=0.5449 val_L16_beta11.8501=0.6120 val_L16_beta11.8784=0.5394 val_L16_beta12.9259=0.5260 val_L16_beta14.4687=0.6361 val_L16_beta15.5366=0.4958 val_L16_beta17.502=0.5149 val_L16_beta17.7602=0.7010 val_L16_beta19.403=0.5556 val_L16_beta20.2412=0.6564 val_L16_beta21.8857=0.5528 val_L16_beta27.0442=0.5928 val_L16_beta27.3387=0.6182 val_L16_beta27.7875=0.6241 val_L16_beta30.5978=0.5923 val_L16_beta33.325=0.5691 val_L16_beta34.3422=0.5169 val_L16_beta38.5957=0.4592 val_L16_beta39.6475=0.5055 val_L16_beta47.0386=0.5457 val_L16_beta47.4228=0.5816 val_L16_beta54.11=0.4323 val_L16_beta56.1944=0.5448 val_L16_beta57.2189=0.4796 val_L32_beta2.1926=1.0335 val_L32_beta2.4697=1.0209 val_L32_beta2.8622=0.9361 val_L32_beta4.994=0.5759 val_L32_beta8.069=0.5747 val_L32_beta11.2015=0.6963 val_L32_beta12.3504=0.6489 val_L32_beta12.688=0.7446 val_L32_beta14.1441=0.5770 val_L32_beta18.0708=0.3911 val_L32_beta18.6487=0.4123 val_L32_beta52.6284=0.6151 val_L8_beta1.4347=0.5200 val_L8_beta1.4977=0.7560 val_L8_beta1.7872=0.6343 val_L8_beta1.9783=0.6196 val_L8_beta2.4006=0.6239 val_L8_beta2.4786=0.6934 val_total=50.4099
epoch  10  train=0.6503  val_L16_beta14.1464=0.5565 val_L16_beta25=0.5337 val_L16_beta40=0.5444 val_L16_beta55.0237=0.5276 val_L16_beta1.0119=0.7609 val_L16_beta1.0397=0.8257 val_L16_beta1.0743=0.6829 val_L16_beta1.2464=0.6859 val_L16_beta1.2749=0.6497 val_L16_beta1.7484=0.5170 val_L16_beta1.8367=0.8021 val_L16_beta1.8781=0.6722 val_L16_beta2.122=0.5312 val_L16_beta2.1285=0.7255 val_L16_beta2.1757=0.6244 val_L16_beta2.1862=0.5828 val_L16_beta2.2983=0.5718 val_L16_beta2.3046=0.7839 val_L16_beta2.3454=0.6592 val_L16_beta2.7647=0.7315 val_L16_beta3.1518=0.6426 val_L16_beta3.1669=0.7431 val_L16_beta3.2922=0.4757 val_L16_beta3.3842=0.6165 val_L16_beta3.4006=0.5634 val_L16_beta3.6231=0.7322 val_L16_beta3.7225=0.6850 val_L16_beta4.0764=0.6613 val_L16_beta4.7323=0.7211 val_L16_beta4.7632=0.5362 val_L16_beta5.586=0.6033 val_L16_beta6.2411=0.4360 val_L16_beta6.4184=0.5245 val_L16_beta6.8771=0.4179 val_L16_beta8.3946=0.5029 val_L16_beta8.4548=0.5421 val_L16_beta8.7139=0.6421 val_L16_beta9.287=0.7009 val_L16_beta9.571=0.4732 val_L16_beta9.8499=0.5153 val_L16_beta10.2188=0.5456 val_L16_beta11.8501=0.5985 val_L16_beta11.8784=0.5333 val_L16_beta12.9259=0.5182 val_L16_beta14.4687=0.6313 val_L16_beta15.5366=0.4877 val_L16_beta17.502=0.5022 val_L16_beta17.7602=0.6904 val_L16_beta19.403=0.5474 val_L16_beta20.2412=0.6769 val_L16_beta21.8857=0.5191 val_L16_beta27.0442=0.6023 val_L16_beta27.3387=0.5824 val_L16_beta27.7875=0.5949 val_L16_beta30.5978=0.5633 val_L16_beta33.325=0.5488 val_L16_beta34.3422=0.5316 val_L16_beta38.5957=0.4426 val_L16_beta39.6475=0.4698 val_L16_beta47.0386=0.5036 val_L16_beta47.4228=0.5901 val_L16_beta54.11=0.4008 val_L16_beta56.1944=0.5539 val_L16_beta57.2189=0.4674 val_L32_beta2.1926=0.9064 val_L32_beta2.4697=0.8731 val_L32_beta2.8622=0.7500 val_L32_beta4.994=0.5590 val_L32_beta8.069=0.5309 val_L32_beta11.2015=0.6803 val_L32_beta12.3504=0.7451 val_L32_beta12.688=0.7463 val_L32_beta14.1441=0.6036 val_L32_beta18.0708=0.3670 val_L32_beta18.6487=0.3960 val_L32_beta52.6284=0.6481 val_L8_beta1.4347=0.5488 val_L8_beta1.4977=0.7823 val_L8_beta1.7872=0.6610 val_L8_beta1.9783=0.5826 val_L8_beta2.4006=0.7099 val_L8_beta2.4786=0.7466 val_total=49.6431
epoch  11  train=0.6493  val_L16_beta14.1464=0.5478 val_L16_beta25=0.5499 val_L16_beta40=0.5530 val_L16_beta55.0237=0.5538 val_L16_beta1.0119=0.7314 val_L16_beta1.0397=0.8065 val_L16_beta1.0743=0.6805 val_L16_beta1.2464=0.6935 val_L16_beta1.2749=0.6074 val_L16_beta1.7484=0.5397 val_L16_beta1.8367=0.8208 val_L16_beta1.8781=0.6544 val_L16_beta2.122=0.5835 val_L16_beta2.1285=0.7473 val_L16_beta2.1757=0.6488 val_L16_beta2.1862=0.5549 val_L16_beta2.2983=0.5917 val_L16_beta2.3046=0.8195 val_L16_beta2.3454=0.6588 val_L16_beta2.7647=0.7352 val_L16_beta3.1518=0.6441 val_L16_beta3.1669=0.7172 val_L16_beta3.2922=0.4815 val_L16_beta3.3842=0.6241 val_L16_beta3.4006=0.5892 val_L16_beta3.6231=0.7465 val_L16_beta3.7225=0.7249 val_L16_beta4.0764=0.6551 val_L16_beta4.7323=0.6940 val_L16_beta4.7632=0.5738 val_L16_beta5.586=0.6141 val_L16_beta6.2411=0.4953 val_L16_beta6.4184=0.5311 val_L16_beta6.8771=0.3980 val_L16_beta8.3946=0.5229 val_L16_beta8.4548=0.5268 val_L16_beta8.7139=0.6233 val_L16_beta9.287=0.6980 val_L16_beta9.571=0.5063 val_L16_beta9.8499=0.5131 val_L16_beta10.2188=0.5735 val_L16_beta11.8501=0.6020 val_L16_beta11.8784=0.5165 val_L16_beta12.9259=0.5303 val_L16_beta14.4687=0.6268 val_L16_beta15.5366=0.5229 val_L16_beta17.502=0.5164 val_L16_beta17.7602=0.7263 val_L16_beta19.403=0.5935 val_L16_beta20.2412=0.6711 val_L16_beta21.8857=0.5446 val_L16_beta27.0442=0.6308 val_L16_beta27.3387=0.5795 val_L16_beta27.7875=0.6133 val_L16_beta30.5978=0.5811 val_L16_beta33.325=0.5583 val_L16_beta34.3422=0.5074 val_L16_beta38.5957=0.4359 val_L16_beta39.6475=0.4804 val_L16_beta47.0386=0.4844 val_L16_beta47.4228=0.5985 val_L16_beta54.11=0.4277 val_L16_beta56.1944=0.5798 val_L16_beta57.2189=0.4537 val_L32_beta2.1926=0.9001 val_L32_beta2.4697=1.5105 val_L32_beta2.8622=1.0829 val_L32_beta4.994=0.5735 val_L32_beta8.069=0.5569 val_L32_beta11.2015=0.6874 val_L32_beta12.3504=0.9676 val_L32_beta12.688=0.8073 val_L32_beta14.1441=0.6424 val_L32_beta18.0708=0.3672 val_L32_beta18.6487=0.3895 val_L32_beta52.6284=0.6003 val_L8_beta1.4347=0.6021 val_L8_beta1.4977=0.7508 val_L8_beta1.7872=0.6359 val_L8_beta1.9783=0.6237 val_L8_beta2.4006=0.6585 val_L8_beta2.4786=0.7691 val_total=51.4378
epoch  12  train=0.6471  val_L16_beta14.1464=0.5585 val_L16_beta25=0.5326 val_L16_beta40=0.5508 val_L16_beta55.0237=0.5289 val_L16_beta1.0119=0.7669 val_L16_beta1.0397=0.8125 val_L16_beta1.0743=0.7054 val_L16_beta1.2464=0.7178 val_L16_beta1.2749=0.6266 val_L16_beta1.7484=0.5078 val_L16_beta1.8367=0.8477 val_L16_beta1.8781=0.6498 val_L16_beta2.122=0.5621 val_L16_beta2.1285=0.7314 val_L16_beta2.1757=0.6113 val_L16_beta2.1862=0.5945 val_L16_beta2.2983=0.5896 val_L16_beta2.3046=0.7707 val_L16_beta2.3454=0.6676 val_L16_beta2.7647=0.7390 val_L16_beta3.1518=0.6790 val_L16_beta3.1669=0.7343 val_L16_beta3.2922=0.4655 val_L16_beta3.3842=0.6045 val_L16_beta3.4006=0.5819 val_L16_beta3.6231=0.7267 val_L16_beta3.7225=0.6927 val_L16_beta4.0764=0.6893 val_L16_beta4.7323=0.7035 val_L16_beta4.7632=0.5507 val_L16_beta5.586=0.6031 val_L16_beta6.2411=0.4658 val_L16_beta6.4184=0.5115 val_L16_beta6.8771=0.4189 val_L16_beta8.3946=0.5205 val_L16_beta8.4548=0.5154 val_L16_beta8.7139=0.6250 val_L16_beta9.287=0.6946 val_L16_beta9.571=0.5036 val_L16_beta9.8499=0.5257 val_L16_beta10.2188=0.5525 val_L16_beta11.8501=0.6131 val_L16_beta11.8784=0.5203 val_L16_beta12.9259=0.5229 val_L16_beta14.4687=0.6324 val_L16_beta15.5366=0.4877 val_L16_beta17.502=0.5015 val_L16_beta17.7602=0.6792 val_L16_beta19.403=0.5775 val_L16_beta20.2412=0.6904 val_L16_beta21.8857=0.5351 val_L16_beta27.0442=0.5946 val_L16_beta27.3387=0.6045 val_L16_beta27.7875=0.5980 val_L16_beta30.5978=0.6066 val_L16_beta33.325=0.5414 val_L16_beta34.3422=0.5390 val_L16_beta38.5957=0.4331 val_L16_beta39.6475=0.4781 val_L16_beta47.0386=0.4955 val_L16_beta47.4228=0.5805 val_L16_beta54.11=0.4522 val_L16_beta56.1944=0.5634 val_L16_beta57.2189=0.4821 val_L32_beta2.1926=0.9152 val_L32_beta2.4697=1.0373 val_L32_beta2.8622=0.8456 val_L32_beta4.994=0.5622 val_L32_beta8.069=0.5667 val_L32_beta11.2015=0.6835 val_L32_beta12.3504=0.6450 val_L32_beta12.688=0.7428 val_L32_beta14.1441=0.5810 val_L32_beta18.0708=0.4018 val_L32_beta18.6487=0.4060 val_L32_beta52.6284=0.5868 val_L8_beta1.4347=0.5721 val_L8_beta1.4977=0.7939 val_L8_beta1.7872=0.7075 val_L8_beta1.9783=0.6418 val_L8_beta2.4006=0.6211 val_L8_beta2.4786=0.7000 val_total=50.1757
epoch  13  train=0.6425  val_L16_beta14.1464=0.5453 val_L16_beta25=0.5351 val_L16_beta40=0.5465 val_L16_beta55.0237=0.5385 val_L16_beta1.0119=0.7236 val_L16_beta1.0397=0.8146 val_L16_beta1.0743=0.6936 val_L16_beta1.2464=0.7162 val_L16_beta1.2749=0.6721 val_L16_beta1.7484=0.4923 val_L16_beta1.8367=0.8017 val_L16_beta1.8781=0.6612 val_L16_beta2.122=0.5753 val_L16_beta2.1285=0.7286 val_L16_beta2.1757=0.6034 val_L16_beta2.1862=0.5656 val_L16_beta2.2983=0.5753 val_L16_beta2.3046=0.7306 val_L16_beta2.3454=0.6294 val_L16_beta2.7647=0.7263 val_L16_beta3.1518=0.6634 val_L16_beta3.1669=0.7503 val_L16_beta3.2922=0.4665 val_L16_beta3.3842=0.6640 val_L16_beta3.4006=0.5738 val_L16_beta3.6231=0.7459 val_L16_beta3.7225=0.7113 val_L16_beta4.0764=0.6405 val_L16_beta4.7323=0.6893 val_L16_beta4.7632=0.5651 val_L16_beta5.586=0.6091 val_L16_beta6.2411=0.4705 val_L16_beta6.4184=0.4782 val_L16_beta6.8771=0.3982 val_L16_beta8.3946=0.4762 val_L16_beta8.4548=0.5420 val_L16_beta8.7139=0.6512 val_L16_beta9.287=0.6770 val_L16_beta9.571=0.4971 val_L16_beta9.8499=0.5025 val_L16_beta10.2188=0.5700 val_L16_beta11.8501=0.5871 val_L16_beta11.8784=0.5262 val_L16_beta12.9259=0.5178 val_L16_beta14.4687=0.6258 val_L16_beta15.5366=0.4739 val_L16_beta17.502=0.5124 val_L16_beta17.7602=0.6862 val_L16_beta19.403=0.5632 val_L16_beta20.2412=0.6758 val_L16_beta21.8857=0.5342 val_L16_beta27.0442=0.6217 val_L16_beta27.3387=0.6496 val_L16_beta27.7875=0.5911 val_L16_beta30.5978=0.5972 val_L16_beta33.325=0.5780 val_L16_beta34.3422=0.5082 val_L16_beta38.5957=0.4291 val_L16_beta39.6475=0.4897 val_L16_beta47.0386=0.4760 val_L16_beta47.4228=0.5630 val_L16_beta54.11=0.4200 val_L16_beta56.1944=0.5796 val_L16_beta57.2189=0.4941 val_L32_beta2.1926=0.9155 val_L32_beta2.4697=0.8870 val_L32_beta2.8622=0.8884 val_L32_beta4.994=0.5651 val_L32_beta8.069=0.5719 val_L32_beta11.2015=0.6722 val_L32_beta12.3504=0.6926 val_L32_beta12.688=0.7205 val_L32_beta14.1441=0.5769 val_L32_beta18.0708=0.3681 val_L32_beta18.6487=0.3887 val_L32_beta52.6284=0.7087 val_L8_beta1.4347=0.5519 val_L8_beta1.4977=0.8023 val_L8_beta1.7872=0.6747 val_L8_beta1.9783=0.6734 val_L8_beta2.4006=0.6211 val_L8_beta2.4786=0.7393 val_total=49.9353
epoch  14  train=0.6407  val_L16_beta14.1464=0.5395 val_L16_beta25=0.5311 val_L16_beta40=0.5407 val_L16_beta55.0237=0.5261 val_L16_beta1.0119=0.7976 val_L16_beta1.0397=0.8194 val_L16_beta1.0743=0.6868 val_L16_beta1.2464=0.7585 val_L16_beta1.2749=0.5981 val_L16_beta1.7484=0.5209 val_L16_beta1.8367=0.7780 val_L16_beta1.8781=0.6630 val_L16_beta2.122=0.5318 val_L16_beta2.1285=0.7291 val_L16_beta2.1757=0.6424 val_L16_beta2.1862=0.5793 val_L16_beta2.2983=0.5834 val_L16_beta2.3046=0.7733 val_L16_beta2.3454=0.6426 val_L16_beta2.7647=0.7146 val_L16_beta3.1518=0.6773 val_L16_beta3.1669=0.7348 val_L16_beta3.2922=0.4886 val_L16_beta3.3842=0.6147 val_L16_beta3.4006=0.5678 val_L16_beta3.6231=0.7266 val_L16_beta3.7225=0.7245 val_L16_beta4.0764=0.6708 val_L16_beta4.7323=0.6839 val_L16_beta4.7632=0.5532 val_L16_beta5.586=0.6312 val_L16_beta6.2411=0.4531 val_L16_beta6.4184=0.5079 val_L16_beta6.8771=0.4230 val_L16_beta8.3946=0.5202 val_L16_beta8.4548=0.5304 val_L16_beta8.7139=0.6129 val_L16_beta9.287=0.7047 val_L16_beta9.571=0.4860 val_L16_beta9.8499=0.4878 val_L16_beta10.2188=0.5591 val_L16_beta11.8501=0.6222 val_L16_beta11.8784=0.5301 val_L16_beta12.9259=0.5196 val_L16_beta14.4687=0.6352 val_L16_beta15.5366=0.4843 val_L16_beta17.502=0.5100 val_L16_beta17.7602=0.6893 val_L16_beta19.403=0.5249 val_L16_beta20.2412=0.6678 val_L16_beta21.8857=0.5309 val_L16_beta27.0442=0.6060 val_L16_beta27.3387=0.5686 val_L16_beta27.7875=0.5971 val_L16_beta30.5978=0.5903 val_L16_beta33.325=0.5378 val_L16_beta34.3422=0.5138 val_L16_beta38.5957=0.4251 val_L16_beta39.6475=0.4608 val_L16_beta47.0386=0.4821 val_L16_beta47.4228=0.5664 val_L16_beta54.11=0.3810 val_L16_beta56.1944=0.5270 val_L16_beta57.2189=0.4579 val_L32_beta2.1926=0.8645 val_L32_beta2.4697=0.9440 val_L32_beta2.8622=0.7938 val_L32_beta4.994=0.5991 val_L32_beta8.069=0.5469 val_L32_beta11.2015=0.6812 val_L32_beta12.3504=0.6891 val_L32_beta12.688=0.7383 val_L32_beta14.1441=0.5819 val_L32_beta18.0708=0.3683 val_L32_beta18.6487=0.3922 val_L32_beta52.6284=0.5587 val_L8_beta1.4347=0.5367 val_L8_beta1.4977=0.8061 val_L8_beta1.7872=0.6582 val_L8_beta1.9783=0.6217 val_L8_beta2.4006=0.6162 val_L8_beta2.4786=0.7601 val_total=49.4998
epoch  15  train=0.6423  val_L16_beta14.1464=0.5531 val_L16_beta25=0.5463 val_L16_beta40=0.5479 val_L16_beta55.0237=0.5383 val_L16_beta1.0119=0.7550 val_L16_beta1.0397=0.8196 val_L16_beta1.0743=0.6762 val_L16_beta1.2464=0.7377 val_L16_beta1.2749=0.6542 val_L16_beta1.7484=0.4757 val_L16_beta1.8367=0.8046 val_L16_beta1.8781=0.6412 val_L16_beta2.122=0.5330 val_L16_beta2.1285=0.7573 val_L16_beta2.1757=0.6135 val_L16_beta2.1862=0.5621 val_L16_beta2.2983=0.5581 val_L16_beta2.3046=0.8558 val_L16_beta2.3454=0.6432 val_L16_beta2.7647=0.7160 val_L16_beta3.1518=0.6642 val_L16_beta3.1669=0.7103 val_L16_beta3.2922=0.4694 val_L16_beta3.3842=0.6288 val_L16_beta3.4006=0.5646 val_L16_beta3.6231=0.7355 val_L16_beta3.7225=0.6917 val_L16_beta4.0764=0.6891 val_L16_beta4.7323=0.7129 val_L16_beta4.7632=0.5652 val_L16_beta5.586=0.6281 val_L16_beta6.2411=0.4575 val_L16_beta6.4184=0.5012 val_L16_beta6.8771=0.3848 val_L16_beta8.3946=0.4961 val_L16_beta8.4548=0.5328 val_L16_beta8.7139=0.6390 val_L16_beta9.287=0.6956 val_L16_beta9.571=0.4966 val_L16_beta9.8499=0.5312 val_L16_beta10.2188=0.5392 val_L16_beta11.8501=0.6170 val_L16_beta11.8784=0.5135 val_L16_beta12.9259=0.5291 val_L16_beta14.4687=0.6427 val_L16_beta15.5366=0.4951 val_L16_beta17.502=0.5153 val_L16_beta17.7602=0.7048 val_L16_beta19.403=0.5919 val_L16_beta20.2412=0.6919 val_L16_beta21.8857=0.5272 val_L16_beta27.0442=0.6251 val_L16_beta27.3387=0.5811 val_L16_beta27.7875=0.6006 val_L16_beta30.5978=0.5806 val_L16_beta33.325=0.5394 val_L16_beta34.3422=0.5087 val_L16_beta38.5957=0.4375 val_L16_beta39.6475=0.4738 val_L16_beta47.0386=0.4910 val_L16_beta47.4228=0.5773 val_L16_beta54.11=0.4331 val_L16_beta56.1944=0.5407 val_L16_beta57.2189=0.4607 val_L32_beta2.1926=0.8949 val_L32_beta2.4697=0.9536 val_L32_beta2.8622=0.7811 val_L32_beta4.994=0.5867 val_L32_beta8.069=0.6308 val_L32_beta11.2015=0.7452 val_L32_beta12.3504=0.6980 val_L32_beta12.688=0.7797 val_L32_beta14.1441=0.7062 val_L32_beta18.0708=0.4224 val_L32_beta18.6487=0.4729 val_L32_beta52.6284=0.6972 val_L8_beta1.4347=0.6213 val_L8_beta1.4977=0.7689 val_L8_beta1.7872=0.7006 val_L8_beta1.9783=0.6104 val_L8_beta2.4006=0.6261 val_L8_beta2.4786=0.7307 val_total=50.4274
epoch  16  train=0.6400  val_L16_beta14.1464=0.5489 val_L16_beta25=0.5393 val_L16_beta40=0.5646 val_L16_beta55.0237=0.5648 val_L16_beta1.0119=0.7566 val_L16_beta1.0397=0.8100 val_L16_beta1.0743=0.6978 val_L16_beta1.2464=0.6860 val_L16_beta1.2749=0.6675 val_L16_beta1.7484=0.5372 val_L16_beta1.8367=0.8120 val_L16_beta1.8781=0.6957 val_L16_beta2.122=0.5569 val_L16_beta2.1285=0.7502 val_L16_beta2.1757=0.6456 val_L16_beta2.1862=0.5852 val_L16_beta2.2983=0.6137 val_L16_beta2.3046=0.7913 val_L16_beta2.3454=0.6430 val_L16_beta2.7647=0.7283 val_L16_beta3.1518=0.6581 val_L16_beta3.1669=0.7442 val_L16_beta3.2922=0.4694 val_L16_beta3.3842=0.6258 val_L16_beta3.4006=0.6066 val_L16_beta3.6231=0.7037 val_L16_beta3.7225=0.7221 val_L16_beta4.0764=0.6729 val_L16_beta4.7323=0.7103 val_L16_beta4.7632=0.5688 val_L16_beta5.586=0.6172 val_L16_beta6.2411=0.4841 val_L16_beta6.4184=0.4985 val_L16_beta6.8771=0.4066 val_L16_beta8.3946=0.5152 val_L16_beta8.4548=0.5213 val_L16_beta8.7139=0.6326 val_L16_beta9.287=0.6859 val_L16_beta9.571=0.4790 val_L16_beta9.8499=0.5213 val_L16_beta10.2188=0.5509 val_L16_beta11.8501=0.6118 val_L16_beta11.8784=0.5506 val_L16_beta12.9259=0.5085 val_L16_beta14.4687=0.6328 val_L16_beta15.5366=0.4876 val_L16_beta17.502=0.5030 val_L16_beta17.7602=0.6766 val_L16_beta19.403=0.5512 val_L16_beta20.2412=0.6737 val_L16_beta21.8857=0.5423 val_L16_beta27.0442=0.6132 val_L16_beta27.3387=0.6226 val_L16_beta27.7875=0.5896 val_L16_beta30.5978=0.6090 val_L16_beta33.325=0.5464 val_L16_beta34.3422=0.5513 val_L16_beta38.5957=0.4359 val_L16_beta39.6475=0.4893 val_L16_beta47.0386=0.5024 val_L16_beta47.4228=0.5917 val_L16_beta54.11=0.4685 val_L16_beta56.1944=0.5746 val_L16_beta57.2189=0.5018 val_L32_beta2.1926=1.0020 val_L32_beta2.4697=1.0936 val_L32_beta2.8622=0.7056 val_L32_beta4.994=0.5860 val_L32_beta8.069=0.5614 val_L32_beta11.2015=0.6910 val_L32_beta12.3504=0.6321 val_L32_beta12.688=0.7218 val_L32_beta14.1441=0.5940 val_L32_beta18.0708=0.3897 val_L32_beta18.6487=0.4521 val_L32_beta52.6284=0.6857 val_L8_beta1.4347=0.5698 val_L8_beta1.4977=0.7678 val_L8_beta1.7872=0.6373 val_L8_beta1.9783=0.5915 val_L8_beta2.4006=0.6456 val_L8_beta2.4786=0.6908 val_total=50.4416
epoch  17  train=0.6469  val_L16_beta14.1464=0.5408 val_L16_beta25=0.5318 val_L16_beta40=0.5474 val_L16_beta55.0237=0.5339 val_L16_beta1.0119=0.7322 val_L16_beta1.0397=0.8080 val_L16_beta1.0743=0.7160 val_L16_beta1.2464=0.6638 val_L16_beta1.2749=0.6227 val_L16_beta1.7484=0.4951 val_L16_beta1.8367=0.8128 val_L16_beta1.8781=0.6547 val_L16_beta2.122=0.5804 val_L16_beta2.1285=0.7399 val_L16_beta2.1757=0.6026 val_L16_beta2.1862=0.5534 val_L16_beta2.2983=0.5686 val_L16_beta2.3046=0.7394 val_L16_beta2.3454=0.6614 val_L16_beta2.7647=0.7428 val_L16_beta3.1518=0.6639 val_L16_beta3.1669=0.7282 val_L16_beta3.2922=0.4476 val_L16_beta3.3842=0.6402 val_L16_beta3.4006=0.5993 val_L16_beta3.6231=0.7372 val_L16_beta3.7225=0.6882 val_L16_beta4.0764=0.6543 val_L16_beta4.7323=0.7082 val_L16_beta4.7632=0.5756 val_L16_beta5.586=0.6314 val_L16_beta6.2411=0.4610 val_L16_beta6.4184=0.4976 val_L16_beta6.8771=0.3969 val_L16_beta8.3946=0.4945 val_L16_beta8.4548=0.5201 val_L16_beta8.7139=0.6284 val_L16_beta9.287=0.6676 val_L16_beta9.571=0.5015 val_L16_beta9.8499=0.5108 val_L16_beta10.2188=0.5602 val_L16_beta11.8501=0.6318 val_L16_beta11.8784=0.5152 val_L16_beta12.9259=0.5257 val_L16_beta14.4687=0.6379 val_L16_beta15.5366=0.5152 val_L16_beta17.502=0.5025 val_L16_beta17.7602=0.7108 val_L16_beta19.403=0.5573 val_L16_beta20.2412=0.6992 val_L16_beta21.8857=0.5387 val_L16_beta27.0442=0.6130 val_L16_beta27.3387=0.5799 val_L16_beta27.7875=0.6038 val_L16_beta30.5978=0.6186 val_L16_beta33.325=0.5421 val_L16_beta34.3422=0.4998 val_L16_beta38.5957=0.4337 val_L16_beta39.6475=0.4717 val_L16_beta47.0386=0.4654 val_L16_beta47.4228=0.5859 val_L16_beta54.11=0.4276 val_L16_beta56.1944=0.5481 val_L16_beta57.2189=0.4657 val_L32_beta2.1926=0.8870 val_L32_beta2.4697=0.7987 val_L32_beta2.8622=0.7854 val_L32_beta4.994=0.6044 val_L32_beta8.069=0.5565 val_L32_beta11.2015=0.7081 val_L32_beta12.3504=0.6725 val_L32_beta12.688=0.7200 val_L32_beta14.1441=0.6260 val_L32_beta18.0708=0.4365 val_L32_beta18.6487=0.4348 val_L32_beta52.6284=0.6134 val_L8_beta1.4347=0.5398 val_L8_beta1.4977=0.7716 val_L8_beta1.7872=0.6059 val_L8_beta1.9783=0.5952 val_L8_beta2.4006=0.6332 val_L8_beta2.4786=0.7359 val_total=49.5752
epoch  18  train=0.6473  val_L16_beta14.1464=0.5473 val_L16_beta25=0.5385 val_L16_beta40=0.5388 val_L16_beta55.0237=0.5499 val_L16_beta1.0119=0.7418 val_L16_beta1.0397=0.7695 val_L16_beta1.0743=0.6882 val_L16_beta1.2464=0.6822 val_L16_beta1.2749=0.6479 val_L16_beta1.7484=0.4830 val_L16_beta1.8367=0.8118 val_L16_beta1.8781=0.6662 val_L16_beta2.122=0.5161 val_L16_beta2.1285=0.7370 val_L16_beta2.1757=0.5921 val_L16_beta2.1862=0.5632 val_L16_beta2.2983=0.5879 val_L16_beta2.3046=0.7194 val_L16_beta2.3454=0.6504 val_L16_beta2.7647=0.7519 val_L16_beta3.1518=0.6503 val_L16_beta3.1669=0.7137 val_L16_beta3.2922=0.4817 val_L16_beta3.3842=0.6150 val_L16_beta3.4006=0.5550 val_L16_beta3.6231=0.7356 val_L16_beta3.7225=0.7195 val_L16_beta4.0764=0.6763 val_L16_beta4.7323=0.6896 val_L16_beta4.7632=0.5450 val_L16_beta5.586=0.6188 val_L16_beta6.2411=0.4778 val_L16_beta6.4184=0.4944 val_L16_beta6.8771=0.3838 val_L16_beta8.3946=0.4914 val_L16_beta8.4548=0.5260 val_L16_beta8.7139=0.5833 val_L16_beta9.287=0.6957 val_L16_beta9.571=0.4928 val_L16_beta9.8499=0.5191 val_L16_beta10.2188=0.5539 val_L16_beta11.8501=0.5950 val_L16_beta11.8784=0.5422 val_L16_beta12.9259=0.5057 val_L16_beta14.4687=0.6448 val_L16_beta15.5366=0.4876 val_L16_beta17.502=0.5174 val_L16_beta17.7602=0.6748 val_L16_beta19.403=0.5408 val_L16_beta20.2412=0.6747 val_L16_beta21.8857=0.5374 val_L16_beta27.0442=0.6010 val_L16_beta27.3387=0.5731 val_L16_beta27.7875=0.6017 val_L16_beta30.5978=0.5893 val_L16_beta33.325=0.5476 val_L16_beta34.3422=0.5458 val_L16_beta38.5957=0.4448 val_L16_beta39.6475=0.4663 val_L16_beta47.0386=0.4857 val_L16_beta47.4228=0.5767 val_L16_beta54.11=0.3830 val_L16_beta56.1944=0.5695 val_L16_beta57.2189=0.4653 val_L32_beta2.1926=0.8172 val_L32_beta2.4697=0.7540 val_L32_beta2.8622=0.7105 val_L32_beta4.994=0.5433 val_L32_beta8.069=0.5449 val_L32_beta11.2015=0.6784 val_L32_beta12.3504=0.6435 val_L32_beta12.688=0.7230 val_L32_beta14.1441=0.5840 val_L32_beta18.0708=0.3637 val_L32_beta18.6487=0.3993 val_L32_beta52.6284=0.5480 val_L8_beta1.4347=0.5318 val_L8_beta1.4977=0.7541 val_L8_beta1.7872=0.6161 val_L8_beta1.9783=0.6084 val_L8_beta2.4006=0.6610 val_L8_beta2.4786=0.6893 val_total=48.7427
epoch  19  train=0.6386  val_L16_beta14.1464=0.5555 val_L16_beta25=0.5389 val_L16_beta40=0.5879 val_L16_beta55.0237=0.5881 val_L16_beta1.0119=0.7479 val_L16_beta1.0397=0.7695 val_L16_beta1.0743=0.6550 val_L16_beta1.2464=0.6915 val_L16_beta1.2749=0.6214 val_L16_beta1.7484=0.5209 val_L16_beta1.8367=0.8152 val_L16_beta1.8781=0.6204 val_L16_beta2.122=0.5348 val_L16_beta2.1285=0.7412 val_L16_beta2.1757=0.6293 val_L16_beta2.1862=0.5631 val_L16_beta2.2983=0.5741 val_L16_beta2.3046=0.7485 val_L16_beta2.3454=0.6419 val_L16_beta2.7647=0.7587 val_L16_beta3.1518=0.6687 val_L16_beta3.1669=0.7601 val_L16_beta3.2922=0.4729 val_L16_beta3.3842=0.6260 val_L16_beta3.4006=0.5876 val_L16_beta3.6231=0.7234 val_L16_beta3.7225=0.6972 val_L16_beta4.0764=0.6637 val_L16_beta4.7323=0.6891 val_L16_beta4.7632=0.5466 val_L16_beta5.586=0.6069 val_L16_beta6.2411=0.4531 val_L16_beta6.4184=0.5191 val_L16_beta6.8771=0.3989 val_L16_beta8.3946=0.5027 val_L16_beta8.4548=0.5274 val_L16_beta8.7139=0.6341 val_L16_beta9.287=0.6945 val_L16_beta9.571=0.5142 val_L16_beta9.8499=0.5348 val_L16_beta10.2188=0.5499 val_L16_beta11.8501=0.6217 val_L16_beta11.8784=0.5249 val_L16_beta12.9259=0.5090 val_L16_beta14.4687=0.6398 val_L16_beta15.5366=0.4903 val_L16_beta17.502=0.5125 val_L16_beta17.7602=0.6975 val_L16_beta19.403=0.5634 val_L16_beta20.2412=0.6747 val_L16_beta21.8857=0.5542 val_L16_beta27.0442=0.6014 val_L16_beta27.3387=0.6106 val_L16_beta27.7875=0.6076 val_L16_beta30.5978=0.6017 val_L16_beta33.325=0.6031 val_L16_beta34.3422=0.5727 val_L16_beta38.5957=0.4806 val_L16_beta39.6475=0.5591 val_L16_beta47.0386=0.5620 val_L16_beta47.4228=0.5856 val_L16_beta54.11=0.4890 val_L16_beta56.1944=0.6612 val_L16_beta57.2189=0.5931 val_L32_beta2.1926=0.9297 val_L32_beta2.4697=0.9155 val_L32_beta2.8622=0.8685 val_L32_beta4.994=0.5430 val_L32_beta8.069=0.6188 val_L32_beta11.2015=0.6886 val_L32_beta12.3504=0.8159 val_L32_beta12.688=0.7589 val_L32_beta14.1441=0.6094 val_L32_beta18.0708=0.3970 val_L32_beta18.6487=0.4195 val_L32_beta52.6284=0.7748 val_L8_beta1.4347=0.5577 val_L8_beta1.4977=0.8021 val_L8_beta1.7872=0.6505 val_L8_beta1.9783=0.5852 val_L8_beta2.4006=0.6979 val_L8_beta2.4786=0.7095 val_total=50.9327
epoch  20  train=0.6426  val_L16_beta14.1464=0.5440 val_L16_beta25=0.5414 val_L16_beta40=0.5419 val_L16_beta55.0237=0.5261 val_L16_beta1.0119=0.7735 val_L16_beta1.0397=0.7868 val_L16_beta1.0743=0.6867 val_L16_beta1.2464=0.6983 val_L16_beta1.2749=0.6274 val_L16_beta1.7484=0.4833 val_L16_beta1.8367=0.8056 val_L16_beta1.8781=0.6612 val_L16_beta2.122=0.5515 val_L16_beta2.1285=0.7421 val_L16_beta2.1757=0.5970 val_L16_beta2.1862=0.5745 val_L16_beta2.2983=0.5955 val_L16_beta2.3046=0.7710 val_L16_beta2.3454=0.6732 val_L16_beta2.7647=0.7256 val_L16_beta3.1518=0.6611 val_L16_beta3.1669=0.7512 val_L16_beta3.2922=0.4549 val_L16_beta3.3842=0.6186 val_L16_beta3.4006=0.5725 val_L16_beta3.6231=0.7453 val_L16_beta3.7225=0.7093 val_L16_beta4.0764=0.6613 val_L16_beta4.7323=0.7016 val_L16_beta4.7632=0.5574 val_L16_beta5.586=0.6192 val_L16_beta6.2411=0.4804 val_L16_beta6.4184=0.4954 val_L16_beta6.8771=0.4311 val_L16_beta8.3946=0.4783 val_L16_beta8.4548=0.5343 val_L16_beta8.7139=0.6477 val_L16_beta9.287=0.6996 val_L16_beta9.571=0.5215 val_L16_beta9.8499=0.5206 val_L16_beta10.2188=0.5413 val_L16_beta11.8501=0.6092 val_L16_beta11.8784=0.5394 val_L16_beta12.9259=0.5229 val_L16_beta14.4687=0.6361 val_L16_beta15.5366=0.5020 val_L16_beta17.502=0.4933 val_L16_beta17.7602=0.6837 val_L16_beta19.403=0.5711 val_L16_beta20.2412=0.6973 val_L16_beta21.8857=0.5527 val_L16_beta27.0442=0.6284 val_L16_beta27.3387=0.6169 val_L16_beta27.7875=0.5896 val_L16_beta30.5978=0.5978 val_L16_beta33.325=0.5229 val_L16_beta34.3422=0.5302 val_L16_beta38.5957=0.4444 val_L16_beta39.6475=0.4472 val_L16_beta47.0386=0.4913 val_L16_beta47.4228=0.5718 val_L16_beta54.11=0.3929 val_L16_beta56.1944=0.5689 val_L16_beta57.2189=0.4518 val_L32_beta2.1926=0.8225 val_L32_beta2.4697=0.9292 val_L32_beta2.8622=0.7985 val_L32_beta4.994=0.5675 val_L32_beta8.069=0.5609 val_L32_beta11.2015=0.7220 val_L32_beta12.3504=0.6935 val_L32_beta12.688=0.7244 val_L32_beta14.1441=0.6109 val_L32_beta18.0708=0.3976 val_L32_beta18.6487=0.4260 val_L32_beta52.6284=0.5551 val_L8_beta1.4347=0.4554 val_L8_beta1.4977=0.7900 val_L8_beta1.7872=0.6134 val_L8_beta1.9783=0.6263 val_L8_beta2.4006=0.6803 val_L8_beta2.4786=0.7343 val_total=49.6785
epoch  21  train=0.6408  val_L16_beta14.1464=0.5506 val_L16_beta25=0.5236 val_L16_beta40=0.5462 val_L16_beta55.0237=0.5288 val_L16_beta1.0119=0.7468 val_L16_beta1.0397=0.7485 val_L16_beta1.0743=0.7118 val_L16_beta1.2464=0.6872 val_L16_beta1.2749=0.6321 val_L16_beta1.7484=0.5039 val_L16_beta1.8367=0.8226 val_L16_beta1.8781=0.6620 val_L16_beta2.122=0.5318 val_L16_beta2.1285=0.7480 val_L16_beta2.1757=0.6051 val_L16_beta2.1862=0.5473 val_L16_beta2.2983=0.5678 val_L16_beta2.3046=0.7819 val_L16_beta2.3454=0.6207 val_L16_beta2.7647=0.7272 val_L16_beta3.1518=0.6723 val_L16_beta3.1669=0.7211 val_L16_beta3.2922=0.4784 val_L16_beta3.3842=0.6180 val_L16_beta3.4006=0.5877 val_L16_beta3.6231=0.7434 val_L16_beta3.7225=0.6879 val_L16_beta4.0764=0.6643 val_L16_beta4.7323=0.7030 val_L16_beta4.7632=0.5820 val_L16_beta5.586=0.6220 val_L16_beta6.2411=0.4598 val_L16_beta6.4184=0.4831 val_L16_beta6.8771=0.4115 val_L16_beta8.3946=0.5018 val_L16_beta8.4548=0.5407 val_L16_beta8.7139=0.6199 val_L16_beta9.287=0.7098 val_L16_beta9.571=0.4829 val_L16_beta9.8499=0.5274 val_L16_beta10.2188=0.5422 val_L16_beta11.8501=0.5883 val_L16_beta11.8784=0.5399 val_L16_beta12.9259=0.5115 val_L16_beta14.4687=0.6377 val_L16_beta15.5366=0.4527 val_L16_beta17.502=0.5111 val_L16_beta17.7602=0.6887 val_L16_beta19.403=0.5820 val_L16_beta20.2412=0.6913 val_L16_beta21.8857=0.5051 val_L16_beta27.0442=0.6095 val_L16_beta27.3387=0.5801 val_L16_beta27.7875=0.6010 val_L16_beta30.5978=0.5968 val_L16_beta33.325=0.5037 val_L16_beta34.3422=0.5132 val_L16_beta38.5957=0.4327 val_L16_beta39.6475=0.4711 val_L16_beta47.0386=0.5340 val_L16_beta47.4228=0.5991 val_L16_beta54.11=0.3872 val_L16_beta56.1944=0.5771 val_L16_beta57.2189=0.4612 val_L32_beta2.1926=0.8342 val_L32_beta2.4697=0.9655 val_L32_beta2.8622=0.7959 val_L32_beta4.994=0.5561 val_L32_beta8.069=0.5615 val_L32_beta11.2015=0.6804 val_L32_beta12.3504=0.7159 val_L32_beta12.688=0.7278 val_L32_beta14.1441=0.6225 val_L32_beta18.0708=0.3486 val_L32_beta18.6487=0.3999 val_L32_beta52.6284=0.5692 val_L8_beta1.4347=0.5527 val_L8_beta1.4977=0.7322 val_L8_beta1.7872=0.6662 val_L8_beta1.9783=0.6010 val_L8_beta2.4006=0.6511 val_L8_beta2.4786=0.7042 val_total=49.4128
epoch  22  train=0.6386  val_L16_beta14.1464=0.5463 val_L16_beta25=0.5418 val_L16_beta40=0.5629 val_L16_beta55.0237=0.5509 val_L16_beta1.0119=0.7499 val_L16_beta1.0397=0.7806 val_L16_beta1.0743=0.6793 val_L16_beta1.2464=0.7074 val_L16_beta1.2749=0.6577 val_L16_beta1.7484=0.5231 val_L16_beta1.8367=0.7789 val_L16_beta1.8781=0.6516 val_L16_beta2.122=0.5596 val_L16_beta2.1285=0.7153 val_L16_beta2.1757=0.6206 val_L16_beta2.1862=0.5961 val_L16_beta2.2983=0.5686 val_L16_beta2.3046=0.7825 val_L16_beta2.3454=0.6539 val_L16_beta2.7647=0.7209 val_L16_beta3.1518=0.6438 val_L16_beta3.1669=0.7228 val_L16_beta3.2922=0.4701 val_L16_beta3.3842=0.5971 val_L16_beta3.4006=0.5535 val_L16_beta3.6231=0.7286 val_L16_beta3.7225=0.6877 val_L16_beta4.0764=0.6496 val_L16_beta4.7323=0.6796 val_L16_beta4.7632=0.5423 val_L16_beta5.586=0.6020 val_L16_beta6.2411=0.4779 val_L16_beta6.4184=0.5039 val_L16_beta6.8771=0.3767 val_L16_beta8.3946=0.4791 val_L16_beta8.4548=0.5181 val_L16_beta8.7139=0.6319 val_L16_beta9.287=0.6724 val_L16_beta9.571=0.5002 val_L16_beta9.8499=0.5122 val_L16_beta10.2188=0.5392 val_L16_beta11.8501=0.6097 val_L16_beta11.8784=0.5464 val_L16_beta12.9259=0.5179 val_L16_beta14.4687=0.6422 val_L16_beta15.5366=0.4694 val_L16_beta17.502=0.5001 val_L16_beta17.7602=0.6942 val_L16_beta19.403=0.5676 val_L16_beta20.2412=0.6790 val_L16_beta21.8857=0.5492 val_L16_beta27.0442=0.6058 val_L16_beta27.3387=0.6161 val_L16_beta27.7875=0.5930 val_L16_beta30.5978=0.5964 val_L16_beta33.325=0.5562 val_L16_beta34.3422=0.5127 val_L16_beta38.5957=0.4553 val_L16_beta39.6475=0.4748 val_L16_beta47.0386=0.5097 val_L16_beta47.4228=0.5972 val_L16_beta54.11=0.4336 val_L16_beta56.1944=0.5694 val_L16_beta57.2189=0.4704 val_L32_beta2.1926=0.8390 val_L32_beta2.4697=0.9957 val_L32_beta2.8622=0.7468 val_L32_beta4.994=0.5421 val_L32_beta8.069=0.5355 val_L32_beta11.2015=0.6825 val_L32_beta12.3504=0.6318 val_L32_beta12.688=0.7011 val_L32_beta14.1441=0.5768 val_L32_beta18.0708=0.3627 val_L32_beta18.6487=0.3798 val_L32_beta52.6284=0.5673 val_L8_beta1.4347=0.5032 val_L8_beta1.4977=0.7232 val_L8_beta1.7872=0.6844 val_L8_beta1.9783=0.6171 val_L8_beta2.4006=0.6867 val_L8_beta2.4786=0.6816 val_total=49.2603
epoch  23  train=0.6398  val_L16_beta14.1464=0.5448 val_L16_beta25=0.5376 val_L16_beta40=0.5422 val_L16_beta55.0237=0.5231 val_L16_beta1.0119=0.7509 val_L16_beta1.0397=0.8121 val_L16_beta1.0743=0.6774 val_L16_beta1.2464=0.7271 val_L16_beta1.2749=0.6634 val_L16_beta1.7484=0.5053 val_L16_beta1.8367=0.8388 val_L16_beta1.8781=0.6652 val_L16_beta2.122=0.5602 val_L16_beta2.1285=0.7713 val_L16_beta2.1757=0.6096 val_L16_beta2.1862=0.5729 val_L16_beta2.2983=0.5820 val_L16_beta2.3046=0.7252 val_L16_beta2.3454=0.6336 val_L16_beta2.7647=0.7090 val_L16_beta3.1518=0.6402 val_L16_beta3.1669=0.7436 val_L16_beta3.2922=0.4703 val_L16_beta3.3842=0.6224 val_L16_beta3.4006=0.5767 val_L16_beta3.6231=0.7219 val_L16_beta3.7225=0.7093 val_L16_beta4.0764=0.6547 val_L16_beta4.7323=0.7068 val_L16_beta4.7632=0.5488 val_L16_beta5.586=0.6059 val_L16_beta6.2411=0.4564 val_L16_beta6.4184=0.4784 val_L16_beta6.8771=0.4124 val_L16_beta8.3946=0.4884 val_L16_beta8.4548=0.5317 val_L16_beta8.7139=0.6096 val_L16_beta9.287=0.6776 val_L16_beta9.571=0.4936 val_L16_beta9.8499=0.5206 val_L16_beta10.2188=0.5603 val_L16_beta11.8501=0.6172 val_L16_beta11.8784=0.5445 val_L16_beta12.9259=0.5122 val_L16_beta14.4687=0.6292 val_L16_beta15.5366=0.4672 val_L16_beta17.502=0.5102 val_L16_beta17.7602=0.7035 val_L16_beta19.403=0.5539 val_L16_beta20.2412=0.6845 val_L16_beta21.8857=0.5549 val_L16_beta27.0442=0.5943 val_L16_beta27.3387=0.5680 val_L16_beta27.7875=0.5992 val_L16_beta30.5978=0.5844 val_L16_beta33.325=0.5138 val_L16_beta34.3422=0.5279 val_L16_beta38.5957=0.4017 val_L16_beta39.6475=0.4772 val_L16_beta47.0386=0.4977 val_L16_beta47.4228=0.5794 val_L16_beta54.11=0.3867 val_L16_beta56.1944=0.5649 val_L16_beta57.2189=0.4369 val_L32_beta2.1926=0.8922 val_L32_beta2.4697=0.8332 val_L32_beta2.8622=0.8052 val_L32_beta4.994=0.5868 val_L32_beta8.069=0.5787 val_L32_beta11.2015=0.6914 val_L32_beta12.3504=0.7262 val_L32_beta12.688=0.7128 val_L32_beta14.1441=0.5901 val_L32_beta18.0708=0.3653 val_L32_beta18.6487=0.4088 val_L32_beta52.6284=0.5417 val_L8_beta1.4347=0.5269 val_L8_beta1.4977=0.7584 val_L8_beta1.7872=0.6465 val_L8_beta1.9783=0.5540 val_L8_beta2.4006=0.6498 val_L8_beta2.4786=0.7526 val_total=49.3113
epoch  24  train=0.6394  val_L16_beta14.1464=0.5466 val_L16_beta25=0.5427 val_L16_beta40=0.5482 val_L16_beta55.0237=0.5368 val_L16_beta1.0119=0.7616 val_L16_beta1.0397=0.7885 val_L16_beta1.0743=0.6646 val_L16_beta1.2464=0.6792 val_L16_beta1.2749=0.6114 val_L16_beta1.7484=0.5155 val_L16_beta1.8367=0.8423 val_L16_beta1.8781=0.6679 val_L16_beta2.122=0.5298 val_L16_beta2.1285=0.7284 val_L16_beta2.1757=0.6307 val_L16_beta2.1862=0.5806 val_L16_beta2.2983=0.5612 val_L16_beta2.3046=0.7682 val_L16_beta2.3454=0.6444 val_L16_beta2.7647=0.6940 val_L16_beta3.1518=0.6308 val_L16_beta3.1669=0.7296 val_L16_beta3.2922=0.4684 val_L16_beta3.3842=0.6033 val_L16_beta3.4006=0.5505 val_L16_beta3.6231=0.7220 val_L16_beta3.7225=0.6948 val_L16_beta4.0764=0.6482 val_L16_beta4.7323=0.6970 val_L16_beta4.7632=0.5461 val_L16_beta5.586=0.6051 val_L16_beta6.2411=0.4613 val_L16_beta6.4184=0.4770 val_L16_beta6.8771=0.4055 val_L16_beta8.3946=0.4839 val_L16_beta8.4548=0.5261 val_L16_beta8.7139=0.6354 val_L16_beta9.287=0.6694 val_L16_beta9.571=0.4937 val_L16_beta9.8499=0.4997 val_L16_beta10.2188=0.5343 val_L16_beta11.8501=0.6051 val_L16_beta11.8784=0.5329 val_L16_beta12.9259=0.5316 val_L16_beta14.4687=0.6573 val_L16_beta15.5366=0.5095 val_L16_beta17.502=0.5068 val_L16_beta17.7602=0.6928 val_L16_beta19.403=0.5670 val_L16_beta20.2412=0.6706 val_L16_beta21.8857=0.5516 val_L16_beta27.0442=0.6236 val_L16_beta27.3387=0.5769 val_L16_beta27.7875=0.5970 val_L16_beta30.5978=0.5953 val_L16_beta33.325=0.5293 val_L16_beta34.3422=0.5639 val_L16_beta38.5957=0.4406 val_L16_beta39.6475=0.4659 val_L16_beta47.0386=0.4802 val_L16_beta47.4228=0.5728 val_L16_beta54.11=0.3755 val_L16_beta56.1944=0.5798 val_L16_beta57.2189=0.4463 val_L32_beta2.1926=0.8367 val_L32_beta2.4697=0.9071 val_L32_beta2.8622=0.7407 val_L32_beta4.994=0.5589 val_L32_beta8.069=0.5417 val_L32_beta11.2015=0.6873 val_L32_beta12.3504=0.6701 val_L32_beta12.688=0.7443 val_L32_beta14.1441=0.5927 val_L32_beta18.0708=0.3614 val_L32_beta18.6487=0.4113 val_L32_beta52.6284=0.5614 val_L8_beta1.4347=0.5249 val_L8_beta1.4977=0.7368 val_L8_beta1.7872=0.6139 val_L8_beta1.9783=0.6074 val_L8_beta2.4006=0.7074 val_L8_beta2.4786=0.6999 val_total=49.1009
epoch  25  train=0.6367  val_L16_beta14.1464=0.5562 val_L16_beta25=0.5286 val_L16_beta40=0.5419 val_L16_beta55.0237=0.5187 val_L16_beta1.0119=0.7563 val_L16_beta1.0397=0.8133 val_L16_beta1.0743=0.6718 val_L16_beta1.2464=0.7120 val_L16_beta1.2749=0.6313 val_L16_beta1.7484=0.5067 val_L16_beta1.8367=0.8132 val_L16_beta1.8781=0.6411 val_L16_beta2.122=0.5222 val_L16_beta2.1285=0.7068 val_L16_beta2.1757=0.6377 val_L16_beta2.1862=0.5563 val_L16_beta2.2983=0.5727 val_L16_beta2.3046=0.7180 val_L16_beta2.3454=0.6496 val_L16_beta2.7647=0.7304 val_L16_beta3.1518=0.6302 val_L16_beta3.1669=0.7377 val_L16_beta3.2922=0.4608 val_L16_beta3.3842=0.6008 val_L16_beta3.4006=0.5818 val_L16_beta3.6231=0.7170 val_L16_beta3.7225=0.6852 val_L16_beta4.0764=0.6646 val_L16_beta4.7323=0.6884 val_L16_beta4.7632=0.5700 val_L16_beta5.586=0.6481 val_L16_beta6.2411=0.4594 val_L16_beta6.4184=0.4845 val_L16_beta6.8771=0.4008 val_L16_beta8.3946=0.5058 val_L16_beta8.4548=0.5119 val_L16_beta8.7139=0.6445 val_L16_beta9.287=0.7125 val_L16_beta9.571=0.4901 val_L16_beta9.8499=0.5158 val_L16_beta10.2188=0.5424 val_L16_beta11.8501=0.6251 val_L16_beta11.8784=0.5303 val_L16_beta12.9259=0.5285 val_L16_beta14.4687=0.6372 val_L16_beta15.5366=0.4871 val_L16_beta17.502=0.4983 val_L16_beta17.7602=0.6899 val_L16_beta19.403=0.5685 val_L16_beta20.2412=0.6704 val_L16_beta21.8857=0.5520 val_L16_beta27.0442=0.6118 val_L16_beta27.3387=0.6195 val_L16_beta27.7875=0.5856 val_L16_beta30.5978=0.5890 val_L16_beta33.325=0.4977 val_L16_beta34.3422=0.5023 val_L16_beta38.5957=0.4291 val_L16_beta39.6475=0.4777 val_L16_beta47.0386=0.4682 val_L16_beta47.4228=0.5626 val_L16_beta54.11=0.3865 val_L16_beta56.1944=0.5619 val_L16_beta57.2189=0.4513 val_L32_beta2.1926=0.9171 val_L32_beta2.4697=0.9924 val_L32_beta2.8622=0.8744 val_L32_beta4.994=0.5572 val_L32_beta8.069=0.5579 val_L32_beta11.2015=0.6725 val_L32_beta12.3504=0.6477 val_L32_beta12.688=0.7233 val_L32_beta14.1441=0.5860 val_L32_beta18.0708=0.3637 val_L32_beta18.6487=0.3858 val_L32_beta52.6284=0.5489 val_L8_beta1.4347=0.5570 val_L8_beta1.4977=0.7439 val_L8_beta1.7872=0.6484 val_L8_beta1.9783=0.6803 val_L8_beta2.4006=0.6619 val_L8_beta2.4786=0.7906 val_total=49.4767
epoch  26  train=0.6400  val_L16_beta14.1464=0.5481 val_L16_beta25=0.5280 val_L16_beta40=0.5515 val_L16_beta55.0237=0.5172 val_L16_beta1.0119=0.7733 val_L16_beta1.0397=0.8316 val_L16_beta1.0743=0.6693 val_L16_beta1.2464=0.7471 val_L16_beta1.2749=0.6172 val_L16_beta1.7484=0.5428 val_L16_beta1.8367=0.8468 val_L16_beta1.8781=0.6488 val_L16_beta2.122=0.5479 val_L16_beta2.1285=0.7289 val_L16_beta2.1757=0.6195 val_L16_beta2.1862=0.5543 val_L16_beta2.2983=0.6075 val_L16_beta2.3046=0.7502 val_L16_beta2.3454=0.6592 val_L16_beta2.7647=0.7192 val_L16_beta3.1518=0.6613 val_L16_beta3.1669=0.7045 val_L16_beta3.2922=0.4799 val_L16_beta3.3842=0.6419 val_L16_beta3.4006=0.5576 val_L16_beta3.6231=0.7646 val_L16_beta3.7225=0.7114 val_L16_beta4.0764=0.6767 val_L16_beta4.7323=0.7043 val_L16_beta4.7632=0.5453 val_L16_beta5.586=0.6307 val_L16_beta6.2411=0.4723 val_L16_beta6.4184=0.4865 val_L16_beta6.8771=0.3840 val_L16_beta8.3946=0.4712 val_L16_beta8.4548=0.5466 val_L16_beta8.7139=0.6542 val_L16_beta9.287=0.6984 val_L16_beta9.571=0.5031 val_L16_beta9.8499=0.5324 val_L16_beta10.2188=0.5517 val_L16_beta11.8501=0.6091 val_L16_beta11.8784=0.5443 val_L16_beta12.9259=0.5247 val_L16_beta14.4687=0.6208 val_L16_beta15.5366=0.4689 val_L16_beta17.502=0.5107 val_L16_beta17.7602=0.6944 val_L16_beta19.403=0.5869 val_L16_beta20.2412=0.6649 val_L16_beta21.8857=0.5380 val_L16_beta27.0442=0.6039 val_L16_beta27.3387=0.5819 val_L16_beta27.7875=0.6108 val_L16_beta30.5978=0.5611 val_L16_beta33.325=0.5285 val_L16_beta34.3422=0.5215 val_L16_beta38.5957=0.4432 val_L16_beta39.6475=0.4766 val_L16_beta47.0386=0.4628 val_L16_beta47.4228=0.5732 val_L16_beta54.11=0.3877 val_L16_beta56.1944=0.5425 val_L16_beta57.2189=0.4469 val_L32_beta2.1926=0.8383 val_L32_beta2.4697=0.9744 val_L32_beta2.8622=0.7909 val_L32_beta4.994=0.5640 val_L32_beta8.069=0.5358 val_L32_beta11.2015=0.6728 val_L32_beta12.3504=0.6526 val_L32_beta12.688=0.7303 val_L32_beta14.1441=0.5802 val_L32_beta18.0708=0.3523 val_L32_beta18.6487=0.3953 val_L32_beta52.6284=0.5793 val_L8_beta1.4347=0.5744 val_L8_beta1.4977=0.7406 val_L8_beta1.7872=0.6212 val_L8_beta1.9783=0.6629 val_L8_beta2.4006=0.6726 val_L8_beta2.4786=0.7897 val_total=49.6174
epoch  27  train=0.6382  val_L16_beta14.1464=0.5477 val_L16_beta25=0.5368 val_L16_beta40=0.5362 val_L16_beta55.0237=0.5224 val_L16_beta1.0119=0.7815 val_L16_beta1.0397=0.8096 val_L16_beta1.0743=0.6641 val_L16_beta1.2464=0.7329 val_L16_beta1.2749=0.6049 val_L16_beta1.7484=0.4881 val_L16_beta1.8367=0.7969 val_L16_beta1.8781=0.6529 val_L16_beta2.122=0.5611 val_L16_beta2.1285=0.7527 val_L16_beta2.1757=0.6085 val_L16_beta2.1862=0.5673 val_L16_beta2.2983=0.6023 val_L16_beta2.3046=0.7123 val_L16_beta2.3454=0.6477 val_L16_beta2.7647=0.7285 val_L16_beta3.1518=0.6610 val_L16_beta3.1669=0.7439 val_L16_beta3.2922=0.4710 val_L16_beta3.3842=0.6121 val_L16_beta3.4006=0.5735 val_L16_beta3.6231=0.7415 val_L16_beta3.7225=0.6788 val_L16_beta4.0764=0.6511 val_L16_beta4.7323=0.7106 val_L16_beta4.7632=0.5682 val_L16_beta5.586=0.6171 val_L16_beta6.2411=0.4591 val_L16_beta6.4184=0.4751 val_L16_beta6.8771=0.3877 val_L16_beta8.3946=0.4644 val_L16_beta8.4548=0.5345 val_L16_beta8.7139=0.6421 val_L16_beta9.287=0.6860 val_L16_beta9.571=0.4963 val_L16_beta9.8499=0.5236 val_L16_beta10.2188=0.5346 val_L16_beta11.8501=0.5973 val_L16_beta11.8784=0.5412 val_L16_beta12.9259=0.5227 val_L16_beta14.4687=0.6425 val_L16_beta15.5366=0.5053 val_L16_beta17.502=0.5038 val_L16_beta17.7602=0.6997 val_L16_beta19.403=0.5801 val_L16_beta20.2412=0.6726 val_L16_beta21.8857=0.5175 val_L16_beta27.0442=0.6205 val_L16_beta27.3387=0.5628 val_L16_beta27.7875=0.5690 val_L16_beta30.5978=0.5824 val_L16_beta33.325=0.5247 val_L16_beta34.3422=0.5318 val_L16_beta38.5957=0.4216 val_L16_beta39.6475=0.4392 val_L16_beta47.0386=0.4708 val_L16_beta47.4228=0.5661 val_L16_beta54.11=0.3910 val_L16_beta56.1944=0.5181 val_L16_beta57.2189=0.4301 val_L32_beta2.1926=0.8226 val_L32_beta2.4697=0.7777 val_L32_beta2.8622=0.6950 val_L32_beta4.994=0.5476 val_L32_beta8.069=0.5355 val_L32_beta11.2015=0.6930 val_L32_beta12.3504=0.7091 val_L32_beta12.688=0.7437 val_L32_beta14.1441=0.5916 val_L32_beta18.0708=0.3549 val_L32_beta18.6487=0.3966 val_L32_beta52.6284=0.5542 val_L8_beta1.4347=0.4868 val_L8_beta1.4977=0.7631 val_L8_beta1.7872=0.6406 val_L8_beta1.9783=0.6476 val_L8_beta2.4006=0.6563 val_L8_beta2.4786=0.7121 val_total=48.8253
epoch  28  train=0.6410  val_L16_beta14.1464=0.5439 val_L16_beta25=0.5405 val_L16_beta40=0.5570 val_L16_beta55.0237=0.5327 val_L16_beta1.0119=0.7311 val_L16_beta1.0397=0.7698 val_L16_beta1.0743=0.7043 val_L16_beta1.2464=0.7207 val_L16_beta1.2749=0.6407 val_L16_beta1.7484=0.4714 val_L16_beta1.8367=0.8306 val_L16_beta1.8781=0.6572 val_L16_beta2.122=0.5750 val_L16_beta2.1285=0.7312 val_L16_beta2.1757=0.6232 val_L16_beta2.1862=0.5739 val_L16_beta2.2983=0.5913 val_L16_beta2.3046=0.7513 val_L16_beta2.3454=0.6180 val_L16_beta2.7647=0.7155 val_L16_beta3.1518=0.6365 val_L16_beta3.1669=0.7402 val_L16_beta3.2922=0.4692 val_L16_beta3.3842=0.6034 val_L16_beta3.4006=0.5660 val_L16_beta3.6231=0.6966 val_L16_beta3.7225=0.7025 val_L16_beta4.0764=0.6905 val_L16_beta4.7323=0.7314 val_L16_beta4.7632=0.5412 val_L16_beta5.586=0.6011 val_L16_beta6.2411=0.4737 val_L16_beta6.4184=0.5032 val_L16_beta6.8771=0.4044 val_L16_beta8.3946=0.4963 val_L16_beta8.4548=0.5518 val_L16_beta8.7139=0.6166 val_L16_beta9.287=0.6815 val_L16_beta9.571=0.5016 val_L16_beta9.8499=0.5205 val_L16_beta10.2188=0.5516 val_L16_beta11.8501=0.6055 val_L16_beta11.8784=0.5372 val_L16_beta12.9259=0.5144 val_L16_beta14.4687=0.6315 val_L16_beta15.5366=0.5070 val_L16_beta17.502=0.5075 val_L16_beta17.7602=0.7116 val_L16_beta19.403=0.5651 val_L16_beta20.2412=0.6499 val_L16_beta21.8857=0.5563 val_L16_beta27.0442=0.5816 val_L16_beta27.3387=0.5883 val_L16_beta27.7875=0.5895 val_L16_beta30.5978=0.5532 val_L16_beta33.325=0.5360 val_L16_beta34.3422=0.5471 val_L16_beta38.5957=0.4555 val_L16_beta39.6475=0.5077 val_L16_beta47.0386=0.4878 val_L16_beta47.4228=0.5929 val_L16_beta54.11=0.4455 val_L16_beta56.1944=0.5976 val_L16_beta57.2189=0.5005 val_L32_beta2.1926=0.9281 val_L32_beta2.4697=0.9081 val_L32_beta2.8622=0.8377 val_L32_beta4.994=0.5886 val_L32_beta8.069=0.5682 val_L32_beta11.2015=0.6802 val_L32_beta12.3504=0.6716 val_L32_beta12.688=0.7408 val_L32_beta14.1441=0.6227 val_L32_beta18.0708=0.3893 val_L32_beta18.6487=0.4234 val_L32_beta52.6284=0.6551 val_L8_beta1.4347=0.5751 val_L8_beta1.4977=0.7945 val_L8_beta1.7872=0.6670 val_L8_beta1.9783=0.6309 val_L8_beta2.4006=0.6377 val_L8_beta2.4786=0.7219 val_total=49.9693
epoch  29  train=0.6327  val_L16_beta14.1464=0.5502 val_L16_beta25=0.5461 val_L16_beta40=0.5435 val_L16_beta55.0237=0.5196 val_L16_beta1.0119=0.7527 val_L16_beta1.0397=0.7778 val_L16_beta1.0743=0.6966 val_L16_beta1.2464=0.7109 val_L16_beta1.2749=0.6213 val_L16_beta1.7484=0.5091 val_L16_beta1.8367=0.8188 val_L16_beta1.8781=0.6509 val_L16_beta2.122=0.5728 val_L16_beta2.1285=0.7387 val_L16_beta2.1757=0.6052 val_L16_beta2.1862=0.5481 val_L16_beta2.2983=0.6013 val_L16_beta2.3046=0.7493 val_L16_beta2.3454=0.6316 val_L16_beta2.7647=0.7076 val_L16_beta3.1518=0.6386 val_L16_beta3.1669=0.7163 val_L16_beta3.2922=0.4655 val_L16_beta3.3842=0.6153 val_L16_beta3.4006=0.5477 val_L16_beta3.6231=0.7137 val_L16_beta3.7225=0.6927 val_L16_beta4.0764=0.6497 val_L16_beta4.7323=0.7170 val_L16_beta4.7632=0.5335 val_L16_beta5.586=0.6347 val_L16_beta6.2411=0.4586 val_L16_beta6.4184=0.4617 val_L16_beta6.8771=0.4099 val_L16_beta8.3946=0.4759 val_L16_beta8.4548=0.5461 val_L16_beta8.7139=0.6302 val_L16_beta9.287=0.7129 val_L16_beta9.571=0.4904 val_L16_beta9.8499=0.4941 val_L16_beta10.2188=0.5492 val_L16_beta11.8501=0.6202 val_L16_beta11.8784=0.5214 val_L16_beta12.9259=0.4995 val_L16_beta14.4687=0.6342 val_L16_beta15.5366=0.4883 val_L16_beta17.502=0.4966 val_L16_beta17.7602=0.6953 val_L16_beta19.403=0.5669 val_L16_beta20.2412=0.6764 val_L16_beta21.8857=0.5231 val_L16_beta27.0442=0.6086 val_L16_beta27.3387=0.5765 val_L16_beta27.7875=0.5868 val_L16_beta30.5978=0.5630 val_L16_beta33.325=0.5215 val_L16_beta34.3422=0.5324 val_L16_beta38.5957=0.4305 val_L16_beta39.6475=0.4602 val_L16_beta47.0386=0.4879 val_L16_beta47.4228=0.5723 val_L16_beta54.11=0.4137 val_L16_beta56.1944=0.5464 val_L16_beta57.2189=0.4577 val_L32_beta2.1926=0.8356 val_L32_beta2.4697=0.8350 val_L32_beta2.8622=0.8306 val_L32_beta4.994=0.5910 val_L32_beta8.069=0.5319 val_L32_beta11.2015=0.6781 val_L32_beta12.3504=0.7168 val_L32_beta12.688=0.7193 val_L32_beta14.1441=0.5876 val_L32_beta18.0708=0.3572 val_L32_beta18.6487=0.3939 val_L32_beta52.6284=0.5621 val_L8_beta1.4347=0.5145 val_L8_beta1.4977=0.7278 val_L8_beta1.7872=0.6338 val_L8_beta1.9783=0.6313 val_L8_beta2.4006=0.6126 val_L8_beta2.4786=0.7693 val_total=49.0132
epoch  30  train=0.6359  val_L16_beta14.1464=0.5459 val_L16_beta25=0.5292 val_L16_beta40=0.5471 val_L16_beta55.0237=0.5205 val_L16_beta1.0119=0.7358 val_L16_beta1.0397=0.7426 val_L16_beta1.0743=0.6597 val_L16_beta1.2464=0.7079 val_L16_beta1.2749=0.6065 val_L16_beta1.7484=0.5140 val_L16_beta1.8367=0.8172 val_L16_beta1.8781=0.6378 val_L16_beta2.122=0.5651 val_L16_beta2.1285=0.7607 val_L16_beta2.1757=0.6142 val_L16_beta2.1862=0.5784 val_L16_beta2.2983=0.5644 val_L16_beta2.3046=0.7800 val_L16_beta2.3454=0.6318 val_L16_beta2.7647=0.7021 val_L16_beta3.1518=0.6595 val_L16_beta3.1669=0.7634 val_L16_beta3.2922=0.4421 val_L16_beta3.3842=0.6179 val_L16_beta3.4006=0.5720 val_L16_beta3.6231=0.6959 val_L16_beta3.7225=0.6892 val_L16_beta4.0764=0.6490 val_L16_beta4.7323=0.7180 val_L16_beta4.7632=0.5650 val_L16_beta5.586=0.6214 val_L16_beta6.2411=0.4725 val_L16_beta6.4184=0.4887 val_L16_beta6.8771=0.3979 val_L16_beta8.3946=0.5118 val_L16_beta8.4548=0.5147 val_L16_beta8.7139=0.6333 val_L16_beta9.287=0.7069 val_L16_beta9.571=0.4965 val_L16_beta9.8499=0.5228 val_L16_beta10.2188=0.5242 val_L16_beta11.8501=0.6231 val_L16_beta11.8784=0.5471 val_L16_beta12.9259=0.5155 val_L16_beta14.4687=0.6179 val_L16_beta15.5366=0.4593 val_L16_beta17.502=0.4775 val_L16_beta17.7602=0.7348 val_L16_beta19.403=0.5553 val_L16_beta20.2412=0.6913 val_L16_beta21.8857=0.5344 val_L16_beta27.0442=0.6063 val_L16_beta27.3387=0.5722 val_L16_beta27.7875=0.6051 val_L16_beta30.5978=0.5770 val_L16_beta33.325=0.5287 val_L16_beta34.3422=0.5060 val_L16_beta38.5957=0.4240 val_L16_beta39.6475=0.4594 val_L16_beta47.0386=0.4945 val_L16_beta47.4228=0.5765 val_L16_beta54.11=0.3956 val_L16_beta56.1944=0.5304 val_L16_beta57.2189=0.4509 val_L32_beta2.1926=0.8730 val_L32_beta2.4697=0.8390 val_L32_beta2.8622=0.7396 val_L32_beta4.994=0.5565 val_L32_beta8.069=0.5974 val_L32_beta11.2015=0.6663 val_L32_beta12.3504=0.6652 val_L32_beta12.688=0.7136 val_L32_beta14.1441=0.6336 val_L32_beta18.0708=0.3518 val_L32_beta18.6487=0.3936 val_L32_beta52.6284=0.6134 val_L8_beta1.4347=0.5094 val_L8_beta1.4977=0.7480 val_L8_beta1.7872=0.6013 val_L8_beta1.9783=0.6148 val_L8_beta2.4006=0.6369 val_L8_beta2.4786=0.6235 val_total=48.8835
epoch  31  train=0.6387  val_L16_beta14.1464=0.5531 val_L16_beta25=0.5265 val_L16_beta40=0.5388 val_L16_beta55.0237=0.5165 val_L16_beta1.0119=0.7609 val_L16_beta1.0397=0.7799 val_L16_beta1.0743=0.7138 val_L16_beta1.2464=0.6851 val_L16_beta1.2749=0.6113 val_L16_beta1.7484=0.5092 val_L16_beta1.8367=0.7984 val_L16_beta1.8781=0.6473 val_L16_beta2.122=0.5578 val_L16_beta2.1285=0.7138 val_L16_beta2.1757=0.5967 val_L16_beta2.1862=0.5620 val_L16_beta2.2983=0.5716 val_L16_beta2.3046=0.7169 val_L16_beta2.3454=0.6353 val_L16_beta2.7647=0.7019 val_L16_beta3.1518=0.6376 val_L16_beta3.1669=0.7058 val_L16_beta3.2922=0.4638 val_L16_beta3.3842=0.6200 val_L16_beta3.4006=0.5917 val_L16_beta3.6231=0.7117 val_L16_beta3.7225=0.6986 val_L16_beta4.0764=0.6486 val_L16_beta4.7323=0.6797 val_L16_beta4.7632=0.5313 val_L16_beta5.586=0.5909 val_L16_beta6.2411=0.4707 val_L16_beta6.4184=0.4754 val_L16_beta6.8771=0.4001 val_L16_beta8.3946=0.4975 val_L16_beta8.4548=0.5373 val_L16_beta8.7139=0.6149 val_L16_beta9.287=0.7089 val_L16_beta9.571=0.5045 val_L16_beta9.8499=0.5399 val_L16_beta10.2188=0.5385 val_L16_beta11.8501=0.6028 val_L16_beta11.8784=0.5329 val_L16_beta12.9259=0.4970 val_L16_beta14.4687=0.6496 val_L16_beta15.5366=0.5109 val_L16_beta17.502=0.5156 val_L16_beta17.7602=0.7030 val_L16_beta19.403=0.5270 val_L16_beta20.2412=0.6980 val_L16_beta21.8857=0.5420 val_L16_beta27.0442=0.5865 val_L16_beta27.3387=0.5828 val_L16_beta27.7875=0.6194 val_L16_beta30.5978=0.5899 val_L16_beta33.325=0.5123 val_L16_beta34.3422=0.5281 val_L16_beta38.5957=0.4403 val_L16_beta39.6475=0.4717 val_L16_beta47.0386=0.4612 val_L16_beta47.4228=0.5909 val_L16_beta54.11=0.4235 val_L16_beta56.1944=0.5646 val_L16_beta57.2189=0.4527 val_L32_beta2.1926=0.9009 val_L32_beta2.4697=0.9151 val_L32_beta2.8622=0.7063 val_L32_beta4.994=0.5679 val_L32_beta8.069=0.5584 val_L32_beta11.2015=0.6747 val_L32_beta12.3504=0.6427 val_L32_beta12.688=0.7241 val_L32_beta14.1441=0.5697 val_L32_beta18.0708=0.3654 val_L32_beta18.6487=0.3809 val_L32_beta52.6284=0.5454 val_L8_beta1.4347=0.5183 val_L8_beta1.4977=0.7553 val_L8_beta1.7872=0.6591 val_L8_beta1.9783=0.5726 val_L8_beta2.4006=0.6972 val_L8_beta2.4786=0.7408 val_total=48.9615
epoch  32  train=0.6390  val_L16_beta14.1464=0.5359 val_L16_beta25=0.5258 val_L16_beta40=0.5453 val_L16_beta55.0237=0.5307 val_L16_beta1.0119=0.7660 val_L16_beta1.0397=0.7766 val_L16_beta1.0743=0.6481 val_L16_beta1.2464=0.6893 val_L16_beta1.2749=0.6205 val_L16_beta1.7484=0.4926 val_L16_beta1.8367=0.7886 val_L16_beta1.8781=0.6553 val_L16_beta2.122=0.5388 val_L16_beta2.1285=0.7294 val_L16_beta2.1757=0.5727 val_L16_beta2.1862=0.5857 val_L16_beta2.2983=0.5671 val_L16_beta2.3046=0.7616 val_L16_beta2.3454=0.6252 val_L16_beta2.7647=0.7050 val_L16_beta3.1518=0.6416 val_L16_beta3.1669=0.7082 val_L16_beta3.2922=0.4643 val_L16_beta3.3842=0.6131 val_L16_beta3.4006=0.5684 val_L16_beta3.6231=0.7013 val_L16_beta3.7225=0.6821 val_L16_beta4.0764=0.6496 val_L16_beta4.7323=0.6883 val_L16_beta4.7632=0.5467 val_L16_beta5.586=0.5975 val_L16_beta6.2411=0.4505 val_L16_beta6.4184=0.4793 val_L16_beta6.8771=0.4173 val_L16_beta8.3946=0.4741 val_L16_beta8.4548=0.5096 val_L16_beta8.7139=0.6360 val_L16_beta9.287=0.6887 val_L16_beta9.571=0.4865 val_L16_beta9.8499=0.5128 val_L16_beta10.2188=0.5319 val_L16_beta11.8501=0.6025 val_L16_beta11.8784=0.5325 val_L16_beta12.9259=0.5127 val_L16_beta14.4687=0.6290 val_L16_beta15.5366=0.4689 val_L16_beta17.502=0.5112 val_L16_beta17.7602=0.6822 val_L16_beta19.403=0.5936 val_L16_beta20.2412=0.6844 val_L16_beta21.8857=0.5415 val_L16_beta27.0442=0.6031 val_L16_beta27.3387=0.5510 val_L16_beta27.7875=0.5877 val_L16_beta30.5978=0.5929 val_L16_beta33.325=0.5238 val_L16_beta34.3422=0.5362 val_L16_beta38.5957=0.4469 val_L16_beta39.6475=0.4603 val_L16_beta47.0386=0.4738 val_L16_beta47.4228=0.5740 val_L16_beta54.11=0.3840 val_L16_beta56.1944=0.5345 val_L16_beta57.2189=0.4530 val_L32_beta2.1926=0.9046 val_L32_beta2.4697=1.0877 val_L32_beta2.8622=0.7634 val_L32_beta4.994=0.5845 val_L32_beta8.069=0.5313 val_L32_beta11.2015=0.6744 val_L32_beta12.3504=0.6419 val_L32_beta12.688=0.7239 val_L32_beta14.1441=0.5726 val_L32_beta18.0708=0.3584 val_L32_beta18.6487=0.3919 val_L32_beta52.6284=0.5797 val_L8_beta1.4347=0.5131 val_L8_beta1.4977=0.7859 val_L8_beta1.7872=0.6608 val_L8_beta1.9783=0.5924 val_L8_beta2.4006=0.6485 val_L8_beta2.4786=0.7118 val_total=48.9141
epoch  33  train=0.6344  val_L16_beta14.1464=0.5469 val_L16_beta25=0.5237 val_L16_beta40=0.5498 val_L16_beta55.0237=0.5163 val_L16_beta1.0119=0.7611 val_L16_beta1.0397=0.7604 val_L16_beta1.0743=0.7060 val_L16_beta1.2464=0.6961 val_L16_beta1.2749=0.6291 val_L16_beta1.7484=0.5010 val_L16_beta1.8367=0.7643 val_L16_beta1.8781=0.6665 val_L16_beta2.122=0.5606 val_L16_beta2.1285=0.7101 val_L16_beta2.1757=0.5874 val_L16_beta2.1862=0.5587 val_L16_beta2.2983=0.5673 val_L16_beta2.3046=0.7837 val_L16_beta2.3454=0.6266 val_L16_beta2.7647=0.6883 val_L16_beta3.1518=0.6523 val_L16_beta3.1669=0.7276 val_L16_beta3.2922=0.4767 val_L16_beta3.3842=0.5995 val_L16_beta3.4006=0.5332 val_L16_beta3.6231=0.6983 val_L16_beta3.7225=0.7070 val_L16_beta4.0764=0.6482 val_L16_beta4.7323=0.7224 val_L16_beta4.7632=0.5526 val_L16_beta5.586=0.6085 val_L16_beta6.2411=0.4734 val_L16_beta6.4184=0.4894 val_L16_beta6.8771=0.3938 val_L16_beta8.3946=0.4832 val_L16_beta8.4548=0.5296 val_L16_beta8.7139=0.6581 val_L16_beta9.287=0.6801 val_L16_beta9.571=0.4702 val_L16_beta9.8499=0.5086 val_L16_beta10.2188=0.5679 val_L16_beta11.8501=0.6100 val_L16_beta11.8784=0.5128 val_L16_beta12.9259=0.5046 val_L16_beta14.4687=0.6793 val_L16_beta15.5366=0.4696 val_L16_beta17.502=0.5049 val_L16_beta17.7602=0.7053 val_L16_beta19.403=0.5425 val_L16_beta20.2412=0.6633 val_L16_beta21.8857=0.5305 val_L16_beta27.0442=0.6093 val_L16_beta27.3387=0.5855 val_L16_beta27.7875=0.5946 val_L16_beta30.5978=0.5656 val_L16_beta33.325=0.5295 val_L16_beta34.3422=0.5238 val_L16_beta38.5957=0.4363 val_L16_beta39.6475=0.4615 val_L16_beta47.0386=0.4743 val_L16_beta47.4228=0.5648 val_L16_beta54.11=0.3881 val_L16_beta56.1944=0.5460 val_L16_beta57.2189=0.4582 val_L32_beta2.1926=0.8572 val_L32_beta2.4697=0.8864 val_L32_beta2.8622=0.7268 val_L32_beta4.994=0.5678 val_L32_beta8.069=0.5290 val_L32_beta11.2015=0.6659 val_L32_beta12.3504=0.6442 val_L32_beta12.688=0.7373 val_L32_beta14.1441=0.6135 val_L32_beta18.0708=0.3465 val_L32_beta18.6487=0.3818 val_L32_beta52.6284=0.5847 val_L8_beta1.4347=0.4998 val_L8_beta1.4977=0.7650 val_L8_beta1.7872=0.6375 val_L8_beta1.9783=0.6265 val_L8_beta2.4006=0.6680 val_L8_beta2.4786=0.7243 val_total=48.8072
epoch  34  train=0.6375  val_L16_beta14.1464=0.5420 val_L16_beta25=0.5377 val_L16_beta40=0.5379 val_L16_beta55.0237=0.5178 val_L16_beta1.0119=0.7361 val_L16_beta1.0397=0.7789 val_L16_beta1.0743=0.6727 val_L16_beta1.2464=0.6917 val_L16_beta1.2749=0.5974 val_L16_beta1.7484=0.5347 val_L16_beta1.8367=0.8030 val_L16_beta1.8781=0.6288 val_L16_beta2.122=0.5256 val_L16_beta2.1285=0.7197 val_L16_beta2.1757=0.5951 val_L16_beta2.1862=0.5461 val_L16_beta2.2983=0.5697 val_L16_beta2.3046=0.7511 val_L16_beta2.3454=0.6528 val_L16_beta2.7647=0.7390 val_L16_beta3.1518=0.6398 val_L16_beta3.1669=0.7330 val_L16_beta3.2922=0.4636 val_L16_beta3.3842=0.6188 val_L16_beta3.4006=0.5656 val_L16_beta3.6231=0.7334 val_L16_beta3.7225=0.6972 val_L16_beta4.0764=0.6752 val_L16_beta4.7323=0.6894 val_L16_beta4.7632=0.5577 val_L16_beta5.586=0.6092 val_L16_beta6.2411=0.4804 val_L16_beta6.4184=0.4790 val_L16_beta6.8771=0.4049 val_L16_beta8.3946=0.5180 val_L16_beta8.4548=0.5612 val_L16_beta8.7139=0.6105 val_L16_beta9.287=0.6847 val_L16_beta9.571=0.4825 val_L16_beta9.8499=0.5192 val_L16_beta10.2188=0.5206 val_L16_beta11.8501=0.6115 val_L16_beta11.8784=0.5297 val_L16_beta12.9259=0.5217 val_L16_beta14.4687=0.6663 val_L16_beta15.5366=0.4862 val_L16_beta17.502=0.4809 val_L16_beta17.7602=0.6844 val_L16_beta19.403=0.5856 val_L16_beta20.2412=0.6861 val_L16_beta21.8857=0.5444 val_L16_beta27.0442=0.6110 val_L16_beta27.3387=0.5871 val_L16_beta27.7875=0.5913 val_L16_beta30.5978=0.5897 val_L16_beta33.325=0.5429 val_L16_beta34.3422=0.5129 val_L16_beta38.5957=0.4255 val_L16_beta39.6475=0.4536 val_L16_beta47.0386=0.4769 val_L16_beta47.4228=0.5859 val_L16_beta54.11=0.3771 val_L16_beta56.1944=0.5422 val_L16_beta57.2189=0.4529 val_L32_beta2.1926=0.8809 val_L32_beta2.4697=0.8753 val_L32_beta2.8622=0.7669 val_L32_beta4.994=0.5662 val_L32_beta8.069=0.5256 val_L32_beta11.2015=0.6779 val_L32_beta12.3504=0.6195 val_L32_beta12.688=0.7176 val_L32_beta14.1441=0.5674 val_L32_beta18.0708=0.3584 val_L32_beta18.6487=0.3974 val_L32_beta52.6284=0.5548 val_L8_beta1.4347=0.5552 val_L8_beta1.4977=0.8044 val_L8_beta1.7872=0.6408 val_L8_beta1.9783=0.6780 val_L8_beta2.4006=0.6771 val_L8_beta2.4786=0.7055 val_total=49.0365
epoch  35  train=0.6400  val_L16_beta14.1464=0.5413 val_L16_beta25=0.5338 val_L16_beta40=0.5472 val_L16_beta55.0237=0.5278 val_L16_beta1.0119=0.7273 val_L16_beta1.0397=0.7964 val_L16_beta1.0743=0.6843 val_L16_beta1.2464=0.7579 val_L16_beta1.2749=0.6515 val_L16_beta1.7484=0.5037 val_L16_beta1.8367=0.7847 val_L16_beta1.8781=0.6792 val_L16_beta2.122=0.5461 val_L16_beta2.1285=0.7156 val_L16_beta2.1757=0.6012 val_L16_beta2.1862=0.5484 val_L16_beta2.2983=0.5625 val_L16_beta2.3046=0.7889 val_L16_beta2.3454=0.6603 val_L16_beta2.7647=0.7196 val_L16_beta3.1518=0.6417 val_L16_beta3.1669=0.7235 val_L16_beta3.2922=0.4610 val_L16_beta3.3842=0.6081 val_L16_beta3.4006=0.5744 val_L16_beta3.6231=0.7257 val_L16_beta3.7225=0.6635 val_L16_beta4.0764=0.6368 val_L16_beta4.7323=0.7144 val_L16_beta4.7632=0.5499 val_L16_beta5.586=0.6119 val_L16_beta6.2411=0.4682 val_L16_beta6.4184=0.4785 val_L16_beta6.8771=0.4038 val_L16_beta8.3946=0.4861 val_L16_beta8.4548=0.5467 val_L16_beta8.7139=0.6065 val_L16_beta9.287=0.6918 val_L16_beta9.571=0.5056 val_L16_beta9.8499=0.5101 val_L16_beta10.2188=0.5469 val_L16_beta11.8501=0.6211 val_L16_beta11.8784=0.5584 val_L16_beta12.9259=0.5139 val_L16_beta14.4687=0.6573 val_L16_beta15.5366=0.4971 val_L16_beta17.502=0.4975 val_L16_beta17.7602=0.6985 val_L16_beta19.403=0.5557 val_L16_beta20.2412=0.6668 val_L16_beta21.8857=0.5213 val_L16_beta27.0442=0.6231 val_L16_beta27.3387=0.5851 val_L16_beta27.7875=0.6049 val_L16_beta30.5978=0.5847 val_L16_beta33.325=0.5267 val_L16_beta34.3422=0.4992 val_L16_beta38.5957=0.4296 val_L16_beta39.6475=0.4776 val_L16_beta47.0386=0.4866 val_L16_beta47.4228=0.5636 val_L16_beta54.11=0.4103 val_L16_beta56.1944=0.5377 val_L16_beta57.2189=0.4329 val_L32_beta2.1926=0.7938 val_L32_beta2.4697=0.8214 val_L32_beta2.8622=0.7231 val_L32_beta4.994=0.6101 val_L32_beta8.069=0.5378 val_L32_beta11.2015=0.6740 val_L32_beta12.3504=0.6330 val_L32_beta12.688=0.7278 val_L32_beta14.1441=0.6397 val_L32_beta18.0708=0.3528 val_L32_beta18.6487=0.3856 val_L32_beta52.6284=0.5945 val_L8_beta1.4347=0.5322 val_L8_beta1.4977=0.7718 val_L8_beta1.7872=0.6429 val_L8_beta1.9783=0.6139 val_L8_beta2.4006=0.6580 val_L8_beta2.4786=0.7260 val_total=49.0211
epoch  36  train=0.6330  val_L16_beta14.1464=0.5424 val_L16_beta25=0.5120 val_L16_beta40=0.5413 val_L16_beta55.0237=0.5214 val_L16_beta1.0119=0.7381 val_L16_beta1.0397=0.7683 val_L16_beta1.0743=0.7050 val_L16_beta1.2464=0.7240 val_L16_beta1.2749=0.6092 val_L16_beta1.7484=0.5141 val_L16_beta1.8367=0.8480 val_L16_beta1.8781=0.6719 val_L16_beta2.122=0.5359 val_L16_beta2.1285=0.7414 val_L16_beta2.1757=0.6225 val_L16_beta2.1862=0.5484 val_L16_beta2.2983=0.5697 val_L16_beta2.3046=0.7710 val_L16_beta2.3454=0.6492 val_L16_beta2.7647=0.7148 val_L16_beta3.1518=0.6520 val_L16_beta3.1669=0.7216 val_L16_beta3.2922=0.4702 val_L16_beta3.3842=0.6009 val_L16_beta3.4006=0.5753 val_L16_beta3.6231=0.7339 val_L16_beta3.7225=0.6890 val_L16_beta4.0764=0.6723 val_L16_beta4.7323=0.7020 val_L16_beta4.7632=0.5666 val_L16_beta5.586=0.6104 val_L16_beta6.2411=0.4645 val_L16_beta6.4184=0.5081 val_L16_beta6.8771=0.3906 val_L16_beta8.3946=0.4916 val_L16_beta8.4548=0.5132 val_L16_beta8.7139=0.6048 val_L16_beta9.287=0.7045 val_L16_beta9.571=0.4838 val_L16_beta9.8499=0.5037 val_L16_beta10.2188=0.5432 val_L16_beta11.8501=0.5949 val_L16_beta11.8784=0.5412 val_L16_beta12.9259=0.4885 val_L16_beta14.4687=0.6151 val_L16_beta15.5366=0.5214 val_L16_beta17.502=0.4969 val_L16_beta17.7602=0.6949 val_L16_beta19.403=0.5616 val_L16_beta20.2412=0.6835 val_L16_beta21.8857=0.5394 val_L16_beta27.0442=0.5970 val_L16_beta27.3387=0.5621 val_L16_beta27.7875=0.5960 val_L16_beta30.5978=0.5905 val_L16_beta33.325=0.5137 val_L16_beta34.3422=0.5147 val_L16_beta38.5957=0.4444 val_L16_beta39.6475=0.4599 val_L16_beta47.0386=0.4814 val_L16_beta47.4228=0.5542 val_L16_beta54.11=0.4018 val_L16_beta56.1944=0.5111 val_L16_beta57.2189=0.4298 val_L32_beta2.1926=0.8914 val_L32_beta2.4697=0.9616 val_L32_beta2.8622=0.8142 val_L32_beta4.994=0.5502 val_L32_beta8.069=0.5192 val_L32_beta11.2015=0.6677 val_L32_beta12.3504=0.6173 val_L32_beta12.688=0.7428 val_L32_beta14.1441=0.5848 val_L32_beta18.0708=0.3558 val_L32_beta18.6487=0.3849 val_L32_beta52.6284=0.5598 val_L8_beta1.4347=0.5206 val_L8_beta1.4977=0.7117 val_L8_beta1.7872=0.6272 val_L8_beta1.9783=0.6411 val_L8_beta2.4006=0.7128 val_L8_beta2.4786=0.7782 val_total=49.0865
epoch  37  train=0.6372  val_L16_beta14.1464=0.5478 val_L16_beta25=0.5319 val_L16_beta40=0.5467 val_L16_beta55.0237=0.5268 val_L16_beta1.0119=0.7461 val_L16_beta1.0397=0.7967 val_L16_beta1.0743=0.6787 val_L16_beta1.2464=0.7111 val_L16_beta1.2749=0.6110 val_L16_beta1.7484=0.5387 val_L16_beta1.8367=0.8375 val_L16_beta1.8781=0.6497 val_L16_beta2.122=0.5643 val_L16_beta2.1285=0.7431 val_L16_beta2.1757=0.5836 val_L16_beta2.1862=0.5959 val_L16_beta2.2983=0.5751 val_L16_beta2.3046=0.7291 val_L16_beta2.3454=0.6367 val_L16_beta2.7647=0.7005 val_L16_beta3.1518=0.6517 val_L16_beta3.1669=0.7283 val_L16_beta3.2922=0.4617 val_L16_beta3.3842=0.5989 val_L16_beta3.4006=0.5598 val_L16_beta3.6231=0.7080 val_L16_beta3.7225=0.6876 val_L16_beta4.0764=0.6445 val_L16_beta4.7323=0.6823 val_L16_beta4.7632=0.5583 val_L16_beta5.586=0.5874 val_L16_beta6.2411=0.4561 val_L16_beta6.4184=0.4894 val_L16_beta6.8771=0.3993 val_L16_beta8.3946=0.5149 val_L16_beta8.4548=0.5489 val_L16_beta8.7139=0.6024 val_L16_beta9.287=0.6782 val_L16_beta9.571=0.4825 val_L16_beta9.8499=0.5184 val_L16_beta10.2188=0.5506 val_L16_beta11.8501=0.6328 val_L16_beta11.8784=0.5005 val_L16_beta12.9259=0.5068 val_L16_beta14.4687=0.6210 val_L16_beta15.5366=0.4994 val_L16_beta17.502=0.5190 val_L16_beta17.7602=0.6735 val_L16_beta19.403=0.5430 val_L16_beta20.2412=0.6903 val_L16_beta21.8857=0.5403 val_L16_beta27.0442=0.6255 val_L16_beta27.3387=0.5800 val_L16_beta27.7875=0.6178 val_L16_beta30.5978=0.5705 val_L16_beta33.325=0.5138 val_L16_beta34.3422=0.4856 val_L16_beta38.5957=0.4468 val_L16_beta39.6475=0.4819 val_L16_beta47.0386=0.4708 val_L16_beta47.4228=0.5915 val_L16_beta54.11=0.4043 val_L16_beta56.1944=0.5632 val_L16_beta57.2189=0.4782 val_L32_beta2.1926=0.8165 val_L32_beta2.4697=0.8401 val_L32_beta2.8622=0.7535 val_L32_beta4.994=0.5379 val_L32_beta8.069=0.5851 val_L32_beta11.2015=0.6730 val_L32_beta12.3504=0.6120 val_L32_beta12.688=0.7229 val_L32_beta14.1441=0.5699 val_L32_beta18.0708=0.3484 val_L32_beta18.6487=0.3934 val_L32_beta52.6284=0.5587 val_L8_beta1.4347=0.5256 val_L8_beta1.4977=0.7656 val_L8_beta1.7872=0.6298 val_L8_beta1.9783=0.5914 val_L8_beta2.4006=0.6682 val_L8_beta2.4786=0.7148 val_total=48.8238
epoch  38  train=0.6323  val_L16_beta14.1464=0.5457 val_L16_beta25=0.5418 val_L16_beta40=0.5377 val_L16_beta55.0237=0.5258 val_L16_beta1.0119=0.7284 val_L16_beta1.0397=0.7506 val_L16_beta1.0743=0.6904 val_L16_beta1.2464=0.7015 val_L16_beta1.2749=0.6327 val_L16_beta1.7484=0.4905 val_L16_beta1.8367=0.8580 val_L16_beta1.8781=0.6313 val_L16_beta2.122=0.5367 val_L16_beta2.1285=0.7567 val_L16_beta2.1757=0.6223 val_L16_beta2.1862=0.5554 val_L16_beta2.2983=0.5654 val_L16_beta2.3046=0.7631 val_L16_beta2.3454=0.6641 val_L16_beta2.7647=0.7287 val_L16_beta3.1518=0.6555 val_L16_beta3.1669=0.7138 val_L16_beta3.2922=0.4666 val_L16_beta3.3842=0.6111 val_L16_beta3.4006=0.5727 val_L16_beta3.6231=0.7050 val_L16_beta3.7225=0.6887 val_L16_beta4.0764=0.6741 val_L16_beta4.7323=0.7014 val_L16_beta4.7632=0.5677 val_L16_beta5.586=0.6018 val_L16_beta6.2411=0.4713 val_L16_beta6.4184=0.4995 val_L16_beta6.8771=0.3783 val_L16_beta8.3946=0.4656 val_L16_beta8.4548=0.5293 val_L16_beta8.7139=0.6263 val_L16_beta9.287=0.6677 val_L16_beta9.571=0.4964 val_L16_beta9.8499=0.5023 val_L16_beta10.2188=0.5201 val_L16_beta11.8501=0.6242 val_L16_beta11.8784=0.5421 val_L16_beta12.9259=0.4956 val_L16_beta14.4687=0.6402 val_L16_beta15.5366=0.4744 val_L16_beta17.502=0.5018 val_L16_beta17.7602=0.6961 val_L16_beta19.403=0.5115 val_L16_beta20.2412=0.6662 val_L16_beta21.8857=0.5269 val_L16_beta27.0442=0.5746 val_L16_beta27.3387=0.5964 val_L16_beta27.7875=0.6006 val_L16_beta30.5978=0.5633 val_L16_beta33.325=0.5186 val_L16_beta34.3422=0.5089 val_L16_beta38.5957=0.4270 val_L16_beta39.6475=0.4666 val_L16_beta47.0386=0.4787 val_L16_beta47.4228=0.5805 val_L16_beta54.11=0.3978 val_L16_beta56.1944=0.5336 val_L16_beta57.2189=0.4501 val_L32_beta2.1926=0.9038 val_L32_beta2.4697=0.8738 val_L32_beta2.8622=0.7871 val_L32_beta4.994=0.5375 val_L32_beta8.069=0.5473 val_L32_beta11.2015=0.6702 val_L32_beta12.3504=0.6592 val_L32_beta12.688=0.7057 val_L32_beta14.1441=0.5799 val_L32_beta18.0708=0.3566 val_L32_beta18.6487=0.4073 val_L32_beta52.6284=0.5602 val_L8_beta1.4347=0.5364 val_L8_beta1.4977=0.7776 val_L8_beta1.7872=0.6465 val_L8_beta1.9783=0.6196 val_L8_beta2.4006=0.6785 val_L8_beta2.4786=0.6858 val_total=48.8503
epoch  39  train=0.6363  val_L16_beta14.1464=0.5391 val_L16_beta25=0.5195 val_L16_beta40=0.5427 val_L16_beta55.0237=0.5174 val_L16_beta1.0119=0.7424 val_L16_beta1.0397=0.7955 val_L16_beta1.0743=0.6831 val_L16_beta1.2464=0.7079 val_L16_beta1.2749=0.6094 val_L16_beta1.7484=0.4961 val_L16_beta1.8367=0.7998 val_L16_beta1.8781=0.6549 val_L16_beta2.122=0.5459 val_L16_beta2.1285=0.7222 val_L16_beta2.1757=0.5891 val_L16_beta2.1862=0.5536 val_L16_beta2.2983=0.5877 val_L16_beta2.3046=0.7741 val_L16_beta2.3454=0.6509 val_L16_beta2.7647=0.7235 val_L16_beta3.1518=0.6652 val_L16_beta3.1669=0.7221 val_L16_beta3.2922=0.4517 val_L16_beta3.3842=0.6102 val_L16_beta3.4006=0.5769 val_L16_beta3.6231=0.6886 val_L16_beta3.7225=0.6889 val_L16_beta4.0764=0.6400 val_L16_beta4.7323=0.6875 val_L16_beta4.7632=0.5670 val_L16_beta5.586=0.6064 val_L16_beta6.2411=0.4647 val_L16_beta6.4184=0.4791 val_L16_beta6.8771=0.3902 val_L16_beta8.3946=0.5125 val_L16_beta8.4548=0.5233 val_L16_beta8.7139=0.6194 val_L16_beta9.287=0.7072 val_L16_beta9.571=0.4864 val_L16_beta9.8499=0.5318 val_L16_beta10.2188=0.5484 val_L16_beta11.8501=0.6024 val_L16_beta11.8784=0.4974 val_L16_beta12.9259=0.5442 val_L16_beta14.4687=0.6525 val_L16_beta15.5366=0.5006 val_L16_beta17.502=0.5108 val_L16_beta17.7602=0.6813 val_L16_beta19.403=0.5535 val_L16_beta20.2412=0.6651 val_L16_beta21.8857=0.5342 val_L16_beta27.0442=0.5897 val_L16_beta27.3387=0.5891 val_L16_beta27.7875=0.5894 val_L16_beta30.5978=0.6033 val_L16_beta33.325=0.5491 val_L16_beta34.3422=0.5330 val_L16_beta38.5957=0.4272 val_L16_beta39.6475=0.4633 val_L16_beta47.0386=0.4784 val_L16_beta47.4228=0.5666 val_L16_beta54.11=0.3887 val_L16_beta56.1944=0.5650 val_L16_beta57.2189=0.4523 val_L32_beta2.1926=1.0165 val_L32_beta2.4697=0.9730 val_L32_beta2.8622=0.7163 val_L32_beta4.994=0.5494 val_L32_beta8.069=0.5253 val_L32_beta11.2015=0.6685 val_L32_beta12.3504=0.6274 val_L32_beta12.688=0.7373 val_L32_beta14.1441=0.5670 val_L32_beta18.0708=0.3620 val_L32_beta18.6487=0.3833 val_L32_beta52.6284=0.5652 val_L8_beta1.4347=0.5218 val_L8_beta1.4977=0.7379 val_L8_beta1.7872=0.6635 val_L8_beta1.9783=0.6530 val_L8_beta2.4006=0.6770 val_L8_beta2.4786=0.7406 val_total=49.1444
epoch  40  train=0.6312  val_L16_beta14.1464=0.5404 val_L16_beta25=0.5305 val_L16_beta40=0.5345 val_L16_beta55.0237=0.5237 val_L16_beta1.0119=0.7419 val_L16_beta1.0397=0.7853 val_L16_beta1.0743=0.6638 val_L16_beta1.2464=0.7011 val_L16_beta1.2749=0.6279 val_L16_beta1.7484=0.5290 val_L16_beta1.8367=0.8158 val_L16_beta1.8781=0.6550 val_L16_beta2.122=0.5517 val_L16_beta2.1285=0.7194 val_L16_beta2.1757=0.5677 val_L16_beta2.1862=0.5929 val_L16_beta2.2983=0.5710 val_L16_beta2.3046=0.7605 val_L16_beta2.3454=0.6466 val_L16_beta2.7647=0.6964 val_L16_beta3.1518=0.6699 val_L16_beta3.1669=0.7209 val_L16_beta3.2922=0.4721 val_L16_beta3.3842=0.6046 val_L16_beta3.4006=0.5574 val_L16_beta3.6231=0.7193 val_L16_beta3.7225=0.6893 val_L16_beta4.0764=0.6523 val_L16_beta4.7323=0.7117 val_L16_beta4.7632=0.5531 val_L16_beta5.586=0.6155 val_L16_beta6.2411=0.4890 val_L16_beta6.4184=0.4716 val_L16_beta6.8771=0.3749 val_L16_beta8.3946=0.4945 val_L16_beta8.4548=0.5303 val_L16_beta8.7139=0.6206 val_L16_beta9.287=0.6951 val_L16_beta9.571=0.4756 val_L16_beta9.8499=0.5050 val_L16_beta10.2188=0.5452 val_L16_beta11.8501=0.6116 val_L16_beta11.8784=0.5520 val_L16_beta12.9259=0.5124 val_L16_beta14.4687=0.6275 val_L16_beta15.5366=0.4772 val_L16_beta17.502=0.4778 val_L16_beta17.7602=0.7115 val_L16_beta19.403=0.5372 val_L16_beta20.2412=0.6701 val_L16_beta21.8857=0.5555 val_L16_beta27.0442=0.5932 val_L16_beta27.3387=0.5721 val_L16_beta27.7875=0.5859 val_L16_beta30.5978=0.5940 val_L16_beta33.325=0.5690 val_L16_beta34.3422=0.5302 val_L16_beta38.5957=0.4286 val_L16_beta39.6475=0.4683 val_L16_beta47.0386=0.4687 val_L16_beta47.4228=0.5631 val_L16_beta54.11=0.3984 val_L16_beta56.1944=0.5092 val_L16_beta57.2189=0.4585 val_L32_beta2.1926=0.8761 val_L32_beta2.4697=0.8969 val_L32_beta2.8622=0.8109 val_L32_beta4.994=0.5393 val_L32_beta8.069=0.5364 val_L32_beta11.2015=0.6924 val_L32_beta12.3504=0.6379 val_L32_beta12.688=0.7292 val_L32_beta14.1441=0.5754 val_L32_beta18.0708=0.3720 val_L32_beta18.6487=0.3965 val_L32_beta52.6284=0.5418 val_L8_beta1.4347=0.5244 val_L8_beta1.4977=0.7138 val_L8_beta1.7872=0.5793 val_L8_beta1.9783=0.5668 val_L8_beta2.4006=0.6657 val_L8_beta2.4786=0.7068 val_total=48.7562
epoch  41  train=0.6315  val_L16_beta14.1464=0.5325 val_L16_beta25=0.5241 val_L16_beta40=0.5513 val_L16_beta55.0237=0.5141 val_L16_beta1.0119=0.7360 val_L16_beta1.0397=0.7704 val_L16_beta1.0743=0.6967 val_L16_beta1.2464=0.6445 val_L16_beta1.2749=0.6140 val_L16_beta1.7484=0.5216 val_L16_beta1.8367=0.8312 val_L16_beta1.8781=0.6194 val_L16_beta2.122=0.5692 val_L16_beta2.1285=0.7231 val_L16_beta2.1757=0.5993 val_L16_beta2.1862=0.5739 val_L16_beta2.2983=0.5650 val_L16_beta2.3046=0.7304 val_L16_beta2.3454=0.6415 val_L16_beta2.7647=0.7492 val_L16_beta3.1518=0.6351 val_L16_beta3.1669=0.7056 val_L16_beta3.2922=0.4488 val_L16_beta3.3842=0.6070 val_L16_beta3.4006=0.5425 val_L16_beta3.6231=0.7382 val_L16_beta3.7225=0.6888 val_L16_beta4.0764=0.6656 val_L16_beta4.7323=0.7018 val_L16_beta4.7632=0.5801 val_L16_beta5.586=0.5915 val_L16_beta6.2411=0.4722 val_L16_beta6.4184=0.5070 val_L16_beta6.8771=0.3756 val_L16_beta8.3946=0.4732 val_L16_beta8.4548=0.5485 val_L16_beta8.7139=0.6423 val_L16_beta9.287=0.7012 val_L16_beta9.571=0.4891 val_L16_beta9.8499=0.4953 val_L16_beta10.2188=0.5646 val_L16_beta11.8501=0.6158 val_L16_beta11.8784=0.5295 val_L16_beta12.9259=0.5056 val_L16_beta14.4687=0.6359 val_L16_beta15.5366=0.4908 val_L16_beta17.502=0.4910 val_L16_beta17.7602=0.6847 val_L16_beta19.403=0.5754 val_L16_beta20.2412=0.6757 val_L16_beta21.8857=0.5394 val_L16_beta27.0442=0.5865 val_L16_beta27.3387=0.5707 val_L16_beta27.7875=0.5940 val_L16_beta30.5978=0.6136 val_L16_beta33.325=0.5068 val_L16_beta34.3422=0.5233 val_L16_beta38.5957=0.4074 val_L16_beta39.6475=0.4545 val_L16_beta47.0386=0.4684 val_L16_beta47.4228=0.5561 val_L16_beta54.11=0.3771 val_L16_beta56.1944=0.5262 val_L16_beta57.2189=0.4496 val_L32_beta2.1926=0.8380 val_L32_beta2.4697=0.9118 val_L32_beta2.8622=0.8326 val_L32_beta4.994=0.5693 val_L32_beta8.069=0.5655 val_L32_beta11.2015=0.6805 val_L32_beta12.3504=0.6471 val_L32_beta12.688=0.7638 val_L32_beta14.1441=0.5998 val_L32_beta18.0708=0.3410 val_L32_beta18.6487=0.3900 val_L32_beta52.6284=0.5522 val_L8_beta1.4347=0.5730 val_L8_beta1.4977=0.6951 val_L8_beta1.7872=0.6442 val_L8_beta1.9783=0.6152 val_L8_beta2.4006=0.5821 val_L8_beta2.4786=0.6983 val_total=48.7590
epoch  42  train=0.6299  val_L16_beta14.1464=0.5522 val_L16_beta25=0.5134 val_L16_beta40=0.5460 val_L16_beta55.0237=0.5289 val_L16_beta1.0119=0.7398 val_L16_beta1.0397=0.7924 val_L16_beta1.0743=0.6896 val_L16_beta1.2464=0.6883 val_L16_beta1.2749=0.6022 val_L16_beta1.7484=0.4926 val_L16_beta1.8367=0.8001 val_L16_beta1.8781=0.6427 val_L16_beta2.122=0.5393 val_L16_beta2.1285=0.7324 val_L16_beta2.1757=0.5921 val_L16_beta2.1862=0.5569 val_L16_beta2.2983=0.5802 val_L16_beta2.3046=0.7560 val_L16_beta2.3454=0.6621 val_L16_beta2.7647=0.7138 val_L16_beta3.1518=0.6407 val_L16_beta3.1669=0.7516 val_L16_beta3.2922=0.4691 val_L16_beta3.3842=0.6265 val_L16_beta3.4006=0.5611 val_L16_beta3.6231=0.7244 val_L16_beta3.7225=0.6900 val_L16_beta4.0764=0.6482 val_L16_beta4.7323=0.7026 val_L16_beta4.7632=0.5499 val_L16_beta5.586=0.5904 val_L16_beta6.2411=0.4659 val_L16_beta6.4184=0.4960 val_L16_beta6.8771=0.3962 val_L16_beta8.3946=0.4998 val_L16_beta8.4548=0.5610 val_L16_beta8.7139=0.6440 val_L16_beta9.287=0.6839 val_L16_beta9.571=0.5065 val_L16_beta9.8499=0.5123 val_L16_beta10.2188=0.5168 val_L16_beta11.8501=0.6049 val_L16_beta11.8784=0.5251 val_L16_beta12.9259=0.5239 val_L16_beta14.4687=0.6308 val_L16_beta15.5366=0.4915 val_L16_beta17.502=0.4983 val_L16_beta17.7602=0.7016 val_L16_beta19.403=0.5297 val_L16_beta20.2412=0.6808 val_L16_beta21.8857=0.5188 val_L16_beta27.0442=0.5945 val_L16_beta27.3387=0.5969 val_L16_beta27.7875=0.5753 val_L16_beta30.5978=0.5628 val_L16_beta33.325=0.5103 val_L16_beta34.3422=0.5172 val_L16_beta38.5957=0.4372 val_L16_beta39.6475=0.4617 val_L16_beta47.0386=0.4882 val_L16_beta47.4228=0.5459 val_L16_beta54.11=0.4248 val_L16_beta56.1944=0.5417 val_L16_beta57.2189=0.4755 val_L32_beta2.1926=0.9330 val_L32_beta2.4697=0.8597 val_L32_beta2.8622=0.8536 val_L32_beta4.994=0.5391 val_L32_beta8.069=0.5435 val_L32_beta11.2015=0.6725 val_L32_beta12.3504=0.6369 val_L32_beta12.688=0.7172 val_L32_beta14.1441=0.5929 val_L32_beta18.0708=0.3438 val_L32_beta18.6487=0.3862 val_L32_beta52.6284=0.5735 val_L8_beta1.4347=0.5502 val_L8_beta1.4977=0.7370 val_L8_beta1.7872=0.6539 val_L8_beta1.9783=0.6523 val_L8_beta2.4006=0.6657 val_L8_beta2.4786=0.7319 val_total=49.0378
epoch  43  train=0.6329  val_L16_beta14.1464=0.5301 val_L16_beta25=0.5225 val_L16_beta40=0.5377 val_L16_beta55.0237=0.5171 val_L16_beta1.0119=0.7164 val_L16_beta1.0397=0.7615 val_L16_beta1.0743=0.6777 val_L16_beta1.2464=0.6707 val_L16_beta1.2749=0.6459 val_L16_beta1.7484=0.4985 val_L16_beta1.8367=0.8282 val_L16_beta1.8781=0.6158 val_L16_beta2.122=0.5568 val_L16_beta2.1285=0.7308 val_L16_beta2.1757=0.5700 val_L16_beta2.1862=0.5641 val_L16_beta2.2983=0.5813 val_L16_beta2.3046=0.7820 val_L16_beta2.3454=0.6250 val_L16_beta2.7647=0.7087 val_L16_beta3.1518=0.6687 val_L16_beta3.1669=0.7365 val_L16_beta3.2922=0.4556 val_L16_beta3.3842=0.6153 val_L16_beta3.4006=0.5658 val_L16_beta3.6231=0.6905 val_L16_beta3.7225=0.7149 val_L16_beta4.0764=0.6706 val_L16_beta4.7323=0.6874 val_L16_beta4.7632=0.5440 val_L16_beta5.586=0.5635 val_L16_beta6.2411=0.4616 val_L16_beta6.4184=0.4724 val_L16_beta6.8771=0.3814 val_L16_beta8.3946=0.5036 val_L16_beta8.4548=0.5070 val_L16_beta8.7139=0.6349 val_L16_beta9.287=0.6576 val_L16_beta9.571=0.4971 val_L16_beta9.8499=0.5263 val_L16_beta10.2188=0.5467 val_L16_beta11.8501=0.5882 val_L16_beta11.8784=0.5175 val_L16_beta12.9259=0.4932 val_L16_beta14.4687=0.6124 val_L16_beta15.5366=0.4956 val_L16_beta17.502=0.5009 val_L16_beta17.7602=0.6876 val_L16_beta19.403=0.5427 val_L16_beta20.2412=0.6693 val_L16_beta21.8857=0.5139 val_L16_beta27.0442=0.6127 val_L16_beta27.3387=0.5928 val_L16_beta27.7875=0.5936 val_L16_beta30.5978=0.5612 val_L16_beta33.325=0.5269 val_L16_beta34.3422=0.5118 val_L16_beta38.5957=0.4359 val_L16_beta39.6475=0.4716 val_L16_beta47.0386=0.4629 val_L16_beta47.4228=0.5456 val_L16_beta54.11=0.4004 val_L16_beta56.1944=0.5249 val_L16_beta57.2189=0.4340 val_L32_beta2.1926=0.9171 val_L32_beta2.4697=1.0351 val_L32_beta2.8622=0.7980 val_L32_beta4.994=0.6013 val_L32_beta8.069=0.5511 val_L32_beta11.2015=0.6638 val_L32_beta12.3504=0.7288 val_L32_beta12.688=0.7498 val_L32_beta14.1441=0.6030 val_L32_beta18.0708=0.3480 val_L32_beta18.6487=0.3916 val_L32_beta52.6284=0.5653 val_L8_beta1.4347=0.5382 val_L8_beta1.4977=0.8132 val_L8_beta1.7872=0.6160 val_L8_beta1.9783=0.5485 val_L8_beta2.4006=0.6291 val_L8_beta2.4786=0.7417 val_total=48.8778
epoch  44  train=0.6364  val_L16_beta14.1464=0.5418 val_L16_beta25=0.5281 val_L16_beta40=0.5391 val_L16_beta55.0237=0.5140 val_L16_beta1.0119=0.7117 val_L16_beta1.0397=0.7847 val_L16_beta1.0743=0.6713 val_L16_beta1.2464=0.7291 val_L16_beta1.2749=0.6078 val_L16_beta1.7484=0.5019 val_L16_beta1.8367=0.8323 val_L16_beta1.8781=0.6307 val_L16_beta2.122=0.5793 val_L16_beta2.1285=0.7591 val_L16_beta2.1757=0.6012 val_L16_beta2.1862=0.5639 val_L16_beta2.2983=0.5631 val_L16_beta2.3046=0.7254 val_L16_beta2.3454=0.6517 val_L16_beta2.7647=0.7244 val_L16_beta3.1518=0.6491 val_L16_beta3.1669=0.7379 val_L16_beta3.2922=0.4535 val_L16_beta3.3842=0.6383 val_L16_beta3.4006=0.5479 val_L16_beta3.6231=0.7091 val_L16_beta3.7225=0.7011 val_L16_beta4.0764=0.6533 val_L16_beta4.7323=0.7013 val_L16_beta4.7632=0.5448 val_L16_beta5.586=0.6042 val_L16_beta6.2411=0.4608 val_L16_beta6.4184=0.4874 val_L16_beta6.8771=0.3889 val_L16_beta8.3946=0.4896 val_L16_beta8.4548=0.5385 val_L16_beta8.7139=0.6456 val_L16_beta9.287=0.6766 val_L16_beta9.571=0.4844 val_L16_beta9.8499=0.5411 val_L16_beta10.2188=0.5278 val_L16_beta11.8501=0.6228 val_L16_beta11.8784=0.5336 val_L16_beta12.9259=0.5024 val_L16_beta14.4687=0.6537 val_L16_beta15.5366=0.5099 val_L16_beta17.502=0.5135 val_L16_beta17.7602=0.6983 val_L16_beta19.403=0.5275 val_L16_beta20.2412=0.6742 val_L16_beta21.8857=0.5146 val_L16_beta27.0442=0.6025 val_L16_beta27.3387=0.5782 val_L16_beta27.7875=0.5808 val_L16_beta30.5978=0.5801 val_L16_beta33.325=0.5424 val_L16_beta34.3422=0.5094 val_L16_beta38.5957=0.4258 val_L16_beta39.6475=0.4731 val_L16_beta47.0386=0.4515 val_L16_beta47.4228=0.5504 val_L16_beta54.11=0.3978 val_L16_beta56.1944=0.5395 val_L16_beta57.2189=0.4756 val_L32_beta2.1926=0.8969 val_L32_beta2.4697=0.9146 val_L32_beta2.8622=0.8320 val_L32_beta4.994=0.5880 val_L32_beta8.069=0.5251 val_L32_beta11.2015=0.6787 val_L32_beta12.3504=0.6337 val_L32_beta12.688=0.6999 val_L32_beta14.1441=0.5682 val_L32_beta18.0708=0.3669 val_L32_beta18.6487=0.3776 val_L32_beta52.6284=0.5707 val_L8_beta1.4347=0.4994 val_L8_beta1.4977=0.7493 val_L8_beta1.7872=0.6092 val_L8_beta1.9783=0.5866 val_L8_beta2.4006=0.6388 val_L8_beta2.4786=0.7025 val_total=48.8372
epoch  45  train=0.6307  val_L16_beta14.1464=0.5490 val_L16_beta25=0.5188 val_L16_beta40=0.5442 val_L16_beta55.0237=0.5210 val_L16_beta1.0119=0.7389 val_L16_beta1.0397=0.7868 val_L16_beta1.0743=0.7149 val_L16_beta1.2464=0.6881 val_L16_beta1.2749=0.6103 val_L16_beta1.7484=0.4858 val_L16_beta1.8367=0.8510 val_L16_beta1.8781=0.6538 val_L16_beta2.122=0.5220 val_L16_beta2.1285=0.7286 val_L16_beta2.1757=0.5932 val_L16_beta2.1862=0.5537 val_L16_beta2.2983=0.5830 val_L16_beta2.3046=0.7659 val_L16_beta2.3454=0.6717 val_L16_beta2.7647=0.7260 val_L16_beta3.1518=0.6740 val_L16_beta3.1669=0.7125 val_L16_beta3.2922=0.4676 val_L16_beta3.3842=0.6130 val_L16_beta3.4006=0.5681 val_L16_beta3.6231=0.7154 val_L16_beta3.7225=0.6723 val_L16_beta4.0764=0.6428 val_L16_beta4.7323=0.6764 val_L16_beta4.7632=0.5537 val_L16_beta5.586=0.5990 val_L16_beta6.2411=0.4586 val_L16_beta6.4184=0.4718 val_L16_beta6.8771=0.4073 val_L16_beta8.3946=0.4758 val_L16_beta8.4548=0.5230 val_L16_beta8.7139=0.6330 val_L16_beta9.287=0.7038 val_L16_beta9.571=0.4866 val_L16_beta9.8499=0.5061 val_L16_beta10.2188=0.5419 val_L16_beta11.8501=0.6085 val_L16_beta11.8784=0.5133 val_L16_beta12.9259=0.5336 val_L16_beta14.4687=0.6171 val_L16_beta15.5366=0.4756 val_L16_beta17.502=0.5117 val_L16_beta17.7602=0.7031 val_L16_beta19.403=0.5444 val_L16_beta20.2412=0.6704 val_L16_beta21.8857=0.5443 val_L16_beta27.0442=0.5936 val_L16_beta27.3387=0.5898 val_L16_beta27.7875=0.5835 val_L16_beta30.5978=0.5915 val_L16_beta33.325=0.5089 val_L16_beta34.3422=0.5124 val_L16_beta38.5957=0.3977 val_L16_beta39.6475=0.4601 val_L16_beta47.0386=0.4736 val_L16_beta47.4228=0.5256 val_L16_beta54.11=0.3984 val_L16_beta56.1944=0.5485 val_L16_beta57.2189=0.4340 val_L32_beta2.1926=0.8712 val_L32_beta2.4697=0.8435 val_L32_beta2.8622=0.7024 val_L32_beta4.994=0.5772 val_L32_beta8.069=0.5264 val_L32_beta11.2015=0.6832 val_L32_beta12.3504=0.6440 val_L32_beta12.688=0.7170 val_L32_beta14.1441=0.6063 val_L32_beta18.0708=0.3577 val_L32_beta18.6487=0.3882 val_L32_beta52.6284=0.5391 val_L8_beta1.4347=0.5447 val_L8_beta1.4977=0.7755 val_L8_beta1.7872=0.6121 val_L8_beta1.9783=0.6279 val_L8_beta2.4006=0.6578 val_L8_beta2.4786=0.7397 val_total=48.6627
epoch  46  train=0.6296  val_L16_beta14.1464=0.5376 val_L16_beta25=0.5246 val_L16_beta40=0.5414 val_L16_beta55.0237=0.5202 val_L16_beta1.0119=0.7305 val_L16_beta1.0397=0.8092 val_L16_beta1.0743=0.6664 val_L16_beta1.2464=0.6904 val_L16_beta1.2749=0.6217 val_L16_beta1.7484=0.5254 val_L16_beta1.8367=0.8048 val_L16_beta1.8781=0.6280 val_L16_beta2.122=0.5210 val_L16_beta2.1285=0.7622 val_L16_beta2.1757=0.5952 val_L16_beta2.1862=0.5733 val_L16_beta2.2983=0.5697 val_L16_beta2.3046=0.7160 val_L16_beta2.3454=0.6565 val_L16_beta2.7647=0.7250 val_L16_beta3.1518=0.6309 val_L16_beta3.1669=0.7157 val_L16_beta3.2922=0.4570 val_L16_beta3.3842=0.6086 val_L16_beta3.4006=0.5854 val_L16_beta3.6231=0.7183 val_L16_beta3.7225=0.6989 val_L16_beta4.0764=0.6692 val_L16_beta4.7323=0.6770 val_L16_beta4.7632=0.5618 val_L16_beta5.586=0.5900 val_L16_beta6.2411=0.4557 val_L16_beta6.4184=0.4681 val_L16_beta6.8771=0.3795 val_L16_beta8.3946=0.4862 val_L16_beta8.4548=0.5276 val_L16_beta8.7139=0.6181 val_L16_beta9.287=0.6987 val_L16_beta9.571=0.5009 val_L16_beta9.8499=0.5177 val_L16_beta10.2188=0.5480 val_L16_beta11.8501=0.6134 val_L16_beta11.8784=0.5575 val_L16_beta12.9259=0.5119 val_L16_beta14.4687=0.6522 val_L16_beta15.5366=0.4676 val_L16_beta17.502=0.4946 val_L16_beta17.7602=0.6819 val_L16_beta19.403=0.5578 val_L16_beta20.2412=0.6811 val_L16_beta21.8857=0.5445 val_L16_beta27.0442=0.6059 val_L16_beta27.3387=0.5931 val_L16_beta27.7875=0.5905 val_L16_beta30.5978=0.5784 val_L16_beta33.325=0.5432 val_L16_beta34.3422=0.5249 val_L16_beta38.5957=0.4361 val_L16_beta39.6475=0.4701 val_L16_beta47.0386=0.4672 val_L16_beta47.4228=0.5656 val_L16_beta54.11=0.3920 val_L16_beta56.1944=0.5239 val_L16_beta57.2189=0.4361 val_L32_beta2.1926=0.8502 val_L32_beta2.4697=0.8271 val_L32_beta2.8622=0.7466 val_L32_beta4.994=0.5988 val_L32_beta8.069=0.5369 val_L32_beta11.2015=0.6746 val_L32_beta12.3504=0.6828 val_L32_beta12.688=0.7236 val_L32_beta14.1441=0.5660 val_L32_beta18.0708=0.3504 val_L32_beta18.6487=0.3875 val_L32_beta52.6284=0.5477 val_L8_beta1.4347=0.5756 val_L8_beta1.4977=0.7789 val_L8_beta1.7872=0.6543 val_L8_beta1.9783=0.6193 val_L8_beta2.4006=0.6483 val_L8_beta2.4786=0.6919 val_total=48.7830
epoch  47  train=0.6307  val_L16_beta14.1464=0.5459 val_L16_beta25=0.5236 val_L16_beta40=0.5341 val_L16_beta55.0237=0.5170 val_L16_beta1.0119=0.7285 val_L16_beta1.0397=0.7996 val_L16_beta1.0743=0.6851 val_L16_beta1.2464=0.7059 val_L16_beta1.2749=0.6363 val_L16_beta1.7484=0.5084 val_L16_beta1.8367=0.8070 val_L16_beta1.8781=0.6306 val_L16_beta2.122=0.5483 val_L16_beta2.1285=0.7392 val_L16_beta2.1757=0.5824 val_L16_beta2.1862=0.5580 val_L16_beta2.2983=0.5734 val_L16_beta2.3046=0.7057 val_L16_beta2.3454=0.6372 val_L16_beta2.7647=0.7264 val_L16_beta3.1518=0.6810 val_L16_beta3.1669=0.7087 val_L16_beta3.2922=0.4739 val_L16_beta3.3842=0.6310 val_L16_beta3.4006=0.5596 val_L16_beta3.6231=0.7520 val_L16_beta3.7225=0.7045 val_L16_beta4.0764=0.6435 val_L16_beta4.7323=0.7165 val_L16_beta4.7632=0.5653 val_L16_beta5.586=0.5929 val_L16_beta6.2411=0.4503 val_L16_beta6.4184=0.4831 val_L16_beta6.8771=0.3980 val_L16_beta8.3946=0.4827 val_L16_beta8.4548=0.5424 val_L16_beta8.7139=0.6494 val_L16_beta9.287=0.6763 val_L16_beta9.571=0.5083 val_L16_beta9.8499=0.4897 val_L16_beta10.2188=0.5380 val_L16_beta11.8501=0.5843 val_L16_beta11.8784=0.5473 val_L16_beta12.9259=0.4945 val_L16_beta14.4687=0.6154 val_L16_beta15.5366=0.4770 val_L16_beta17.502=0.5036 val_L16_beta17.7602=0.6963 val_L16_beta19.403=0.5731 val_L16_beta20.2412=0.6879 val_L16_beta21.8857=0.5509 val_L16_beta27.0442=0.6070 val_L16_beta27.3387=0.5883 val_L16_beta27.7875=0.5859 val_L16_beta30.5978=0.5545 val_L16_beta33.325=0.5061 val_L16_beta34.3422=0.5234 val_L16_beta38.5957=0.4321 val_L16_beta39.6475=0.4548 val_L16_beta47.0386=0.4620 val_L16_beta47.4228=0.5531 val_L16_beta54.11=0.3889 val_L16_beta56.1944=0.5633 val_L16_beta57.2189=0.4275 val_L32_beta2.1926=0.8510 val_L32_beta2.4697=0.9224 val_L32_beta2.8622=0.7649 val_L32_beta4.994=0.5583 val_L32_beta8.069=0.5466 val_L32_beta11.2015=0.6745 val_L32_beta12.3504=0.6222 val_L32_beta12.688=0.7328 val_L32_beta14.1441=0.5809 val_L32_beta18.0708=0.3887 val_L32_beta18.6487=0.3940 val_L32_beta52.6284=0.5521 val_L8_beta1.4347=0.5656 val_L8_beta1.4977=0.7091 val_L8_beta1.7872=0.6175 val_L8_beta1.9783=0.6386 val_L8_beta2.4006=0.6333 val_L8_beta2.4786=0.7680 val_total=48.8375
epoch  48  train=0.6364  val_L16_beta14.1464=0.5468 val_L16_beta25=0.5244 val_L16_beta40=0.5469 val_L16_beta55.0237=0.5152 val_L16_beta1.0119=0.7559 val_L16_beta1.0397=0.7765 val_L16_beta1.0743=0.6426 val_L16_beta1.2464=0.6980 val_L16_beta1.2749=0.6166 val_L16_beta1.7484=0.4864 val_L16_beta1.8367=0.7681 val_L16_beta1.8781=0.6308 val_L16_beta2.122=0.5464 val_L16_beta2.1285=0.6973 val_L16_beta2.1757=0.5783 val_L16_beta2.1862=0.5913 val_L16_beta2.2983=0.5636 val_L16_beta2.3046=0.8058 val_L16_beta2.3454=0.6404 val_L16_beta2.7647=0.7133 val_L16_beta3.1518=0.6530 val_L16_beta3.1669=0.7342 val_L16_beta3.2922=0.4626 val_L16_beta3.3842=0.6200 val_L16_beta3.4006=0.5744 val_L16_beta3.6231=0.7156 val_L16_beta3.7225=0.7068 val_L16_beta4.0764=0.6569 val_L16_beta4.7323=0.6959 val_L16_beta4.7632=0.5518 val_L16_beta5.586=0.5778 val_L16_beta6.2411=0.4570 val_L16_beta6.4184=0.5035 val_L16_beta6.8771=0.3998 val_L16_beta8.3946=0.4602 val_L16_beta8.4548=0.5498 val_L16_beta8.7139=0.6479 val_L16_beta9.287=0.7015 val_L16_beta9.571=0.4628 val_L16_beta9.8499=0.5291 val_L16_beta10.2188=0.5524 val_L16_beta11.8501=0.6127 val_L16_beta11.8784=0.5365 val_L16_beta12.9259=0.5108 val_L16_beta14.4687=0.6337 val_L16_beta15.5366=0.4948 val_L16_beta17.502=0.5086 val_L16_beta17.7602=0.6692 val_L16_beta19.403=0.5813 val_L16_beta20.2412=0.6682 val_L16_beta21.8857=0.5290 val_L16_beta27.0442=0.5993 val_L16_beta27.3387=0.5670 val_L16_beta27.7875=0.6123 val_L16_beta30.5978=0.5503 val_L16_beta33.325=0.5329 val_L16_beta34.3422=0.5151 val_L16_beta38.5957=0.4292 val_L16_beta39.6475=0.4511 val_L16_beta47.0386=0.4633 val_L16_beta47.4228=0.5487 val_L16_beta54.11=0.4138 val_L16_beta56.1944=0.5156 val_L16_beta57.2189=0.4201 val_L32_beta2.1926=0.8464 val_L32_beta2.4697=1.0715 val_L32_beta2.8622=0.8060 val_L32_beta4.994=0.5848 val_L32_beta8.069=0.5439 val_L32_beta11.2015=0.6894 val_L32_beta12.3504=0.7612 val_L32_beta12.688=0.7391 val_L32_beta14.1441=0.6446 val_L32_beta18.0708=0.3999 val_L32_beta18.6487=0.3974 val_L32_beta52.6284=0.5869 val_L8_beta1.4347=0.5526 val_L8_beta1.4977=0.7433 val_L8_beta1.7872=0.6254 val_L8_beta1.9783=0.6199 val_L8_beta2.4006=0.5899 val_L8_beta2.4786=0.7021 val_total=49.1254
epoch  49  train=0.6264  val_L16_beta14.1464=0.5519 val_L16_beta25=0.5458 val_L16_beta40=0.5423 val_L16_beta55.0237=0.5289 val_L16_beta1.0119=0.7670 val_L16_beta1.0397=0.7757 val_L16_beta1.0743=0.6799 val_L16_beta1.2464=0.6662 val_L16_beta1.2749=0.6288 val_L16_beta1.7484=0.4980 val_L16_beta1.8367=0.8127 val_L16_beta1.8781=0.6496 val_L16_beta2.122=0.5514 val_L16_beta2.1285=0.7244 val_L16_beta2.1757=0.5957 val_L16_beta2.1862=0.5722 val_L16_beta2.2983=0.5922 val_L16_beta2.3046=0.7353 val_L16_beta2.3454=0.6195 val_L16_beta2.7647=0.7399 val_L16_beta3.1518=0.6102 val_L16_beta3.1669=0.7308 val_L16_beta3.2922=0.4665 val_L16_beta3.3842=0.6107 val_L16_beta3.4006=0.5609 val_L16_beta3.6231=0.7282 val_L16_beta3.7225=0.6916 val_L16_beta4.0764=0.6400 val_L16_beta4.7323=0.6807 val_L16_beta4.7632=0.5479 val_L16_beta5.586=0.5878 val_L16_beta6.2411=0.4565 val_L16_beta6.4184=0.4842 val_L16_beta6.8771=0.4106 val_L16_beta8.3946=0.4929 val_L16_beta8.4548=0.5177 val_L16_beta8.7139=0.6314 val_L16_beta9.287=0.6979 val_L16_beta9.571=0.4993 val_L16_beta9.8499=0.5109 val_L16_beta10.2188=0.5394 val_L16_beta11.8501=0.5926 val_L16_beta11.8784=0.5256 val_L16_beta12.9259=0.5286 val_L16_beta14.4687=0.6208 val_L16_beta15.5366=0.4766 val_L16_beta17.502=0.4990 val_L16_beta17.7602=0.6963 val_L16_beta19.403=0.5682 val_L16_beta20.2412=0.6720 val_L16_beta21.8857=0.5362 val_L16_beta27.0442=0.6079 val_L16_beta27.3387=0.5817 val_L16_beta27.7875=0.5982 val_L16_beta30.5978=0.5846 val_L16_beta33.325=0.5151 val_L16_beta34.3422=0.4946 val_L16_beta38.5957=0.4484 val_L16_beta39.6475=0.4750 val_L16_beta47.0386=0.4655 val_L16_beta47.4228=0.5798 val_L16_beta54.11=0.3801 val_L16_beta56.1944=0.5400 val_L16_beta57.2189=0.4357 val_L32_beta2.1926=0.8560 val_L32_beta2.4697=0.8482 val_L32_beta2.8622=0.7378 val_L32_beta4.994=0.5606 val_L32_beta8.069=0.5451 val_L32_beta11.2015=0.6841 val_L32_beta12.3504=0.6681 val_L32_beta12.688=0.7292 val_L32_beta14.1441=0.6897 val_L32_beta18.0708=0.3572 val_L32_beta18.6487=0.3817 val_L32_beta52.6284=0.6290 val_L8_beta1.4347=0.5378 val_L8_beta1.4977=0.7363 val_L8_beta1.7872=0.6474 val_L8_beta1.9783=0.6090 val_L8_beta2.4006=0.6060 val_L8_beta2.4786=0.7447 val_total=48.8636
epoch  50  train=0.6259  val_L16_beta14.1464=0.5569 val_L16_beta25=0.5154 val_L16_beta40=0.5433 val_L16_beta55.0237=0.5293 val_L16_beta1.0119=0.7339 val_L16_beta1.0397=0.7818 val_L16_beta1.0743=0.6737 val_L16_beta1.2464=0.7111 val_L16_beta1.2749=0.6143 val_L16_beta1.7484=0.4960 val_L16_beta1.8367=0.8242 val_L16_beta1.8781=0.6316 val_L16_beta2.122=0.5367 val_L16_beta2.1285=0.7173 val_L16_beta2.1757=0.5816 val_L16_beta2.1862=0.5661 val_L16_beta2.2983=0.5648 val_L16_beta2.3046=0.7229 val_L16_beta2.3454=0.6328 val_L16_beta2.7647=0.7207 val_L16_beta3.1518=0.6480 val_L16_beta3.1669=0.7294 val_L16_beta3.2922=0.4646 val_L16_beta3.3842=0.6112 val_L16_beta3.4006=0.5725 val_L16_beta3.6231=0.7208 val_L16_beta3.7225=0.7049 val_L16_beta4.0764=0.6360 val_L16_beta4.7323=0.6945 val_L16_beta4.7632=0.5543 val_L16_beta5.586=0.6089 val_L16_beta6.2411=0.4678 val_L16_beta6.4184=0.4717 val_L16_beta6.8771=0.4032 val_L16_beta8.3946=0.4961 val_L16_beta8.4548=0.5245 val_L16_beta8.7139=0.6168 val_L16_beta9.287=0.6978 val_L16_beta9.571=0.4984 val_L16_beta9.8499=0.5031 val_L16_beta10.2188=0.5327 val_L16_beta11.8501=0.5951 val_L16_beta11.8784=0.5348 val_L16_beta12.9259=0.5164 val_L16_beta14.4687=0.6160 val_L16_beta15.5366=0.4969 val_L16_beta17.502=0.5028 val_L16_beta17.7602=0.6733 val_L16_beta19.403=0.5435 val_L16_beta20.2412=0.6591 val_L16_beta21.8857=0.5460 val_L16_beta27.0442=0.5940 val_L16_beta27.3387=0.5660 val_L16_beta27.7875=0.5880 val_L16_beta30.5978=0.5657 val_L16_beta33.325=0.5167 val_L16_beta34.3422=0.5092 val_L16_beta38.5957=0.4240 val_L16_beta39.6475=0.4596 val_L16_beta47.0386=0.4697 val_L16_beta47.4228=0.5594 val_L16_beta54.11=0.3866 val_L16_beta56.1944=0.5311 val_L16_beta57.2189=0.4115 val_L32_beta2.1926=0.8314 val_L32_beta2.4697=0.8077 val_L32_beta2.8622=0.7143 val_L32_beta4.994=0.6356 val_L32_beta8.069=0.5388 val_L32_beta11.2015=0.6752 val_L32_beta12.3504=0.6786 val_L32_beta12.688=0.7073 val_L32_beta14.1441=0.5821 val_L32_beta18.0708=0.3530 val_L32_beta18.6487=0.3913 val_L32_beta52.6284=0.5400 val_L8_beta1.4347=0.4752 val_L8_beta1.4977=0.7468 val_L8_beta1.7872=0.6302 val_L8_beta1.9783=0.5888 val_L8_beta2.4006=0.7262 val_L8_beta2.4786=0.7070 val_total=48.4069
epoch  51  train=0.6282  val_L16_beta14.1464=0.5492 val_L16_beta25=0.5355 val_L16_beta40=0.5449 val_L16_beta55.0237=0.5155 val_L16_beta1.0119=0.7401 val_L16_beta1.0397=0.7664 val_L16_beta1.0743=0.6842 val_L16_beta1.2464=0.6655 val_L16_beta1.2749=0.5880 val_L16_beta1.7484=0.4985 val_L16_beta1.8367=0.8465 val_L16_beta1.8781=0.6507 val_L16_beta2.122=0.5459 val_L16_beta2.1285=0.7133 val_L16_beta2.1757=0.6144 val_L16_beta2.1862=0.5908 val_L16_beta2.2983=0.5561 val_L16_beta2.3046=0.7943 val_L16_beta2.3454=0.6043 val_L16_beta2.7647=0.7178 val_L16_beta3.1518=0.6218 val_L16_beta3.1669=0.7400 val_L16_beta3.2922=0.4691 val_L16_beta3.3842=0.6535 val_L16_beta3.4006=0.5658 val_L16_beta3.6231=0.7205 val_L16_beta3.7225=0.7155 val_L16_beta4.0764=0.6785 val_L16_beta4.7323=0.6982 val_L16_beta4.7632=0.5609 val_L16_beta5.586=0.6185 val_L16_beta6.2411=0.4770 val_L16_beta6.4184=0.4779 val_L16_beta6.8771=0.3994 val_L16_beta8.3946=0.4843 val_L16_beta8.4548=0.4978 val_L16_beta8.7139=0.6257 val_L16_beta9.287=0.7041 val_L16_beta9.571=0.4799 val_L16_beta9.8499=0.5056 val_L16_beta10.2188=0.5642 val_L16_beta11.8501=0.6161 val_L16_beta11.8784=0.5108 val_L16_beta12.9259=0.5078 val_L16_beta14.4687=0.6377 val_L16_beta15.5366=0.5157 val_L16_beta17.502=0.5047 val_L16_beta17.7602=0.6651 val_L16_beta19.403=0.5711 val_L16_beta20.2412=0.6716 val_L16_beta21.8857=0.5280 val_L16_beta27.0442=0.6075 val_L16_beta27.3387=0.5644 val_L16_beta27.7875=0.5993 val_L16_beta30.5978=0.5881 val_L16_beta33.325=0.5213 val_L16_beta34.3422=0.5156 val_L16_beta38.5957=0.4170 val_L16_beta39.6475=0.4894 val_L16_beta47.0386=0.4759 val_L16_beta47.4228=0.5548 val_L16_beta54.11=0.3849 val_L16_beta56.1944=0.5434 val_L16_beta57.2189=0.4267 val_L32_beta2.1926=0.9007 val_L32_beta2.4697=1.0701 val_L32_beta2.8622=0.8768 val_L32_beta4.994=0.5721 val_L32_beta8.069=0.5515 val_L32_beta11.2015=0.6968 val_L32_beta12.3504=0.7107 val_L32_beta12.688=0.7100 val_L32_beta14.1441=0.6147 val_L32_beta18.0708=0.3677 val_L32_beta18.6487=0.4016 val_L32_beta52.6284=0.5944 val_L8_beta1.4347=0.5544 val_L8_beta1.4977=0.6973 val_L8_beta1.7872=0.6537 val_L8_beta1.9783=0.5690 val_L8_beta2.4006=0.6587 val_L8_beta2.4786=0.7852 val_total=49.3826
epoch  52  train=0.6308  val_L16_beta14.1464=0.5400 val_L16_beta25=0.5345 val_L16_beta40=0.5415 val_L16_beta55.0237=0.5245 val_L16_beta1.0119=0.7092 val_L16_beta1.0397=0.8042 val_L16_beta1.0743=0.6749 val_L16_beta1.2464=0.6886 val_L16_beta1.2749=0.6124 val_L16_beta1.7484=0.5066 val_L16_beta1.8367=0.8249 val_L16_beta1.8781=0.6256 val_L16_beta2.122=0.5160 val_L16_beta2.1285=0.7348 val_L16_beta2.1757=0.5899 val_L16_beta2.1862=0.5651 val_L16_beta2.2983=0.5806 val_L16_beta2.3046=0.7581 val_L16_beta2.3454=0.6403 val_L16_beta2.7647=0.7150 val_L16_beta3.1518=0.6325 val_L16_beta3.1669=0.7368 val_L16_beta3.2922=0.4803 val_L16_beta3.3842=0.5939 val_L16_beta3.4006=0.5680 val_L16_beta3.6231=0.7397 val_L16_beta3.7225=0.7158 val_L16_beta4.0764=0.6557 val_L16_beta4.7323=0.6697 val_L16_beta4.7632=0.5393 val_L16_beta5.586=0.5943 val_L16_beta6.2411=0.4754 val_L16_beta6.4184=0.4773 val_L16_beta6.8771=0.4025 val_L16_beta8.3946=0.4932 val_L16_beta8.4548=0.5316 val_L16_beta8.7139=0.6394 val_L16_beta9.287=0.6970 val_L16_beta9.571=0.4849 val_L16_beta9.8499=0.5223 val_L16_beta10.2188=0.5374 val_L16_beta11.8501=0.5995 val_L16_beta11.8784=0.5242 val_L16_beta12.9259=0.5272 val_L16_beta14.4687=0.6179 val_L16_beta15.5366=0.4696 val_L16_beta17.502=0.4945 val_L16_beta17.7602=0.6753 val_L16_beta19.403=0.5303 val_L16_beta20.2412=0.6731 val_L16_beta21.8857=0.5304 val_L16_beta27.0442=0.6294 val_L16_beta27.3387=0.5786 val_L16_beta27.7875=0.5982 val_L16_beta30.5978=0.5635 val_L16_beta33.325=0.5339 val_L16_beta34.3422=0.5175 val_L16_beta38.5957=0.4167 val_L16_beta39.6475=0.4661 val_L16_beta47.0386=0.4761 val_L16_beta47.4228=0.5720 val_L16_beta54.11=0.3876 val_L16_beta56.1944=0.5772 val_L16_beta57.2189=0.4602 val_L32_beta2.1926=0.8554 val_L32_beta2.4697=0.8364 val_L32_beta2.8622=0.7421 val_L32_beta4.994=0.5500 val_L32_beta8.069=0.5260 val_L32_beta11.2015=0.6637 val_L32_beta12.3504=0.6393 val_L32_beta12.688=0.7097 val_L32_beta14.1441=0.5547 val_L32_beta18.0708=0.3569 val_L32_beta18.6487=0.3850 val_L32_beta52.6284=0.5659 val_L8_beta1.4347=0.5053 val_L8_beta1.4977=0.7912 val_L8_beta1.7872=0.6287 val_L8_beta1.9783=0.6768 val_L8_beta2.4006=0.6983 val_L8_beta2.4786=0.7513 val_total=48.7294
epoch  53  train=0.6252  val_L16_beta14.1464=0.5458 val_L16_beta25=0.5235 val_L16_beta40=0.5353 val_L16_beta55.0237=0.5283 val_L16_beta1.0119=0.7221 val_L16_beta1.0397=0.7943 val_L16_beta1.0743=0.6737 val_L16_beta1.2464=0.6527 val_L16_beta1.2749=0.6087 val_L16_beta1.7484=0.5076 val_L16_beta1.8367=0.7797 val_L16_beta1.8781=0.6260 val_L16_beta2.122=0.5556 val_L16_beta2.1285=0.7118 val_L16_beta2.1757=0.5842 val_L16_beta2.1862=0.5475 val_L16_beta2.2983=0.5766 val_L16_beta2.3046=0.7704 val_L16_beta2.3454=0.6505 val_L16_beta2.7647=0.6812 val_L16_beta3.1518=0.6400 val_L16_beta3.1669=0.7197 val_L16_beta3.2922=0.4678 val_L16_beta3.3842=0.6245 val_L16_beta3.4006=0.5562 val_L16_beta3.6231=0.7187 val_L16_beta3.7225=0.6892 val_L16_beta4.0764=0.6646 val_L16_beta4.7323=0.6904 val_L16_beta4.7632=0.5370 val_L16_beta5.586=0.6088 val_L16_beta6.2411=0.4463 val_L16_beta6.4184=0.5059 val_L16_beta6.8771=0.3953 val_L16_beta8.3946=0.4846 val_L16_beta8.4548=0.5172 val_L16_beta8.7139=0.6073 val_L16_beta9.287=0.7135 val_L16_beta9.571=0.4687 val_L16_beta9.8499=0.5098 val_L16_beta10.2188=0.5657 val_L16_beta11.8501=0.6009 val_L16_beta11.8784=0.5156 val_L16_beta12.9259=0.5224 val_L16_beta14.4687=0.6586 val_L16_beta15.5366=0.5018 val_L16_beta17.502=0.5099 val_L16_beta17.7602=0.7052 val_L16_beta19.403=0.5507 val_L16_beta20.2412=0.6728 val_L16_beta21.8857=0.5310 val_L16_beta27.0442=0.5941 val_L16_beta27.3387=0.5907 val_L16_beta27.7875=0.6152 val_L16_beta30.5978=0.6084 val_L16_beta33.325=0.5188 val_L16_beta34.3422=0.4976 val_L16_beta38.5957=0.4160 val_L16_beta39.6475=0.4839 val_L16_beta47.0386=0.4634 val_L16_beta47.4228=0.5604 val_L16_beta54.11=0.3923 val_L16_beta56.1944=0.5157 val_L16_beta57.2189=0.4554 val_L32_beta2.1926=0.8391 val_L32_beta2.4697=0.8060 val_L32_beta2.8622=0.7362 val_L32_beta4.994=0.5426 val_L32_beta8.069=0.5313 val_L32_beta11.2015=0.6672 val_L32_beta12.3504=0.6180 val_L32_beta12.688=0.7079 val_L32_beta14.1441=0.5771 val_L32_beta18.0708=0.3506 val_L32_beta18.6487=0.3899 val_L32_beta52.6284=0.5338 val_L8_beta1.4347=0.5130 val_L8_beta1.4977=0.7370 val_L8_beta1.7872=0.6545 val_L8_beta1.9783=0.6608 val_L8_beta2.4006=0.6275 val_L8_beta2.4786=0.7166 val_total=48.3969
epoch  54  train=0.6269  val_L16_beta14.1464=0.5395 val_L16_beta25=0.5265 val_L16_beta40=0.5384 val_L16_beta55.0237=0.5224 val_L16_beta1.0119=0.7122 val_L16_beta1.0397=0.7635 val_L16_beta1.0743=0.6782 val_L16_beta1.2464=0.6796 val_L16_beta1.2749=0.6698 val_L16_beta1.7484=0.4917 val_L16_beta1.8367=0.7995 val_L16_beta1.8781=0.6540 val_L16_beta2.122=0.5262 val_L16_beta2.1285=0.7382 val_L16_beta2.1757=0.6299 val_L16_beta2.1862=0.5705 val_L16_beta2.2983=0.5743 val_L16_beta2.3046=0.7208 val_L16_beta2.3454=0.6489 val_L16_beta2.7647=0.7023 val_L16_beta3.1518=0.6463 val_L16_beta3.1669=0.7469 val_L16_beta3.2922=0.4756 val_L16_beta3.3842=0.6184 val_L16_beta3.4006=0.5880 val_L16_beta3.6231=0.7232 val_L16_beta3.7225=0.6882 val_L16_beta4.0764=0.6496 val_L16_beta4.7323=0.6991 val_L16_beta4.7632=0.5287 val_L16_beta5.586=0.6073 val_L16_beta6.2411=0.4659 val_L16_beta6.4184=0.4774 val_L16_beta6.8771=0.3909 val_L16_beta8.3946=0.4663 val_L16_beta8.4548=0.5337 val_L16_beta8.7139=0.6115 val_L16_beta9.287=0.6737 val_L16_beta9.571=0.5059 val_L16_beta9.8499=0.5196 val_L16_beta10.2188=0.5722 val_L16_beta11.8501=0.6061 val_L16_beta11.8784=0.5443 val_L16_beta12.9259=0.5117 val_L16_beta14.4687=0.6186 val_L16_beta15.5366=0.4693 val_L16_beta17.502=0.4898 val_L16_beta17.7602=0.6797 val_L16_beta19.403=0.5450 val_L16_beta20.2412=0.6872 val_L16_beta21.8857=0.5247 val_L16_beta27.0442=0.6062 val_L16_beta27.3387=0.5659 val_L16_beta27.7875=0.5956 val_L16_beta30.5978=0.5875 val_L16_beta33.325=0.5283 val_L16_beta34.3422=0.5284 val_L16_beta38.5957=0.4239 val_L16_beta39.6475=0.4544 val_L16_beta47.0386=0.4699 val_L16_beta47.4228=0.5724 val_L16_beta54.11=0.4046 val_L16_beta56.1944=0.5313 val_L16_beta57.2189=0.4426 val_L32_beta2.1926=0.8944 val_L32_beta2.4697=0.8884 val_L32_beta2.8622=0.7761 val_L32_beta4.994=0.5611 val_L32_beta8.069=0.5282 val_L32_beta11.2015=0.6728 val_L32_beta12.3504=0.6126 val_L32_beta12.688=0.7025 val_L32_beta14.1441=0.5540 val_L32_beta18.0708=0.3603 val_L32_beta18.6487=0.3823 val_L32_beta52.6284=0.5522 val_L8_beta1.4347=0.5436 val_L8_beta1.4977=0.7229 val_L8_beta1.7872=0.6166 val_L8_beta1.9783=0.6153 val_L8_beta2.4006=0.6402 val_L8_beta2.4786=0.7355 val_total=48.6214
epoch  55  train=0.6277  val_L16_beta14.1464=0.5500 val_L16_beta25=0.5212 val_L16_beta40=0.5386 val_L16_beta55.0237=0.5083 val_L16_beta1.0119=0.7541 val_L16_beta1.0397=0.7862 val_L16_beta1.0743=0.6919 val_L16_beta1.2464=0.6765 val_L16_beta1.2749=0.6160 val_L16_beta1.7484=0.4907 val_L16_beta1.8367=0.8471 val_L16_beta1.8781=0.6267 val_L16_beta2.122=0.5588 val_L16_beta2.1285=0.7320 val_L16_beta2.1757=0.6078 val_L16_beta2.1862=0.5983 val_L16_beta2.2983=0.5740 val_L16_beta2.3046=0.7951 val_L16_beta2.3454=0.6406 val_L16_beta2.7647=0.7345 val_L16_beta3.1518=0.6461 val_L16_beta3.1669=0.7198 val_L16_beta3.2922=0.4545 val_L16_beta3.3842=0.6236 val_L16_beta3.4006=0.5379 val_L16_beta3.6231=0.7133 val_L16_beta3.7225=0.6945 val_L16_beta4.0764=0.6181 val_L16_beta4.7323=0.7032 val_L16_beta4.7632=0.5395 val_L16_beta5.586=0.5911 val_L16_beta6.2411=0.4514 val_L16_beta6.4184=0.4792 val_L16_beta6.8771=0.3768 val_L16_beta8.3946=0.5063 val_L16_beta8.4548=0.5433 val_L16_beta8.7139=0.5968 val_L16_beta9.287=0.6788 val_L16_beta9.571=0.4747 val_L16_beta9.8499=0.5211 val_L16_beta10.2188=0.5459 val_L16_beta11.8501=0.5883 val_L16_beta11.8784=0.5344 val_L16_beta12.9259=0.4987 val_L16_beta14.4687=0.6535 val_L16_beta15.5366=0.5073 val_L16_beta17.502=0.5096 val_L16_beta17.7602=0.6846 val_L16_beta19.403=0.5474 val_L16_beta20.2412=0.6505 val_L16_beta21.8857=0.5210 val_L16_beta27.0442=0.5704 val_L16_beta27.3387=0.5975 val_L16_beta27.7875=0.5684 val_L16_beta30.5978=0.5781 val_L16_beta33.325=0.5246 val_L16_beta34.3422=0.5252 val_L16_beta38.5957=0.4169 val_L16_beta39.6475=0.4692 val_L16_beta47.0386=0.4749 val_L16_beta47.4228=0.5778 val_L16_beta54.11=0.3839 val_L16_beta56.1944=0.5425 val_L16_beta57.2189=0.4404 val_L32_beta2.1926=0.8961 val_L32_beta2.4697=0.9354 val_L32_beta2.8622=0.8651 val_L32_beta4.994=0.5600 val_L32_beta8.069=0.5320 val_L32_beta11.2015=0.6799 val_L32_beta12.3504=0.6154 val_L32_beta12.688=0.7028 val_L32_beta14.1441=0.5649 val_L32_beta18.0708=0.3382 val_L32_beta18.6487=0.3850 val_L32_beta52.6284=0.5492 val_L8_beta1.4347=0.5352 val_L8_beta1.4977=0.7521 val_L8_beta1.7872=0.6461 val_L8_beta1.9783=0.6024 val_L8_beta2.4006=0.7183 val_L8_beta2.4786=0.7306 val_total=48.8377
epoch  56  train=0.6308  val_L16_beta14.1464=0.5446 val_L16_beta25=0.5168 val_L16_beta40=0.5477 val_L16_beta55.0237=0.5162 val_L16_beta1.0119=0.7465 val_L16_beta1.0397=0.7856 val_L16_beta1.0743=0.6850 val_L16_beta1.2464=0.7312 val_L16_beta1.2749=0.6202 val_L16_beta1.7484=0.4928 val_L16_beta1.8367=0.8037 val_L16_beta1.8781=0.6694 val_L16_beta2.122=0.5624 val_L16_beta2.1285=0.7169 val_L16_beta2.1757=0.5929 val_L16_beta2.1862=0.5677 val_L16_beta2.2983=0.6219 val_L16_beta2.3046=0.7389 val_L16_beta2.3454=0.6621 val_L16_beta2.7647=0.7046 val_L16_beta3.1518=0.6498 val_L16_beta3.1669=0.7462 val_L16_beta3.2922=0.4384 val_L16_beta3.3842=0.5986 val_L16_beta3.4006=0.5754 val_L16_beta3.6231=0.7086 val_L16_beta3.7225=0.6867 val_L16_beta4.0764=0.6559 val_L16_beta4.7323=0.6842 val_L16_beta4.7632=0.5397 val_L16_beta5.586=0.6012 val_L16_beta6.2411=0.4659 val_L16_beta6.4184=0.4773 val_L16_beta6.8771=0.4005 val_L16_beta8.3946=0.4940 val_L16_beta8.4548=0.5017 val_L16_beta8.7139=0.6094 val_L16_beta9.287=0.7020 val_L16_beta9.571=0.4711 val_L16_beta9.8499=0.5113 val_L16_beta10.2188=0.5293 val_L16_beta11.8501=0.6079 val_L16_beta11.8784=0.4989 val_L16_beta12.9259=0.5210 val_L16_beta14.4687=0.6243 val_L16_beta15.5366=0.4571 val_L16_beta17.502=0.4889 val_L16_beta17.7602=0.6745 val_L16_beta19.403=0.5450 val_L16_beta20.2412=0.6866 val_L16_beta21.8857=0.5631 val_L16_beta27.0442=0.6161 val_L16_beta27.3387=0.5777 val_L16_beta27.7875=0.5923 val_L16_beta30.5978=0.5591 val_L16_beta33.325=0.4969 val_L16_beta34.3422=0.4885 val_L16_beta38.5957=0.4451 val_L16_beta39.6475=0.4803 val_L16_beta47.0386=0.4569 val_L16_beta47.4228=0.5503 val_L16_beta54.11=0.3952 val_L16_beta56.1944=0.5279 val_L16_beta57.2189=0.4444 val_L32_beta2.1926=0.8564 val_L32_beta2.4697=0.7792 val_L32_beta2.8622=0.7387 val_L32_beta4.994=0.5784 val_L32_beta8.069=0.5399 val_L32_beta11.2015=0.6667 val_L32_beta12.3504=0.6897 val_L32_beta12.688=0.7192 val_L32_beta14.1441=0.5764 val_L32_beta18.0708=0.3460 val_L32_beta18.6487=0.3816 val_L32_beta52.6284=0.5346 val_L8_beta1.4347=0.5666 val_L8_beta1.4977=0.6734 val_L8_beta1.7872=0.6458 val_L8_beta1.9783=0.6183 val_L8_beta2.4006=0.6303 val_L8_beta2.4786=0.7157 val_total=48.4292
epoch  57  train=0.6299  val_L16_beta14.1464=0.5432 val_L16_beta25=0.5201 val_L16_beta40=0.5414 val_L16_beta55.0237=0.5115 val_L16_beta1.0119=0.7633 val_L16_beta1.0397=0.7814 val_L16_beta1.0743=0.7173 val_L16_beta1.2464=0.7422 val_L16_beta1.2749=0.5996 val_L16_beta1.7484=0.5021 val_L16_beta1.8367=0.8089 val_L16_beta1.8781=0.6451 val_L16_beta2.122=0.5482 val_L16_beta2.1285=0.7316 val_L16_beta2.1757=0.6051 val_L16_beta2.1862=0.5906 val_L16_beta2.2983=0.5574 val_L16_beta2.3046=0.7608 val_L16_beta2.3454=0.6554 val_L16_beta2.7647=0.7447 val_L16_beta3.1518=0.6506 val_L16_beta3.1669=0.7054 val_L16_beta3.2922=0.4709 val_L16_beta3.3842=0.6096 val_L16_beta3.4006=0.5655 val_L16_beta3.6231=0.7091 val_L16_beta3.7225=0.6912 val_L16_beta4.0764=0.6645 val_L16_beta4.7323=0.7093 val_L16_beta4.7632=0.5560 val_L16_beta5.586=0.5991 val_L16_beta6.2411=0.4717 val_L16_beta6.4184=0.4746 val_L16_beta6.8771=0.3762 val_L16_beta8.3946=0.4904 val_L16_beta8.4548=0.5356 val_L16_beta8.7139=0.6229 val_L16_beta9.287=0.6889 val_L16_beta9.571=0.4590 val_L16_beta9.8499=0.5098 val_L16_beta10.2188=0.5531 val_L16_beta11.8501=0.6079 val_L16_beta11.8784=0.5304 val_L16_beta12.9259=0.5053 val_L16_beta14.4687=0.6555 val_L16_beta15.5366=0.4786 val_L16_beta17.502=0.4889 val_L16_beta17.7602=0.7234 val_L16_beta19.403=0.5494 val_L16_beta20.2412=0.6880 val_L16_beta21.8857=0.5324 val_L16_beta27.0442=0.5992 val_L16_beta27.3387=0.5559 val_L16_beta27.7875=0.6005 val_L16_beta30.5978=0.5754 val_L16_beta33.325=0.4993 val_L16_beta34.3422=0.4874 val_L16_beta38.5957=0.4271 val_L16_beta39.6475=0.4539 val_L16_beta47.0386=0.4597 val_L16_beta47.4228=0.5862 val_L16_beta54.11=0.3808 val_L16_beta56.1944=0.5368 val_L16_beta57.2189=0.4317 val_L32_beta2.1926=0.8771 val_L32_beta2.4697=0.8392 val_L32_beta2.8622=0.7108 val_L32_beta4.994=0.5531 val_L32_beta8.069=0.5472 val_L32_beta11.2015=0.6668 val_L32_beta12.3504=0.6212 val_L32_beta12.688=0.7037 val_L32_beta14.1441=0.5751 val_L32_beta18.0708=0.3654 val_L32_beta18.6487=0.3826 val_L32_beta52.6284=0.5405 val_L8_beta1.4347=0.4827 val_L8_beta1.4977=0.7241 val_L8_beta1.7872=0.6054 val_L8_beta1.9783=0.6151 val_L8_beta2.4006=0.6896 val_L8_beta2.4786=0.6945 val_total=48.5314
epoch  58  train=0.6292  val_L16_beta14.1464=0.5514 val_L16_beta25=0.5217 val_L16_beta40=0.5389 val_L16_beta55.0237=0.5198 val_L16_beta1.0119=0.7080 val_L16_beta1.0397=0.7851 val_L16_beta1.0743=0.6694 val_L16_beta1.2464=0.6815 val_L16_beta1.2749=0.6170 val_L16_beta1.7484=0.5033 val_L16_beta1.8367=0.8080 val_L16_beta1.8781=0.6386 val_L16_beta2.122=0.5650 val_L16_beta2.1285=0.7246 val_L16_beta2.1757=0.6035 val_L16_beta2.1862=0.5561 val_L16_beta2.2983=0.5487 val_L16_beta2.3046=0.8031 val_L16_beta2.3454=0.6261 val_L16_beta2.7647=0.7154 val_L16_beta3.1518=0.6703 val_L16_beta3.1669=0.7162 val_L16_beta3.2922=0.4533 val_L16_beta3.3842=0.6222 val_L16_beta3.4006=0.5557 val_L16_beta3.6231=0.7416 val_L16_beta3.7225=0.7041 val_L16_beta4.0764=0.6317 val_L16_beta4.7323=0.6811 val_L16_beta4.7632=0.5466 val_L16_beta5.586=0.6027 val_L16_beta6.2411=0.4696 val_L16_beta6.4184=0.4754 val_L16_beta6.8771=0.3798 val_L16_beta8.3946=0.4797 val_L16_beta8.4548=0.5320 val_L16_beta8.7139=0.6341 val_L16_beta9.287=0.6931 val_L16_beta9.571=0.4713 val_L16_beta9.8499=0.5200 val_L16_beta10.2188=0.5495 val_L16_beta11.8501=0.6184 val_L16_beta11.8784=0.5449 val_L16_beta12.9259=0.5226 val_L16_beta14.4687=0.6456 val_L16_beta15.5366=0.4912 val_L16_beta17.502=0.4879 val_L16_beta17.7602=0.7271 val_L16_beta19.403=0.5522 val_L16_beta20.2412=0.6773 val_L16_beta21.8857=0.5352 val_L16_beta27.0442=0.6184 val_L16_beta27.3387=0.5853 val_L16_beta27.7875=0.6145 val_L16_beta30.5978=0.5911 val_L16_beta33.325=0.5395 val_L16_beta34.3422=0.5360 val_L16_beta38.5957=0.4451 val_L16_beta39.6475=0.4832 val_L16_beta47.0386=0.4657 val_L16_beta47.4228=0.5636 val_L16_beta54.11=0.3680 val_L16_beta56.1944=0.5606 val_L16_beta57.2189=0.4292 val_L32_beta2.1926=0.8655 val_L32_beta2.4697=0.9191 val_L32_beta2.8622=0.8529 val_L32_beta4.994=0.5674 val_L32_beta8.069=0.5401 val_L32_beta11.2015=0.6718 val_L32_beta12.3504=0.6347 val_L32_beta12.688=0.7185 val_L32_beta14.1441=0.5775 val_L32_beta18.0708=0.3500 val_L32_beta18.6487=0.3783 val_L32_beta52.6284=0.5375 val_L8_beta1.4347=0.5695 val_L8_beta1.4977=0.7310 val_L8_beta1.7872=0.5926 val_L8_beta1.9783=0.6025 val_L8_beta2.4006=0.6189 val_L8_beta2.4786=0.7629 val_total=48.9083
epoch  59  train=0.6268  val_L16_beta14.1464=0.5394 val_L16_beta25=0.5285 val_L16_beta40=0.5385 val_L16_beta55.0237=0.5165 val_L16_beta1.0119=0.7441 val_L16_beta1.0397=0.7856 val_L16_beta1.0743=0.6707 val_L16_beta1.2464=0.6974 val_L16_beta1.2749=0.6484 val_L16_beta1.7484=0.4716 val_L16_beta1.8367=0.8497 val_L16_beta1.8781=0.6301 val_L16_beta2.122=0.5609 val_L16_beta2.1285=0.7415 val_L16_beta2.1757=0.5967 val_L16_beta2.1862=0.5694 val_L16_beta2.2983=0.5780 val_L16_beta2.3046=0.7172 val_L16_beta2.3454=0.6462 val_L16_beta2.7647=0.7149 val_L16_beta3.1518=0.6440 val_L16_beta3.1669=0.7540 val_L16_beta3.2922=0.4420 val_L16_beta3.3842=0.6252 val_L16_beta3.4006=0.5460 val_L16_beta3.6231=0.7501 val_L16_beta3.7225=0.6679 val_L16_beta4.0764=0.6744 val_L16_beta4.7323=0.7016 val_L16_beta4.7632=0.5499 val_L16_beta5.586=0.5940 val_L16_beta6.2411=0.4713 val_L16_beta6.4184=0.4600 val_L16_beta6.8771=0.4240 val_L16_beta8.3946=0.4804 val_L16_beta8.4548=0.5233 val_L16_beta8.7139=0.6090 val_L16_beta9.287=0.6753 val_L16_beta9.571=0.5043 val_L16_beta9.8499=0.5253 val_L16_beta10.2188=0.5162 val_L16_beta11.8501=0.6034 val_L16_beta11.8784=0.5104 val_L16_beta12.9259=0.5041 val_L16_beta14.4687=0.6565 val_L16_beta15.5366=0.4738 val_L16_beta17.502=0.4783 val_L16_beta17.7602=0.6811 val_L16_beta19.403=0.5608 val_L16_beta20.2412=0.6779 val_L16_beta21.8857=0.5346 val_L16_beta27.0442=0.5903 val_L16_beta27.3387=0.5765 val_L16_beta27.7875=0.5923 val_L16_beta30.5978=0.5756 val_L16_beta33.325=0.5233 val_L16_beta34.3422=0.5049 val_L16_beta38.5957=0.4317 val_L16_beta39.6475=0.4338 val_L16_beta47.0386=0.4644 val_L16_beta47.4228=0.5670 val_L16_beta54.11=0.3865 val_L16_beta56.1944=0.5239 val_L16_beta57.2189=0.4387 val_L32_beta2.1926=0.8694 val_L32_beta2.4697=0.8523 val_L32_beta2.8622=0.7289 val_L32_beta4.994=0.5303 val_L32_beta8.069=0.5670 val_L32_beta11.2015=0.6734 val_L32_beta12.3504=0.6478 val_L32_beta12.688=0.7126 val_L32_beta14.1441=0.5715 val_L32_beta18.0708=0.3488 val_L32_beta18.6487=0.3857 val_L32_beta52.6284=0.5458 val_L8_beta1.4347=0.5171 val_L8_beta1.4977=0.7594 val_L8_beta1.7872=0.6818 val_L8_beta1.9783=0.6300 val_L8_beta2.4006=0.6901 val_L8_beta2.4786=0.7481 val_total=48.6332
epoch  60  train=0.6277  val_L16_beta14.1464=0.5449 val_L16_beta25=0.5189 val_L16_beta40=0.5459 val_L16_beta55.0237=0.5203 val_L16_beta1.0119=0.7203 val_L16_beta1.0397=0.7776 val_L16_beta1.0743=0.6855 val_L16_beta1.2464=0.7148 val_L16_beta1.2749=0.6081 val_L16_beta1.7484=0.4808 val_L16_beta1.8367=0.7992 val_L16_beta1.8781=0.6502 val_L16_beta2.122=0.5643 val_L16_beta2.1285=0.7167 val_L16_beta2.1757=0.5808 val_L16_beta2.1862=0.5721 val_L16_beta2.2983=0.5664 val_L16_beta2.3046=0.7353 val_L16_beta2.3454=0.6240 val_L16_beta2.7647=0.7265 val_L16_beta3.1518=0.6468 val_L16_beta3.1669=0.7246 val_L16_beta3.2922=0.4581 val_L16_beta3.3842=0.6188 val_L16_beta3.4006=0.5568 val_L16_beta3.6231=0.7120 val_L16_beta3.7225=0.6999 val_L16_beta4.0764=0.6560 val_L16_beta4.7323=0.6716 val_L16_beta4.7632=0.5404 val_L16_beta5.586=0.6235 val_L16_beta6.2411=0.4780 val_L16_beta6.4184=0.4749 val_L16_beta6.8771=0.3804 val_L16_beta8.3946=0.4821 val_L16_beta8.4548=0.5149 val_L16_beta8.7139=0.6455 val_L16_beta9.287=0.7094 val_L16_beta9.571=0.5072 val_L16_beta9.8499=0.5100 val_L16_beta10.2188=0.5271 val_L16_beta11.8501=0.6139 val_L16_beta11.8784=0.5418 val_L16_beta12.9259=0.5459 val_L16_beta14.4687=0.6372 val_L16_beta15.5366=0.4753 val_L16_beta17.502=0.5008 val_L16_beta17.7602=0.6792 val_L16_beta19.403=0.5483 val_L16_beta20.2412=0.6789 val_L16_beta21.8857=0.5284 val_L16_beta27.0442=0.6080 val_L16_beta27.3387=0.5820 val_L16_beta27.7875=0.5733 val_L16_beta30.5978=0.5826 val_L16_beta33.325=0.5379 val_L16_beta34.3422=0.4899 val_L16_beta38.5957=0.4251 val_L16_beta39.6475=0.4782 val_L16_beta47.0386=0.4451 val_L16_beta47.4228=0.5860 val_L16_beta54.11=0.3713 val_L16_beta56.1944=0.5393 val_L16_beta57.2189=0.4524 val_L32_beta2.1926=0.8524 val_L32_beta2.4697=0.8851 val_L32_beta2.8622=0.7057 val_L32_beta4.994=0.5371 val_L32_beta8.069=0.5285 val_L32_beta11.2015=0.6734 val_L32_beta12.3504=0.6618 val_L32_beta12.688=0.7212 val_L32_beta14.1441=0.5710 val_L32_beta18.0708=0.3483 val_L32_beta18.6487=0.3869 val_L32_beta52.6284=0.5453 val_L8_beta1.4347=0.5185 val_L8_beta1.4977=0.7484 val_L8_beta1.7872=0.6468 val_L8_beta1.9783=0.6000 val_L8_beta2.4006=0.6545 val_L8_beta2.4786=0.6848 val_total=48.4812
epoch  61  train=0.6330  val_L16_beta14.1464=0.5429 val_L16_beta25=0.5233 val_L16_beta40=0.5385 val_L16_beta55.0237=0.5195 val_L16_beta1.0119=0.6956 val_L16_beta1.0397=0.7440 val_L16_beta1.0743=0.6890 val_L16_beta1.2464=0.7058 val_L16_beta1.2749=0.5990 val_L16_beta1.7484=0.5088 val_L16_beta1.8367=0.7839 val_L16_beta1.8781=0.6272 val_L16_beta2.122=0.5541 val_L16_beta2.1285=0.7226 val_L16_beta2.1757=0.5802 val_L16_beta2.1862=0.5756 val_L16_beta2.2983=0.5871 val_L16_beta2.3046=0.7178 val_L16_beta2.3454=0.6197 val_L16_beta2.7647=0.7264 val_L16_beta3.1518=0.6399 val_L16_beta3.1669=0.7330 val_L16_beta3.2922=0.4739 val_L16_beta3.3842=0.5946 val_L16_beta3.4006=0.5706 val_L16_beta3.6231=0.7094 val_L16_beta3.7225=0.7011 val_L16_beta4.0764=0.6495 val_L16_beta4.7323=0.7024 val_L16_beta4.7632=0.5362 val_L16_beta5.586=0.6132 val_L16_beta6.2411=0.4377 val_L16_beta6.4184=0.4625 val_L16_beta6.8771=0.4021 val_L16_beta8.3946=0.4749 val_L16_beta8.4548=0.5022 val_L16_beta8.7139=0.6193 val_L16_beta9.287=0.6899 val_L16_beta9.571=0.4844 val_L16_beta9.8499=0.5029 val_L16_beta10.2188=0.5328 val_L16_beta11.8501=0.5886 val_L16_beta11.8784=0.5233 val_L16_beta12.9259=0.5170 val_L16_beta14.4687=0.6179 val_L16_beta15.5366=0.4824 val_L16_beta17.502=0.4923 val_L16_beta17.7602=0.6958 val_L16_beta19.403=0.5570 val_L16_beta20.2412=0.6875 val_L16_beta21.8857=0.5245 val_L16_beta27.0442=0.5988 val_L16_beta27.3387=0.5541 val_L16_beta27.7875=0.5906 val_L16_beta30.5978=0.6011 val_L16_beta33.325=0.5219 val_L16_beta34.3422=0.5069 val_L16_beta38.5957=0.4226 val_L16_beta39.6475=0.4609 val_L16_beta47.0386=0.4841 val_L16_beta47.4228=0.5467 val_L16_beta54.11=0.3840 val_L16_beta56.1944=0.5239 val_L16_beta57.2189=0.4250 val_L32_beta2.1926=0.9154 val_L32_beta2.4697=0.9505 val_L32_beta2.8622=0.7200 val_L32_beta4.994=0.5555 val_L32_beta8.069=0.5405 val_L32_beta11.2015=0.6805 val_L32_beta12.3504=0.6256 val_L32_beta12.688=0.7196 val_L32_beta14.1441=0.5662 val_L32_beta18.0708=0.3586 val_L32_beta18.6487=0.3982 val_L32_beta52.6284=0.5434 val_L8_beta1.4347=0.4953 val_L8_beta1.4977=0.7086 val_L8_beta1.7872=0.6122 val_L8_beta1.9783=0.5916 val_L8_beta2.4006=0.6581 val_L8_beta2.4786=0.7075 val_total=48.2472
epoch  62  train=0.6287  val_L16_beta14.1464=0.5448 val_L16_beta25=0.5171 val_L16_beta40=0.5338 val_L16_beta55.0237=0.5251 val_L16_beta1.0119=0.7375 val_L16_beta1.0397=0.7558 val_L16_beta1.0743=0.6698 val_L16_beta1.2464=0.7496 val_L16_beta1.2749=0.6135 val_L16_beta1.7484=0.5048 val_L16_beta1.8367=0.8338 val_L16_beta1.8781=0.6306 val_L16_beta2.122=0.5600 val_L16_beta2.1285=0.7301 val_L16_beta2.1757=0.6076 val_L16_beta2.1862=0.5567 val_L16_beta2.2983=0.5456 val_L16_beta2.3046=0.6999 val_L16_beta2.3454=0.6494 val_L16_beta2.7647=0.7004 val_L16_beta3.1518=0.6428 val_L16_beta3.1669=0.7004 val_L16_beta3.2922=0.4616 val_L16_beta3.3842=0.6115 val_L16_beta3.4006=0.5663 val_L16_beta3.6231=0.7265 val_L16_beta3.7225=0.7012 val_L16_beta4.0764=0.6580 val_L16_beta4.7323=0.6962 val_L16_beta4.7632=0.5502 val_L16_beta5.586=0.5996 val_L16_beta6.2411=0.4413 val_L16_beta6.4184=0.4640 val_L16_beta6.8771=0.3702 val_L16_beta8.3946=0.4564 val_L16_beta8.4548=0.5430 val_L16_beta8.7139=0.6423 val_L16_beta9.287=0.6988 val_L16_beta9.571=0.4823 val_L16_beta9.8499=0.5227 val_L16_beta10.2188=0.5326 val_L16_beta11.8501=0.5988 val_L16_beta11.8784=0.5428 val_L16_beta12.9259=0.5176 val_L16_beta14.4687=0.6559 val_L16_beta15.5366=0.4652 val_L16_beta17.502=0.4993 val_L16_beta17.7602=0.6742 val_L16_beta19.403=0.5381 val_L16_beta20.2412=0.6893 val_L16_beta21.8857=0.5103 val_L16_beta27.0442=0.6002 val_L16_beta27.3387=0.5801 val_L16_beta27.7875=0.5664 val_L16_beta30.5978=0.5981 val_L16_beta33.325=0.5036 val_L16_beta34.3422=0.5038 val_L16_beta38.5957=0.4162 val_L16_beta39.6475=0.4773 val_L16_beta47.0386=0.4577 val_L16_beta47.4228=0.5467 val_L16_beta54.11=0.3758 val_L16_beta56.1944=0.5202 val_L16_beta57.2189=0.4287 val_L32_beta2.1926=0.8790 val_L32_beta2.4697=0.9064 val_L32_beta2.8622=0.7633 val_L32_beta4.994=0.5711 val_L32_beta8.069=0.5401 val_L32_beta11.2015=0.6733 val_L32_beta12.3504=0.6076 val_L32_beta12.688=0.7150 val_L32_beta14.1441=0.5687 val_L32_beta18.0708=0.3435 val_L32_beta18.6487=0.4003 val_L32_beta52.6284=0.5340 val_L8_beta1.4347=0.5348 val_L8_beta1.4977=0.7622 val_L8_beta1.7872=0.6108 val_L8_beta1.9783=0.5936 val_L8_beta2.4006=0.6133 val_L8_beta2.4786=0.7233 val_total=48.3401
epoch  63  train=0.6326  val_L16_beta14.1464=0.5491 val_L16_beta25=0.5297 val_L16_beta40=0.5311 val_L16_beta55.0237=0.5264 val_L16_beta1.0119=0.7446 val_L16_beta1.0397=0.8115 val_L16_beta1.0743=0.6938 val_L16_beta1.2464=0.6814 val_L16_beta1.2749=0.6577 val_L16_beta1.7484=0.4937 val_L16_beta1.8367=0.8096 val_L16_beta1.8781=0.6358 val_L16_beta2.122=0.5715 val_L16_beta2.1285=0.7311 val_L16_beta2.1757=0.5956 val_L16_beta2.1862=0.5643 val_L16_beta2.2983=0.5566 val_L16_beta2.3046=0.7208 val_L16_beta2.3454=0.6623 val_L16_beta2.7647=0.7028 val_L16_beta3.1518=0.6232 val_L16_beta3.1669=0.7415 val_L16_beta3.2922=0.4574 val_L16_beta3.3842=0.5891 val_L16_beta3.4006=0.5761 val_L16_beta3.6231=0.7031 val_L16_beta3.7225=0.7032 val_L16_beta4.0764=0.6657 val_L16_beta4.7323=0.7014 val_L16_beta4.7632=0.5444 val_L16_beta5.586=0.6287 val_L16_beta6.2411=0.4670 val_L16_beta6.4184=0.4851 val_L16_beta6.8771=0.3807 val_L16_beta8.3946=0.4861 val_L16_beta8.4548=0.5154 val_L16_beta8.7139=0.6409 val_L16_beta9.287=0.6727 val_L16_beta9.571=0.5015 val_L16_beta9.8499=0.5055 val_L16_beta10.2188=0.5358 val_L16_beta11.8501=0.6249 val_L16_beta11.8784=0.5135 val_L16_beta12.9259=0.5033 val_L16_beta14.4687=0.6413 val_L16_beta15.5366=0.4633 val_L16_beta17.502=0.4874 val_L16_beta17.7602=0.6791 val_L16_beta19.403=0.5616 val_L16_beta20.2412=0.6875 val_L16_beta21.8857=0.5292 val_L16_beta27.0442=0.5931 val_L16_beta27.3387=0.5701 val_L16_beta27.7875=0.5927 val_L16_beta30.5978=0.5704 val_L16_beta33.325=0.4931 val_L16_beta34.3422=0.5228 val_L16_beta38.5957=0.4239 val_L16_beta39.6475=0.4609 val_L16_beta47.0386=0.4760 val_L16_beta47.4228=0.5204 val_L16_beta54.11=0.3929 val_L16_beta56.1944=0.5217 val_L16_beta57.2189=0.4262 val_L32_beta2.1926=0.7921 val_L32_beta2.4697=0.8939 val_L32_beta2.8622=0.7695 val_L32_beta4.994=0.5398 val_L32_beta8.069=0.5247 val_L32_beta11.2015=0.6815 val_L32_beta12.3504=0.6186 val_L32_beta12.688=0.7172 val_L32_beta14.1441=0.5590 val_L32_beta18.0708=0.3492 val_L32_beta18.6487=0.3924 val_L32_beta52.6284=0.5308 val_L8_beta1.4347=0.5282 val_L8_beta1.4977=0.7613 val_L8_beta1.7872=0.6387 val_L8_beta1.9783=0.6110 val_L8_beta2.4006=0.6341 val_L8_beta2.4786=0.7190 val_total=48.4097
epoch  64  train=0.6297  val_L16_beta14.1464=0.5387 val_L16_beta25=0.5189 val_L16_beta40=0.5362 val_L16_beta55.0237=0.5227 val_L16_beta1.0119=0.6976 val_L16_beta1.0397=0.7692 val_L16_beta1.0743=0.6482 val_L16_beta1.2464=0.7002 val_L16_beta1.2749=0.5779 val_L16_beta1.7484=0.5086 val_L16_beta1.8367=0.7554 val_L16_beta1.8781=0.6201 val_L16_beta2.122=0.5206 val_L16_beta2.1285=0.7234 val_L16_beta2.1757=0.6063 val_L16_beta2.1862=0.5704 val_L16_beta2.2983=0.5369 val_L16_beta2.3046=0.7199 val_L16_beta2.3454=0.6434 val_L16_beta2.7647=0.7270 val_L16_beta3.1518=0.6645 val_L16_beta3.1669=0.7262 val_L16_beta3.2922=0.4497 val_L16_beta3.3842=0.6255 val_L16_beta3.4006=0.5707 val_L16_beta3.6231=0.7074 val_L16_beta3.7225=0.6989 val_L16_beta4.0764=0.6626 val_L16_beta4.7323=0.6874 val_L16_beta4.7632=0.5672 val_L16_beta5.586=0.6447 val_L16_beta6.2411=0.4561 val_L16_beta6.4184=0.5014 val_L16_beta6.8771=0.3969 val_L16_beta8.3946=0.4824 val_L16_beta8.4548=0.5136 val_L16_beta8.7139=0.6294 val_L16_beta9.287=0.6742 val_L16_beta9.571=0.4717 val_L16_beta9.8499=0.5155 val_L16_beta10.2188=0.5424 val_L16_beta11.8501=0.6171 val_L16_beta11.8784=0.5381 val_L16_beta12.9259=0.5096 val_L16_beta14.4687=0.6372 val_L16_beta15.5366=0.4876 val_L16_beta17.502=0.5063 val_L16_beta17.7602=0.6979 val_L16_beta19.403=0.5576 val_L16_beta20.2412=0.6564 val_L16_beta21.8857=0.5363 val_L16_beta27.0442=0.5864 val_L16_beta27.3387=0.5714 val_L16_beta27.7875=0.5853 val_L16_beta30.5978=0.5608 val_L16_beta33.325=0.5050 val_L16_beta34.3422=0.5133 val_L16_beta38.5957=0.4316 val_L16_beta39.6475=0.4618 val_L16_beta47.0386=0.4589 val_L16_beta47.4228=0.5283 val_L16_beta54.11=0.3969 val_L16_beta56.1944=0.4963 val_L16_beta57.2189=0.4467 val_L32_beta2.1926=0.8116 val_L32_beta2.4697=0.8638 val_L32_beta2.8622=0.7855 val_L32_beta4.994=0.5653 val_L32_beta8.069=0.5452 val_L32_beta11.2015=0.6788 val_L32_beta12.3504=0.6371 val_L32_beta12.688=0.7030 val_L32_beta14.1441=0.5673 val_L32_beta18.0708=0.3418 val_L32_beta18.6487=0.3906 val_L32_beta52.6284=0.5550 val_L8_beta1.4347=0.5303 val_L8_beta1.4977=0.7538 val_L8_beta1.7872=0.6564 val_L8_beta1.9783=0.6002 val_L8_beta2.4006=0.6970 val_L8_beta2.4786=0.7068 val_total=48.3060
epoch  65  train=0.6266  val_L16_beta14.1464=0.5372 val_L16_beta25=0.5168 val_L16_beta40=0.5377 val_L16_beta55.0237=0.5278 val_L16_beta1.0119=0.7225 val_L16_beta1.0397=0.7684 val_L16_beta1.0743=0.6840 val_L16_beta1.2464=0.6833 val_L16_beta1.2749=0.6641 val_L16_beta1.7484=0.4873 val_L16_beta1.8367=0.7729 val_L16_beta1.8781=0.6626 val_L16_beta2.122=0.5399 val_L16_beta2.1285=0.7122 val_L16_beta2.1757=0.5824 val_L16_beta2.1862=0.5770 val_L16_beta2.2983=0.5765 val_L16_beta2.3046=0.7749 val_L16_beta2.3454=0.6239 val_L16_beta2.7647=0.7144 val_L16_beta3.1518=0.6503 val_L16_beta3.1669=0.7143 val_L16_beta3.2922=0.4510 val_L16_beta3.3842=0.6223 val_L16_beta3.4006=0.5857 val_L16_beta3.6231=0.7383 val_L16_beta3.7225=0.6890 val_L16_beta4.0764=0.6282 val_L16_beta4.7323=0.6972 val_L16_beta4.7632=0.5250 val_L16_beta5.586=0.6074 val_L16_beta6.2411=0.4512 val_L16_beta6.4184=0.4682 val_L16_beta6.8771=0.4109 val_L16_beta8.3946=0.4736 val_L16_beta8.4548=0.5058 val_L16_beta8.7139=0.6177 val_L16_beta9.287=0.6765 val_L16_beta9.571=0.4978 val_L16_beta9.8499=0.5002 val_L16_beta10.2188=0.5583 val_L16_beta11.8501=0.6100 val_L16_beta11.8784=0.5226 val_L16_beta12.9259=0.4894 val_L16_beta14.4687=0.6298 val_L16_beta15.5366=0.4806 val_L16_beta17.502=0.5113 val_L16_beta17.7602=0.6940 val_L16_beta19.403=0.5594 val_L16_beta20.2412=0.6528 val_L16_beta21.8857=0.5486 val_L16_beta27.0442=0.5844 val_L16_beta27.3387=0.6057 val_L16_beta27.7875=0.5998 val_L16_beta30.5978=0.5608 val_L16_beta33.325=0.5018 val_L16_beta34.3422=0.4945 val_L16_beta38.5957=0.4273 val_L16_beta39.6475=0.4574 val_L16_beta47.0386=0.4550 val_L16_beta47.4228=0.5526 val_L16_beta54.11=0.3980 val_L16_beta56.1944=0.5544 val_L16_beta57.2189=0.4360 val_L32_beta2.1926=0.8596 val_L32_beta2.4697=0.7961 val_L32_beta2.8622=0.7167 val_L32_beta4.994=0.6163 val_L32_beta8.069=0.5419 val_L32_beta11.2015=0.6831 val_L32_beta12.3504=0.6716 val_L32_beta12.688=0.7191 val_L32_beta14.1441=0.6139 val_L32_beta18.0708=0.3372 val_L32_beta18.6487=0.3976 val_L32_beta52.6284=0.5334 val_L8_beta1.4347=0.5107 val_L8_beta1.4977=0.7874 val_L8_beta1.7872=0.6170 val_L8_beta1.9783=0.6688 val_L8_beta2.4006=0.6318 val_L8_beta2.4786=0.7074 val_total=48.4704
epoch  66  train=0.6281  val_L16_beta14.1464=0.5461 val_L16_beta25=0.5278 val_L16_beta40=0.5461 val_L16_beta55.0237=0.5224 val_L16_beta1.0119=0.7210 val_L16_beta1.0397=0.7669 val_L16_beta1.0743=0.6841 val_L16_beta1.2464=0.6821 val_L16_beta1.2749=0.5785 val_L16_beta1.7484=0.5226 val_L16_beta1.8367=0.7626 val_L16_beta1.8781=0.6262 val_L16_beta2.122=0.5728 val_L16_beta2.1285=0.7097 val_L16_beta2.1757=0.5953 val_L16_beta2.1862=0.5541 val_L16_beta2.2983=0.5592 val_L16_beta2.3046=0.7561 val_L16_beta2.3454=0.6291 val_L16_beta2.7647=0.7072 val_L16_beta3.1518=0.6606 val_L16_beta3.1669=0.7395 val_L16_beta3.2922=0.4552 val_L16_beta3.3842=0.5976 val_L16_beta3.4006=0.5675 val_L16_beta3.6231=0.7439 val_L16_beta3.7225=0.7205 val_L16_beta4.0764=0.6585 val_L16_beta4.7323=0.6800 val_L16_beta4.7632=0.5489 val_L16_beta5.586=0.5945 val_L16_beta6.2411=0.4702 val_L16_beta6.4184=0.4836 val_L16_beta6.8771=0.3967 val_L16_beta8.3946=0.4653 val_L16_beta8.4548=0.5104 val_L16_beta8.7139=0.6149 val_L16_beta9.287=0.6691 val_L16_beta9.571=0.4624 val_L16_beta9.8499=0.5066 val_L16_beta10.2188=0.5431 val_L16_beta11.8501=0.6193 val_L16_beta11.8784=0.5268 val_L16_beta12.9259=0.5233 val_L16_beta14.4687=0.6320 val_L16_beta15.5366=0.4830 val_L16_beta17.502=0.4872 val_L16_beta17.7602=0.6749 val_L16_beta19.403=0.5615 val_L16_beta20.2412=0.6961 val_L16_beta21.8857=0.5283 val_L16_beta27.0442=0.5979 val_L16_beta27.3387=0.5982 val_L16_beta27.7875=0.5676 val_L16_beta30.5978=0.5654 val_L16_beta33.325=0.5252 val_L16_beta34.3422=0.5199 val_L16_beta38.5957=0.4172 val_L16_beta39.6475=0.4561 val_L16_beta47.0386=0.4689 val_L16_beta47.4228=0.5569 val_L16_beta54.11=0.3757 val_L16_beta56.1944=0.4986 val_L16_beta57.2189=0.4178 val_L32_beta2.1926=0.8161 val_L32_beta2.4697=0.8727 val_L32_beta2.8622=0.7385 val_L32_beta4.994=0.5487 val_L32_beta8.069=0.5233 val_L32_beta11.2015=0.6790 val_L32_beta12.3504=0.6226 val_L32_beta12.688=0.7019 val_L32_beta14.1441=0.5705 val_L32_beta18.0708=0.3410 val_L32_beta18.6487=0.3851 val_L32_beta52.6284=0.5235 val_L8_beta1.4347=0.5920 val_L8_beta1.4977=0.7795 val_L8_beta1.7872=0.6222 val_L8_beta1.9783=0.6251 val_L8_beta2.4006=0.6508 val_L8_beta2.4786=0.6804 val_total=48.2295
epoch  67  train=0.6349  val_L16_beta14.1464=0.5344 val_L16_beta25=0.5256 val_L16_beta40=0.5369 val_L16_beta55.0237=0.5204 val_L16_beta1.0119=0.7380 val_L16_beta1.0397=0.7809 val_L16_beta1.0743=0.6544 val_L16_beta1.2464=0.7170 val_L16_beta1.2749=0.6135 val_L16_beta1.7484=0.4686 val_L16_beta1.8367=0.7851 val_L16_beta1.8781=0.6202 val_L16_beta2.122=0.5701 val_L16_beta2.1285=0.7157 val_L16_beta2.1757=0.5765 val_L16_beta2.1862=0.5536 val_L16_beta2.2983=0.5737 val_L16_beta2.3046=0.7461 val_L16_beta2.3454=0.6232 val_L16_beta2.7647=0.7011 val_L16_beta3.1518=0.6476 val_L16_beta3.1669=0.6924 val_L16_beta3.2922=0.4521 val_L16_beta3.3842=0.6194 val_L16_beta3.4006=0.5615 val_L16_beta3.6231=0.7084 val_L16_beta3.7225=0.6833 val_L16_beta4.0764=0.6705 val_L16_beta4.7323=0.6892 val_L16_beta4.7632=0.5266 val_L16_beta5.586=0.5929 val_L16_beta6.2411=0.4569 val_L16_beta6.4184=0.4869 val_L16_beta6.8771=0.3838 val_L16_beta8.3946=0.4824 val_L16_beta8.4548=0.5061 val_L16_beta8.7139=0.6226 val_L16_beta9.287=0.6958 val_L16_beta9.571=0.4741 val_L16_beta9.8499=0.5099 val_L16_beta10.2188=0.5483 val_L16_beta11.8501=0.6028 val_L16_beta11.8784=0.5313 val_L16_beta12.9259=0.5224 val_L16_beta14.4687=0.6425 val_L16_beta15.5366=0.4808 val_L16_beta17.502=0.5043 val_L16_beta17.7602=0.6777 val_L16_beta19.403=0.5721 val_L16_beta20.2412=0.6472 val_L16_beta21.8857=0.4959 val_L16_beta27.0442=0.5727 val_L16_beta27.3387=0.5761 val_L16_beta27.7875=0.5944 val_L16_beta30.5978=0.5880 val_L16_beta33.325=0.5205 val_L16_beta34.3422=0.4915 val_L16_beta38.5957=0.4117 val_L16_beta39.6475=0.4700 val_L16_beta47.0386=0.4842 val_L16_beta47.4228=0.5456 val_L16_beta54.11=0.4041 val_L16_beta56.1944=0.5376 val_L16_beta57.2189=0.4335 val_L32_beta2.1926=0.8723 val_L32_beta2.4697=0.8799 val_L32_beta2.8622=0.7316 val_L32_beta4.994=0.5513 val_L32_beta8.069=0.5140 val_L32_beta11.2015=0.6659 val_L32_beta12.3504=0.6379 val_L32_beta12.688=0.6927 val_L32_beta14.1441=0.5766 val_L32_beta18.0708=0.3442 val_L32_beta18.6487=0.3928 val_L32_beta52.6284=0.5596 val_L8_beta1.4347=0.5391 val_L8_beta1.4977=0.7419 val_L8_beta1.7872=0.6322 val_L8_beta1.9783=0.6294 val_L8_beta2.4006=0.6512 val_L8_beta2.4786=0.6999 val_total=48.1852
epoch  68  train=0.6312  val_L16_beta14.1464=0.5495 val_L16_beta25=0.5264 val_L16_beta40=0.5415 val_L16_beta55.0237=0.5107 val_L16_beta1.0119=0.7076 val_L16_beta1.0397=0.7940 val_L16_beta1.0743=0.6717 val_L16_beta1.2464=0.6408 val_L16_beta1.2749=0.5979 val_L16_beta1.7484=0.4726 val_L16_beta1.8367=0.8154 val_L16_beta1.8781=0.6488 val_L16_beta2.122=0.5321 val_L16_beta2.1285=0.7384 val_L16_beta2.1757=0.6030 val_L16_beta2.1862=0.5532 val_L16_beta2.2983=0.5694 val_L16_beta2.3046=0.7423 val_L16_beta2.3454=0.6238 val_L16_beta2.7647=0.7174 val_L16_beta3.1518=0.6572 val_L16_beta3.1669=0.7285 val_L16_beta3.2922=0.4519 val_L16_beta3.3842=0.6218 val_L16_beta3.4006=0.5620 val_L16_beta3.6231=0.7283 val_L16_beta3.7225=0.6896 val_L16_beta4.0764=0.6548 val_L16_beta4.7323=0.6893 val_L16_beta4.7632=0.5670 val_L16_beta5.586=0.6284 val_L16_beta6.2411=0.4556 val_L16_beta6.4184=0.4730 val_L16_beta6.8771=0.4044 val_L16_beta8.3946=0.4743 val_L16_beta8.4548=0.5491 val_L16_beta8.7139=0.6122 val_L16_beta9.287=0.7078 val_L16_beta9.571=0.4841 val_L16_beta9.8499=0.5142 val_L16_beta10.2188=0.5354 val_L16_beta11.8501=0.6108 val_L16_beta11.8784=0.5291 val_L16_beta12.9259=0.4983 val_L16_beta14.4687=0.6357 val_L16_beta15.5366=0.4598 val_L16_beta17.502=0.4997 val_L16_beta17.7602=0.6950 val_L16_beta19.403=0.5601 val_L16_beta20.2412=0.6701 val_L16_beta21.8857=0.5214 val_L16_beta27.0442=0.5789 val_L16_beta27.3387=0.5848 val_L16_beta27.7875=0.5892 val_L16_beta30.5978=0.5667 val_L16_beta33.325=0.4979 val_L16_beta34.3422=0.5100 val_L16_beta38.5957=0.4259 val_L16_beta39.6475=0.4629 val_L16_beta47.0386=0.4813 val_L16_beta47.4228=0.5971 val_L16_beta54.11=0.4019 val_L16_beta56.1944=0.5406 val_L16_beta57.2189=0.4411 val_L32_beta2.1926=0.8290 val_L32_beta2.4697=0.9158 val_L32_beta2.8622=0.7649 val_L32_beta4.994=0.5966 val_L32_beta8.069=0.5195 val_L32_beta11.2015=0.6881 val_L32_beta12.3504=0.6180 val_L32_beta12.688=0.7006 val_L32_beta14.1441=0.5844 val_L32_beta18.0708=0.3518 val_L32_beta18.6487=0.3875 val_L32_beta52.6284=0.5594 val_L8_beta1.4347=0.5341 val_L8_beta1.4977=0.7435 val_L8_beta1.7872=0.6909 val_L8_beta1.9783=0.6168 val_L8_beta2.4006=0.6740 val_L8_beta2.4786=0.7145 val_total=48.5937
epoch  69  train=0.6199  val_L16_beta14.1464=0.5371 val_L16_beta25=0.5308 val_L16_beta40=0.5360 val_L16_beta55.0237=0.5117 val_L16_beta1.0119=0.7162 val_L16_beta1.0397=0.7515 val_L16_beta1.0743=0.6718 val_L16_beta1.2464=0.7274 val_L16_beta1.2749=0.6246 val_L16_beta1.7484=0.5263 val_L16_beta1.8367=0.7778 val_L16_beta1.8781=0.6395 val_L16_beta2.122=0.5424 val_L16_beta2.1285=0.7381 val_L16_beta2.1757=0.6228 val_L16_beta2.1862=0.5766 val_L16_beta2.2983=0.5996 val_L16_beta2.3046=0.7496 val_L16_beta2.3454=0.6413 val_L16_beta2.7647=0.7226 val_L16_beta3.1518=0.6243 val_L16_beta3.1669=0.7014 val_L16_beta3.2922=0.4463 val_L16_beta3.3842=0.6092 val_L16_beta3.4006=0.5483 val_L16_beta3.6231=0.6973 val_L16_beta3.7225=0.6858 val_L16_beta4.0764=0.6200 val_L16_beta4.7323=0.7092 val_L16_beta4.7632=0.5621 val_L16_beta5.586=0.6133 val_L16_beta6.2411=0.4777 val_L16_beta6.4184=0.4894 val_L16_beta6.8771=0.3825 val_L16_beta8.3946=0.4706 val_L16_beta8.4548=0.5398 val_L16_beta8.7139=0.6184 val_L16_beta9.287=0.6517 val_L16_beta9.571=0.4720 val_L16_beta9.8499=0.4984 val_L16_beta10.2188=0.5298 val_L16_beta11.8501=0.5948 val_L16_beta11.8784=0.5514 val_L16_beta12.9259=0.5138 val_L16_beta14.4687=0.6224 val_L16_beta15.5366=0.4730 val_L16_beta17.502=0.4884 val_L16_beta17.7602=0.6859 val_L16_beta19.403=0.5574 val_L16_beta20.2412=0.6870 val_L16_beta21.8857=0.5216 val_L16_beta27.0442=0.6071 val_L16_beta27.3387=0.5789 val_L16_beta27.7875=0.5586 val_L16_beta30.5978=0.5823 val_L16_beta33.325=0.5226 val_L16_beta34.3422=0.5169 val_L16_beta38.5957=0.4280 val_L16_beta39.6475=0.4519 val_L16_beta47.0386=0.4678 val_L16_beta47.4228=0.5502 val_L16_beta54.11=0.3862 val_L16_beta56.1944=0.5308 val_L16_beta57.2189=0.4396 val_L32_beta2.1926=0.8378 val_L32_beta2.4697=0.9727 val_L32_beta2.8622=0.7600 val_L32_beta4.994=0.5417 val_L32_beta8.069=0.5307 val_L32_beta11.2015=0.6655 val_L32_beta12.3504=0.6252 val_L32_beta12.688=0.7045 val_L32_beta14.1441=0.5772 val_L32_beta18.0708=0.3513 val_L32_beta18.6487=0.3893 val_L32_beta52.6284=0.5318 val_L8_beta1.4347=0.5333 val_L8_beta1.4977=0.7106 val_L8_beta1.7872=0.6460 val_L8_beta1.9783=0.6378 val_L8_beta2.4006=0.6544 val_L8_beta2.4786=0.7791 val_total=48.4568
epoch  70  train=0.6257  val_L16_beta14.1464=0.5368 val_L16_beta25=0.5216 val_L16_beta40=0.5401 val_L16_beta55.0237=0.5167 val_L16_beta1.0119=0.7220 val_L16_beta1.0397=0.7312 val_L16_beta1.0743=0.6499 val_L16_beta1.2464=0.6969 val_L16_beta1.2749=0.6105 val_L16_beta1.7484=0.4947 val_L16_beta1.8367=0.8223 val_L16_beta1.8781=0.6296 val_L16_beta2.122=0.5133 val_L16_beta2.1285=0.7421 val_L16_beta2.1757=0.6171 val_L16_beta2.1862=0.5442 val_L16_beta2.2983=0.5448 val_L16_beta2.3046=0.7418 val_L16_beta2.3454=0.6389 val_L16_beta2.7647=0.6926 val_L16_beta3.1518=0.6507 val_L16_beta3.1669=0.6857 val_L16_beta3.2922=0.4728 val_L16_beta3.3842=0.6070 val_L16_beta3.4006=0.5608 val_L16_beta3.6231=0.7135 val_L16_beta3.7225=0.7090 val_L16_beta4.0764=0.6634 val_L16_beta4.7323=0.6894 val_L16_beta4.7632=0.5666 val_L16_beta5.586=0.6003 val_L16_beta6.2411=0.4905 val_L16_beta6.4184=0.5300 val_L16_beta6.8771=0.4051 val_L16_beta8.3946=0.4819 val_L16_beta8.4548=0.4990 val_L16_beta8.7139=0.6364 val_L16_beta9.287=0.6916 val_L16_beta9.571=0.4830 val_L16_beta9.8499=0.5050 val_L16_beta10.2188=0.5221 val_L16_beta11.8501=0.5935 val_L16_beta11.8784=0.5227 val_L16_beta12.9259=0.5326 val_L16_beta14.4687=0.6229 val_L16_beta15.5366=0.4853 val_L16_beta17.502=0.5052 val_L16_beta17.7602=0.7080 val_L16_beta19.403=0.5643 val_L16_beta20.2412=0.6503 val_L16_beta21.8857=0.5123 val_L16_beta27.0442=0.5842 val_L16_beta27.3387=0.5658 val_L16_beta27.7875=0.5956 val_L16_beta30.5978=0.5721 val_L16_beta33.325=0.4875 val_L16_beta34.3422=0.5057 val_L16_beta38.5957=0.4192 val_L16_beta39.6475=0.4688 val_L16_beta47.0386=0.4484 val_L16_beta47.4228=0.5870 val_L16_beta54.11=0.3928 val_L16_beta56.1944=0.5358 val_L16_beta57.2189=0.4350 val_L32_beta2.1926=0.8747 val_L32_beta2.4697=0.8210 val_L32_beta2.8622=0.8187 val_L32_beta4.994=0.5750 val_L32_beta8.069=0.5316 val_L32_beta11.2015=0.6801 val_L32_beta12.3504=0.6100 val_L32_beta12.688=0.7216 val_L32_beta14.1441=0.5634 val_L32_beta18.0708=0.3494 val_L32_beta18.6487=0.3903 val_L32_beta52.6284=0.5387 val_L8_beta1.4347=0.5286 val_L8_beta1.4977=0.7478 val_L8_beta1.7872=0.5910 val_L8_beta1.9783=0.6176 val_L8_beta2.4006=0.6638 val_L8_beta2.4786=0.6806 val_total=48.2701
epoch  71  train=0.6286  val_L16_beta14.1464=0.5395 val_L16_beta25=0.5290 val_L16_beta40=0.5332 val_L16_beta55.0237=0.5204 val_L16_beta1.0119=0.7058 val_L16_beta1.0397=0.8079 val_L16_beta1.0743=0.6875 val_L16_beta1.2464=0.6895 val_L16_beta1.2749=0.6513 val_L16_beta1.7484=0.5051 val_L16_beta1.8367=0.8026 val_L16_beta1.8781=0.6667 val_L16_beta2.122=0.5375 val_L16_beta2.1285=0.7379 val_L16_beta2.1757=0.6132 val_L16_beta2.1862=0.5737 val_L16_beta2.2983=0.5598 val_L16_beta2.3046=0.7135 val_L16_beta2.3454=0.6302 val_L16_beta2.7647=0.7223 val_L16_beta3.1518=0.6493 val_L16_beta3.1669=0.7693 val_L16_beta3.2922=0.4705 val_L16_beta3.3842=0.6043 val_L16_beta3.4006=0.5562 val_L16_beta3.6231=0.6966 val_L16_beta3.7225=0.6859 val_L16_beta4.0764=0.6583 val_L16_beta4.7323=0.6800 val_L16_beta4.7632=0.5538 val_L16_beta5.586=0.5907 val_L16_beta6.2411=0.4773 val_L16_beta6.4184=0.4656 val_L16_beta6.8771=0.3946 val_L16_beta8.3946=0.4809 val_L16_beta8.4548=0.5187 val_L16_beta8.7139=0.6135 val_L16_beta9.287=0.6762 val_L16_beta9.571=0.4936 val_L16_beta9.8499=0.5060 val_L16_beta10.2188=0.5588 val_L16_beta11.8501=0.6195 val_L16_beta11.8784=0.5367 val_L16_beta12.9259=0.5238 val_L16_beta14.4687=0.6004 val_L16_beta15.5366=0.4792 val_L16_beta17.502=0.4944 val_L16_beta17.7602=0.6876 val_L16_beta19.403=0.5477 val_L16_beta20.2412=0.6983 val_L16_beta21.8857=0.5323 val_L16_beta27.0442=0.6021 val_L16_beta27.3387=0.5946 val_L16_beta27.7875=0.6039 val_L16_beta30.5978=0.5922 val_L16_beta33.325=0.5345 val_L16_beta34.3422=0.4965 val_L16_beta38.5957=0.4191 val_L16_beta39.6475=0.4533 val_L16_beta47.0386=0.4628 val_L16_beta47.4228=0.5550 val_L16_beta54.11=0.4249 val_L16_beta56.1944=0.5266 val_L16_beta57.2189=0.4508 val_L32_beta2.1926=0.8747 val_L32_beta2.4697=0.8959 val_L32_beta2.8622=0.6804 val_L32_beta4.994=0.5470 val_L32_beta8.069=0.5394 val_L32_beta11.2015=0.6740 val_L32_beta12.3504=0.6227 val_L32_beta12.688=0.7486 val_L32_beta14.1441=0.5861 val_L32_beta18.0708=0.3460 val_L32_beta18.6487=0.3815 val_L32_beta52.6284=0.5358 val_L8_beta1.4347=0.5326 val_L8_beta1.4977=0.6815 val_L8_beta1.7872=0.6060 val_L8_beta1.9783=0.6202 val_L8_beta2.4006=0.7079 val_L8_beta2.4786=0.7236 val_total=48.5670
epoch  72  train=0.6304  val_L16_beta14.1464=0.5392 val_L16_beta25=0.5171 val_L16_beta40=0.5334 val_L16_beta55.0237=0.5217 val_L16_beta1.0119=0.7229 val_L16_beta1.0397=0.7687 val_L16_beta1.0743=0.7193 val_L16_beta1.2464=0.7141 val_L16_beta1.2749=0.6468 val_L16_beta1.7484=0.4685 val_L16_beta1.8367=0.8659 val_L16_beta1.8781=0.6359 val_L16_beta2.122=0.5294 val_L16_beta2.1285=0.7041 val_L16_beta2.1757=0.5897 val_L16_beta2.1862=0.5620 val_L16_beta2.2983=0.5749 val_L16_beta2.3046=0.6942 val_L16_beta2.3454=0.6292 val_L16_beta2.7647=0.6872 val_L16_beta3.1518=0.6303 val_L16_beta3.1669=0.7257 val_L16_beta3.2922=0.4578 val_L16_beta3.3842=0.5983 val_L16_beta3.4006=0.5491 val_L16_beta3.6231=0.7216 val_L16_beta3.7225=0.7105 val_L16_beta4.0764=0.6802 val_L16_beta4.7323=0.6980 val_L16_beta4.7632=0.5572 val_L16_beta5.586=0.6055 val_L16_beta6.2411=0.4524 val_L16_beta6.4184=0.4716 val_L16_beta6.8771=0.3856 val_L16_beta8.3946=0.4732 val_L16_beta8.4548=0.5294 val_L16_beta8.7139=0.6368 val_L16_beta9.287=0.6640 val_L16_beta9.571=0.4774 val_L16_beta9.8499=0.5082 val_L16_beta10.2188=0.5344 val_L16_beta11.8501=0.5813 val_L16_beta11.8784=0.5309 val_L16_beta12.9259=0.5055 val_L16_beta14.4687=0.6741 val_L16_beta15.5366=0.4759 val_L16_beta17.502=0.4821 val_L16_beta17.7602=0.6884 val_L16_beta19.403=0.5715 val_L16_beta20.2412=0.6961 val_L16_beta21.8857=0.5417 val_L16_beta27.0442=0.5951 val_L16_beta27.3387=0.5645 val_L16_beta27.7875=0.5910 val_L16_beta30.5978=0.5614 val_L16_beta33.325=0.5042 val_L16_beta34.3422=0.4884 val_L16_beta38.5957=0.4404 val_L16_beta39.6475=0.4674 val_L16_beta47.0386=0.4505 val_L16_beta47.4228=0.5840 val_L16_beta54.11=0.3905 val_L16_beta56.1944=0.5165 val_L16_beta57.2189=0.4369 val_L32_beta2.1926=0.8384 val_L32_beta2.4697=0.7996 val_L32_beta2.8622=0.7124 val_L32_beta4.994=0.5637 val_L32_beta8.069=0.5262 val_L32_beta11.2015=0.6686 val_L32_beta12.3504=0.6028 val_L32_beta12.688=0.7105 val_L32_beta14.1441=0.5818 val_L32_beta18.0708=0.3375 val_L32_beta18.6487=0.3879 val_L32_beta52.6284=0.5379 val_L8_beta1.4347=0.5272 val_L8_beta1.4977=0.7910 val_L8_beta1.7872=0.6502 val_L8_beta1.9783=0.6277 val_L8_beta2.4006=0.6485 val_L8_beta2.4786=0.6963 val_total=48.2378
epoch  73  train=0.6226  val_L16_beta14.1464=0.5429 val_L16_beta25=0.5295 val_L16_beta40=0.5342 val_L16_beta55.0237=0.5165 val_L16_beta1.0119=0.7143 val_L16_beta1.0397=0.7501 val_L16_beta1.0743=0.6556 val_L16_beta1.2464=0.6661 val_L16_beta1.2749=0.5945 val_L16_beta1.7484=0.4762 val_L16_beta1.8367=0.7953 val_L16_beta1.8781=0.6775 val_L16_beta2.122=0.5514 val_L16_beta2.1285=0.7471 val_L16_beta2.1757=0.6249 val_L16_beta2.1862=0.5424 val_L16_beta2.2983=0.5683 val_L16_beta2.3046=0.7723 val_L16_beta2.3454=0.5997 val_L16_beta2.7647=0.6934 val_L16_beta3.1518=0.6601 val_L16_beta3.1669=0.7302 val_L16_beta3.2922=0.4617 val_L16_beta3.3842=0.6163 val_L16_beta3.4006=0.5501 val_L16_beta3.6231=0.7135 val_L16_beta3.7225=0.6792 val_L16_beta4.0764=0.6790 val_L16_beta4.7323=0.6935 val_L16_beta4.7632=0.5567 val_L16_beta5.586=0.6080 val_L16_beta6.2411=0.4524 val_L16_beta6.4184=0.4764 val_L16_beta6.8771=0.3698 val_L16_beta8.3946=0.4983 val_L16_beta8.4548=0.5460 val_L16_beta8.7139=0.6309 val_L16_beta9.287=0.7039 val_L16_beta9.571=0.4992 val_L16_beta9.8499=0.4986 val_L16_beta10.2188=0.5595 val_L16_beta11.8501=0.6071 val_L16_beta11.8784=0.5383 val_L16_beta12.9259=0.5203 val_L16_beta14.4687=0.6303 val_L16_beta15.5366=0.4618 val_L16_beta17.502=0.4960 val_L16_beta17.7602=0.7111 val_L16_beta19.403=0.5607 val_L16_beta20.2412=0.6593 val_L16_beta21.8857=0.5253 val_L16_beta27.0442=0.5770 val_L16_beta27.3387=0.5780 val_L16_beta27.7875=0.5939 val_L16_beta30.5978=0.5950 val_L16_beta33.325=0.5384 val_L16_beta34.3422=0.5021 val_L16_beta38.5957=0.4300 val_L16_beta39.6475=0.4662 val_L16_beta47.0386=0.4717 val_L16_beta47.4228=0.5587 val_L16_beta54.11=0.3829 val_L16_beta56.1944=0.5337 val_L16_beta57.2189=0.4427 val_L32_beta2.1926=0.8655 val_L32_beta2.4697=0.9568 val_L32_beta2.8622=0.7842 val_L32_beta4.994=0.5465 val_L32_beta8.069=0.5396 val_L32_beta11.2015=0.6674 val_L32_beta12.3504=0.6282 val_L32_beta12.688=0.6980 val_L32_beta14.1441=0.5999 val_L32_beta18.0708=0.3373 val_L32_beta18.6487=0.3797 val_L32_beta52.6284=0.5387 val_L8_beta1.4347=0.4774 val_L8_beta1.4977=0.7280 val_L8_beta1.7872=0.6593 val_L8_beta1.9783=0.5842 val_L8_beta2.4006=0.6709 val_L8_beta2.4786=0.7207 val_total=48.4986
epoch  74  train=0.6252  val_L16_beta14.1464=0.5359 val_L16_beta25=0.5165 val_L16_beta40=0.5375 val_L16_beta55.0237=0.5064 val_L16_beta1.0119=0.7096 val_L16_beta1.0397=0.8009 val_L16_beta1.0743=0.6587 val_L16_beta1.2464=0.6951 val_L16_beta1.2749=0.5999 val_L16_beta1.7484=0.5128 val_L16_beta1.8367=0.7988 val_L16_beta1.8781=0.6558 val_L16_beta2.122=0.5301 val_L16_beta2.1285=0.7351 val_L16_beta2.1757=0.5955 val_L16_beta2.1862=0.5644 val_L16_beta2.2983=0.5641 val_L16_beta2.3046=0.6998 val_L16_beta2.3454=0.6319 val_L16_beta2.7647=0.7054 val_L16_beta3.1518=0.6517 val_L16_beta3.1669=0.6995 val_L16_beta3.2922=0.4605 val_L16_beta3.3842=0.6426 val_L16_beta3.4006=0.5551 val_L16_beta3.6231=0.7264 val_L16_beta3.7225=0.7173 val_L16_beta4.0764=0.6322 val_L16_beta4.7323=0.7005 val_L16_beta4.7632=0.5494 val_L16_beta5.586=0.5796 val_L16_beta6.2411=0.4464 val_L16_beta6.4184=0.4768 val_L16_beta6.8771=0.3895 val_L16_beta8.3946=0.4689 val_L16_beta8.4548=0.5355 val_L16_beta8.7139=0.6175 val_L16_beta9.287=0.6914 val_L16_beta9.571=0.4975 val_L16_beta9.8499=0.4769 val_L16_beta10.2188=0.5244 val_L16_beta11.8501=0.5932 val_L16_beta11.8784=0.5024 val_L16_beta12.9259=0.5303 val_L16_beta14.4687=0.6327 val_L16_beta15.5366=0.4624 val_L16_beta17.502=0.4883 val_L16_beta17.7602=0.6846 val_L16_beta19.403=0.5452 val_L16_beta20.2412=0.6961 val_L16_beta21.8857=0.5255 val_L16_beta27.0442=0.6195 val_L16_beta27.3387=0.5616 val_L16_beta27.7875=0.5711 val_L16_beta30.5978=0.5766 val_L16_beta33.325=0.5061 val_L16_beta34.3422=0.5318 val_L16_beta38.5957=0.4307 val_L16_beta39.6475=0.4620 val_L16_beta47.0386=0.4780 val_L16_beta47.4228=0.5942 val_L16_beta54.11=0.3728 val_L16_beta56.1944=0.5326 val_L16_beta57.2189=0.4408 val_L32_beta2.1926=0.8413 val_L32_beta2.4697=0.9355 val_L32_beta2.8622=0.7320 val_L32_beta4.994=0.5754 val_L32_beta8.069=0.5405 val_L32_beta11.2015=0.6731 val_L32_beta12.3504=0.6118 val_L32_beta12.688=0.7044 val_L32_beta14.1441=0.5655 val_L32_beta18.0708=0.3514 val_L32_beta18.6487=0.3824 val_L32_beta52.6284=0.5482 val_L8_beta1.4347=0.5064 val_L8_beta1.4977=0.7313 val_L8_beta1.7872=0.6571 val_L8_beta1.9783=0.5943 val_L8_beta2.4006=0.6601 val_L8_beta2.4786=0.7227 val_total=48.2660
epoch  75  train=0.6239  val_L16_beta14.1464=0.5374 val_L16_beta25=0.5235 val_L16_beta40=0.5380 val_L16_beta55.0237=0.5183 val_L16_beta1.0119=0.7310 val_L16_beta1.0397=0.8095 val_L16_beta1.0743=0.6565 val_L16_beta1.2464=0.7052 val_L16_beta1.2749=0.5834 val_L16_beta1.7484=0.5030 val_L16_beta1.8367=0.8389 val_L16_beta1.8781=0.6294 val_L16_beta2.122=0.5428 val_L16_beta2.1285=0.7373 val_L16_beta2.1757=0.5822 val_L16_beta2.1862=0.5496 val_L16_beta2.2983=0.5669 val_L16_beta2.3046=0.7327 val_L16_beta2.3454=0.6382 val_L16_beta2.7647=0.7265 val_L16_beta3.1518=0.6253 val_L16_beta3.1669=0.7618 val_L16_beta3.2922=0.4451 val_L16_beta3.3842=0.5998 val_L16_beta3.4006=0.5869 val_L16_beta3.6231=0.6969 val_L16_beta3.7225=0.6853 val_L16_beta4.0764=0.6659 val_L16_beta4.7323=0.7110 val_L16_beta4.7632=0.5519 val_L16_beta5.586=0.5913 val_L16_beta6.2411=0.4529 val_L16_beta6.4184=0.4812 val_L16_beta6.8771=0.3803 val_L16_beta8.3946=0.5036 val_L16_beta8.4548=0.5337 val_L16_beta8.7139=0.6287 val_L16_beta9.287=0.6885 val_L16_beta9.571=0.4754 val_L16_beta9.8499=0.5216 val_L16_beta10.2188=0.5483 val_L16_beta11.8501=0.6163 val_L16_beta11.8784=0.5377 val_L16_beta12.9259=0.5024 val_L16_beta14.4687=0.6347 val_L16_beta15.5366=0.4829 val_L16_beta17.502=0.5178 val_L16_beta17.7602=0.6983 val_L16_beta19.403=0.5310 val_L16_beta20.2412=0.6634 val_L16_beta21.8857=0.5141 val_L16_beta27.0442=0.6140 val_L16_beta27.3387=0.5917 val_L16_beta27.7875=0.6112 val_L16_beta30.5978=0.5788 val_L16_beta33.325=0.5070 val_L16_beta34.3422=0.5001 val_L16_beta38.5957=0.4003 val_L16_beta39.6475=0.4764 val_L16_beta47.0386=0.4757 val_L16_beta47.4228=0.5272 val_L16_beta54.11=0.3726 val_L16_beta56.1944=0.5265 val_L16_beta57.2189=0.4189 val_L32_beta2.1926=0.8278 val_L32_beta2.4697=0.8484 val_L32_beta2.8622=0.8051 val_L32_beta4.994=0.5513 val_L32_beta8.069=0.5416 val_L32_beta11.2015=0.6552 val_L32_beta12.3504=0.6422 val_L32_beta12.688=0.7056 val_L32_beta14.1441=0.5743 val_L32_beta18.0708=0.3338 val_L32_beta18.6487=0.3862 val_L32_beta52.6284=0.5326 val_L8_beta1.4347=0.5071 val_L8_beta1.4977=0.8299 val_L8_beta1.7872=0.6165 val_L8_beta1.9783=0.6097 val_L8_beta2.4006=0.6365 val_L8_beta2.4786=0.7396 val_total=48.4282
epoch  76  train=0.6241  val_L16_beta14.1464=0.5468 val_L16_beta25=0.5223 val_L16_beta40=0.5326 val_L16_beta55.0237=0.5167 val_L16_beta1.0119=0.7331 val_L16_beta1.0397=0.7594 val_L16_beta1.0743=0.6823 val_L16_beta1.2464=0.7001 val_L16_beta1.2749=0.5803 val_L16_beta1.7484=0.4637 val_L16_beta1.8367=0.8348 val_L16_beta1.8781=0.6531 val_L16_beta2.122=0.5481 val_L16_beta2.1285=0.6941 val_L16_beta2.1757=0.5982 val_L16_beta2.1862=0.5399 val_L16_beta2.2983=0.5702 val_L16_beta2.3046=0.7570 val_L16_beta2.3454=0.6555 val_L16_beta2.7647=0.7013 val_L16_beta3.1518=0.6557 val_L16_beta3.1669=0.7200 val_L16_beta3.2922=0.4567 val_L16_beta3.3842=0.6141 val_L16_beta3.4006=0.5650 val_L16_beta3.6231=0.6867 val_L16_beta3.7225=0.6677 val_L16_beta4.0764=0.6587 val_L16_beta4.7323=0.6824 val_L16_beta4.7632=0.5825 val_L16_beta5.586=0.6287 val_L16_beta6.2411=0.4620 val_L16_beta6.4184=0.4880 val_L16_beta6.8771=0.4032 val_L16_beta8.3946=0.4563 val_L16_beta8.4548=0.5168 val_L16_beta8.7139=0.6091 val_L16_beta9.287=0.6661 val_L16_beta9.571=0.4551 val_L16_beta9.8499=0.5254 val_L16_beta10.2188=0.5310 val_L16_beta11.8501=0.6243 val_L16_beta11.8784=0.5189 val_L16_beta12.9259=0.5067 val_L16_beta14.4687=0.6378 val_L16_beta15.5366=0.4907 val_L16_beta17.502=0.4875 val_L16_beta17.7602=0.7034 val_L16_beta19.403=0.5509 val_L16_beta20.2412=0.6619 val_L16_beta21.8857=0.5434 val_L16_beta27.0442=0.6086 val_L16_beta27.3387=0.5868 val_L16_beta27.7875=0.5778 val_L16_beta30.5978=0.5944 val_L16_beta33.325=0.5109 val_L16_beta34.3422=0.5193 val_L16_beta38.5957=0.4297 val_L16_beta39.6475=0.4628 val_L16_beta47.0386=0.4711 val_L16_beta47.4228=0.5651 val_L16_beta54.11=0.3888 val_L16_beta56.1944=0.5463 val_L16_beta57.2189=0.4485 val_L32_beta2.1926=0.8776 val_L32_beta2.4697=0.7984 val_L32_beta2.8622=0.8033 val_L32_beta4.994=0.5396 val_L32_beta8.069=0.5460 val_L32_beta11.2015=0.6803 val_L32_beta12.3504=0.6191 val_L32_beta12.688=0.7169 val_L32_beta14.1441=0.5786 val_L32_beta18.0708=0.3499 val_L32_beta18.6487=0.3872 val_L32_beta52.6284=0.5214 val_L8_beta1.4347=0.5833 val_L8_beta1.4977=0.7576 val_L8_beta1.7872=0.5917 val_L8_beta1.9783=0.5955 val_L8_beta2.4006=0.6705 val_L8_beta2.4786=0.7206 val_total=48.3937
epoch  77  train=0.6242  val_L16_beta14.1464=0.5346 val_L16_beta25=0.5215 val_L16_beta40=0.5406 val_L16_beta55.0237=0.5184 val_L16_beta1.0119=0.7070 val_L16_beta1.0397=0.7588 val_L16_beta1.0743=0.6546 val_L16_beta1.2464=0.6798 val_L16_beta1.2749=0.5905 val_L16_beta1.7484=0.5082 val_L16_beta1.8367=0.8004 val_L16_beta1.8781=0.6536 val_L16_beta2.122=0.5474 val_L16_beta2.1285=0.7168 val_L16_beta2.1757=0.6015 val_L16_beta2.1862=0.5445 val_L16_beta2.2983=0.5662 val_L16_beta2.3046=0.7830 val_L16_beta2.3454=0.6473 val_L16_beta2.7647=0.6922 val_L16_beta3.1518=0.6373 val_L16_beta3.1669=0.7705 val_L16_beta3.2922=0.4602 val_L16_beta3.3842=0.6104 val_L16_beta3.4006=0.5486 val_L16_beta3.6231=0.7183 val_L16_beta3.7225=0.6809 val_L16_beta4.0764=0.6610 val_L16_beta4.7323=0.6810 val_L16_beta4.7632=0.5403 val_L16_beta5.586=0.6117 val_L16_beta6.2411=0.4807 val_L16_beta6.4184=0.4765 val_L16_beta6.8771=0.3890 val_L16_beta8.3946=0.4706 val_L16_beta8.4548=0.5210 val_L16_beta8.7139=0.5995 val_L16_beta9.287=0.6942 val_L16_beta9.571=0.4874 val_L16_beta9.8499=0.5045 val_L16_beta10.2188=0.5337 val_L16_beta11.8501=0.6286 val_L16_beta11.8784=0.5408 val_L16_beta12.9259=0.5057 val_L16_beta14.4687=0.6379 val_L16_beta15.5366=0.4745 val_L16_beta17.502=0.4754 val_L16_beta17.7602=0.6994 val_L16_beta19.403=0.5467 val_L16_beta20.2412=0.6932 val_L16_beta21.8857=0.5258 val_L16_beta27.0442=0.6073 val_L16_beta27.3387=0.5914 val_L16_beta27.7875=0.5642 val_L16_beta30.5978=0.5996 val_L16_beta33.325=0.5047 val_L16_beta34.3422=0.5271 val_L16_beta38.5957=0.4263 val_L16_beta39.6475=0.4780 val_L16_beta47.0386=0.4578 val_L16_beta47.4228=0.5583 val_L16_beta54.11=0.3657 val_L16_beta56.1944=0.5249 val_L16_beta57.2189=0.4202 val_L32_beta2.1926=0.8551 val_L32_beta2.4697=0.8964 val_L32_beta2.8622=0.7602 val_L32_beta4.994=0.5440 val_L32_beta8.069=0.5354 val_L32_beta11.2015=0.6697 val_L32_beta12.3504=0.6216 val_L32_beta12.688=0.7188 val_L32_beta14.1441=0.5605 val_L32_beta18.0708=0.3471 val_L32_beta18.6487=0.3862 val_L32_beta52.6284=0.5598 val_L8_beta1.4347=0.5106 val_L8_beta1.4977=0.7858 val_L8_beta1.7872=0.6595 val_L8_beta1.9783=0.6328 val_L8_beta2.4006=0.7103 val_L8_beta2.4786=0.7151 val_total=48.4664
epoch  78  train=0.6305  val_L16_beta14.1464=0.5442 val_L16_beta25=0.5230 val_L16_beta40=0.5294 val_L16_beta55.0237=0.5083 val_L16_beta1.0119=0.6911 val_L16_beta1.0397=0.7612 val_L16_beta1.0743=0.6842 val_L16_beta1.2464=0.6988 val_L16_beta1.2749=0.5991 val_L16_beta1.7484=0.4835 val_L16_beta1.8367=0.7792 val_L16_beta1.8781=0.6439 val_L16_beta2.122=0.5326 val_L16_beta2.1285=0.7051 val_L16_beta2.1757=0.6026 val_L16_beta2.1862=0.5538 val_L16_beta2.2983=0.5759 val_L16_beta2.3046=0.7223 val_L16_beta2.3454=0.6216 val_L16_beta2.7647=0.7357 val_L16_beta3.1518=0.6381 val_L16_beta3.1669=0.7108 val_L16_beta3.2922=0.4574 val_L16_beta3.3842=0.6142 val_L16_beta3.4006=0.5617 val_L16_beta3.6231=0.7136 val_L16_beta3.7225=0.7071 val_L16_beta4.0764=0.6315 val_L16_beta4.7323=0.6998 val_L16_beta4.7632=0.5324 val_L16_beta5.586=0.5736 val_L16_beta6.2411=0.4631 val_L16_beta6.4184=0.4843 val_L16_beta6.8771=0.3845 val_L16_beta8.3946=0.4849 val_L16_beta8.4548=0.5162 val_L16_beta8.7139=0.6364 val_L16_beta9.287=0.6927 val_L16_beta9.571=0.4882 val_L16_beta9.8499=0.5091 val_L16_beta10.2188=0.5781 val_L16_beta11.8501=0.6113 val_L16_beta11.8784=0.5251 val_L16_beta12.9259=0.4869 val_L16_beta14.4687=0.6223 val_L16_beta15.5366=0.4671 val_L16_beta17.502=0.4972 val_L16_beta17.7602=0.7101 val_L16_beta19.403=0.5496 val_L16_beta20.2412=0.6689 val_L16_beta21.8857=0.5508 val_L16_beta27.0442=0.5852 val_L16_beta27.3387=0.5623 val_L16_beta27.7875=0.6003 val_L16_beta30.5978=0.5855 val_L16_beta33.325=0.4722 val_L16_beta34.3422=0.4909 val_L16_beta38.5957=0.4248 val_L16_beta39.6475=0.4742 val_L16_beta47.0386=0.4816 val_L16_beta47.4228=0.5652 val_L16_beta54.11=0.3678 val_L16_beta56.1944=0.5113 val_L16_beta57.2189=0.4300 val_L32_beta2.1926=0.8003 val_L32_beta2.4697=0.7722 val_L32_beta2.8622=0.7028 val_L32_beta4.994=0.5454 val_L32_beta8.069=0.5445 val_L32_beta11.2015=0.6669 val_L32_beta12.3504=0.6386 val_L32_beta12.688=0.7030 val_L32_beta14.1441=0.5712 val_L32_beta18.0708=0.3428 val_L32_beta18.6487=0.3832 val_L32_beta52.6284=0.5237 val_L8_beta1.4347=0.5236 val_L8_beta1.4977=0.7663 val_L8_beta1.7872=0.6486 val_L8_beta1.9783=0.6440 val_L8_beta2.4006=0.6452 val_L8_beta2.4786=0.6567 val_total=47.8928
epoch  79  train=0.6231  val_L16_beta14.1464=0.5403 val_L16_beta25=0.5280 val_L16_beta40=0.5334 val_L16_beta55.0237=0.5206 val_L16_beta1.0119=0.7186 val_L16_beta1.0397=0.7481 val_L16_beta1.0743=0.6785 val_L16_beta1.2464=0.6725 val_L16_beta1.2749=0.5838 val_L16_beta1.7484=0.4930 val_L16_beta1.8367=0.7837 val_L16_beta1.8781=0.6338 val_L16_beta2.122=0.5299 val_L16_beta2.1285=0.7209 val_L16_beta2.1757=0.6007 val_L16_beta2.1862=0.5718 val_L16_beta2.2983=0.5771 val_L16_beta2.3046=0.7372 val_L16_beta2.3454=0.6364 val_L16_beta2.7647=0.7105 val_L16_beta3.1518=0.6267 val_L16_beta3.1669=0.7239 val_L16_beta3.2922=0.4743 val_L16_beta3.3842=0.6327 val_L16_beta3.4006=0.5673 val_L16_beta3.6231=0.6874 val_L16_beta3.7225=0.6703 val_L16_beta4.0764=0.6641 val_L16_beta4.7323=0.6798 val_L16_beta4.7632=0.5389 val_L16_beta5.586=0.5895 val_L16_beta6.2411=0.4859 val_L16_beta6.4184=0.5012 val_L16_beta6.8771=0.3952 val_L16_beta8.3946=0.4697 val_L16_beta8.4548=0.5296 val_L16_beta8.7139=0.6315 val_L16_beta9.287=0.6599 val_L16_beta9.571=0.4768 val_L16_beta9.8499=0.5180 val_L16_beta10.2188=0.5495 val_L16_beta11.8501=0.5844 val_L16_beta11.8784=0.5317 val_L16_beta12.9259=0.5034 val_L16_beta14.4687=0.6159 val_L16_beta15.5366=0.4691 val_L16_beta17.502=0.5052 val_L16_beta17.7602=0.6867 val_L16_beta19.403=0.5411 val_L16_beta20.2412=0.6841 val_L16_beta21.8857=0.5426 val_L16_beta27.0442=0.6265 val_L16_beta27.3387=0.5842 val_L16_beta27.7875=0.5770 val_L16_beta30.5978=0.5719 val_L16_beta33.325=0.4948 val_L16_beta34.3422=0.5149 val_L16_beta38.5957=0.4286 val_L16_beta39.6475=0.4794 val_L16_beta47.0386=0.4685 val_L16_beta47.4228=0.5610 val_L16_beta54.11=0.3846 val_L16_beta56.1944=0.5225 val_L16_beta57.2189=0.4142 val_L32_beta2.1926=0.8203 val_L32_beta2.4697=0.8327 val_L32_beta2.8622=0.6885 val_L32_beta4.994=0.5480 val_L32_beta8.069=0.5133 val_L32_beta11.2015=0.6696 val_L32_beta12.3504=0.6169 val_L32_beta12.688=0.7010 val_L32_beta14.1441=0.5596 val_L32_beta18.0708=0.3485 val_L32_beta18.6487=0.3967 val_L32_beta52.6284=0.5431 val_L8_beta1.4347=0.5956 val_L8_beta1.4977=0.7505 val_L8_beta1.7872=0.6604 val_L8_beta1.9783=0.6756 val_L8_beta2.4006=0.6103 val_L8_beta2.4786=0.7191 val_total=48.1327
epoch  80  train=0.6289  val_L16_beta14.1464=0.5327 val_L16_beta25=0.5290 val_L16_beta40=0.5346 val_L16_beta55.0237=0.5202 val_L16_beta1.0119=0.7058 val_L16_beta1.0397=0.7945 val_L16_beta1.0743=0.6682 val_L16_beta1.2464=0.6680 val_L16_beta1.2749=0.6446 val_L16_beta1.7484=0.5063 val_L16_beta1.8367=0.8626 val_L16_beta1.8781=0.6346 val_L16_beta2.122=0.5323 val_L16_beta2.1285=0.7236 val_L16_beta2.1757=0.5775 val_L16_beta2.1862=0.5676 val_L16_beta2.2983=0.5796 val_L16_beta2.3046=0.7631 val_L16_beta2.3454=0.6114 val_L16_beta2.7647=0.7126 val_L16_beta3.1518=0.6397 val_L16_beta3.1669=0.7276 val_L16_beta3.2922=0.4574 val_L16_beta3.3842=0.6202 val_L16_beta3.4006=0.5689 val_L16_beta3.6231=0.7267 val_L16_beta3.7225=0.6608 val_L16_beta4.0764=0.6535 val_L16_beta4.7323=0.6847 val_L16_beta4.7632=0.5491 val_L16_beta5.586=0.5946 val_L16_beta6.2411=0.4529 val_L16_beta6.4184=0.4879 val_L16_beta6.8771=0.3964 val_L16_beta8.3946=0.4694 val_L16_beta8.4548=0.5143 val_L16_beta8.7139=0.6344 val_L16_beta9.287=0.6921 val_L16_beta9.571=0.4701 val_L16_beta9.8499=0.5338 val_L16_beta10.2188=0.5443 val_L16_beta11.8501=0.5871 val_L16_beta11.8784=0.5214 val_L16_beta12.9259=0.5060 val_L16_beta14.4687=0.6494 val_L16_beta15.5366=0.4943 val_L16_beta17.502=0.4796 val_L16_beta17.7602=0.6794 val_L16_beta19.403=0.5878 val_L16_beta20.2412=0.6575 val_L16_beta21.8857=0.5290 val_L16_beta27.0442=0.5726 val_L16_beta27.3387=0.6028 val_L16_beta27.7875=0.5951 val_L16_beta30.5978=0.5578 val_L16_beta33.325=0.5182 val_L16_beta34.3422=0.5089 val_L16_beta38.5957=0.4168 val_L16_beta39.6475=0.4620 val_L16_beta47.0386=0.4845 val_L16_beta47.4228=0.5505 val_L16_beta54.11=0.4120 val_L16_beta56.1944=0.5234 val_L16_beta57.2189=0.4393 val_L32_beta2.1926=0.8284 val_L32_beta2.4697=0.7879 val_L32_beta2.8622=0.7634 val_L32_beta4.994=0.5445 val_L32_beta8.069=0.5110 val_L32_beta11.2015=0.6749 val_L32_beta12.3504=0.6160 val_L32_beta12.688=0.7151 val_L32_beta14.1441=0.5752 val_L32_beta18.0708=0.3359 val_L32_beta18.6487=0.3831 val_L32_beta52.6284=0.5346 val_L8_beta1.4347=0.5132 val_L8_beta1.4977=0.7455 val_L8_beta1.7872=0.6333 val_L8_beta1.9783=0.5904 val_L8_beta2.4006=0.6820 val_L8_beta2.4786=0.7230 val_total=48.2406
epoch  81  train=0.6268  val_L16_beta14.1464=0.5397 val_L16_beta25=0.5248 val_L16_beta40=0.5382 val_L16_beta55.0237=0.5188 val_L16_beta1.0119=0.7143 val_L16_beta1.0397=0.7589 val_L16_beta1.0743=0.6670 val_L16_beta1.2464=0.7016 val_L16_beta1.2749=0.5807 val_L16_beta1.7484=0.5014 val_L16_beta1.8367=0.8387 val_L16_beta1.8781=0.6507 val_L16_beta2.122=0.5476 val_L16_beta2.1285=0.7321 val_L16_beta2.1757=0.5980 val_L16_beta2.1862=0.5706 val_L16_beta2.2983=0.5703 val_L16_beta2.3046=0.7736 val_L16_beta2.3454=0.6305 val_L16_beta2.7647=0.7219 val_L16_beta3.1518=0.6484 val_L16_beta3.1669=0.7364 val_L16_beta3.2922=0.4644 val_L16_beta3.3842=0.6120 val_L16_beta3.4006=0.5564 val_L16_beta3.6231=0.7059 val_L16_beta3.7225=0.7186 val_L16_beta4.0764=0.6429 val_L16_beta4.7323=0.7136 val_L16_beta4.7632=0.5629 val_L16_beta5.586=0.6067 val_L16_beta6.2411=0.4491 val_L16_beta6.4184=0.4678 val_L16_beta6.8771=0.4035 val_L16_beta8.3946=0.4815 val_L16_beta8.4548=0.5187 val_L16_beta8.7139=0.6372 val_L16_beta9.287=0.6898 val_L16_beta9.571=0.4740 val_L16_beta9.8499=0.5069 val_L16_beta10.2188=0.5406 val_L16_beta11.8501=0.6076 val_L16_beta11.8784=0.5397 val_L16_beta12.9259=0.4922 val_L16_beta14.4687=0.6413 val_L16_beta15.5366=0.4551 val_L16_beta17.502=0.5043 val_L16_beta17.7602=0.6787 val_L16_beta19.403=0.5735 val_L16_beta20.2412=0.6708 val_L16_beta21.8857=0.5623 val_L16_beta27.0442=0.5940 val_L16_beta27.3387=0.5836 val_L16_beta27.7875=0.5980 val_L16_beta30.5978=0.5839 val_L16_beta33.325=0.4937 val_L16_beta34.3422=0.5213 val_L16_beta38.5957=0.4084 val_L16_beta39.6475=0.4481 val_L16_beta47.0386=0.4869 val_L16_beta47.4228=0.5644 val_L16_beta54.11=0.4019 val_L16_beta56.1944=0.5383 val_L16_beta57.2189=0.4308 val_L32_beta2.1926=0.8736 val_L32_beta2.4697=0.7954 val_L32_beta2.8622=0.7148 val_L32_beta4.994=0.5588 val_L32_beta8.069=0.5180 val_L32_beta11.2015=0.6674 val_L32_beta12.3504=0.6350 val_L32_beta12.688=0.7131 val_L32_beta14.1441=0.5730 val_L32_beta18.0708=0.3397 val_L32_beta18.6487=0.3920 val_L32_beta52.6284=0.5290 val_L8_beta1.4347=0.5425 val_L8_beta1.4977=0.7681 val_L8_beta1.7872=0.6467 val_L8_beta1.9783=0.5935 val_L8_beta2.4006=0.6194 val_L8_beta2.4786=0.7387 val_total=48.4141
epoch  82  train=0.6295  val_L16_beta14.1464=0.5423 val_L16_beta25=0.5179 val_L16_beta40=0.5418 val_L16_beta55.0237=0.5278 val_L16_beta1.0119=0.7540 val_L16_beta1.0397=0.7736 val_L16_beta1.0743=0.6887 val_L16_beta1.2464=0.6939 val_L16_beta1.2749=0.5828 val_L16_beta1.7484=0.4719 val_L16_beta1.8367=0.7851 val_L16_beta1.8781=0.6198 val_L16_beta2.122=0.5358 val_L16_beta2.1285=0.7092 val_L16_beta2.1757=0.5596 val_L16_beta2.1862=0.5661 val_L16_beta2.2983=0.5680 val_L16_beta2.3046=0.7545 val_L16_beta2.3454=0.6355 val_L16_beta2.7647=0.7170 val_L16_beta3.1518=0.6524 val_L16_beta3.1669=0.7152 val_L16_beta3.2922=0.4570 val_L16_beta3.3842=0.6202 val_L16_beta3.4006=0.5693 val_L16_beta3.6231=0.6848 val_L16_beta3.7225=0.6831 val_L16_beta4.0764=0.6306 val_L16_beta4.7323=0.6918 val_L16_beta4.7632=0.5433 val_L16_beta5.586=0.5802 val_L16_beta6.2411=0.4660 val_L16_beta6.4184=0.4763 val_L16_beta6.8771=0.4076 val_L16_beta8.3946=0.4739 val_L16_beta8.4548=0.5284 val_L16_beta8.7139=0.6073 val_L16_beta9.287=0.6681 val_L16_beta9.571=0.4990 val_L16_beta9.8499=0.5155 val_L16_beta10.2188=0.5603 val_L16_beta11.8501=0.6263 val_L16_beta11.8784=0.5314 val_L16_beta12.9259=0.5265 val_L16_beta14.4687=0.6350 val_L16_beta15.5366=0.5057 val_L16_beta17.502=0.4855 val_L16_beta17.7602=0.6701 val_L16_beta19.403=0.5463 val_L16_beta20.2412=0.6810 val_L16_beta21.8857=0.5285 val_L16_beta27.0442=0.6065 val_L16_beta27.3387=0.5724 val_L16_beta27.7875=0.5972 val_L16_beta30.5978=0.5694 val_L16_beta33.325=0.5199 val_L16_beta34.3422=0.5353 val_L16_beta38.5957=0.4230 val_L16_beta39.6475=0.4560 val_L16_beta47.0386=0.4616 val_L16_beta47.4228=0.5615 val_L16_beta54.11=0.3707 val_L16_beta56.1944=0.5443 val_L16_beta57.2189=0.4505 val_L32_beta2.1926=0.7786 val_L32_beta2.4697=0.7948 val_L32_beta2.8622=0.7317 val_L32_beta4.994=0.5366 val_L32_beta8.069=0.5405 val_L32_beta11.2015=0.6712 val_L32_beta12.3504=0.6115 val_L32_beta12.688=0.7108 val_L32_beta14.1441=0.5674 val_L32_beta18.0708=0.3419 val_L32_beta18.6487=0.3774 val_L32_beta52.6284=0.5305 val_L8_beta1.4347=0.5413 val_L8_beta1.4977=0.7345 val_L8_beta1.7872=0.5937 val_L8_beta1.9783=0.6343 val_L8_beta2.4006=0.6007 val_L8_beta2.4786=0.7124 val_total=47.9898
epoch  83  train=0.6296  val_L16_beta14.1464=0.5377 val_L16_beta25=0.5255 val_L16_beta40=0.5466 val_L16_beta55.0237=0.5143 val_L16_beta1.0119=0.7232 val_L16_beta1.0397=0.7911 val_L16_beta1.0743=0.6503 val_L16_beta1.2464=0.6872 val_L16_beta1.2749=0.5767 val_L16_beta1.7484=0.4690 val_L16_beta1.8367=0.8006 val_L16_beta1.8781=0.6561 val_L16_beta2.122=0.5447 val_L16_beta2.1285=0.7028 val_L16_beta2.1757=0.5992 val_L16_beta2.1862=0.5332 val_L16_beta2.2983=0.5837 val_L16_beta2.3046=0.7368 val_L16_beta2.3454=0.6373 val_L16_beta2.7647=0.6793 val_L16_beta3.1518=0.6560 val_L16_beta3.1669=0.7139 val_L16_beta3.2922=0.4489 val_L16_beta3.3842=0.6275 val_L16_beta3.4006=0.5457 val_L16_beta3.6231=0.7153 val_L16_beta3.7225=0.6755 val_L16_beta4.0764=0.6451 val_L16_beta4.7323=0.6970 val_L16_beta4.7632=0.5583 val_L16_beta5.586=0.6210 val_L16_beta6.2411=0.4585 val_L16_beta6.4184=0.5247 val_L16_beta6.8771=0.3909 val_L16_beta8.3946=0.4799 val_L16_beta8.4548=0.5113 val_L16_beta8.7139=0.6098 val_L16_beta9.287=0.6937 val_L16_beta9.571=0.4893 val_L16_beta9.8499=0.4982 val_L16_beta10.2188=0.5257 val_L16_beta11.8501=0.6102 val_L16_beta11.8784=0.5049 val_L16_beta12.9259=0.4946 val_L16_beta14.4687=0.6120 val_L16_beta15.5366=0.4723 val_L16_beta17.502=0.4893 val_L16_beta17.7602=0.6828 val_L16_beta19.403=0.5532 val_L16_beta20.2412=0.6555 val_L16_beta21.8857=0.5266 val_L16_beta27.0442=0.5988 val_L16_beta27.3387=0.5761 val_L16_beta27.7875=0.5755 val_L16_beta30.5978=0.5549 val_L16_beta33.325=0.4959 val_L16_beta34.3422=0.5001 val_L16_beta38.5957=0.4073 val_L16_beta39.6475=0.4573 val_L16_beta47.0386=0.4608 val_L16_beta47.4228=0.5591 val_L16_beta54.11=0.3897 val_L16_beta56.1944=0.5177 val_L16_beta57.2189=0.4472 val_L32_beta2.1926=0.8648 val_L32_beta2.4697=0.8847 val_L32_beta2.8622=0.7735 val_L32_beta4.994=0.5511 val_L32_beta8.069=0.5321 val_L32_beta11.2015=0.6752 val_L32_beta12.3504=0.6034 val_L32_beta12.688=0.7094 val_L32_beta14.1441=0.5620 val_L32_beta18.0708=0.3505 val_L32_beta18.6487=0.3852 val_L32_beta52.6284=0.5344 val_L8_beta1.4347=0.5410 val_L8_beta1.4977=0.7105 val_L8_beta1.7872=0.5959 val_L8_beta1.9783=0.6360 val_L8_beta2.4006=0.6398 val_L8_beta2.4786=0.7061 val_total=47.9790
epoch  84  train=0.6254  val_L16_beta14.1464=0.5408 val_L16_beta25=0.5233 val_L16_beta40=0.5459 val_L16_beta55.0237=0.5176 val_L16_beta1.0119=0.7351 val_L16_beta1.0397=0.7477 val_L16_beta1.0743=0.6423 val_L16_beta1.2464=0.7317 val_L16_beta1.2749=0.6063 val_L16_beta1.7484=0.4815 val_L16_beta1.8367=0.8165 val_L16_beta1.8781=0.6306 val_L16_beta2.122=0.5179 val_L16_beta2.1285=0.7180 val_L16_beta2.1757=0.5912 val_L16_beta2.1862=0.5373 val_L16_beta2.2983=0.5778 val_L16_beta2.3046=0.7208 val_L16_beta2.3454=0.6397 val_L16_beta2.7647=0.7174 val_L16_beta3.1518=0.6581 val_L16_beta3.1669=0.7194 val_L16_beta3.2922=0.4490 val_L16_beta3.3842=0.6105 val_L16_beta3.4006=0.5521 val_L16_beta3.6231=0.6969 val_L16_beta3.7225=0.6819 val_L16_beta4.0764=0.6585 val_L16_beta4.7323=0.6976 val_L16_beta4.7632=0.5667 val_L16_beta5.586=0.5795 val_L16_beta6.2411=0.4462 val_L16_beta6.4184=0.5079 val_L16_beta6.8771=0.3885 val_L16_beta8.3946=0.4480 val_L16_beta8.4548=0.5039 val_L16_beta8.7139=0.6108 val_L16_beta9.287=0.6619 val_L16_beta9.571=0.4789 val_L16_beta9.8499=0.5025 val_L16_beta10.2188=0.5187 val_L16_beta11.8501=0.6299 val_L16_beta11.8784=0.5379 val_L16_beta12.9259=0.5168 val_L16_beta14.4687=0.6388 val_L16_beta15.5366=0.4804 val_L16_beta17.502=0.4831 val_L16_beta17.7602=0.6885 val_L16_beta19.403=0.5626 val_L16_beta20.2412=0.6724 val_L16_beta21.8857=0.5130 val_L16_beta27.0442=0.5991 val_L16_beta27.3387=0.5936 val_L16_beta27.7875=0.5856 val_L16_beta30.5978=0.5737 val_L16_beta33.325=0.5085 val_L16_beta34.3422=0.5208 val_L16_beta38.5957=0.4392 val_L16_beta39.6475=0.4634 val_L16_beta47.0386=0.4838 val_L16_beta47.4228=0.5610 val_L16_beta54.11=0.3921 val_L16_beta56.1944=0.5318 val_L16_beta57.2189=0.4142 val_L32_beta2.1926=0.8122 val_L32_beta2.4697=0.7837 val_L32_beta2.8622=0.7116 val_L32_beta4.994=0.5740 val_L32_beta8.069=0.5221 val_L32_beta11.2015=0.6690 val_L32_beta12.3504=0.6217 val_L32_beta12.688=0.7026 val_L32_beta14.1441=0.5714 val_L32_beta18.0708=0.3467 val_L32_beta18.6487=0.3791 val_L32_beta52.6284=0.5374 val_L8_beta1.4347=0.5178 val_L8_beta1.4977=0.7274 val_L8_beta1.7872=0.6703 val_L8_beta1.9783=0.6207 val_L8_beta2.4006=0.6175 val_L8_beta2.4786=0.6911 val_total=47.9424
epoch  85  train=0.6300  val_L16_beta14.1464=0.5448 val_L16_beta25=0.5184 val_L16_beta40=0.5267 val_L16_beta55.0237=0.5188 val_L16_beta1.0119=0.7332 val_L16_beta1.0397=0.7525 val_L16_beta1.0743=0.6727 val_L16_beta1.2464=0.7111 val_L16_beta1.2749=0.6144 val_L16_beta1.7484=0.5063 val_L16_beta1.8367=0.8084 val_L16_beta1.8781=0.6449 val_L16_beta2.122=0.5815 val_L16_beta2.1285=0.7390 val_L16_beta2.1757=0.5966 val_L16_beta2.1862=0.5446 val_L16_beta2.2983=0.5592 val_L16_beta2.3046=0.7070 val_L16_beta2.3454=0.6448 val_L16_beta2.7647=0.7199 val_L16_beta3.1518=0.6484 val_L16_beta3.1669=0.7265 val_L16_beta3.2922=0.4697 val_L16_beta3.3842=0.6122 val_L16_beta3.4006=0.5676 val_L16_beta3.6231=0.7261 val_L16_beta3.7225=0.7046 val_L16_beta4.0764=0.6287 val_L16_beta4.7323=0.6620 val_L16_beta4.7632=0.5399 val_L16_beta5.586=0.6046 val_L16_beta6.2411=0.4645 val_L16_beta6.4184=0.4613 val_L16_beta6.8771=0.3966 val_L16_beta8.3946=0.4942 val_L16_beta8.4548=0.5333 val_L16_beta8.7139=0.6084 val_L16_beta9.287=0.6780 val_L16_beta9.571=0.4708 val_L16_beta9.8499=0.4928 val_L16_beta10.2188=0.5304 val_L16_beta11.8501=0.6073 val_L16_beta11.8784=0.5395 val_L16_beta12.9259=0.5123 val_L16_beta14.4687=0.6471 val_L16_beta15.5366=0.4998 val_L16_beta17.502=0.4975 val_L16_beta17.7602=0.6808 val_L16_beta19.403=0.5551 val_L16_beta20.2412=0.6797 val_L16_beta21.8857=0.5330 val_L16_beta27.0442=0.5964 val_L16_beta27.3387=0.5939 val_L16_beta27.7875=0.5915 val_L16_beta30.5978=0.5974 val_L16_beta33.325=0.5046 val_L16_beta34.3422=0.4927 val_L16_beta38.5957=0.4205 val_L16_beta39.6475=0.4566 val_L16_beta47.0386=0.4605 val_L16_beta47.4228=0.5544 val_L16_beta54.11=0.3810 val_L16_beta56.1944=0.5495 val_L16_beta57.2189=0.4232 val_L32_beta2.1926=0.8267 val_L32_beta2.4697=0.8861 val_L32_beta2.8622=0.7769 val_L32_beta4.994=0.5337 val_L32_beta8.069=0.5365 val_L32_beta11.2015=0.6763 val_L32_beta12.3504=0.5984 val_L32_beta12.688=0.7078 val_L32_beta14.1441=0.5779 val_L32_beta18.0708=0.3426 val_L32_beta18.6487=0.3926 val_L32_beta52.6284=0.5421 val_L8_beta1.4347=0.5589 val_L8_beta1.4977=0.7024 val_L8_beta1.7872=0.6087 val_L8_beta1.9783=0.6136 val_L8_beta2.4006=0.6299 val_L8_beta2.4786=0.6919 val_total=48.2422
epoch  86  train=0.6263  val_L16_beta14.1464=0.5291 val_L16_beta25=0.5179 val_L16_beta40=0.5325 val_L16_beta55.0237=0.5190 val_L16_beta1.0119=0.7224 val_L16_beta1.0397=0.7823 val_L16_beta1.0743=0.6515 val_L16_beta1.2464=0.7204 val_L16_beta1.2749=0.5913 val_L16_beta1.7484=0.4893 val_L16_beta1.8367=0.7970 val_L16_beta1.8781=0.6630 val_L16_beta2.122=0.5536 val_L16_beta2.1285=0.7277 val_L16_beta2.1757=0.5813 val_L16_beta2.1862=0.5463 val_L16_beta2.2983=0.5759 val_L16_beta2.3046=0.7411 val_L16_beta2.3454=0.6482 val_L16_beta2.7647=0.7071 val_L16_beta3.1518=0.6431 val_L16_beta3.1669=0.7262 val_L16_beta3.2922=0.4469 val_L16_beta3.3842=0.6080 val_L16_beta3.4006=0.5542 val_L16_beta3.6231=0.7187 val_L16_beta3.7225=0.6713 val_L16_beta4.0764=0.6421 val_L16_beta4.7323=0.6855 val_L16_beta4.7632=0.5514 val_L16_beta5.586=0.6025 val_L16_beta6.2411=0.4494 val_L16_beta6.4184=0.4671 val_L16_beta6.8771=0.4117 val_L16_beta8.3946=0.4701 val_L16_beta8.4548=0.5161 val_L16_beta8.7139=0.6401 val_L16_beta9.287=0.6873 val_L16_beta9.571=0.4889 val_L16_beta9.8499=0.4998 val_L16_beta10.2188=0.5284 val_L16_beta11.8501=0.6108 val_L16_beta11.8784=0.5360 val_L16_beta12.9259=0.5191 val_L16_beta14.4687=0.6535 val_L16_beta15.5366=0.4774 val_L16_beta17.502=0.4872 val_L16_beta17.7602=0.7056 val_L16_beta19.403=0.5338 val_L16_beta20.2412=0.6577 val_L16_beta21.8857=0.5165 val_L16_beta27.0442=0.5880 val_L16_beta27.3387=0.5472 val_L16_beta27.7875=0.5682 val_L16_beta30.5978=0.5776 val_L16_beta33.325=0.5285 val_L16_beta34.3422=0.5138 val_L16_beta38.5957=0.4204 val_L16_beta39.6475=0.4526 val_L16_beta47.0386=0.4589 val_L16_beta47.4228=0.5519 val_L16_beta54.11=0.3864 val_L16_beta56.1944=0.4998 val_L16_beta57.2189=0.4194 val_L32_beta2.1926=0.8264 val_L32_beta2.4697=0.8255 val_L32_beta2.8622=0.7097 val_L32_beta4.994=0.5390 val_L32_beta8.069=0.5210 val_L32_beta11.2015=0.6665 val_L32_beta12.3504=0.6218 val_L32_beta12.688=0.7023 val_L32_beta14.1441=0.5583 val_L32_beta18.0708=0.3523 val_L32_beta18.6487=0.3981 val_L32_beta52.6284=0.5375 val_L8_beta1.4347=0.5049 val_L8_beta1.4977=0.7207 val_L8_beta1.7872=0.6483 val_L8_beta1.9783=0.5976 val_L8_beta2.4006=0.6510 val_L8_beta2.4786=0.6573 val_total=47.8540
epoch  87  train=0.6270  val_L16_beta14.1464=0.5481 val_L16_beta25=0.5174 val_L16_beta40=0.5250 val_L16_beta55.0237=0.5122 val_L16_beta1.0119=0.7433 val_L16_beta1.0397=0.7722 val_L16_beta1.0743=0.6788 val_L16_beta1.2464=0.6833 val_L16_beta1.2749=0.6161 val_L16_beta1.7484=0.4648 val_L16_beta1.8367=0.7860 val_L16_beta1.8781=0.6201 val_L16_beta2.122=0.5916 val_L16_beta2.1285=0.7039 val_L16_beta2.1757=0.6107 val_L16_beta2.1862=0.5620 val_L16_beta2.2983=0.5606 val_L16_beta2.3046=0.7008 val_L16_beta2.3454=0.6153 val_L16_beta2.7647=0.6846 val_L16_beta3.1518=0.6423 val_L16_beta3.1669=0.7576 val_L16_beta3.2922=0.4446 val_L16_beta3.3842=0.6194 val_L16_beta3.4006=0.5773 val_L16_beta3.6231=0.6971 val_L16_beta3.7225=0.6688 val_L16_beta4.0764=0.6318 val_L16_beta4.7323=0.7015 val_L16_beta4.7632=0.5650 val_L16_beta5.586=0.5984 val_L16_beta6.2411=0.4771 val_L16_beta6.4184=0.4843 val_L16_beta6.8771=0.3805 val_L16_beta8.3946=0.4833 val_L16_beta8.4548=0.5304 val_L16_beta8.7139=0.5912 val_L16_beta9.287=0.6871 val_L16_beta9.571=0.5105 val_L16_beta9.8499=0.4942 val_L16_beta10.2188=0.5309 val_L16_beta11.8501=0.5987 val_L16_beta11.8784=0.5145 val_L16_beta12.9259=0.5284 val_L16_beta14.4687=0.6588 val_L16_beta15.5366=0.4905 val_L16_beta17.502=0.5117 val_L16_beta17.7602=0.6864 val_L16_beta19.403=0.5584 val_L16_beta20.2412=0.6454 val_L16_beta21.8857=0.5179 val_L16_beta27.0442=0.5953 val_L16_beta27.3387=0.5876 val_L16_beta27.7875=0.6016 val_L16_beta30.5978=0.5709 val_L16_beta33.325=0.5243 val_L16_beta34.3422=0.5124 val_L16_beta38.5957=0.4277 val_L16_beta39.6475=0.4639 val_L16_beta47.0386=0.4483 val_L16_beta47.4228=0.5473 val_L16_beta54.11=0.3700 val_L16_beta56.1944=0.5359 val_L16_beta57.2189=0.4306 val_L32_beta2.1926=0.8226 val_L32_beta2.4697=0.8793 val_L32_beta2.8622=0.7250 val_L32_beta4.994=0.5440 val_L32_beta8.069=0.5403 val_L32_beta11.2015=0.6665 val_L32_beta12.3504=0.6089 val_L32_beta12.688=0.7128 val_L32_beta14.1441=0.5649 val_L32_beta18.0708=0.3440 val_L32_beta18.6487=0.3818 val_L32_beta52.6284=0.5337 val_L8_beta1.4347=0.5475 val_L8_beta1.4977=0.7304 val_L8_beta1.7872=0.6457 val_L8_beta1.9783=0.6066 val_L8_beta2.4006=0.6580 val_L8_beta2.4786=0.7085 val_total=48.1173
epoch  88  train=0.6202  val_L16_beta14.1464=0.5364 val_L16_beta25=0.5222 val_L16_beta40=0.5288 val_L16_beta55.0237=0.5230 val_L16_beta1.0119=0.7192 val_L16_beta1.0397=0.7516 val_L16_beta1.0743=0.6558 val_L16_beta1.2464=0.7190 val_L16_beta1.2749=0.6075 val_L16_beta1.7484=0.4486 val_L16_beta1.8367=0.8090 val_L16_beta1.8781=0.6338 val_L16_beta2.122=0.5414 val_L16_beta2.1285=0.7243 val_L16_beta2.1757=0.5938 val_L16_beta2.1862=0.5596 val_L16_beta2.2983=0.5824 val_L16_beta2.3046=0.7570 val_L16_beta2.3454=0.6431 val_L16_beta2.7647=0.6786 val_L16_beta3.1518=0.6263 val_L16_beta3.1669=0.6952 val_L16_beta3.2922=0.4581 val_L16_beta3.3842=0.6078 val_L16_beta3.4006=0.5629 val_L16_beta3.6231=0.6893 val_L16_beta3.7225=0.7073 val_L16_beta4.0764=0.6584 val_L16_beta4.7323=0.6847 val_L16_beta4.7632=0.5511 val_L16_beta5.586=0.6039 val_L16_beta6.2411=0.4602 val_L16_beta6.4184=0.4776 val_L16_beta6.8771=0.3796 val_L16_beta8.3946=0.4993 val_L16_beta8.4548=0.5169 val_L16_beta8.7139=0.6264 val_L16_beta9.287=0.6726 val_L16_beta9.571=0.4668 val_L16_beta9.8499=0.4947 val_L16_beta10.2188=0.5581 val_L16_beta11.8501=0.6174 val_L16_beta11.8784=0.5303 val_L16_beta12.9259=0.5112 val_L16_beta14.4687=0.6199 val_L16_beta15.5366=0.4832 val_L16_beta17.502=0.4868 val_L16_beta17.7602=0.7233 val_L16_beta19.403=0.5430 val_L16_beta20.2412=0.6431 val_L16_beta21.8857=0.5266 val_L16_beta27.0442=0.5615 val_L16_beta27.3387=0.5845 val_L16_beta27.7875=0.5928 val_L16_beta30.5978=0.5721 val_L16_beta33.325=0.4821 val_L16_beta34.3422=0.5285 val_L16_beta38.5957=0.4092 val_L16_beta39.6475=0.4525 val_L16_beta47.0386=0.4495 val_L16_beta47.4228=0.5780 val_L16_beta54.11=0.3647 val_L16_beta56.1944=0.5409 val_L16_beta57.2189=0.4021 val_L32_beta2.1926=0.8665 val_L32_beta2.4697=0.8058 val_L32_beta2.8622=0.7658 val_L32_beta4.994=0.5255 val_L32_beta8.069=0.5224 val_L32_beta11.2015=0.6731 val_L32_beta12.3504=0.6383 val_L32_beta12.688=0.6945 val_L32_beta14.1441=0.5641 val_L32_beta18.0708=0.3469 val_L32_beta18.6487=0.3791 val_L32_beta52.6284=0.5227 val_L8_beta1.4347=0.5422 val_L8_beta1.4977=0.7551 val_L8_beta1.7872=0.6473 val_L8_beta1.9783=0.6172 val_L8_beta2.4006=0.6155 val_L8_beta2.4786=0.7378 val_total=47.9553
epoch  89  train=0.6266  val_L16_beta14.1464=0.5423 val_L16_beta25=0.5104 val_L16_beta40=0.5312 val_L16_beta55.0237=0.5108 val_L16_beta1.0119=0.7017 val_L16_beta1.0397=0.7826 val_L16_beta1.0743=0.7077 val_L16_beta1.2464=0.7221 val_L16_beta1.2749=0.6025 val_L16_beta1.7484=0.4779 val_L16_beta1.8367=0.8111 val_L16_beta1.8781=0.6190 val_L16_beta2.122=0.5417 val_L16_beta2.1285=0.7481 val_L16_beta2.1757=0.5883 val_L16_beta2.1862=0.5452 val_L16_beta2.2983=0.5579 val_L16_beta2.3046=0.7607 val_L16_beta2.3454=0.6287 val_L16_beta2.7647=0.6872 val_L16_beta3.1518=0.6277 val_L16_beta3.1669=0.7040 val_L16_beta3.2922=0.4497 val_L16_beta3.3842=0.6063 val_L16_beta3.4006=0.5686 val_L16_beta3.6231=0.6861 val_L16_beta3.7225=0.6665 val_L16_beta4.0764=0.6438 val_L16_beta4.7323=0.6953 val_L16_beta4.7632=0.5599 val_L16_beta5.586=0.5809 val_L16_beta6.2411=0.4841 val_L16_beta6.4184=0.4750 val_L16_beta6.8771=0.4125 val_L16_beta8.3946=0.4799 val_L16_beta8.4548=0.5279 val_L16_beta8.7139=0.5945 val_L16_beta9.287=0.6944 val_L16_beta9.571=0.5023 val_L16_beta9.8499=0.4980 val_L16_beta10.2188=0.5665 val_L16_beta11.8501=0.6037 val_L16_beta11.8784=0.5389 val_L16_beta12.9259=0.5100 val_L16_beta14.4687=0.6342 val_L16_beta15.5366=0.4814 val_L16_beta17.502=0.5006 val_L16_beta17.7602=0.6718 val_L16_beta19.403=0.5645 val_L16_beta20.2412=0.6722 val_L16_beta21.8857=0.5374 val_L16_beta27.0442=0.6083 val_L16_beta27.3387=0.5596 val_L16_beta27.7875=0.5552 val_L16_beta30.5978=0.5702 val_L16_beta33.325=0.5015 val_L16_beta34.3422=0.5232 val_L16_beta38.5957=0.4386 val_L16_beta39.6475=0.4628 val_L16_beta47.0386=0.4746 val_L16_beta47.4228=0.5567 val_L16_beta54.11=0.3825 val_L16_beta56.1944=0.5537 val_L16_beta57.2189=0.4255 val_L32_beta2.1926=0.8208 val_L32_beta2.4697=0.8621 val_L32_beta2.8622=0.7710 val_L32_beta4.994=0.5391 val_L32_beta8.069=0.5321 val_L32_beta11.2015=0.6678 val_L32_beta12.3504=0.6228 val_L32_beta12.688=0.7295 val_L32_beta14.1441=0.5530 val_L32_beta18.0708=0.3432 val_L32_beta18.6487=0.3874 val_L32_beta52.6284=0.5319 val_L8_beta1.4347=0.5482 val_L8_beta1.4977=0.7169 val_L8_beta1.7872=0.6168 val_L8_beta1.9783=0.6578 val_L8_beta2.4006=0.6057 val_L8_beta2.4786=0.6904 val_total=48.1246
epoch  90  train=0.6241  val_L16_beta14.1464=0.5434 val_L16_beta25=0.5158 val_L16_beta40=0.5365 val_L16_beta55.0237=0.5067 val_L16_beta1.0119=0.7170 val_L16_beta1.0397=0.7692 val_L16_beta1.0743=0.6425 val_L16_beta1.2464=0.7068 val_L16_beta1.2749=0.6362 val_L16_beta1.7484=0.4862 val_L16_beta1.8367=0.8532 val_L16_beta1.8781=0.6408 val_L16_beta2.122=0.5341 val_L16_beta2.1285=0.7352 val_L16_beta2.1757=0.6061 val_L16_beta2.1862=0.5650 val_L16_beta2.2983=0.5612 val_L16_beta2.3046=0.7473 val_L16_beta2.3454=0.6348 val_L16_beta2.7647=0.7277 val_L16_beta3.1518=0.6713 val_L16_beta3.1669=0.6950 val_L16_beta3.2922=0.4626 val_L16_beta3.3842=0.6100 val_L16_beta3.4006=0.5774 val_L16_beta3.6231=0.7043 val_L16_beta3.7225=0.7239 val_L16_beta4.0764=0.6403 val_L16_beta4.7323=0.7037 val_L16_beta4.7632=0.5634 val_L16_beta5.586=0.6125 val_L16_beta6.2411=0.4436 val_L16_beta6.4184=0.4761 val_L16_beta6.8771=0.4020 val_L16_beta8.3946=0.4874 val_L16_beta8.4548=0.5549 val_L16_beta8.7139=0.6030 val_L16_beta9.287=0.6833 val_L16_beta9.571=0.4808 val_L16_beta9.8499=0.5174 val_L16_beta10.2188=0.5620 val_L16_beta11.8501=0.6111 val_L16_beta11.8784=0.5323 val_L16_beta12.9259=0.4925 val_L16_beta14.4687=0.6405 val_L16_beta15.5366=0.4848 val_L16_beta17.502=0.4978 val_L16_beta17.7602=0.6763 val_L16_beta19.403=0.6046 val_L16_beta20.2412=0.6837 val_L16_beta21.8857=0.5356 val_L16_beta27.0442=0.6274 val_L16_beta27.3387=0.5671 val_L16_beta27.7875=0.5779 val_L16_beta30.5978=0.5758 val_L16_beta33.325=0.5152 val_L16_beta34.3422=0.4974 val_L16_beta38.5957=0.4162 val_L16_beta39.6475=0.4579 val_L16_beta47.0386=0.4583 val_L16_beta47.4228=0.5394 val_L16_beta54.11=0.3743 val_L16_beta56.1944=0.5244 val_L16_beta57.2189=0.4409 val_L32_beta2.1926=0.8723 val_L32_beta2.4697=0.8530 val_L32_beta2.8622=0.8293 val_L32_beta4.994=0.5431 val_L32_beta8.069=0.5214 val_L32_beta11.2015=0.6571 val_L32_beta12.3504=0.6225 val_L32_beta12.688=0.7087 val_L32_beta14.1441=0.5719 val_L32_beta18.0708=0.3450 val_L32_beta18.6487=0.3768 val_L32_beta52.6284=0.5370 val_L8_beta1.4347=0.5509 val_L8_beta1.4977=0.7686 val_L8_beta1.7872=0.6006 val_L8_beta1.9783=0.5778 val_L8_beta2.4006=0.6977 val_L8_beta2.4786=0.7229 val_total=48.5285
epoch  91  train=0.6270  val_L16_beta14.1464=0.5378 val_L16_beta25=0.5237 val_L16_beta40=0.5350 val_L16_beta55.0237=0.5054 val_L16_beta1.0119=0.7388 val_L16_beta1.0397=0.7631 val_L16_beta1.0743=0.6603 val_L16_beta1.2464=0.6952 val_L16_beta1.2749=0.5824 val_L16_beta1.7484=0.4928 val_L16_beta1.8367=0.7945 val_L16_beta1.8781=0.6165 val_L16_beta2.122=0.5546 val_L16_beta2.1285=0.7495 val_L16_beta2.1757=0.5788 val_L16_beta2.1862=0.5625 val_L16_beta2.2983=0.5638 val_L16_beta2.3046=0.7442 val_L16_beta2.3454=0.6528 val_L16_beta2.7647=0.7413 val_L16_beta3.1518=0.6518 val_L16_beta3.1669=0.7102 val_L16_beta3.2922=0.4521 val_L16_beta3.3842=0.6040 val_L16_beta3.4006=0.5632 val_L16_beta3.6231=0.7030 val_L16_beta3.7225=0.6984 val_L16_beta4.0764=0.6640 val_L16_beta4.7323=0.6992 val_L16_beta4.7632=0.5694 val_L16_beta5.586=0.6038 val_L16_beta6.2411=0.4515 val_L16_beta6.4184=0.4634 val_L16_beta6.8771=0.3955 val_L16_beta8.3946=0.4836 val_L16_beta8.4548=0.4991 val_L16_beta8.7139=0.6190 val_L16_beta9.287=0.6733 val_L16_beta9.571=0.4927 val_L16_beta9.8499=0.4959 val_L16_beta10.2188=0.5263 val_L16_beta11.8501=0.6333 val_L16_beta11.8784=0.5433 val_L16_beta12.9259=0.5098 val_L16_beta14.4687=0.6310 val_L16_beta15.5366=0.4721 val_L16_beta17.502=0.4872 val_L16_beta17.7602=0.6795 val_L16_beta19.403=0.5294 val_L16_beta20.2412=0.6824 val_L16_beta21.8857=0.5334 val_L16_beta27.0442=0.5945 val_L16_beta27.3387=0.5708 val_L16_beta27.7875=0.5775 val_L16_beta30.5978=0.5909 val_L16_beta33.325=0.5010 val_L16_beta34.3422=0.4955 val_L16_beta38.5957=0.4350 val_L16_beta39.6475=0.4763 val_L16_beta47.0386=0.4688 val_L16_beta47.4228=0.5548 val_L16_beta54.11=0.3887 val_L16_beta56.1944=0.5361 val_L16_beta57.2189=0.4387 val_L32_beta2.1926=0.8263 val_L32_beta2.4697=0.8779 val_L32_beta2.8622=0.7484 val_L32_beta4.994=0.5478 val_L32_beta8.069=0.5186 val_L32_beta11.2015=0.6637 val_L32_beta12.3504=0.6161 val_L32_beta12.688=0.7180 val_L32_beta14.1441=0.5521 val_L32_beta18.0708=0.3385 val_L32_beta18.6487=0.3879 val_L32_beta52.6284=0.5302 val_L8_beta1.4347=0.5269 val_L8_beta1.4977=0.7178 val_L8_beta1.7872=0.5991 val_L8_beta1.9783=0.6368 val_L8_beta2.4006=0.6560 val_L8_beta2.4786=0.6883 val_total=48.0928
epoch  92  train=0.6293  val_L16_beta14.1464=0.5446 val_L16_beta25=0.5237 val_L16_beta40=0.5326 val_L16_beta55.0237=0.5163 val_L16_beta1.0119=0.7102 val_L16_beta1.0397=0.7452 val_L16_beta1.0743=0.7000 val_L16_beta1.2464=0.6946 val_L16_beta1.2749=0.6267 val_L16_beta1.7484=0.4713 val_L16_beta1.8367=0.8308 val_L16_beta1.8781=0.6193 val_L16_beta2.122=0.5275 val_L16_beta2.1285=0.7214 val_L16_beta2.1757=0.5611 val_L16_beta2.1862=0.5876 val_L16_beta2.2983=0.5648 val_L16_beta2.3046=0.7415 val_L16_beta2.3454=0.6325 val_L16_beta2.7647=0.6934 val_L16_beta3.1518=0.6735 val_L16_beta3.1669=0.6880 val_L16_beta3.2922=0.4611 val_L16_beta3.3842=0.6217 val_L16_beta3.4006=0.5791 val_L16_beta3.6231=0.7029 val_L16_beta3.7225=0.6649 val_L16_beta4.0764=0.6174 val_L16_beta4.7323=0.6912 val_L16_beta4.7632=0.5112 val_L16_beta5.586=0.6027 val_L16_beta6.2411=0.4639 val_L16_beta6.4184=0.4889 val_L16_beta6.8771=0.3946 val_L16_beta8.3946=0.4862 val_L16_beta8.4548=0.5285 val_L16_beta8.7139=0.6255 val_L16_beta9.287=0.6781 val_L16_beta9.571=0.4898 val_L16_beta9.8499=0.5193 val_L16_beta10.2188=0.5644 val_L16_beta11.8501=0.6075 val_L16_beta11.8784=0.5101 val_L16_beta12.9259=0.5120 val_L16_beta14.4687=0.6193 val_L16_beta15.5366=0.4852 val_L16_beta17.502=0.4803 val_L16_beta17.7602=0.6749 val_L16_beta19.403=0.5479 val_L16_beta20.2412=0.6524 val_L16_beta21.8857=0.5341 val_L16_beta27.0442=0.6165 val_L16_beta27.3387=0.5706 val_L16_beta27.7875=0.5892 val_L16_beta30.5978=0.5745 val_L16_beta33.325=0.5131 val_L16_beta34.3422=0.5249 val_L16_beta38.5957=0.4090 val_L16_beta39.6475=0.4314 val_L16_beta47.0386=0.4676 val_L16_beta47.4228=0.5435 val_L16_beta54.11=0.3825 val_L16_beta56.1944=0.5240 val_L16_beta57.2189=0.4322 val_L32_beta2.1926=0.8288 val_L32_beta2.4697=0.9036 val_L32_beta2.8622=0.7403 val_L32_beta4.994=0.5456 val_L32_beta8.069=0.5353 val_L32_beta11.2015=0.6749 val_L32_beta12.3504=0.6396 val_L32_beta12.688=0.7170 val_L32_beta14.1441=0.5607 val_L32_beta18.0708=0.3417 val_L32_beta18.6487=0.3865 val_L32_beta52.6284=0.5435 val_L8_beta1.4347=0.6001 val_L8_beta1.4977=0.7585 val_L8_beta1.7872=0.6895 val_L8_beta1.9783=0.6042 val_L8_beta2.4006=0.5911 val_L8_beta2.4786=0.6947 val_total=48.1567
epoch  93  train=0.6253  val_L16_beta14.1464=0.5430 val_L16_beta25=0.5181 val_L16_beta40=0.5313 val_L16_beta55.0237=0.5196 val_L16_beta1.0119=0.7257 val_L16_beta1.0397=0.7729 val_L16_beta1.0743=0.6809 val_L16_beta1.2464=0.6887 val_L16_beta1.2749=0.6113 val_L16_beta1.7484=0.5163 val_L16_beta1.8367=0.7673 val_L16_beta1.8781=0.6364 val_L16_beta2.122=0.5738 val_L16_beta2.1285=0.7019 val_L16_beta2.1757=0.5926 val_L16_beta2.1862=0.5519 val_L16_beta2.2983=0.5986 val_L16_beta2.3046=0.7617 val_L16_beta2.3454=0.6288 val_L16_beta2.7647=0.6723 val_L16_beta3.1518=0.6677 val_L16_beta3.1669=0.7186 val_L16_beta3.2922=0.4311 val_L16_beta3.3842=0.6201 val_L16_beta3.4006=0.5540 val_L16_beta3.6231=0.7009 val_L16_beta3.7225=0.6859 val_L16_beta4.0764=0.6952 val_L16_beta4.7323=0.6674 val_L16_beta4.7632=0.5498 val_L16_beta5.586=0.6229 val_L16_beta6.2411=0.4632 val_L16_beta6.4184=0.4897 val_L16_beta6.8771=0.3765 val_L16_beta8.3946=0.4797 val_L16_beta8.4548=0.5350 val_L16_beta8.7139=0.6223 val_L16_beta9.287=0.6955 val_L16_beta9.571=0.4827 val_L16_beta9.8499=0.5095 val_L16_beta10.2188=0.5378 val_L16_beta11.8501=0.6070 val_L16_beta11.8784=0.5255 val_L16_beta12.9259=0.5123 val_L16_beta14.4687=0.6158 val_L16_beta15.5366=0.4477 val_L16_beta17.502=0.5114 val_L16_beta17.7602=0.6993 val_L16_beta19.403=0.5169 val_L16_beta20.2412=0.6901 val_L16_beta21.8857=0.5488 val_L16_beta27.0442=0.5911 val_L16_beta27.3387=0.5642 val_L16_beta27.7875=0.5930 val_L16_beta30.5978=0.5756 val_L16_beta33.325=0.5157 val_L16_beta34.3422=0.5141 val_L16_beta38.5957=0.4069 val_L16_beta39.6475=0.4606 val_L16_beta47.0386=0.4676 val_L16_beta47.4228=0.5758 val_L16_beta54.11=0.3891 val_L16_beta56.1944=0.5104 val_L16_beta57.2189=0.4501 val_L32_beta2.1926=0.8220 val_L32_beta2.4697=0.8136 val_L32_beta2.8622=0.7379 val_L32_beta4.994=0.5425 val_L32_beta8.069=0.5250 val_L32_beta11.2015=0.6640 val_L32_beta12.3504=0.5985 val_L32_beta12.688=0.7126 val_L32_beta14.1441=0.5604 val_L32_beta18.0708=0.3507 val_L32_beta18.6487=0.3874 val_L32_beta52.6284=0.5222 val_L8_beta1.4347=0.5163 val_L8_beta1.4977=0.7882 val_L8_beta1.7872=0.6676 val_L8_beta1.9783=0.6200 val_L8_beta2.4006=0.6034 val_L8_beta2.4786=0.6923 val_total=48.1127
epoch  94  train=0.6235  val_L16_beta14.1464=0.5401 val_L16_beta25=0.5223 val_L16_beta40=0.5332 val_L16_beta55.0237=0.5150 val_L16_beta1.0119=0.7192 val_L16_beta1.0397=0.7711 val_L16_beta1.0743=0.6786 val_L16_beta1.2464=0.7202 val_L16_beta1.2749=0.6470 val_L16_beta1.7484=0.5161 val_L16_beta1.8367=0.8076 val_L16_beta1.8781=0.6468 val_L16_beta2.122=0.5351 val_L16_beta2.1285=0.7301 val_L16_beta2.1757=0.6089 val_L16_beta2.1862=0.5781 val_L16_beta2.2983=0.5858 val_L16_beta2.3046=0.7037 val_L16_beta2.3454=0.6073 val_L16_beta2.7647=0.7162 val_L16_beta3.1518=0.6458 val_L16_beta3.1669=0.7203 val_L16_beta3.2922=0.4375 val_L16_beta3.3842=0.5875 val_L16_beta3.4006=0.5649 val_L16_beta3.6231=0.7044 val_L16_beta3.7225=0.6684 val_L16_beta4.0764=0.6692 val_L16_beta4.7323=0.6665 val_L16_beta4.7632=0.5516 val_L16_beta5.586=0.6150 val_L16_beta6.2411=0.4486 val_L16_beta6.4184=0.4771 val_L16_beta6.8771=0.4081 val_L16_beta8.3946=0.4863 val_L16_beta8.4548=0.5173 val_L16_beta8.7139=0.6147 val_L16_beta9.287=0.7167 val_L16_beta9.571=0.4805 val_L16_beta9.8499=0.5067 val_L16_beta10.2188=0.5349 val_L16_beta11.8501=0.6034 val_L16_beta11.8784=0.5226 val_L16_beta12.9259=0.5146 val_L16_beta14.4687=0.6409 val_L16_beta15.5366=0.4772 val_L16_beta17.502=0.5057 val_L16_beta17.7602=0.6846 val_L16_beta19.403=0.5413 val_L16_beta20.2412=0.6839 val_L16_beta21.8857=0.5119 val_L16_beta27.0442=0.6148 val_L16_beta27.3387=0.5898 val_L16_beta27.7875=0.5723 val_L16_beta30.5978=0.5693 val_L16_beta33.325=0.4916 val_L16_beta34.3422=0.4852 val_L16_beta38.5957=0.4214 val_L16_beta39.6475=0.4486 val_L16_beta47.0386=0.4678 val_L16_beta47.4228=0.5569 val_L16_beta54.11=0.3710 val_L16_beta56.1944=0.5349 val_L16_beta57.2189=0.4235 val_L32_beta2.1926=0.8261 val_L32_beta2.4697=0.8658 val_L32_beta2.8622=0.7689 val_L32_beta4.994=0.5425 val_L32_beta8.069=0.5360 val_L32_beta11.2015=0.6650 val_L32_beta12.3504=0.6207 val_L32_beta12.688=0.7013 val_L32_beta14.1441=0.5608 val_L32_beta18.0708=0.3432 val_L32_beta18.6487=0.3813 val_L32_beta52.6284=0.5298 val_L8_beta1.4347=0.5296 val_L8_beta1.4977=0.7536 val_L8_beta1.7872=0.6021 val_L8_beta1.9783=0.6354 val_L8_beta2.4006=0.6509 val_L8_beta2.4786=0.7011 val_total=48.1520
epoch  95  train=0.6246  val_L16_beta14.1464=0.5463 val_L16_beta25=0.5241 val_L16_beta40=0.5386 val_L16_beta55.0237=0.5100 val_L16_beta1.0119=0.7312 val_L16_beta1.0397=0.7695 val_L16_beta1.0743=0.6769 val_L16_beta1.2464=0.6845 val_L16_beta1.2749=0.6154 val_L16_beta1.7484=0.4803 val_L16_beta1.8367=0.7727 val_L16_beta1.8781=0.6589 val_L16_beta2.122=0.5348 val_L16_beta2.1285=0.7240 val_L16_beta2.1757=0.6095 val_L16_beta2.1862=0.5483 val_L16_beta2.2983=0.5563 val_L16_beta2.3046=0.7038 val_L16_beta2.3454=0.6253 val_L16_beta2.7647=0.6973 val_L16_beta3.1518=0.6687 val_L16_beta3.1669=0.7235 val_L16_beta3.2922=0.4784 val_L16_beta3.3842=0.6037 val_L16_beta3.4006=0.5667 val_L16_beta3.6231=0.6987 val_L16_beta3.7225=0.6839 val_L16_beta4.0764=0.6639 val_L16_beta4.7323=0.6752 val_L16_beta4.7632=0.5463 val_L16_beta5.586=0.5973 val_L16_beta6.2411=0.4525 val_L16_beta6.4184=0.4826 val_L16_beta6.8771=0.3810 val_L16_beta8.3946=0.4853 val_L16_beta8.4548=0.5283 val_L16_beta8.7139=0.6388 val_L16_beta9.287=0.6603 val_L16_beta9.571=0.4756 val_L16_beta9.8499=0.5181 val_L16_beta10.2188=0.5263 val_L16_beta11.8501=0.6173 val_L16_beta11.8784=0.5564 val_L16_beta12.9259=0.5060 val_L16_beta14.4687=0.6242 val_L16_beta15.5366=0.4617 val_L16_beta17.502=0.4941 val_L16_beta17.7602=0.6718 val_L16_beta19.403=0.5487 val_L16_beta20.2412=0.6795 val_L16_beta21.8857=0.5337 val_L16_beta27.0442=0.6247 val_L16_beta27.3387=0.5855 val_L16_beta27.7875=0.5757 val_L16_beta30.5978=0.5505 val_L16_beta33.325=0.5170 val_L16_beta34.3422=0.5003 val_L16_beta38.5957=0.4174 val_L16_beta39.6475=0.4599 val_L16_beta47.0386=0.4627 val_L16_beta47.4228=0.5927 val_L16_beta54.11=0.3933 val_L16_beta56.1944=0.5134 val_L16_beta57.2189=0.4370 val_L32_beta2.1926=0.8292 val_L32_beta2.4697=0.9451 val_L32_beta2.8622=0.7564 val_L32_beta4.994=0.5420 val_L32_beta8.069=0.5147 val_L32_beta11.2015=0.6611 val_L32_beta12.3504=0.6175 val_L32_beta12.688=0.7174 val_L32_beta14.1441=0.5719 val_L32_beta18.0708=0.3418 val_L32_beta18.6487=0.3779 val_L32_beta52.6284=0.5237 val_L8_beta1.4347=0.5120 val_L8_beta1.4977=0.7615 val_L8_beta1.7872=0.6384 val_L8_beta1.9783=0.6693 val_L8_beta2.4006=0.6869 val_L8_beta2.4786=0.7253 val_total=48.2785
epoch  96  train=0.6320  val_L16_beta14.1464=0.5337 val_L16_beta25=0.5205 val_L16_beta40=0.5368 val_L16_beta55.0237=0.5235 val_L16_beta1.0119=0.7288 val_L16_beta1.0397=0.7403 val_L16_beta1.0743=0.6450 val_L16_beta1.2464=0.6745 val_L16_beta1.2749=0.6270 val_L16_beta1.7484=0.4836 val_L16_beta1.8367=0.7857 val_L16_beta1.8781=0.6127 val_L16_beta2.122=0.5447 val_L16_beta2.1285=0.7069 val_L16_beta2.1757=0.6066 val_L16_beta2.1862=0.5515 val_L16_beta2.2983=0.5737 val_L16_beta2.3046=0.7307 val_L16_beta2.3454=0.6184 val_L16_beta2.7647=0.7033 val_L16_beta3.1518=0.6527 val_L16_beta3.1669=0.7272 val_L16_beta3.2922=0.4618 val_L16_beta3.3842=0.6146 val_L16_beta3.4006=0.5761 val_L16_beta3.6231=0.6831 val_L16_beta3.7225=0.7002 val_L16_beta4.0764=0.6815 val_L16_beta4.7323=0.6921 val_L16_beta4.7632=0.5542 val_L16_beta5.586=0.6018 val_L16_beta6.2411=0.4502 val_L16_beta6.4184=0.4772 val_L16_beta6.8771=0.3892 val_L16_beta8.3946=0.4906 val_L16_beta8.4548=0.5266 val_L16_beta8.7139=0.6104 val_L16_beta9.287=0.7037 val_L16_beta9.571=0.4990 val_L16_beta9.8499=0.4941 val_L16_beta10.2188=0.5424 val_L16_beta11.8501=0.5985 val_L16_beta11.8784=0.5478 val_L16_beta12.9259=0.4831 val_L16_beta14.4687=0.6227 val_L16_beta15.5366=0.4926 val_L16_beta17.502=0.4871 val_L16_beta17.7602=0.7054 val_L16_beta19.403=0.5437 val_L16_beta20.2412=0.6926 val_L16_beta21.8857=0.5447 val_L16_beta27.0442=0.5930 val_L16_beta27.3387=0.5602 val_L16_beta27.7875=0.5847 val_L16_beta30.5978=0.5660 val_L16_beta33.325=0.5168 val_L16_beta34.3422=0.5361 val_L16_beta38.5957=0.4285 val_L16_beta39.6475=0.4798 val_L16_beta47.0386=0.4587 val_L16_beta47.4228=0.5749 val_L16_beta54.11=0.3821 val_L16_beta56.1944=0.5143 val_L16_beta57.2189=0.4321 val_L32_beta2.1926=0.8037 val_L32_beta2.4697=0.8201 val_L32_beta2.8622=0.8229 val_L32_beta4.994=0.5544 val_L32_beta8.069=0.5261 val_L32_beta11.2015=0.6733 val_L32_beta12.3504=0.6210 val_L32_beta12.688=0.7051 val_L32_beta14.1441=0.5689 val_L32_beta18.0708=0.3474 val_L32_beta18.6487=0.3758 val_L32_beta52.6284=0.5403 val_L8_beta1.4347=0.5190 val_L8_beta1.4977=0.6958 val_L8_beta1.7872=0.6145 val_L8_beta1.9783=0.6289 val_L8_beta2.4006=0.6260 val_L8_beta2.4786=0.7240 val_total=48.0887
epoch  97  train=0.6252  val_L16_beta14.1464=0.5452 val_L16_beta25=0.5196 val_L16_beta40=0.5347 val_L16_beta55.0237=0.5163 val_L16_beta1.0119=0.6931 val_L16_beta1.0397=0.7695 val_L16_beta1.0743=0.6658 val_L16_beta1.2464=0.6674 val_L16_beta1.2749=0.6142 val_L16_beta1.7484=0.4754 val_L16_beta1.8367=0.7763 val_L16_beta1.8781=0.6511 val_L16_beta2.122=0.5627 val_L16_beta2.1285=0.7154 val_L16_beta2.1757=0.6137 val_L16_beta2.1862=0.5556 val_L16_beta2.2983=0.5717 val_L16_beta2.3046=0.7226 val_L16_beta2.3454=0.6396 val_L16_beta2.7647=0.7070 val_L16_beta3.1518=0.6360 val_L16_beta3.1669=0.7211 val_L16_beta3.2922=0.4715 val_L16_beta3.3842=0.6134 val_L16_beta3.4006=0.5606 val_L16_beta3.6231=0.7128 val_L16_beta3.7225=0.7060 val_L16_beta4.0764=0.6659 val_L16_beta4.7323=0.6693 val_L16_beta4.7632=0.5595 val_L16_beta5.586=0.5981 val_L16_beta6.2411=0.4427 val_L16_beta6.4184=0.4821 val_L16_beta6.8771=0.3678 val_L16_beta8.3946=0.4981 val_L16_beta8.4548=0.5384 val_L16_beta8.7139=0.6204 val_L16_beta9.287=0.6817 val_L16_beta9.571=0.4920 val_L16_beta9.8499=0.4996 val_L16_beta10.2188=0.5608 val_L16_beta11.8501=0.5927 val_L16_beta11.8784=0.5248 val_L16_beta12.9259=0.5102 val_L16_beta14.4687=0.6096 val_L16_beta15.5366=0.4647 val_L16_beta17.502=0.4934 val_L16_beta17.7602=0.6729 val_L16_beta19.403=0.5314 val_L16_beta20.2412=0.6809 val_L16_beta21.8857=0.5344 val_L16_beta27.0442=0.6165 val_L16_beta27.3387=0.5565 val_L16_beta27.7875=0.5964 val_L16_beta30.5978=0.5943 val_L16_beta33.325=0.5386 val_L16_beta34.3422=0.5041 val_L16_beta38.5957=0.4400 val_L16_beta39.6475=0.4677 val_L16_beta47.0386=0.4602 val_L16_beta47.4228=0.5752 val_L16_beta54.11=0.3879 val_L16_beta56.1944=0.5086 val_L16_beta57.2189=0.4227 val_L32_beta2.1926=0.7932 val_L32_beta2.4697=0.7904 val_L32_beta2.8622=0.7275 val_L32_beta4.994=0.5419 val_L32_beta8.069=0.5269 val_L32_beta11.2015=0.6737 val_L32_beta12.3504=0.6001 val_L32_beta12.688=0.7099 val_L32_beta14.1441=0.5539 val_L32_beta18.0708=0.3393 val_L32_beta18.6487=0.3902 val_L32_beta52.6284=0.5344 val_L8_beta1.4347=0.5235 val_L8_beta1.4977=0.7646 val_L8_beta1.7872=0.6774 val_L8_beta1.9783=0.6486 val_L8_beta2.4006=0.6724 val_L8_beta2.4786=0.7329 val_total=48.0995
epoch  98  train=0.6258  val_L16_beta14.1464=0.5376 val_L16_beta25=0.5216 val_L16_beta40=0.5291 val_L16_beta55.0237=0.5158 val_L16_beta1.0119=0.7246 val_L16_beta1.0397=0.7771 val_L16_beta1.0743=0.6718 val_L16_beta1.2464=0.7264 val_L16_beta1.2749=0.6057 val_L16_beta1.7484=0.4714 val_L16_beta1.8367=0.8011 val_L16_beta1.8781=0.6474 val_L16_beta2.122=0.5348 val_L16_beta2.1285=0.7202 val_L16_beta2.1757=0.5890 val_L16_beta2.1862=0.5380 val_L16_beta2.2983=0.5848 val_L16_beta2.3046=0.7581 val_L16_beta2.3454=0.6150 val_L16_beta2.7647=0.7262 val_L16_beta3.1518=0.6453 val_L16_beta3.1669=0.7306 val_L16_beta3.2922=0.4553 val_L16_beta3.3842=0.6065 val_L16_beta3.4006=0.5698 val_L16_beta3.6231=0.7126 val_L16_beta3.7225=0.7225 val_L16_beta4.0764=0.6466 val_L16_beta4.7323=0.6741 val_L16_beta4.7632=0.5537 val_L16_beta5.586=0.5876 val_L16_beta6.2411=0.4450 val_L16_beta6.4184=0.4806 val_L16_beta6.8771=0.3852 val_L16_beta8.3946=0.4872 val_L16_beta8.4548=0.5236 val_L16_beta8.7139=0.6149 val_L16_beta9.287=0.6848 val_L16_beta9.571=0.4516 val_L16_beta9.8499=0.5189 val_L16_beta10.2188=0.5451 val_L16_beta11.8501=0.6101 val_L16_beta11.8784=0.5452 val_L16_beta12.9259=0.5251 val_L16_beta14.4687=0.6102 val_L16_beta15.5366=0.5094 val_L16_beta17.502=0.5069 val_L16_beta17.7602=0.7037 val_L16_beta19.403=0.5634 val_L16_beta20.2412=0.6959 val_L16_beta21.8857=0.5221 val_L16_beta27.0442=0.5926 val_L16_beta27.3387=0.5616 val_L16_beta27.7875=0.5728 val_L16_beta30.5978=0.5838 val_L16_beta33.325=0.5197 val_L16_beta34.3422=0.5013 val_L16_beta38.5957=0.4126 val_L16_beta39.6475=0.4694 val_L16_beta47.0386=0.4788 val_L16_beta47.4228=0.5498 val_L16_beta54.11=0.3793 val_L16_beta56.1944=0.5095 val_L16_beta57.2189=0.4266 val_L32_beta2.1926=0.8184 val_L32_beta2.4697=0.8508 val_L32_beta2.8622=0.7525 val_L32_beta4.994=0.5362 val_L32_beta8.069=0.5305 val_L32_beta11.2015=0.6742 val_L32_beta12.3504=0.6323 val_L32_beta12.688=0.7111 val_L32_beta14.1441=0.5656 val_L32_beta18.0708=0.3480 val_L32_beta18.6487=0.3796 val_L32_beta52.6284=0.5269 val_L8_beta1.4347=0.4891 val_L8_beta1.4977=0.7312 val_L8_beta1.7872=0.6391 val_L8_beta1.9783=0.6279 val_L8_beta2.4006=0.6243 val_L8_beta2.4786=0.7651 val_total=48.1900
epoch  99  train=0.6253  val_L16_beta14.1464=0.5491 val_L16_beta25=0.5219 val_L16_beta40=0.5297 val_L16_beta55.0237=0.5173 val_L16_beta1.0119=0.7365 val_L16_beta1.0397=0.7542 val_L16_beta1.0743=0.6564 val_L16_beta1.2464=0.6656 val_L16_beta1.2749=0.6156 val_L16_beta1.7484=0.4788 val_L16_beta1.8367=0.8258 val_L16_beta1.8781=0.6592 val_L16_beta2.122=0.5278 val_L16_beta2.1285=0.7405 val_L16_beta2.1757=0.5783 val_L16_beta2.1862=0.5491 val_L16_beta2.2983=0.5938 val_L16_beta2.3046=0.7736 val_L16_beta2.3454=0.6080 val_L16_beta2.7647=0.6911 val_L16_beta3.1518=0.6337 val_L16_beta3.1669=0.7347 val_L16_beta3.2922=0.4475 val_L16_beta3.3842=0.6035 val_L16_beta3.4006=0.5684 val_L16_beta3.6231=0.7144 val_L16_beta3.7225=0.6732 val_L16_beta4.0764=0.6327 val_L16_beta4.7323=0.6906 val_L16_beta4.7632=0.5483 val_L16_beta5.586=0.6460 val_L16_beta6.2411=0.4586 val_L16_beta6.4184=0.5109 val_L16_beta6.8771=0.3940 val_L16_beta8.3946=0.4614 val_L16_beta8.4548=0.5392 val_L16_beta8.7139=0.6228 val_L16_beta9.287=0.6811 val_L16_beta9.571=0.4777 val_L16_beta9.8499=0.4997 val_L16_beta10.2188=0.5393 val_L16_beta11.8501=0.5772 val_L16_beta11.8784=0.5215 val_L16_beta12.9259=0.4986 val_L16_beta14.4687=0.6212 val_L16_beta15.5366=0.4747 val_L16_beta17.502=0.5143 val_L16_beta17.7602=0.6812 val_L16_beta19.403=0.5493 val_L16_beta20.2412=0.6634 val_L16_beta21.8857=0.5192 val_L16_beta27.0442=0.5896 val_L16_beta27.3387=0.5548 val_L16_beta27.7875=0.5735 val_L16_beta30.5978=0.5638 val_L16_beta33.325=0.5167 val_L16_beta34.3422=0.5175 val_L16_beta38.5957=0.4076 val_L16_beta39.6475=0.4559 val_L16_beta47.0386=0.4779 val_L16_beta47.4228=0.5515 val_L16_beta54.11=0.3959 val_L16_beta56.1944=0.5326 val_L16_beta57.2189=0.4319 val_L32_beta2.1926=0.8663 val_L32_beta2.4697=0.8305 val_L32_beta2.8622=0.7915 val_L32_beta4.994=0.5275 val_L32_beta8.069=0.5414 val_L32_beta11.2015=0.6564 val_L32_beta12.3504=0.6071 val_L32_beta12.688=0.7351 val_L32_beta14.1441=0.5634 val_L32_beta18.0708=0.3460 val_L32_beta18.6487=0.3828 val_L32_beta52.6284=0.5329 val_L8_beta1.4347=0.5404 val_L8_beta1.4977=0.7349 val_L8_beta1.7872=0.6980 val_L8_beta1.9783=0.6059 val_L8_beta2.4006=0.6710 val_L8_beta2.4786=0.6596 val_total=48.1305
heldout losses: {'heldout_L16_beta20': 0.49123385548591614}
checkpoint: out/diffusion_v2/v2/checkpoints/score_net.pt
history:    out/diffusion_v2/v2/checkpoints/history.json
[2026-07-31 02:43:23] STAGE_TRAIN_DONE (125.3 min)
[2026-07-31 02:43:23] STAGE_LADDER_START: C:\Users\ompan\OneDrive\Desktop\Lattice QCD Research\dev\InverseRG\.venv\Scripts\python.exe diffusion_v2/scripts/03_run_ladder.py --config diffusion_v2/configs/v2.yaml
simulating base rung L=8 beta=1.3472 ...
  acceptance 0.994
rung 0: L=16 beta=4.0 plaq=0.8653 (pre-retherm 0.8566) <Q^2>=1.823  [121s]
rung 1: L=32 beta=14.1464 plaq=0.9641 (pre-retherm 0.9636) <Q^2>=1.823  [410s]
rung 2: L=64 beta=55.0237 plaq=0.9909 (pre-retherm 0.9907) <Q^2>=1.823  [1581s]
saved out\diffusion_v2\v2\generated\ladder_rung0_wilson_L16_beta4.pt
saved out\diffusion_v2\v2\generated\ladder_rung0_raw_wilson_L16_beta4.pt
saved out\diffusion_v2\v2\generated\ladder_rung1_wilson_L32_beta14.1464.pt
saved out\diffusion_v2\v2\generated\ladder_rung1_raw_wilson_L32_beta14.1464.pt
saved out\diffusion_v2\v2\generated\ladder_rung2_wilson_L64_beta55.0237.pt
saved out\diffusion_v2\v2\generated\ladder_rung2_raw_wilson_L64_beta55.0237.pt
[2026-07-31 03:18:40] STAGE_LADDER_DONE (35.3 min)
[2026-07-31 03:18:40] STAGE_VALIDATE_START: C:\Users\ompan\OneDrive\Desktop\Lattice QCD Research\dev\InverseRG\.venv\Scripts\python.exe diffusion_v2/scripts/04_validate.py --config diffusion_v2/configs/v2.yaml
loaded out\diffusion_v2\v2\generated\ladder_rung0_wilson_L16_beta4.pt
loaded out\diffusion_v2\v2\generated\ladder_rung1_wilson_L32_beta14.1464.pt
loaded out\diffusion_v2\v2\generated\ladder_rung2_wilson_L64_beta55.0237.pt
simulating reference HMC at L=16 beta=4.0 (no Q-hops) ...
  acceptance 0.984, 3s
simulating reference HMC at L=32 beta=14.1464 (no Q-hops) ...
  acceptance 0.987, 7s
simulating reference HMC at L=64 beta=55.0237 (no Q-hops) ...
  acceptance 0.954, 20s
freezing demo: direct HMC time series at L=64 beta=55.0237 ...
  freezing-chain acceptance 0.950
  tau_int(Q) HMC = 300.0 +- nan
report: out\diffusion_v2\v2\validation\report.md
{'rung': 0, 'L': 16, 'beta': 4.0, 'plaq_deviation': 0.0017937420928755277, 'plaq_z': 2.3848215998005413}
{'rung': 1, 'L': 32, 'beta': 14.1464, 'plaq_deviation': 0.00010744948747221095, 'plaq_z': 0.7789643423568591}
{'rung': 2, 'L': 64, 'beta': 55.0237, 'plaq_deviation': -3.2087431500738006e-06, 'plaq_z': -0.23307971977783684}
[2026-07-31 03:19:32] STAGE_VALIDATE_DONE (0.9 min)
[2026-07-31 03:19:32] STAGE_STUDY_S1_START: C:\Users\ompan\OneDrive\Desktop\Lattice QCD Research\dev\InverseRG\.venv\Scripts\python.exe diffusion_v2/scripts/06_generalization_study.py --physics-blend 1.0 --physics-blend-beta-min 5.0 --sigma-floor-coef 0.1 --seed 20260730 --out-dir C:\Users\ompan\OneDrive\Desktop\Lattice QCD Research\dev\InverseRG\out\diffusion_v2\v2\generalization
38 cases, output -> C:\Users\ompan\OneDrive\Desktop\Lattice QCD Research\dev\InverseRG\out\diffusion_v2\v2\generalization
[1/38] A_bc0.25: base L=16 beta=0.25 -> L=32 beta=1.4892 (matched pair 0.25 -> 1.4892)
    HMC L=16 beta=0.25: 128 configs, acc 0.996, hot start, burn 200, 2s
    generated 128 configs L=32 beta=1.4892 in 268s
    HMC L=32 beta=1.4892: 192 configs, acc 0.968, hot start, burn 200, 4s
    case done in 281s
[2/38] A_bc0.5: base L=16 beta=0.5 -> L=32 beta=2.02441 (matched pair 0.5 -> 2.0244)
    HMC L=16 beta=0.5: 128 configs, acc 0.994, hot start, burn 200, 2s
    generated 128 configs L=32 beta=2.02441 in 270s
    HMC L=32 beta=2.02441: 192 configs, acc 0.960, hot start, burn 200, 4s
    case done in 283s
[3/38] A_bc0.75: base L=16 beta=0.75 -> L=32 beta=2.5435 (matched pair 0.75 -> 2.5435)
    HMC L=16 beta=0.75: 128 configs, acc 0.993, hot start, burn 200, 2s
    generated 128 configs L=32 beta=2.5435 in 267s
    HMC L=32 beta=2.5435: 192 configs, acc 0.962, hot start, burn 200, 4s
    case done in 281s
[4/38] A_bc1: base L=16 beta=1 -> L=32 beta=3.10399 (matched pair 1 -> 3.1040)
    HMC L=16 beta=1: 128 configs, acc 0.986, hot start, burn 200, 2s
    generated 128 configs L=32 beta=3.10399 in 263s
    HMC L=32 beta=3.10399: 192 configs, acc 0.966, hot start, burn 200, 3s
    case done in 277s
[5/38] A_bc1.5: base L=16 beta=1.5 -> L=32 beta=4.44493 (matched pair 1.5 -> 4.4449)
    HMC L=16 beta=1.5: 128 configs, acc 0.981, hot start, burn 200, 2s
    generated 128 configs L=32 beta=4.44493 in 262s
    HMC L=32 beta=4.44493: 192 configs, acc 0.964, hot start, burn 200, 4s
    case done in 276s
[6/38] A_bc2: base L=16 beta=2 -> L=32 beta=6.10518 (matched pair 2 -> 6.1052)
    HMC L=16 beta=2: 128 configs, acc 0.980, hot start, burn 200, 2s
    generated 128 configs L=32 beta=6.10518 in 264s
    HMC L=32 beta=6.10518: 192 configs, acc 0.970, hot start, burn 200, 4s
    case done in 279s
[7/38] A_bc3: base L=16 beta=3 -> L=32 beta=10.015 (matched pair 3 -> 10.0150)
    HMC L=16 beta=3: 128 configs, acc 0.985, hot start, burn 200, 2s
    generated 128 configs L=32 beta=10.015 in 266s
    HMC L=32 beta=10.015: 192 configs, acc 0.978, cold start, burn 600, 13s
    case done in 289s
[8/38] A_bc4: base L=16 beta=4 -> L=32 beta=14.1464 (matched pair 4 -> 14.1464)
    HMC L=16 beta=4: 128 configs, acc 0.983, hot start, burn 200, 2s
    generated 128 configs L=32 beta=14.1464 in 269s
    HMC L=32 beta=14.1464: 192 configs, acc 0.986, cold start, burn 600, 14s
    case done in 293s
[9/38] A_bc5: base L=16 beta=5 -> L=32 beta=18.2524 (matched pair 5 -> 18.2524)
    HMC L=16 beta=5: 128 configs, acc 0.982, hot start, burn 200, 3s
    generated 128 configs L=32 beta=18.2524 in 271s
    HMC L=32 beta=18.2524: 192 configs, acc 0.983, cold start, burn 600, 17s
    case done in 299s
[10/38] A_bc6: base L=16 beta=6 -> L=32 beta=22.3151 (matched pair 6 -> 22.3151)
    HMC L=16 beta=6: 128 configs, acc 0.987, hot start, burn 200, 3s
    generated 128 configs L=32 beta=22.3151 in 272s
    HMC L=32 beta=22.3151: 192 configs, acc 0.983, cold start, burn 2000, 56s
    case done in 339s
[11/38] A_bc8: base L=16 beta=8 -> L=32 beta=30.3772 (matched pair 8 -> 30.3772)
    HMC L=16 beta=8: 128 configs, acc 0.988, cold start, burn 600, 8s
    generated 128 configs L=32 beta=30.3772 in 270s
    HMC L=32 beta=30.3772: 192 configs, acc 0.983, cold start, burn 2000, 64s
    case done in 350s
[12/38] D_bc14.1464: base L=16 beta=14.1464 -> L=32 beta=55.0237 (matched pair 14.1464 -> 55.0237)
    HMC L=16 beta=14.1464: 128 configs, acc 0.995, cold start, burn 600, 10s
    generated 128 configs L=32 beta=55.0237 in 271s
    HMC L=32 beta=55.0237: 192 configs, acc 0.978, cold start, burn 2000, 84s
    case done in 373s
[13/38] D_bc20: base L=16 beta=20 -> L=32 beta=78.4578 (matched pair 20 -> 78.4578 (beyond training range))
    HMC L=16 beta=20: 128 configs, acc 0.991, cold start, burn 2000, 36s
    generated 128 configs L=32 beta=78.4578 in 269s
    HMC L=32 beta=78.4578: 192 configs, acc 0.980, cold start, burn 2000, 96s
    case done in 409s
[14/38] D_bc30: base L=16 beta=30 -> L=32 beta=118.473 (matched pair 30 -> 118.4726 (beyond training range))
    HMC L=16 beta=30: 128 configs, acc 0.992, cold start, burn 2000, 45s
    generated 128 configs L=32 beta=118.473 in 271s
    HMC L=32 beta=118.473: 192 configs, acc 0.977, cold start, burn 2000, 116s
    case done in 440s
[15/38] D_bc40: base L=16 beta=40 -> L=32 beta=158.48 (matched pair 40 -> 158.4797 (beyond training range))
    HMC L=16 beta=40: 128 configs, acc 0.989, cold start, burn 2000, 51s
    generated 128 configs L=32 beta=158.48 in 270s
    HMC L=32 beta=158.48: 192 configs, acc 0.977, cold start, burn 2000, 131s
    case done in 460s
[16/38] D_bc55.0237: base L=16 beta=55.0237 -> L=32 beta=218.58 (matched pair 55.0237 -> 218.5802 (beyond training range))
    HMC L=16 beta=55.0237: 128 configs, acc 0.990, cold start, burn 2000, 59s
    generated 128 configs L=32 beta=218.58 in 268s
    HMC L=32 beta=218.58: 192 configs, acc 0.975, cold start, burn 2000, 155s
    case done in 491s
[17/38] E_bc1.2: base L=16 beta=1.2 -> L=32 beta=3.6012 (out-of-sample matched pair 1.2 -> 3.6012)
    HMC L=16 beta=1.2: 128 configs, acc 0.985, hot start, burn 200, 2s
    generated 128 configs L=32 beta=3.6012 in 269s
    HMC L=32 beta=3.6012: 192 configs, acc 0.965, hot start, burn 200, 4s
    case done in 283s
[18/38] E_bc2.7: base L=16 beta=2.7 -> L=32 beta=8.79549 (out-of-sample matched pair 2.7 -> 8.7955)
    HMC L=16 beta=2.7: 128 configs, acc 0.978, hot start, burn 200, 2s
    generated 128 configs L=32 beta=8.79549 in 270s
    HMC L=32 beta=8.79549: 192 configs, acc 0.979, cold start, burn 600, 12s
    case done in 292s
[19/38] E_bc3.4: base L=16 beta=3.4 -> L=32 beta=11.6638 (out-of-sample matched pair 3.4 -> 11.6638)
    HMC L=16 beta=3.4: 128 configs, acc 0.981, hot start, burn 200, 2s
    generated 128 configs L=32 beta=11.6638 in 271s
    HMC L=32 beta=11.6638: 192 configs, acc 0.985, cold start, burn 600, 14s
    case done in 296s
[20/38] E_bc4.5: base L=16 beta=4.5 -> L=32 beta=16.2057 (out-of-sample matched pair 4.5 -> 16.2057)
    HMC L=16 beta=4.5: 128 configs, acc 0.983, hot start, burn 200, 2s
    generated 128 configs L=32 beta=16.2057 in 268s
    HMC L=32 beta=16.2057: 192 configs, acc 0.976, cold start, burn 600, 15s
    case done in 294s
[21/38] E_bc5.8: base L=16 beta=5.8 -> L=32 beta=21.5051 (out-of-sample matched pair 5.8 -> 21.5051)
    HMC L=16 beta=5.8: 128 configs, acc 0.987, hot start, burn 200, 3s
    generated 128 configs L=32 beta=21.5051 in 265s
    HMC L=32 beta=21.5051: 192 configs, acc 0.984, cold start, burn 2000, 56s
    case done in 332s
[22/38] E_bc9: base L=16 beta=9 -> L=32 beta=34.3944 (out-of-sample matched pair 9 -> 34.3944)
    HMC L=16 beta=9: 128 configs, acc 0.990, cold start, burn 600, 9s
    generated 128 configs L=32 beta=34.3944 in 266s
    HMC L=32 beta=34.3944: 192 configs, acc 0.980, cold start, burn 2000, 68s
    case done in 350s
[23/38] E_bc11.8: base L=16 beta=11.8 -> L=32 beta=45.6238 (out-of-sample matched pair 11.8 -> 45.6238)
    HMC L=16 beta=11.8: 128 configs, acc 0.993, cold start, burn 600, 10s
    generated 128 configs L=32 beta=45.6238 in 266s
    HMC L=32 beta=45.6238: 192 configs, acc 0.983, cold start, burn 2000, 76s
    case done in 360s
[24/38] E_bc18: base L=16 beta=18 -> L=32 beta=70.4526 (out-of-sample matched pair 18 -> 70.4526)
    HMC L=16 beta=18: 128 configs, acc 0.989, cold start, burn 600, 12s
    generated 128 configs L=32 beta=70.4526 in 268s
    HMC L=32 beta=70.4526: 192 configs, acc 0.977, cold start, burn 2000, 92s
    case done in 381s
[25/38] E_bc35: base L=16 beta=35 -> L=32 beta=138.477 (out-of-sample matched pair 35 -> 138.4767)
    HMC L=16 beta=35: 128 configs, acc 0.989, cold start, burn 2000, 48s
    generated 128 configs L=32 beta=138.477 in 266s
    HMC L=32 beta=138.477: 192 configs, acc 0.976, cold start, burn 2000, 124s
    case done in 446s
[26/38] E_bc45: base L=16 beta=45 -> L=32 beta=178.482 (out-of-sample matched pair 45 -> 178.4821)
    HMC L=16 beta=45: 128 configs, acc 0.991, cold start, burn 2000, 55s
    generated 128 configs L=32 beta=178.482 in 266s
    HMC L=32 beta=178.482: 192 configs, acc 0.978, cold start, burn 2000, 141s
    case done in 470s
[27/38] F_L32_bc100: base L=16 beta=100 -> L=32 beta=398.492 (extrapolation demo 100 -> 398.4921 at L=32)
    HMC L=16 beta=100: 64 configs, acc 0.989, cold start, burn 2000, 77s
    generated 64 configs L=32 beta=398.492 in 133s
    HMC L=32 beta=398.492: 96 configs, acc 0.977, cold start, burn 2000, 205s
    case done in 421s
[28/38] F_L32_bc218.58: base L=16 beta=218.58 -> L=32 beta=872.816 (extrapolation demo 218.58 -> 872.8164 at L=32)
    HMC L=16 beta=218.58: 64 configs, acc 0.988, cold start, burn 2000, 112s
    generated 64 configs L=32 beta=872.816 in 132s
    HMC L=32 beta=872.816: 96 configs, acc 0.966, cold start, burn 2000, 303s
    case done in 553s
[29/38] F_L64_bc55.0237: base L=32 beta=55.0237 -> L=64 beta=218.58 (extrapolation demo 55.0237 -> 218.5802 at L=64)
    HMC L=32 beta=55.0237: 64 configs, acc 0.977, cold start, burn 2000, 84s
    generated 64 configs L=64 beta=218.58 in 515s
    HMC L=64 beta=218.58: 96 configs, acc 0.949, cold start, burn 2000, 240s
    case done in 856s
[30/38] B_bt6: base L=16 beta=4 -> L=32 beta=6 (mismatch: matched target is 14.1464)
    generated 128 configs L=32 beta=6 in 268s
    HMC L=32 beta=6: 192 configs, acc 0.975, hot start, burn 200, 4s
    case done in 281s
[31/38] B_bt10: base L=16 beta=4 -> L=32 beta=10 (mismatch: matched target is 14.1464)
    generated 128 configs L=32 beta=10 in 268s
    HMC L=32 beta=10: 192 configs, acc 0.978, cold start, burn 600, 13s
    case done in 289s
[32/38] B_bt16: base L=16 beta=4 -> L=32 beta=16 (mismatch: matched target is 14.1464)
    generated 128 configs L=32 beta=16 in 270s
    HMC L=32 beta=16: 192 configs, acc 0.979, cold start, burn 600, 16s
    case done in 294s
[33/38] B_bt20: base L=16 beta=4 -> L=32 beta=20 (mismatch: matched target is 14.1464)
    generated 128 configs L=32 beta=20 in 267s
    HMC L=32 beta=20: 192 configs, acc 0.982, cold start, burn 2000, 52s
    case done in 328s
[34/38] B_bt30: base L=16 beta=4 -> L=32 beta=30 (mismatch: matched target is 14.1464)
    generated 128 configs L=32 beta=30 in 267s
    HMC L=32 beta=30: 192 configs, acc 0.981, cold start, burn 2000, 64s
    case done in 340s
[35/38] B_bt55.0237: base L=16 beta=4 -> L=32 beta=55.0237 (mismatch: matched target is 14.1464)
    generated 128 configs L=32 beta=55.0237 in 268s
    case done in 276s
[36/38] B_bc2_bt8: base L=16 beta=2 -> L=32 beta=8 (tree-level beta_f = 4 beta_c; matched target is 6.1052)
    generated 128 configs L=32 beta=8 in 267s
    HMC L=32 beta=8: 192 configs, acc 0.975, cold start, burn 600, 12s
    case done in 287s
[37/38] C_L64: base L=32 beta=4 -> L=64 beta=14.1464 (size scan rung)
    HMC L=32 beta=4: 96 configs, acc 0.963, hot start, burn 200, 3s
    generated 96 configs L=64 beta=14.1464 in 775s
    HMC L=64 beta=14.1464: 96 configs, acc 0.971, cold start, burn 600, 21s
    case done in 823s
[38/38] C_L128: base L=64 beta=4 -> L=128 beta=14.1464 (size scan rung)
    HMC L=64 beta=4: 64 configs, acc 0.932, hot start, burn 200, 5s
    generated 64 configs L=128 beta=14.1464 in 2066s
    HMC L=128 beta=14.1464: 64 configs, acc 0.938, cold start, burn 600, 35s
    case done in 2158s
summary: C:\Users\ompan\OneDrive\Desktop\Lattice QCD Research\dev\InverseRG\out\diffusion_v2\v2\generalization\summary.json
tables:  C:\Users\ompan\OneDrive\Desktop\Lattice QCD Research\dev\InverseRG\out\diffusion_v2\v2\generalization\summary_tables.md
[2026-07-31 07:43:27] STAGE_STUDY_S1_DONE (263.9 min)
[2026-07-31 07:43:27] STAGE_CACHECOPY_START
[2026-07-31 07:43:27] STAGE_CACHECOPY_DONE
[2026-07-31 07:43:30] STAGE_THERM_START (parallel, 2 threads): C:\Users\ompan\OneDrive\Desktop\Lattice QCD Research\dev\InverseRG\.venv\Scripts\python.exe diffusion_v2/scripts/05_hmc_thermalization.py --config diffusion_v2/configs/v2.yaml --generalization=C:\Users\ompan\OneDrive\Desktop\Lattice QCD Research\dev\InverseRG\out\diffusion_v2\v2\generalization --parts A,D,E,F --skip-cached --checkpoint out/diffusion_v2/v2/checkpoints/score_net.pt --physics-blend 1.0 --physics-blend-beta-min 5.0 --sigma-floor-coef 0.1 --out C:\Users\ompan\OneDrive\Desktop\Lattice QCD Research\dev\InverseRG\out\diffusion_v2\v2\thermalization --reuse-baselines C:\Users\ompan\OneDrive\Desktop\Lattice QCD Research\dev\InverseRG\out\diffusion\demo_v6\generalization_blend_verify\thermalization
[2026-07-31 07:43:30] STAGE_STUDY_S2_START (parallel, 2 threads): C:\Users\ompan\OneDrive\Desktop\Lattice QCD Research\dev\InverseRG\.venv\Scripts\python.exe diffusion_v2/scripts/06_generalization_study.py --physics-blend 1.0 --physics-blend-beta-min 5.0 --sigma-floor-coef 0.1 --seed 314159 --cases E_bc1.2,E_bc2.7,E_bc3.4,E_bc4.5,E_bc5.8,E_bc9,E_bc11.8,E_bc18,E_bc35,E_bc45,F_L32_bc100,F_L32_bc218.58,F_L64_bc55.0237 --out-dir C:\Users\ompan\OneDrive\Desktop\Lattice QCD Research\dev\InverseRG\out\diffusion_v2\v2\generalization\seeds\s2
13 cases, output -> C:\Users\ompan\OneDrive\Desktop\Lattice QCD Research\dev\InverseRG\out\diffusion_v2\v2\generalization\seeds\s2
[1/13] E_bc1.2: base L=16 beta=1.2 -> L=32 beta=3.6012 (out-of-sample matched pair 1.2 -> 3.6012)
29 matched-pair cases, output -> C:\Users\ompan\OneDrive\Desktop\Lattice QCD Research\dev\InverseRG\out\diffusion_v2\v2\thermalization
A_bc0.25_L32_beta1.4892: sampling 128 raw seeds from wilson_L16_beta0.25.pt
    sampled in 626s

=== A_bc0.25_L32_beta1.4892: step_size=0.2000, n_steps=5 ===
diffusion seed: 128 chains x 96 trajectories
    generated 128 configs L=32 beta=3.6012 in 622s
baselines: reused from C:\Users\ompan\OneDrive\Desktop\Lattice QCD Research\dev\InverseRG\out\diffusion\demo_v6\generalization_blend_verify\thermalization\L32_beta1.4892
    case done in 630s
[2/13] E_bc2.7: base L=16 beta=2.7 -> L=32 beta=8.79549 (out-of-sample matched pair 2.7 -> 8.7955)
A_bc0.5_L32_beta2.02441: sampling 128 raw seeds from wilson_L16_beta0.5.pt
    sampled in 623s

=== A_bc0.5_L32_beta2.02441: step_size=0.2000, n_steps=5 ===
diffusion seed: 128 chains x 96 trajectories
    generated 128 configs L=32 beta=8.79549 in 621s
    case done in 630s
[3/13] E_bc3.4: base L=16 beta=3.4 -> L=32 beta=11.6638 (out-of-sample matched pair 3.4 -> 11.6638)
baselines: reused from C:\Users\ompan\OneDrive\Desktop\Lattice QCD Research\dev\InverseRG\out\diffusion\demo_v6\generalization_blend_verify\thermalization\L32_beta2.02441
A_bc0.75_L32_beta2.5435: sampling 128 raw seeds from wilson_L16_beta0.75.pt
    generated 128 configs L=32 beta=11.6638 in 623s
    sampled in 628s

=== A_bc0.75_L32_beta2.5435: step_size=0.2000, n_steps=5 ===
diffusion seed: 128 chains x 96 trajectories
    case done in 632s
[4/13] E_bc4.5: base L=16 beta=4.5 -> L=32 beta=16.2057 (out-of-sample matched pair 4.5 -> 16.2057)
baselines: reused from C:\Users\ompan\OneDrive\Desktop\Lattice QCD Research\dev\InverseRG\out\diffusion\demo_v6\generalization_blend_verify\thermalization\L32_beta2.5435
A_bc1_L32_beta3.10399: sampling 128 raw seeds from wilson_L16_beta1.pt
    generated 128 configs L=32 beta=16.2057 in 637s
    case done in 647s
[5/13] E_bc5.8: base L=16 beta=5.8 -> L=32 beta=21.5051 (out-of-sample matched pair 5.8 -> 21.5051)
    sampled in 642s

=== A_bc1_L32_beta3.10399: step_size=0.2000, n_steps=5 ===
diffusion seed: 128 chains x 96 trajectories
baselines: reused from C:\Users\ompan\OneDrive\Desktop\Lattice QCD Research\dev\InverseRG\out\diffusion\demo_v6\generalization_blend_verify\thermalization\L32_beta3.10399
E_bc1.2_L32_beta3.6012: sampling 128 raw seeds from wilson_L16_beta1.2.pt
    sampled in 616s

=== E_bc1.2_L32_beta3.6012: step_size=0.2000, n_steps=5 ===
diffusion seed: 128 chains x 96 trajectories
    generated 128 configs L=32 beta=21.5051 in 621s
baselines: reused from C:\Users\ompan\OneDrive\Desktop\Lattice QCD Research\dev\InverseRG\out\diffusion\demo_v6\generalization_blend_verify\thermalization\L32_beta3.6012
    case done in 631s
[6/13] E_bc9: base L=16 beta=9 -> L=32 beta=34.3944 (out-of-sample matched pair 9 -> 34.3944)
A_bc1.5_L32_beta4.44493: sampling 128 raw seeds from wilson_L16_beta1.5.pt
    generated 128 configs L=32 beta=34.3944 in 617s
    sampled in 624s

=== A_bc1.5_L32_beta4.44493: step_size=0.1897, n_steps=5 ===
diffusion seed: 128 chains x 96 trajectories
    case done in 626s
[7/13] E_bc11.8: base L=16 beta=11.8 -> L=32 beta=45.6238 (out-of-sample matched pair 11.8 -> 45.6238)
baselines: reused from C:\Users\ompan\OneDrive\Desktop\Lattice QCD Research\dev\InverseRG\out\diffusion\demo_v6\generalization_blend_verify\thermalization\L32_beta4.44493
A_bc2_L32_beta6.10518: sampling 128 raw seeds from wilson_L16_beta2.pt
    generated 128 configs L=32 beta=45.6238 in 625s
    case done in 634s
[8/13] E_bc18: base L=16 beta=18 -> L=32 beta=70.4526 (out-of-sample matched pair 18 -> 70.4526)
    sampled in 633s

=== A_bc2_L32_beta6.10518: step_size=0.1619, n_steps=6 ===
diffusion seed: 128 chains x 96 trajectories
baselines: reused from C:\Users\ompan\OneDrive\Desktop\Lattice QCD Research\dev\InverseRG\out\diffusion\demo_v6\generalization_blend_verify\thermalization\L32_beta6.10518
E_bc2.7_L32_beta8.79549: sampling 128 raw seeds from wilson_L16_beta2.7.pt
    generated 128 configs L=32 beta=70.4526 in 628s
    sampled in 623s

=== E_bc2.7_L32_beta8.79549: step_size=0.1349, n_steps=7 ===
diffusion seed: 128 chains x 96 trajectories
    case done in 637s
[9/13] E_bc35: base L=16 beta=35 -> L=32 beta=138.477 (out-of-sample matched pair 35 -> 138.4767)
baselines: reused from C:\Users\ompan\OneDrive\Desktop\Lattice QCD Research\dev\InverseRG\out\diffusion\demo_v6\generalization_blend_verify\thermalization\L32_beta8.79549
A_bc3_L32_beta10.015: sampling 128 raw seeds from wilson_L16_beta3.pt
    generated 128 configs L=32 beta=138.477 in 619s
    case done in 629s
[10/13] E_bc45: base L=16 beta=45 -> L=32 beta=178.482 (out-of-sample matched pair 45 -> 178.4821)
    sampled in 651s

=== A_bc3_L32_beta10.015: step_size=0.1264, n_steps=8 ===
diffusion seed: 128 chains x 96 trajectories
baselines: reused from C:\Users\ompan\OneDrive\Desktop\Lattice QCD Research\dev\InverseRG\out\diffusion\demo_v6\generalization_blend_verify\thermalization\L32_beta10.015
E_bc3.4_L32_beta11.6638: sampling 128 raw seeds from wilson_L16_beta3.4.pt
    generated 128 configs L=32 beta=178.482 in 618s
    case done in 627s
[11/13] F_L32_bc100: base L=16 beta=100 -> L=32 beta=398.492 (extrapolation demo 100 -> 398.4921 at L=32)
    sampled in 653s

=== E_bc3.4_L32_beta11.6638: step_size=0.1171, n_steps=9 ===
diffusion seed: 128 chains x 96 trajectories
baselines: reused from C:\Users\ompan\OneDrive\Desktop\Lattice QCD Research\dev\InverseRG\out\diffusion\demo_v6\generalization_blend_verify\thermalization\L32_beta11.6638
A_bc4_L32_beta14.1464: sampling 128 raw seeds from wilson_L16_beta4.pt
    generated 64 configs L=32 beta=398.492 in 327s
    case done in 333s
[12/13] F_L32_bc218.58: base L=16 beta=218.58 -> L=32 beta=872.816 (extrapolation demo 218.58 -> 872.8164 at L=32)
    generated 64 configs L=32 beta=872.816 in 311s
    case done in 318s
[13/13] F_L64_bc55.0237: base L=32 beta=55.0237 -> L=64 beta=218.58 (extrapolation demo 55.0237 -> 218.5802 at L=64)
    sampled in 645s

=== A_bc4_L32_beta14.1464: step_size=0.1063, n_steps=9 ===
diffusion seed: 128 chains x 96 trajectories
baselines: reused from C:\Users\ompan\OneDrive\Desktop\Lattice QCD Research\dev\InverseRG\out\diffusion\demo_v6\generalization_blend_verify\thermalization\L32_beta14.1464
E_bc4.5_L32_beta16.2057: sampling 128 raw seeds from wilson_L16_beta4.5.pt
    sampled in 649s

=== E_bc4.5_L32_beta16.2057: step_size=0.0994, n_steps=10 ===
diffusion seed: 128 chains x 96 trajectories
baselines: reused from C:\Users\ompan\OneDrive\Desktop\Lattice QCD Research\dev\InverseRG\out\diffusion\demo_v6\generalization_blend_verify\thermalization\L32_beta16.2057
A_bc5_L32_beta18.2524: sampling 128 raw seeds from wilson_L16_beta5.pt
    generated 64 configs L=64 beta=218.58 in 1126s
    case done in 1144s
summary: C:\Users\ompan\OneDrive\Desktop\Lattice QCD Research\dev\InverseRG\out\diffusion_v2\v2\generalization\seeds\s2\summary.json
tables:  C:\Users\ompan\OneDrive\Desktop\Lattice QCD Research\dev\InverseRG\out\diffusion_v2\v2\generalization\seeds\s2\summary_tables.md
    sampled in 659s

=== A_bc5_L32_beta18.2524: step_size=0.0936, n_steps=11 ===
diffusion seed: 128 chains x 96 trajectories
baselines: reused from C:\Users\ompan\OneDrive\Desktop\Lattice QCD Research\dev\InverseRG\out\diffusion\demo_v6\generalization_blend_verify\thermalization\L32_beta18.2524
E_bc5.8_L32_beta21.5051: sampling 128 raw seeds from wilson_L16_beta5.8.pt
    sampled in 658s

=== E_bc5.8_L32_beta21.5051: step_size=0.0863, n_steps=12 ===
diffusion seed: 128 chains x 96 trajectories
baselines: reused from C:\Users\ompan\OneDrive\Desktop\Lattice QCD Research\dev\InverseRG\out\diffusion\demo_v6\generalization_blend_verify\thermalization\L32_beta21.5051
A_bc6_L32_beta22.3151: sampling 128 raw seeds from wilson_L16_beta6.pt
    sampled in 576s

=== A_bc6_L32_beta22.3151: step_size=0.0847, n_steps=12 ===
diffusion seed: 128 chains x 96 trajectories
baselines: reused from C:\Users\ompan\OneDrive\Desktop\Lattice QCD Research\dev\InverseRG\out\diffusion\demo_v6\generalization_blend_verify\thermalization\L32_beta22.3151
A_bc8_L32_beta30.3772: sampling 128 raw seeds from wilson_L16_beta8.pt
    sampled in 564s

=== A_bc8_L32_beta30.3772: step_size=0.0726, n_steps=14 ===
diffusion seed: 128 chains x 96 trajectories
baselines: reused from C:\Users\ompan\OneDrive\Desktop\Lattice QCD Research\dev\InverseRG\out\diffusion\demo_v6\generalization_blend_verify\thermalization\L32_beta30.3772
E_bc9_L32_beta34.3944: sampling 128 raw seeds from wilson_L16_beta9.pt
    sampled in 563s

=== E_bc9_L32_beta34.3944: step_size=0.0682, n_steps=15 ===
diffusion seed: 128 chains x 96 trajectories
baselines: reused from C:\Users\ompan\OneDrive\Desktop\Lattice QCD Research\dev\InverseRG\out\diffusion\demo_v6\generalization_blend_verify\thermalization\L32_beta34.3944
E_bc11.8_L32_beta45.6238: sampling 128 raw seeds from wilson_L16_beta11.8.pt
    sampled in 575s

=== E_bc11.8_L32_beta45.6238: step_size=0.0592, n_steps=17 ===
diffusion seed: 128 chains x 96 trajectories
baselines: reused from C:\Users\ompan\OneDrive\Desktop\Lattice QCD Research\dev\InverseRG\out\diffusion\demo_v6\generalization_blend_verify\thermalization\L32_beta45.6238
D_bc14.1464_L32_beta55.0237: sampling 128 raw seeds from wilson_L16_beta14.1464.pt
    sampled in 611s

=== D_bc14.1464_L32_beta55.0237: step_size=0.0539, n_steps=19 ===
diffusion seed: 128 chains x 96 trajectories
baselines: reused from C:\Users\ompan\OneDrive\Desktop\Lattice QCD Research\dev\InverseRG\out\diffusion\demo_v6\generalization_blend_verify\thermalization\L32_beta55.0237
E_bc18_L32_beta70.4526: sampling 128 raw seeds from wilson_L16_beta18.pt
    sampled in 617s

=== E_bc18_L32_beta70.4526: step_size=0.0477, n_steps=21 ===
diffusion seed: 128 chains x 96 trajectories
baselines: reused from C:\Users\ompan\OneDrive\Desktop\Lattice QCD Research\dev\InverseRG\out\diffusion\demo_v6\generalization_blend_verify\thermalization\L32_beta70.4526
D_bc20_L32_beta78.4578: sampling 128 raw seeds from wilson_L16_beta20.pt
    sampled in 576s

=== D_bc20_L32_beta78.4578: step_size=0.0452, n_steps=22 ===
diffusion seed: 128 chains x 96 trajectories
baselines: reused from C:\Users\ompan\OneDrive\Desktop\Lattice QCD Research\dev\InverseRG\out\diffusion\demo_v6\generalization_blend_verify\thermalization\L32_beta78.4578
D_bc30_L32_beta118.473: sampling 128 raw seeds from wilson_L16_beta30.pt
    sampled in 601s

=== D_bc30_L32_beta118.473: step_size=0.0367, n_steps=27 ===
diffusion seed: 128 chains x 96 trajectories
baselines: reused from C:\Users\ompan\OneDrive\Desktop\Lattice QCD Research\dev\InverseRG\out\diffusion\demo_v6\generalization_blend_verify\thermalization\L32_beta118.473
E_bc35_L32_beta138.477: sampling 128 raw seeds from wilson_L16_beta35.pt
    sampled in 579s

=== E_bc35_L32_beta138.477: step_size=0.0340, n_steps=29 ===
diffusion seed: 128 chains x 96 trajectories
baselines: reused from C:\Users\ompan\OneDrive\Desktop\Lattice QCD Research\dev\InverseRG\out\diffusion\demo_v6\generalization_blend_verify\thermalization\L32_beta138.477
D_bc40_L32_beta158.48: sampling 128 raw seeds from wilson_L16_beta40.pt
    sampled in 578s

=== D_bc40_L32_beta158.48: step_size=0.0318, n_steps=31 ===
diffusion seed: 128 chains x 96 trajectories
baselines: reused from C:\Users\ompan\OneDrive\Desktop\Lattice QCD Research\dev\InverseRG\out\diffusion\demo_v6\generalization_blend_verify\thermalization\L32_beta158.48
E_bc45_L32_beta178.482: sampling 128 raw seeds from wilson_L16_beta45.pt
    sampled in 571s

=== E_bc45_L32_beta178.482: step_size=0.0299, n_steps=33 ===
diffusion seed: 128 chains x 96 trajectories
baselines: reused from C:\Users\ompan\OneDrive\Desktop\Lattice QCD Research\dev\InverseRG\out\diffusion\demo_v6\generalization_blend_verify\thermalization\L32_beta178.482
D_bc55.0237_L32_beta218.58: sampling 128 raw seeds from wilson_L16_beta55.0237.pt
    sampled in 572s

=== D_bc55.0237_L32_beta218.58: step_size=0.0271, n_steps=37 ===
diffusion seed: 128 chains x 96 trajectories
baselines: reused from C:\Users\ompan\OneDrive\Desktop\Lattice QCD Research\dev\InverseRG\out\diffusion\demo_v6\generalization_blend_verify\thermalization\L32_beta218.58
F_L32_bc100_L32_beta398.492: sampling 64 raw seeds from wilson_L16_beta100.pt
    sampled in 276s

=== F_L32_bc100_L32_beta398.492: step_size=0.0200, n_steps=50 ===
diffusion seed: 64 chains x 96 trajectories
baselines: reused from C:\Users\ompan\OneDrive\Desktop\Lattice QCD Research\dev\InverseRG\out\diffusion\demo_v6\generalization_blend_verify\thermalization\L32_beta398.492
F_L32_bc218.58_L32_beta872.816: sampling 64 raw seeds from wilson_L16_beta218.58.pt
    sampled in 273s

=== F_L32_bc218.58_L32_beta872.816: step_size=0.0135, n_steps=74 ===
diffusion seed: 64 chains x 96 trajectories
baselines: reused from C:\Users\ompan\OneDrive\Desktop\Lattice QCD Research\dev\InverseRG\out\diffusion\demo_v6\generalization_blend_verify\thermalization\L32_beta872.816
F_L64_bc55.0237_L64_beta218.58: sampling 64 raw seeds from wilson_L32_beta55.0237.pt
    sampled in 1016s

=== F_L64_bc55.0237_L64_beta218.58: step_size=0.0271, n_steps=37 ===
diffusion seed: 64 chains x 96 trajectories
baselines: reused from C:\Users\ompan\OneDrive\Desktop\Lattice QCD Research\dev\InverseRG\out\diffusion\demo_v6\generalization_blend_verify\thermalization\L64_beta218.58

report: C:\Users\ompan\OneDrive\Desktop\Lattice QCD Research\dev\InverseRG\out\diffusion_v2\v2\thermalization\report.md
{
  "label": "A_bc0.25_L32_beta1.4892",
  "t_therm": {
    "diffusion seed": {
      "plaquette": 3.0,
      "wilson_2x2": 5.0,
      "wilson_4x4": 0.0,
      "wilson_6x6": 0.0,
      "Q^2": 9.0
    },
    "hot start": {
      "plaquette": 12.0,
      "wilson_2x2": 7.0,
      "wilson_4x4": 0.0,
      "wilson_6x6": 0.0,
      "Q^2": 1.0
    },
    "cold start": {
      "plaquette": 9.0,
      "wilson_2x2": 8.0,
      "wilson_4x4": 3.0,
      "wilson_6x6": 3.0,
      "Q^2": 9.0
    }
  },
  "hmc_interval_trajectories": 2.722784169943121
}
{
  "label": "A_bc0.5_L32_beta2.02441",
  "t_therm": {
    "diffusion seed": {
      "plaquette": 5.0,
      "wilson_2x2": 3.0,
      "wilson_4x4": 1.0,
      "wilson_6x6": 0.0,
      "Q^2": 0.0
    },
    "hot start": {
      "plaquette": 16.0,
      "wilson_2x2": 11.0,
      "wilson_4x4": 7.0,
      "wilson_6x6": 5.0,
      "Q^2": 4.0
    },
    "cold start": {
      "plaquette": 20.0,
      "wilson_2x2": 13.0,
      "wilson_4x4": 3.0,
      "wilson_6x6": 2.0,
      "Q^2": 9.0
    }
  },
  "hmc_interval_trajectories": 5.5270514145579135
}
{
  "label": "A_bc0.75_L32_beta2.5435",
  "t_therm": {
    "diffusion seed": {
      "plaquette": 15.0,
      "wilson_2x2": 4.0,
      "wilson_4x4": 0.0,
      "wilson_6x6": 0.0,
      "Q^2": 0.0
    },
    "hot start": {
      "plaquette": 29.0,
      "wilson_2x2": 16.0,
      "wilson_4x4": 8.0,
      "wilson_6x6": 0.0,
      "Q^2": 4.0
    },
    "cold start": {
      "plaquette": 24.0,
      "wilson_2x2": 17.0,
      "wilson_4x4": 9.0,
      "wilson_6x6": 5.0,
      "Q^2": 10.0
    }
  },
  "hmc_interval_trajectories": 6.214193442039275
}
{
  "label": "A_bc1_L32_beta3.10399",
  "t_therm": {
    "diffusion seed": {
      "plaquette": 21.0,
      "wilson_2x2": 4.0,
      "wilson_4x4": 0.0,
      "wilson_6x6": 0.0,
      "Q^2": 1.0
    },
    "hot start": {
      "plaquette": 28.0,
      "wilson_2x2": 23.0,
      "wilson_4x4": 15.0,
      "wilson_6x6": 0.0,
      "Q^2": 5.0
    },
    "cold start": {
      "plaquette": 45.0,
      "wilson_2x2": 26.0,
      "wilson_4x4": 13.0,
      "wilson_6x6": 9.0,
      "Q^2": 27.0
    }
  },
  "hmc_interval_trajectories": 8.441509599983632
}
{
  "label": "E_bc1.2_L32_beta3.6012",
  "t_therm": {
    "diffusion seed": {
      "plaquette": 21.0,
      "wilson_2x2": 12.0,
      "wilson_4x4": 0.0,
      "wilson_6x6": 2.0,
      "Q^2": 6.0
    },
    "hot start": {
      "plaquette": 46.0,
      "wilson_2x2": 33.0,
      "wilson_4x4": 26.0,
      "wilson_6x6": 0.0,
      "Q^2": 5.0
    },
    "cold start": {
      "plaquette": 34.0,
      "wilson_2x2": 32.0,
      "wilson_4x4": 17.0,
      "wilson_6x6": 8.0,
      "Q^2": 34.0
    }
  },
  "hmc_interval_trajectories": 8.53128722384281
}
{
  "label": "A_bc1.5_L32_beta4.44493",
  "t_therm": {
    "diffusion seed": {
      "plaquette": 4.0,
      "wilson_2x2": 4.0,
      "wilson_4x4": 0.0,
      "wilson_6x6": 0.0,
      "Q^2": 0.0
    },
    "hot start": {
      "plaquette": 66.0,
      "wilson_2x2": 57.0,
      "wilson_4x4": 37.0,
      "wilson_6x6": 9.0,
      "Q^2": 9.0
    },
    "cold start": {
      "plaquette": 62.0,
      "wilson_2x2": 62.0,
      "wilson_4x4": 31.0,
      "wilson_6x6": 11.0,
      "Q^2": 104.0
    }
  },
  "hmc_interval_trajectories": 6.287941242639681
}
{
  "label": "A_bc2_L32_beta6.10518",
  "t_therm": {
    "diffusion seed": {
      "plaquette": 1.0,
      "wilson_2x2": 11.0,
      "wilson_4x4": 0.0,
      "wilson_6x6": 0.0,
      "Q^2": 0.0
    },
    "hot start": {
      "plaquette": 130.0,
      "wilson_2x2": 131.0,
      "wilson_4x4": 28.0,
      "wilson_6x6": 36.0,
      "Q^2": 6.0
    },
    "cold start": {
      "plaquette": 77.0,
      "wilson_2x2": 138.0,
      "wilson_4x4": 22.0,
      "wilson_6x6": 10.0,
      "Q^2": Infinity
    }
  },
  "hmc_interval_trajectories": 7.255213551619046
}
{
  "label": "E_bc2.7_L32_beta8.79549",
  "t_therm": {
    "diffusion seed": {
      "plaquette": 1.0,
      "wilson_2x2": 1.0,
      "wilson_4x4": 0.0,
      "wilson_6x6": 0.0,
      "Q^2": 0.0
    },
    "hot start": {
      "plaquette": 289.0,
      "wilson_2x2": 402.0,
      "wilson_4x4": 305.0,
      "wilson_6x6": 80.0,
      "Q^2": Infinity
    },
    "cold start": {
      "plaquette": 82.0,
      "wilson_2x2": 169.0,
      "wilson_4x4": 32.0,
      "wilson_6x6": 8.0,
      "Q^2": Infinity
    }
  },
  "hmc_interval_trajectories": 8.671504833951296
}
{
  "label": "A_bc3_L32_beta10.015",
  "t_therm": {
    "diffusion seed": {
      "plaquette": 9.0,
      "wilson_2x2": 0.0,
      "wilson_4x4": 0.0,
      "wilson_6x6": 0.0,
      "Q^2": 0.0
    },
    "hot start": {
      "plaquette": Infinity,
      "wilson_2x2": Infinity,
      "wilson_4x4": Infinity,
      "wilson_6x6": 306.0,
      "Q^2": Infinity
    },
    "cold start": {
      "plaquette": 144.0,
      "wilson_2x2": 143.0,
      "wilson_4x4": 96.0,
      "wilson_6x6": 61.0,
      "Q^2": Infinity
    }
  },
  "hmc_interval_trajectories": 11.430194865798342
}
{
  "label": "E_bc3.4_L32_beta11.6638",
  "t_therm": {
    "diffusion seed": {
      "plaquette": 2.0,
      "wilson_2x2": 3.0,
      "wilson_4x4": 3.0,
      "wilson_6x6": 3.0,
      "Q^2": 0.0
    },
    "hot start": {
      "plaquette": 268.0,
      "wilson_2x2": 304.0,
      "wilson_4x4": Infinity,
      "wilson_6x6": Infinity,
      "Q^2": Infinity
    },
    "cold start": {
      "plaquette": 209.0,
      "wilson_2x2": 151.0,
      "wilson_4x4": 111.0,
      "wilson_6x6": 12.0,
      "Q^2": Infinity
    }
  },
  "hmc_interval_trajectories": 9.17858129009046
}
{
  "label": "A_bc4_L32_beta14.1464",
  "t_therm": {
    "diffusion seed": {
      "plaquette": 1.0,
      "wilson_2x2": 5.0,
      "wilson_4x4": 0.0,
      "wilson_6x6": 0.0,
      "Q^2": 0.0
    },
    "hot start": {
      "plaquette": 380.0,
      "wilson_2x2": 383.0,
      "wilson_4x4": Infinity,
      "wilson_6x6": Infinity,
      "Q^2": Infinity
    },
    "cold start": {
      "plaquette": 186.0,
      "wilson_2x2": 145.0,
      "wilson_4x4": 145.0,
      "wilson_6x6": 15.0,
      "Q^2": Infinity
    }
  },
  "hmc_interval_trajectories": 9.598329657412581
}
{
  "label": "E_bc4.5_L32_beta16.2057",
  "t_therm": {
    "diffusion seed": {
      "plaquette": 0.0,
      "wilson_2x2": 4.0,
      "wilson_4x4": 0.0,
      "wilson_6x6": 0.0,
      "Q^2": 0.0
    },
    "hot start": {
      "plaquette": Infinity,
      "wilson_2x2": Infinity,
      "wilson_4x4": Infinity,
      "wilson_6x6": Infinity,
      "Q^2": Infinity
    },
    "cold start": {
      "plaquette": 343.0,
      "wilson_2x2": 509.0,
      "wilson_4x4": 279.0,
      "wilson_6x6": 202.0,
      "Q^2": Infinity
    }
  },
  "hmc_interval_trajectories": 20.48101823014312
}
{
  "label": "A_bc5_L32_beta18.2524",
  "t_therm": {
    "diffusion seed": {
      "plaquette": 0.0,
      "wilson_2x2": 0.0,
      "wilson_4x4": 0.0,
      "wilson_6x6": 0.0,
      "Q^2": 0.0
    },
    "hot start": {
      "plaquette": 422.0,
      "wilson_2x2": Infinity,
      "wilson_4x4": Infinity,
      "wilson_6x6": Infinity,
      "Q^2": Infinity
    },
    "cold start": {
      "plaquette": 162.0,
      "wilson_2x2": 268.0,
      "wilson_4x4": 104.0,
      "wilson_6x6": 100.0,
      "Q^2": Infinity
    }
  },
  "hmc_interval_trajectories": 10.204386244543063
}
{
  "label": "E_bc5.8_L32_beta21.5051",
  "t_therm": {
    "diffusion seed": {
      "plaquette": 4.0,
      "wilson_2x2": 0.0,
      "wilson_4x4": 0.0,
      "wilson_6x6": 0.0,
      "Q^2": 0.0
    },
    "hot start": {
      "plaquette": Infinity,
      "wilson_2x2": Infinity,
      "wilson_4x4": Infinity,
      "wilson_6x6": Infinity,
      "Q^2": Infinity
    },
    "cold start": {
      "plaquette": 174.0,
      "wilson_2x2": 139.0,
      "wilson_4x4": 95.0,
      "wilson_6x6": 96.0,
      "Q^2": Infinity
    }
  },
  "hmc_interval_trajectories": 20.158910356323133
}
{
  "label": "A_bc6_L32_beta22.3151",
  "t_therm": {
    "diffusion seed": {
      "plaquette": 11.0,
      "wilson_2x2": 3.0,
      "wilson_4x4": 0.0,
      "wilson_6x6": 0.0,
      "Q^2": 0.0
    },
    "hot start": {
      "plaquette": Infinity,
      "wilson_2x2": Infinity,
      "wilson_4x4": Infinity,
      "wilson_6x6": Infinity,
      "Q^2": Infinity
    },
    "cold start": {
      "plaquette": 219.0,
      "wilson_2x2": 194.0,
      "wilson_4x4": 73.0,
      "wilson_6x6": 73.0,
      "Q^2": Infinity
    }
  },
  "hmc_interval_trajectories": 17.52283931211769
}
{
  "label": "A_bc8_L32_beta30.3772",
  "t_therm": {
    "diffusion seed": {
      "plaquette": 0.0,
      "wilson_2x2": 3.0,
      "wilson_4x4": 0.0,
      "wilson_6x6": 1.0,
      "Q^2": 0.0
    },
    "hot start": {
      "plaquette": Infinity,
      "wilson_2x2": Infinity,
      "wilson_4x4": Infinity,
      "wilson_6x6": Infinity,
      "Q^2": Infinity
    },
    "cold start": {
      "plaquette": 463.0,
      "wilson_2x2": 370.0,
      "wilson_4x4": 284.0,
      "wilson_6x6": 188.0,
      "Q^2": Infinity
    }
  },
  "hmc_interval_trajectories": 28.753614761797433
}
{
  "label": "E_bc9_L32_beta34.3944",
  "t_therm": {
    "diffusion seed": {
      "plaquette": 13.0,
      "wilson_2x2": 0.0,
      "wilson_4x4": 0.0,
      "wilson_6x6": 1.0,
      "Q^2": 0.0
    },
    "hot start": {
      "plaquette": Infinity,
      "wilson_2x2": Infinity,
      "wilson_4x4": Infinity,
      "wilson_6x6": Infinity,
      "Q^2": Infinity
    },
    "cold start": {
      "plaquette": 471.0,
      "wilson_2x2": 355.0,
      "wilson_4x4": 60.0,
      "wilson_6x6": 50.0,
      "Q^2": Infinity
    }
  },
  "hmc_interval_trajectories": 17.91161821527136
}
{
  "label": "E_bc11.8_L32_beta45.6238",
  "t_therm": {
    "diffusion seed": {
      "plaquette": 0.0,
      "wilson_2x2": 0.0,
      "wilson_4x4": 0.0,
      "wilson_6x6": 0.0,
      "Q^2": 0.0
    },
    "hot start": {
      "plaquette": Infinity,
      "wilson_2x2": Infinity,
      "wilson_4x4": Infinity,
      "wilson_6x6": Infinity,
      "Q^2": Infinity
    },
    "cold start": {
      "plaquette": 301.0,
      "wilson_2x2": 137.0,
      "wilson_4x4": 60.0,
      "wilson_6x6": 51.0,
      "Q^2": Infinity
    }
  },
  "hmc_interval_trajectories": 25.38751228204044
}
{
  "label": "D_bc14.1464_L32_beta55.0237",
  "t_therm": {
    "diffusion seed": {
      "plaquette": 10.0,
      "wilson_2x2": 0.0,
      "wilson_4x4": 4.0,
      "wilson_6x6": 4.0,
      "Q^2": 0.0
    },
    "hot start": {
      "plaquette": Infinity,
      "wilson_2x2": Infinity,
      "wilson_4x4": Infinity,
      "wilson_6x6": Infinity,
      "Q^2": Infinity
    },
    "cold start": {
      "plaquette": 305.0,
      "wilson_2x2": 167.0,
      "wilson_4x4": 162.0,
      "wilson_6x6": 162.0,
      "Q^2": Infinity
    }
  },
  "hmc_interval_trajectories": 25.85070837898116
}
{
  "label": "E_bc18_L32_beta70.4526",
  "t_therm": {
    "diffusion seed": {
      "plaquette": 7.0,
      "wilson_2x2": 0.0,
      "wilson_4x4": 0.0,
      "wilson_6x6": 0.0,
      "Q^2": Infinity
    },
    "hot start": {
      "plaquette": Infinity,
      "wilson_2x2": Infinity,
      "wilson_4x4": Infinity,
      "wilson_6x6": Infinity,
      "Q^2": Infinity
    },
    "cold start": {
      "plaquette": 297.0,
      "wilson_2x2": 232.0,
      "wilson_4x4": 174.0,
      "wilson_6x6": 133.0,
      "Q^2": Infinity
    }
  },
  "hmc_interval_trajectories": 27.03284360602037
}
{
  "label": "D_bc20_L32_beta78.4578",
  "t_therm": {
    "diffusion seed": {
      "plaquette": 1.0,
      "wilson_2x2": 0.0,
      "wilson_4x4": 0.0,
      "wilson_6x6": 0.0,
      "Q^2": 0.0
    },
    "hot start": {
      "plaquette": Infinity,
      "wilson_2x2": Infinity,
      "wilson_4x4": Infinity,
      "wilson_6x6": Infinity,
      "Q^2": Infinity
    },
    "cold start": {
      "plaquette": Infinity,
      "wilson_2x2": 154.0,
      "wilson_4x4": 52.0,
      "wilson_6x6": 52.0,
      "Q^2": Infinity
    }
  },
  "hmc_interval_trajectories": 14.942237612161406
}
{
  "label": "D_bc30_L32_beta118.473",
  "t_therm": {
    "diffusion seed": {
      "plaquette": 7.0,
      "wilson_2x2": 1.0,
      "wilson_4x4": 9.0,
      "wilson_6x6": 13.0,
      "Q^2": 0.0
    },
    "hot start": {
      "plaquette": Infinity,
      "wilson_2x2": Infinity,
      "wilson_4x4": Infinity,
      "wilson_6x6": Infinity,
      "Q^2": Infinity
    },
    "cold start": {
      "plaquette": 163.0,
      "wilson_2x2": 182.0,
      "wilson_4x4": 207.0,
      "wilson_6x6": 145.0,
      "Q^2": Infinity
    }
  },
  "hmc_interval_trajectories": 41.826388365515
}
{
  "label": "E_bc35_L32_beta138.477",
  "t_therm": {
    "diffusion seed": {
      "plaquette": 1.0,
      "wilson_2x2": 0.0,
      "wilson_4x4": 0.0,
      "wilson_6x6": 4.0,
      "Q^2": 0.0
    },
    "hot start": {
      "plaquette": Infinity,
      "wilson_2x2": Infinity,
      "wilson_4x4": Infinity,
      "wilson_6x6": Infinity,
      "Q^2": Infinity
    },
    "cold start": {
      "plaquette": 364.0,
      "wilson_2x2": 366.0,
      "wilson_4x4": 306.0,
      "wilson_6x6": 293.0,
      "Q^2": Infinity
    }
  },
  "hmc_interval_trajectories": 83.30365865297838
}
{
  "label": "D_bc40_L32_beta158.48",
  "t_therm": {
    "diffusion seed": {
      "plaquette": 0.0,
      "wilson_2x2": 1.0,
      "wilson_4x4": 0.0,
      "wilson_6x6": 3.0,
      "Q^2": 0.0
    },
    "hot start": {
      "plaquette": Infinity,
      "wilson_2x2": Infinity,
      "wilson_4x4": Infinity,
      "wilson_6x6": Infinity,
      "Q^2": Infinity
    },
    "cold start": {
      "plaquette": 424.0,
      "wilson_2x2": 309.0,
      "wilson_4x4": 135.0,
      "wilson_6x6": 51.0,
      "Q^2": Infinity
    }
  },
  "hmc_interval_trajectories": 64.3224269568775
}
{
  "label": "E_bc45_L32_beta178.482",
  "t_therm": {
    "diffusion seed": {
      "plaquette": 0.0,
      "wilson_2x2": 0.0,
      "wilson_4x4": 0.0,
      "wilson_6x6": 0.0,
      "Q^2": 0.0
    },
    "hot start": {
      "plaquette": Infinity,
      "wilson_2x2": Infinity,
      "wilson_4x4": Infinity,
      "wilson_6x6": Infinity,
      "Q^2": Infinity
    },
    "cold start": {
      "plaquette": 361.0,
      "wilson_2x2": 213.0,
      "wilson_4x4": 114.0,
      "wilson_6x6": 32.0,
      "Q^2": Infinity
    }
  },
  "hmc_interval_trajectories": 44.86774191773952
}
{
  "label": "D_bc55.0237_L32_beta218.58",
  "t_therm": {
    "diffusion seed": {
      "plaquette": 3.0,
      "wilson_2x2": 0.0,
      "wilson_4x4": 0.0,
      "wilson_6x6": 0.0,
      "Q^2": Infinity
    },
    "hot start": {
      "plaquette": Infinity,
      "wilson_2x2": Infinity,
      "wilson_4x4": Infinity,
      "wilson_6x6": Infinity,
      "Q^2": Infinity
    },
    "cold start": {
      "plaquette": Infinity,
      "wilson_2x2": Infinity,
      "wilson_4x4": 52.0,
      "wilson_6x6": 50.0,
      "Q^2": Infinity
    }
  },
  "hmc_interval_trajectories": 23.181383380162995
}
{
  "label": "F_L32_bc100_L32_beta398.492",
  "t_therm": {
    "diffusion seed": {
      "plaquette": 0.0,
      "wilson_2x2": 0.0,
      "wilson_4x4": 0.0,
      "wilson_6x6": 0.0,
      "Q^2": Infinity
    },
    "hot start": {
      "plaquette": 396.0,
      "wilson_2x2": Infinity,
      "wilson_4x4": Infinity,
      "wilson_6x6": Infinity,
      "Q^2": Infinity
    },
    "cold start": {
      "plaquette": Infinity,
      "wilson_2x2": 362.0,
      "wilson_4x4": 75.0,
      "wilson_6x6": 24.0,
      "Q^2": Infinity
    }
  },
  "hmc_interval_trajectories": 64.47146615799124
}
{
  "label": "F_L32_bc218.58_L32_beta872.816",
  "t_therm": {
    "diffusion seed": {
      "plaquette": 7.0,
      "wilson_2x2": 4.0,
      "wilson_4x4": 0.0,
      "wilson_6x6": 1.0,
      "Q^2": Infinity
    },
    "hot start": {
      "plaquette": Infinity,
      "wilson_2x2": Infinity,
      "wilson_4x4": Infinity,
      "wilson_6x6": Infinity,
      "Q^2": Infinity
    },
    "cold start": {
      "plaquette": Infinity,
      "wilson_2x2": 412.0,
      "wilson_4x4": 44.0,
      "wilson_6x6": 12.0,
      "Q^2": Infinity
    }
  },
  "hmc_interval_trajectories": 2.858959003163937
}
{
  "label": "F_L64_bc55.0237_L64_beta218.58",
  "t_therm": {
    "diffusion seed": {
      "plaquette": 11.0,
      "wilson_2x2": 2.0,
      "wilson_4x4": 1.0,
      "wilson_6x6": 1.0,
      "Q^2": 0.0
    },
    "hot start": {
      "plaquette": 481.0,
      "wilson_2x2": Infinity,
      "wilson_4x4": Infinity,
      "wilson_6x6": Infinity,
      "Q^2": Infinity
    },
    "cold start": {
      "plaquette": Infinity,
      "wilson_2x2": Infinity,
      "wilson_4x4": 106.0,
      "wilson_6x6": 106.0,
      "Q^2": Infinity
    }
  },
  "hmc_interval_trajectories": 80.18250351945497
}
[2026-07-31 12:40:58] STAGE_THERM_DONE (297.5 min)
[2026-07-31 12:40:58] STAGE_STUDY_S2_DONE (297.5 min)
[2026-07-31 12:40:58] STAGE_HEADTOHEAD_START: C:\Users\ompan\OneDrive\Desktop\Lattice QCD Research\dev\InverseRG\.venv\Scripts\python.exe diffusion_v2/scripts/14_diffusion_vs_instanton_hmc.py --config diffusion_v2/configs/v2.yaml
case L=32 beta=4.44
  instanton HMC: 32 chains, burn 500, prod 640
  diffusion: base L=16 beta=1.4984, 128 configs
  done in 313s
case L=32 beta=14.1464
  instanton HMC: 32 chains, burn 500, prod 640
  diffusion: base L=16 beta=4.0000, 128 configs
  done in 344s
case L=32 beta=55.0237
  instanton HMC: 32 chains, burn 500, prod 640
  diffusion: base L=16 beta=14.1464, 128 configs
  done in 377s
case L=32 beta=118.5
  instanton HMC: 32 chains, burn 500, prod 640
  diffusion: base L=16 beta=30.0068, 128 configs
  done in 453s
case L=32 beta=218.58
  instanton HMC: 32 chains, burn 500, prod 640
  diffusion: base L=16 beta=55.0236, 128 configs
  done in 462s
report: out\diffusion_v2\v2\diffusion_vs_instanton\report.md
[2026-07-31 13:13:33] STAGE_HEADTOHEAD_DONE (32.6 min)
[2026-07-31 13:13:33] STAGE_ESS_START: C:\Users\ompan\OneDrive\Desktop\Lattice QCD Research\dev\InverseRG\.venv\Scripts\python.exe diffusion_v2/scripts/15_model_ess.py --config diffusion_v2/configs/v2.yaml --cases 16:14.1464 16:55.0237 32:55.0237 32:218.58 --n-configs 64
case L=16 beta=14.1464 ...
  {"n": 64, "ess_per_n": 0.015625, "log_weight_std": 40.59659957885742, "log_weight_range": 214.9892578125, "fine_L": 16, "fine_beta": 14.1464, "coarse_L": 8, "coarse_beta": 3.9999887248909847, "seconds_hmc_base": 1.8, "seconds_generate": 43.3, "seconds_ode": 41.7}
case L=16 beta=55.0237 ...
  {"n": 64, "ess_per_n": 0.015627052634954453, "log_weight_std": 40.08647918701172, "log_weight_range": 210.541015625, "fine_L": 16, "fine_beta": 55.0237, "coarse_L": 8, "coarse_beta": 14.146404977472109, "seconds_hmc_base": 8.2, "seconds_generate": 44.5, "seconds_ode": 85.1}
case L=32 beta=55.0237 ...
  {"n": 64, "ess_per_n": 0.015625, "log_weight_std": 72.62858581542969, "log_weight_range": 366.03515625, "fine_L": 32, "fine_beta": 55.0237, "coarse_L": 16, "coarse_beta": 14.146404977472109, "seconds_hmc_base": 28.5, "seconds_generate": 465.2, "seconds_ode": 459.0}
case L=32 beta=218.58 ...
  {"n": 64, "ess_per_n": 0.015625, "log_weight_std": 152.9477996826172, "log_weight_range": 739.078125, "fine_L": 32, "fine_beta": 218.58, "coarse_L": 16, "coarse_beta": 55.02364659738549, "seconds_hmc_base": 154.7, "seconds_generate": 483.1, "seconds_ode": 485.2}
wrote out\diffusion_v2\v2\model_ess\report.md
[2026-07-31 13:51:56] STAGE_ESS_DONE (38.4 min)
[2026-07-31 13:51:56] STAGE_AUTOCORR_START: C:\Users\ompan\OneDrive\Desktop\Lattice QCD Research\dev\InverseRG\.venv\Scripts\python.exe diffusion_v2/scripts/11_autocorrelation.py --dir C:\Users\ompan\OneDrive\Desktop\Lattice QCD Research\dev\InverseRG\out\diffusion_v2\v2\thermalization
A_bc0.25_L32_beta1.4892 (beta=1.4892, L=32)
   plaquette | diffusion seed: Gamma(20) = -0.055 +- 0.012
   plaquette | cold start    : Gamma(20) = -0.013 +- 0.009
   plaquette | hot start     : Gamma(20) = -0.012 +- 0.010
  wilson_2x2 | diffusion seed: Gamma(20) = -0.049 +- 0.010
  wilson_2x2 | cold start    : Gamma(20) = -0.018 +- 0.008
  wilson_2x2 | hot start     : Gamma(20) = -0.013 +- 0.007
  wilson_4x4 | diffusion seed: Gamma(20) = +0.002 +- 0.009
  wilson_4x4 | cold start    : Gamma(20) = +0.011 +- 0.007
  wilson_4x4 | hot start     : Gamma(20) = -0.016 +- 0.006
  wilson_6x6 | diffusion seed: Gamma(20) = -0.006 +- 0.010
  wilson_6x6 | cold start    : Gamma(20) = +0.005 +- 0.008
  wilson_6x6 | hot start     : Gamma(20) = -0.015 +- 0.008
           Q | diffusion seed: Gamma(20) = -0.013 +- 0.014
           Q | cold start    : Gamma(20) = -0.015 +- 0.008
           Q | hot start     : Gamma(20) = +0.001 +- 0.007
         Q^2 | diffusion seed: Gamma(20) = -0.005 +- 0.012
         Q^2 | cold start    : Gamma(20) = -0.004 +- 0.007
         Q^2 | hot start     : Gamma(20) = +0.002 +- 0.006
A_bc0.5_L32_beta2.02441 (beta=2.02441, L=32)
   plaquette | diffusion seed: Gamma(20) = -0.044 +- 0.013
   plaquette | cold start    : Gamma(20) = -0.003 +- 0.010
   plaquette | hot start     : Gamma(20) = -0.022 +- 0.011
  wilson_2x2 | diffusion seed: Gamma(20) = -0.021 +- 0.011
  wilson_2x2 | cold start    : Gamma(20) = -0.004 +- 0.007
  wilson_2x2 | hot start     : Gamma(20) = +0.000 +- 0.007
  wilson_4x4 | diffusion seed: Gamma(20) = -0.003 +- 0.011
  wilson_4x4 | cold start    : Gamma(20) = -0.002 +- 0.009
  wilson_4x4 | hot start     : Gamma(20) = +0.014 +- 0.008
  wilson_6x6 | diffusion seed: Gamma(20) = -0.023 +- 0.011
  wilson_6x6 | cold start    : Gamma(20) = -0.014 +- 0.007
  wilson_6x6 | hot start     : Gamma(20) = -0.004 +- 0.007
           Q | diffusion seed: Gamma(20) = -0.019 +- 0.017
           Q | cold start    : Gamma(20) = +0.030 +- 0.010
           Q | hot start     : Gamma(20) = -0.018 +- 0.015
         Q^2 | diffusion seed: Gamma(20) = -0.039 +- 0.010
         Q^2 | cold start    : Gamma(20) = +0.008 +- 0.009
         Q^2 | hot start     : Gamma(20) = -0.023 +- 0.008
A_bc0.75_L32_beta2.5435 (beta=2.5435, L=32)
   plaquette | diffusion seed: Gamma(20) = -0.068 +- 0.014
   plaquette | cold start    : Gamma(20) = -0.019 +- 0.011
   plaquette | hot start     : Gamma(20) = +0.008 +- 0.010
  wilson_2x2 | diffusion seed: Gamma(20) = -0.026 +- 0.011
  wilson_2x2 | cold start    : Gamma(20) = -0.013 +- 0.009
  wilson_2x2 | hot start     : Gamma(20) = -0.001 +- 0.007
  wilson_4x4 | diffusion seed: Gamma(20) = -0.015 +- 0.009
  wilson_4x4 | cold start    : Gamma(20) = -0.004 +- 0.007
  wilson_4x4 | hot start     : Gamma(20) = -0.016 +- 0.007
  wilson_6x6 | diffusion seed: Gamma(20) = +0.017 +- 0.009
  wilson_6x6 | cold start    : Gamma(20) = -0.011 +- 0.006
  wilson_6x6 | hot start     : Gamma(20) = +0.012 +- 0.006
           Q | diffusion seed: Gamma(20) = +0.042 +- 0.023
           Q | cold start    : Gamma(20) = +0.048 +- 0.016
           Q | hot start     : Gamma(20) = +0.023 +- 0.017
         Q^2 | diffusion seed: Gamma(20) = -0.038 +- 0.012
         Q^2 | cold start    : Gamma(20) = -0.009 +- 0.013
         Q^2 | hot start     : Gamma(20) = -0.024 +- 0.010
A_bc1_L32_beta3.10399 (beta=3.10399, L=32)
   plaquette | diffusion seed: Gamma(20) = -0.073 +- 0.015
   plaquette | cold start    : Gamma(20) = +0.016 +- 0.015
   plaquette | hot start     : Gamma(20) = +0.033 +- 0.012
  wilson_2x2 | diffusion seed: Gamma(20) = -0.038 +- 0.011
  wilson_2x2 | cold start    : Gamma(20) = -0.002 +- 0.009
  wilson_2x2 | hot start     : Gamma(20) = +0.012 +- 0.008
  wilson_4x4 | diffusion seed: Gamma(20) = -0.021 +- 0.010
  wilson_4x4 | cold start    : Gamma(20) = +0.002 +- 0.006
  wilson_4x4 | hot start     : Gamma(20) = +0.017 +- 0.008
  wilson_6x6 | diffusion seed: Gamma(20) = -0.003 +- 0.010
  wilson_6x6 | cold start    : Gamma(20) = +0.001 +- 0.007
  wilson_6x6 | hot start     : Gamma(20) = -0.007 +- 0.008
           Q | diffusion seed: Gamma(20) = +0.139 +- 0.036
           Q | cold start    : Gamma(20) = +0.239 +- 0.030
           Q | hot start     : Gamma(20) = +0.232 +- 0.024
         Q^2 | diffusion seed: Gamma(20) = -0.102 +- 0.014
         Q^2 | cold start    : Gamma(20) = -0.008 +- 0.016
         Q^2 | hot start     : Gamma(20) = +0.005 +- 0.017
E_bc1.2_L32_beta3.6012 (beta=3.6012, L=32)
   plaquette | diffusion seed: Gamma(20) = -0.088 +- 0.015
   plaquette | cold start    : Gamma(20) = +0.032 +- 0.014
   plaquette | hot start     : Gamma(20) = +0.035 +- 0.014
  wilson_2x2 | diffusion seed: Gamma(20) = -0.061 +- 0.013
  wilson_2x2 | cold start    : Gamma(20) = +0.023 +- 0.011
  wilson_2x2 | hot start     : Gamma(20) = +0.035 +- 0.011
  wilson_4x4 | diffusion seed: Gamma(20) = -0.030 +- 0.011
  wilson_4x4 | cold start    : Gamma(20) = +0.010 +- 0.007
  wilson_4x4 | hot start     : Gamma(20) = +0.017 +- 0.008
  wilson_6x6 | diffusion seed: Gamma(20) = -0.020 +- 0.011
  wilson_6x6 | cold start    : Gamma(20) = -0.005 +- 0.006
  wilson_6x6 | hot start     : Gamma(20) = +0.002 +- 0.006
           Q | diffusion seed: Gamma(20) = +0.531 +- 0.061
           Q | cold start    : Gamma(20) = +0.521 +- 0.059
           Q | hot start     : Gamma(20) = +0.437 +- 0.042
         Q^2 | diffusion seed: Gamma(20) = -0.097 +- 0.018
         Q^2 | cold start    : Gamma(20) = +0.148 +- 0.033
         Q^2 | hot start     : Gamma(20) = +0.095 +- 0.027
A_bc1.5_L32_beta4.44493 (beta=4.44493, L=32)
   plaquette | diffusion seed: Gamma(20) = -0.069 +- 0.012
   plaquette | cold start    : Gamma(20) = +0.022 +- 0.011
   plaquette | hot start     : Gamma(20) = +0.045 +- 0.013
  wilson_2x2 | diffusion seed: Gamma(20) = -0.042 +- 0.011
  wilson_2x2 | cold start    : Gamma(20) = +0.017 +- 0.011
  wilson_2x2 | hot start     : Gamma(20) = +0.021 +- 0.014
  wilson_4x4 | diffusion seed: Gamma(20) = -0.025 +- 0.010
  wilson_4x4 | cold start    : Gamma(20) = -0.000 +- 0.010
  wilson_4x4 | hot start     : Gamma(20) = +0.000 +- 0.007
  wilson_6x6 | diffusion seed: Gamma(20) = -0.021 +- 0.010
  wilson_6x6 | cold start    : Gamma(20) = +0.008 +- 0.006
  wilson_6x6 | hot start     : Gamma(20) = -0.002 +- 0.009
           Q | diffusion seed: Gamma(20) = +0.797 +- 0.081
           Q | cold start    : Gamma(20) = +0.845 +- 0.112
           Q | hot start     : Gamma(20) = +0.840 +- 0.082
         Q^2 | diffusion seed: Gamma(20) = -0.021 +- 0.022
         Q^2 | cold start    : Gamma(20) = +0.508 +- 0.033
         Q^2 | hot start     : Gamma(20) = +0.505 +- 0.027
A_bc2_L32_beta6.10518 (beta=6.10518, L=32)
   plaquette | diffusion seed: Gamma(20) = -0.029 +- 0.012
   plaquette | cold start    : Gamma(20) = +0.049 +- 0.013
   plaquette | hot start     : Gamma(20) = +0.048 +- 0.012
  wilson_2x2 | diffusion seed: Gamma(20) = -0.040 +- 0.015
  wilson_2x2 | cold start    : Gamma(20) = +0.051 +- 0.014
  wilson_2x2 | hot start     : Gamma(20) = +0.066 +- 0.014
  wilson_4x4 | diffusion seed: Gamma(20) = -0.000 +- 0.011
  wilson_4x4 | cold start    : Gamma(20) = +0.005 +- 0.009
  wilson_4x4 | hot start     : Gamma(20) = +0.004 +- 0.010
  wilson_6x6 | diffusion seed: Gamma(20) = -0.006 +- 0.010
  wilson_6x6 | cold start    : Gamma(20) = -0.000 +- 0.008
  wilson_6x6 | hot start     : Gamma(20) = -0.007 +- 0.008
           Q | diffusion seed: Gamma(20) = +0.994 +- 0.111 (84/128 chains frozen)
           Q | cold start    : Gamma(20) = +0.961 +- 0.209 (never thermalizes, 4/32 chains frozen)
           Q | hot start     : Gamma(20) = +0.989 +- 0.256
         Q^2 | diffusion seed: Gamma(20) = +0.718 +- 0.036 (84/128 chains frozen)
         Q^2 | cold start    : Gamma(20) = +0.642 +- 0.050 (never thermalizes, 4/32 chains frozen)
         Q^2 | hot start     : Gamma(20) = +0.609 +- 0.058
E_bc2.7_L32_beta8.79549 (beta=8.79549, L=32)
   plaquette | diffusion seed: Gamma(20) = -0.037 +- 0.012
   plaquette | cold start    : Gamma(20) = +0.094 +- 0.013
   plaquette | hot start     : Gamma(20) = +0.035 +- 0.014
  wilson_2x2 | diffusion seed: Gamma(20) = -0.024 +- 0.013
  wilson_2x2 | cold start    : Gamma(20) = +0.060 +- 0.011
  wilson_2x2 | hot start     : Gamma(20) = +0.020 +- 0.015
  wilson_4x4 | diffusion seed: Gamma(20) = -0.014 +- 0.010
  wilson_4x4 | cold start    : Gamma(20) = +0.010 +- 0.006
  wilson_4x4 | hot start     : Gamma(20) = -0.003 +- 0.010
  wilson_6x6 | diffusion seed: Gamma(20) = -0.015 +- 0.010
  wilson_6x6 | cold start    : Gamma(20) = +0.002 +- 0.009
  wilson_6x6 | hot start     : Gamma(20) = +0.001 +- 0.009
           Q | diffusion seed: Gamma(20) = +1.000 +- 0.118 (128/128 chains frozen)
           Q | cold start    : Gamma(20) = +1.000 +- 0.000 (never thermalizes, 32/32 chains frozen)
           Q | hot start     : Gamma(20) = +1.000 +- 0.220 (never thermalizes, 32/32 chains frozen)
         Q^2 | diffusion seed: Gamma(20) = +1.000 +- 0.000 (128/128 chains frozen)
         Q^2 | cold start    : Gamma(20) = +1.000 +- 0.000 (never thermalizes, 32/32 chains frozen)
         Q^2 | hot start     : Gamma(20) = +1.000 +- 0.000 (never thermalizes, 32/32 chains frozen)
A_bc3_L32_beta10.015 (beta=10.015, L=32)
   plaquette | diffusion seed: Gamma(20) = -0.025 +- 0.012
   plaquette | cold start    : Gamma(20) = +0.093 +- 0.014
   plaquette | hot start     : Gamma(20) = +0.065 +- 0.019 (never thermalizes)
  wilson_2x2 | diffusion seed: Gamma(20) = -0.031 +- 0.012
  wilson_2x2 | cold start    : Gamma(20) = +0.047 +- 0.012
  wilson_2x2 | hot start     : Gamma(20) = +0.076 +- 0.022 (never thermalizes)
  wilson_4x4 | diffusion seed: Gamma(20) = -0.016 +- 0.011
  wilson_4x4 | cold start    : Gamma(20) = +0.010 +- 0.010
  wilson_4x4 | hot start     : Gamma(20) = +0.027 +- 0.015 (never thermalizes)
  wilson_6x6 | diffusion seed: Gamma(20) = -0.014 +- 0.010
  wilson_6x6 | cold start    : Gamma(20) = -0.011 +- 0.009
  wilson_6x6 | hot start     : Gamma(20) = -0.018 +- 0.011
           Q | diffusion seed: Gamma(20) = +1.000 +- 0.136 (128/128 chains frozen)
           Q | cold start    : Gamma(20) = +1.000 +- 0.000 (never thermalizes, 32/32 chains frozen)
           Q | hot start     : Gamma(20) = +1.000 +- 0.254 (never thermalizes, 32/32 chains frozen)
         Q^2 | diffusion seed: Gamma(20) = +1.000 +- 0.000 (128/128 chains frozen)
         Q^2 | cold start    : Gamma(20) = +1.000 +- 0.000 (never thermalizes, 32/32 chains frozen)
         Q^2 | hot start     : Gamma(20) = +1.000 +- 0.000 (never thermalizes, 32/32 chains frozen)
E_bc3.4_L32_beta11.6638 (beta=11.6638, L=32)
   plaquette | diffusion seed: Gamma(20) = -0.017 +- 0.011
   plaquette | cold start    : Gamma(20) = +0.069 +- 0.016
   plaquette | hot start     : Gamma(20) = +0.063 +- 0.016
  wilson_2x2 | diffusion seed: Gamma(20) = -0.008 +- 0.012
  wilson_2x2 | cold start    : Gamma(20) = +0.059 +- 0.011
  wilson_2x2 | hot start     : Gamma(20) = +0.050 +- 0.018
  wilson_4x4 | diffusion seed: Gamma(20) = -0.008 +- 0.010
  wilson_4x4 | cold start    : Gamma(20) = +0.031 +- 0.008
  wilson_4x4 | hot start     : Gamma(20) = +0.028 +- 0.015 (never thermalizes)
  wilson_6x6 | diffusion seed: Gamma(20) = -0.021 +- 0.010
  wilson_6x6 | cold start    : Gamma(20) = -0.009 +- 0.008
  wilson_6x6 | hot start     : Gamma(20) = -0.010 +- 0.011 (never thermalizes)
           Q | diffusion seed: Gamma(20) = +1.000 +- 0.134 (128/128 chains frozen)
           Q | cold start    : Gamma(20) = +1.000 +- 0.000 (never thermalizes, 32/32 chains frozen)
           Q | hot start     : Gamma(20) = +1.000 +- 0.249 (never thermalizes, 32/32 chains frozen)
         Q^2 | diffusion seed: Gamma(20) = +1.000 +- 0.000 (128/128 chains frozen)
         Q^2 | cold start    : Gamma(20) = +1.000 +- 0.000 (never thermalizes, 32/32 chains frozen)
         Q^2 | hot start     : Gamma(20) = +1.000 +- 0.000 (never thermalizes, 32/32 chains frozen)
A_bc4_L32_beta14.1464 (beta=14.1464, L=32)
   plaquette | diffusion seed: Gamma(20) = -0.039 +- 0.012
   plaquette | cold start    : Gamma(20) = +0.086 +- 0.016
   plaquette | hot start     : Gamma(20) = +0.047 +- 0.022
  wilson_2x2 | diffusion seed: Gamma(20) = -0.031 +- 0.013
  wilson_2x2 | cold start    : Gamma(20) = +0.064 +- 0.011
  wilson_2x2 | hot start     : Gamma(20) = +0.056 +- 0.019
  wilson_4x4 | diffusion seed: Gamma(20) = -0.024 +- 0.011
  wilson_4x4 | cold start    : Gamma(20) = +0.035 +- 0.011
  wilson_4x4 | hot start     : Gamma(20) = +0.029 +- 0.013 (never thermalizes)
  wilson_6x6 | diffusion seed: Gamma(20) = -0.017 +- 0.010
  wilson_6x6 | cold start    : Gamma(20) = +0.003 +- 0.008
  wilson_6x6 | hot start     : Gamma(20) = -0.000 +- 0.009 (never thermalizes)
           Q | diffusion seed: Gamma(20) = +1.000 +- 0.119 (128/128 chains frozen)
           Q | cold start    : Gamma(20) = +1.000 +- 0.000 (never thermalizes, 32/32 chains frozen)
           Q | hot start     : Gamma(20) = +1.000 +- 0.250 (never thermalizes, 32/32 chains frozen)
         Q^2 | diffusion seed: Gamma(20) = +1.000 +- 0.000 (128/128 chains frozen)
         Q^2 | cold start    : Gamma(20) = +1.000 +- 0.000 (never thermalizes, 32/32 chains frozen)
         Q^2 | hot start     : Gamma(20) = +1.000 +- 0.000 (never thermalizes, 32/32 chains frozen)
E_bc4.5_L32_beta16.2057 (beta=16.2057, L=32)
   plaquette | diffusion seed: Gamma(20) = -0.026 +- 0.012
   plaquette | cold start    : Gamma(20) = +0.023 +- 0.016
   plaquette | hot start     : Gamma(20) = +0.107 +- 0.021 (never thermalizes)
  wilson_2x2 | diffusion seed: Gamma(20) = -0.025 +- 0.012
  wilson_2x2 | cold start    : Gamma(20) = +0.003 +- 0.018
  wilson_2x2 | hot start     : Gamma(20) = +0.158 +- 0.028 (never thermalizes)
  wilson_4x4 | diffusion seed: Gamma(20) = -0.028 +- 0.011
  wilson_4x4 | cold start    : Gamma(20) = +0.047 +- 0.011
  wilson_4x4 | hot start     : Gamma(20) = +0.102 +- 0.019 (never thermalizes)
  wilson_6x6 | diffusion seed: Gamma(20) = -0.026 +- 0.010
  wilson_6x6 | cold start    : Gamma(20) = +0.009 +- 0.009
  wilson_6x6 | hot start     : Gamma(20) = +0.009 +- 0.012 (never thermalizes)
           Q | diffusion seed: Gamma(20) = +1.000 +- 0.137 (128/128 chains frozen)
           Q | cold start    : Gamma(20) = +1.000 +- 0.000 (never thermalizes, 32/32 chains frozen)
           Q | hot start     : Gamma(20) = +1.000 +- 0.271 (never thermalizes, 32/32 chains frozen)
         Q^2 | diffusion seed: Gamma(20) = +1.000 +- 0.000 (128/128 chains frozen)
         Q^2 | cold start    : Gamma(20) = +1.000 +- 0.000 (never thermalizes, 32/32 chains frozen)
         Q^2 | hot start     : Gamma(20) = +1.000 +- 0.000 (never thermalizes, 32/32 chains frozen)
A_bc5_L32_beta18.2524 (beta=18.2524, L=32)
   plaquette | diffusion seed: Gamma(20) = -0.030 +- 0.013
   plaquette | cold start    : Gamma(20) = +0.092 +- 0.016
   plaquette | hot start     : Gamma(20) = +0.040 +- 0.015
  wilson_2x2 | diffusion seed: Gamma(20) = -0.019 +- 0.013
  wilson_2x2 | cold start    : Gamma(20) = +0.089 +- 0.017
  wilson_2x2 | hot start     : Gamma(20) = +0.071 +- 0.015 (never thermalizes)
  wilson_4x4 | diffusion seed: Gamma(20) = -0.022 +- 0.011
  wilson_4x4 | cold start    : Gamma(20) = +0.081 +- 0.018
  wilson_4x4 | hot start     : Gamma(20) = +0.027 +- 0.015 (never thermalizes)
  wilson_6x6 | diffusion seed: Gamma(20) = -0.028 +- 0.011
  wilson_6x6 | cold start    : Gamma(20) = +0.030 +- 0.013
  wilson_6x6 | hot start     : Gamma(20) = -0.013 +- 0.011 (never thermalizes)
           Q | diffusion seed: Gamma(20) = +1.000 +- 0.119 (128/128 chains frozen)
           Q | cold start    : Gamma(20) = +1.000 +- 0.000 (never thermalizes, 32/32 chains frozen)
           Q | hot start     : Gamma(20) = +1.000 +- 0.181 (never thermalizes, 32/32 chains frozen)
         Q^2 | diffusion seed: Gamma(20) = +1.000 +- 0.000 (128/128 chains frozen)
         Q^2 | cold start    : Gamma(20) = +1.000 +- 0.000 (never thermalizes, 32/32 chains frozen)
         Q^2 | hot start     : Gamma(20) = +1.000 +- 0.000 (never thermalizes, 32/32 chains frozen)
E_bc5.8_L32_beta21.5051 (beta=21.5051, L=32)
   plaquette | diffusion seed: Gamma(20) = -0.027 +- 0.014
   plaquette | cold start    : Gamma(20) = +0.094 +- 0.018
   plaquette | hot start     : Gamma(20) = +0.109 +- 0.023 (never thermalizes)
  wilson_2x2 | diffusion seed: Gamma(20) = -0.023 +- 0.011
  wilson_2x2 | cold start    : Gamma(20) = +0.084 +- 0.015
  wilson_2x2 | hot start     : Gamma(20) = +0.140 +- 0.027 (never thermalizes)
  wilson_4x4 | diffusion seed: Gamma(20) = -0.016 +- 0.011
  wilson_4x4 | cold start    : Gamma(20) = +0.058 +- 0.010
  wilson_4x4 | hot start     : Gamma(20) = +0.073 +- 0.017 (never thermalizes)
  wilson_6x6 | diffusion seed: Gamma(20) = -0.014 +- 0.011
  wilson_6x6 | cold start    : Gamma(20) = +0.017 +- 0.008
  wilson_6x6 | hot start     : Gamma(20) = +0.027 +- 0.012 (never thermalizes)
           Q | diffusion seed: Gamma(20) = +1.000 +- 0.108 (128/128 chains frozen)
           Q | cold start    : Gamma(20) = +1.000 +- 0.000 (never thermalizes, 32/32 chains frozen)
           Q | hot start     : Gamma(20) = +1.000 +- 0.218 (never thermalizes, 32/32 chains frozen)
         Q^2 | diffusion seed: Gamma(20) = +1.000 +- 0.000 (128/128 chains frozen)
         Q^2 | cold start    : Gamma(20) = +1.000 +- 0.000 (never thermalizes, 32/32 chains frozen)
         Q^2 | hot start     : Gamma(20) = +1.000 +- 0.000 (never thermalizes, 32/32 chains frozen)
A_bc6_L32_beta22.3151 (beta=22.3151, L=32)
   plaquette | diffusion seed: Gamma(20) = -0.061 +- 0.013
   plaquette | cold start    : Gamma(20) = +0.111 +- 0.014
   plaquette | hot start     : Gamma(20) = +0.125 +- 0.025 (never thermalizes)
  wilson_2x2 | diffusion seed: Gamma(20) = -0.052 +- 0.011
  wilson_2x2 | cold start    : Gamma(20) = +0.086 +- 0.012
  wilson_2x2 | hot start     : Gamma(20) = +0.123 +- 0.022 (never thermalizes)
  wilson_4x4 | diffusion seed: Gamma(20) = -0.022 +- 0.010
  wilson_4x4 | cold start    : Gamma(20) = +0.055 +- 0.013
  wilson_4x4 | hot start     : Gamma(20) = +0.037 +- 0.017 (never thermalizes)
  wilson_6x6 | diffusion seed: Gamma(20) = -0.017 +- 0.010
  wilson_6x6 | cold start    : Gamma(20) = +0.021 +- 0.012
  wilson_6x6 | hot start     : Gamma(20) = +0.024 +- 0.014 (never thermalizes)
           Q | diffusion seed: Gamma(20) = +1.000 +- 0.129 (128/128 chains frozen)
           Q | cold start    : Gamma(20) = +1.000 +- 0.000 (never thermalizes, 32/32 chains frozen)
           Q | hot start     : Gamma(20) = +1.000 +- 0.313 (never thermalizes, 32/32 chains frozen)
         Q^2 | diffusion seed: Gamma(20) = +1.000 +- 0.000 (128/128 chains frozen)
         Q^2 | cold start    : Gamma(20) = +1.000 +- 0.000 (never thermalizes, 32/32 chains frozen)
         Q^2 | hot start     : Gamma(20) = +1.000 +- 0.000 (never thermalizes, 32/32 chains frozen)
A_bc8_L32_beta30.3772 (beta=30.3772, L=32)
   plaquette | diffusion seed: Gamma(20) = -0.002 +- 0.012
   plaquette | cold start    : Gamma(20) = +0.049 +- 0.026
   plaquette | hot start     : Gamma(20) = +0.173 +- 0.024 (never thermalizes)
  wilson_2x2 | diffusion seed: Gamma(20) = -0.015 +- 0.012
  wilson_2x2 | cold start    : Gamma(20) = +0.034 +- 0.020
  wilson_2x2 | hot start     : Gamma(20) = +0.218 +- 0.030 (never thermalizes)
  wilson_4x4 | diffusion seed: Gamma(20) = -0.015 +- 0.012
  wilson_4x4 | cold start    : Gamma(20) = +0.053 +- 0.015
  wilson_4x4 | hot start     : Gamma(20) = +0.175 +- 0.029 (never thermalizes)
  wilson_6x6 | diffusion seed: Gamma(20) = -0.019 +- 0.010
  wilson_6x6 | cold start    : Gamma(20) = +0.025 +- 0.013
  wilson_6x6 | hot start     : Gamma(20) = +0.072 +- 0.020 (never thermalizes)
           Q | diffusion seed: Gamma(20) = +1.000 +- 0.136 (128/128 chains frozen)
           Q | cold start    : Gamma(20) = +1.000 +- 0.000 (never thermalizes, 32/32 chains frozen)
           Q | hot start     : Gamma(20) = +1.000 +- 0.208 (never thermalizes, 32/32 chains frozen)
         Q^2 | diffusion seed: Gamma(20) = +1.000 +- 0.000 (128/128 chains frozen)
         Q^2 | cold start    : Gamma(20) = +1.000 +- 0.000 (never thermalizes, 32/32 chains frozen)
         Q^2 | hot start     : Gamma(20) = +1.000 +- 0.000 (never thermalizes, 32/32 chains frozen)
E_bc9_L32_beta34.3944 (beta=34.3944, L=32)
   plaquette | diffusion seed: Gamma(20) = -0.053 +- 0.013
   plaquette | cold start    : Gamma(20) = +0.005 +- 0.017
   plaquette | hot start     : Gamma(20) = +0.119 +- 0.026 (never thermalizes)
  wilson_2x2 | diffusion seed: Gamma(20) = -0.044 +- 0.012
  wilson_2x2 | cold start    : Gamma(20) = +0.019 +- 0.013
  wilson_2x2 | hot start     : Gamma(20) = +0.077 +- 0.024 (never thermalizes)
  wilson_4x4 | diffusion seed: Gamma(20) = -0.023 +- 0.013
  wilson_4x4 | cold start    : Gamma(20) = +0.036 +- 0.013
  wilson_4x4 | hot start     : Gamma(20) = +0.020 +- 0.013 (never thermalizes)
  wilson_6x6 | diffusion seed: Gamma(20) = -0.018 +- 0.012
  wilson_6x6 | cold start    : Gamma(20) = +0.020 +- 0.012
  wilson_6x6 | hot start     : Gamma(20) = +0.010 +- 0.015 (never thermalizes)
           Q | diffusion seed: Gamma(20) = +1.000 +- 0.117 (128/128 chains frozen)
           Q | cold start    : Gamma(20) = +1.000 +- 0.000 (never thermalizes, 32/32 chains frozen)
           Q | hot start     : Gamma(20) = +1.000 +- 0.232 (never thermalizes, 32/32 chains frozen)
         Q^2 | diffusion seed: Gamma(20) = +1.000 +- 0.000 (128/128 chains frozen)
         Q^2 | cold start    : Gamma(20) = +1.000 +- 0.000 (never thermalizes, 32/32 chains frozen)
         Q^2 | hot start     : Gamma(20) = +1.000 +- 0.000 (never thermalizes, 32/32 chains frozen)
E_bc11.8_L32_beta45.6238 (beta=45.6238, L=32)
   plaquette | diffusion seed: Gamma(20) = -0.003 +- 0.012
   plaquette | cold start    : Gamma(20) = +0.024 +- 0.014
   plaquette | hot start     : Gamma(20) = +0.205 +- 0.031 (never thermalizes)
  wilson_2x2 | diffusion seed: Gamma(20) = -0.013 +- 0.011
  wilson_2x2 | cold start    : Gamma(20) = +0.080 +- 0.013
  wilson_2x2 | hot start     : Gamma(20) = +0.188 +- 0.031 (never thermalizes)
  wilson_4x4 | diffusion seed: Gamma(20) = -0.006 +- 0.012
  wilson_4x4 | cold start    : Gamma(20) = +0.099 +- 0.014
  wilson_4x4 | hot start     : Gamma(20) = +0.090 +- 0.015 (never thermalizes)
  wilson_6x6 | diffusion seed: Gamma(20) = -0.004 +- 0.012
  wilson_6x6 | cold start    : Gamma(20) = +0.122 +- 0.013
  wilson_6x6 | hot start     : Gamma(20) = +0.078 +- 0.014 (never thermalizes)
           Q | diffusion seed: Gamma(20) = +1.000 +- 0.101 (128/128 chains frozen)
           Q | cold start    : Gamma(20) = +1.000 +- 0.000 (never thermalizes, 32/32 chains frozen)
           Q | hot start     : Gamma(20) = +1.000 +- 0.211 (never thermalizes, 32/32 chains frozen)
         Q^2 | diffusion seed: Gamma(20) = +1.000 +- 0.000 (128/128 chains frozen)
         Q^2 | cold start    : Gamma(20) = +1.000 +- 0.000 (never thermalizes, 32/32 chains frozen)
         Q^2 | hot start     : Gamma(20) = +1.000 +- 0.000 (never thermalizes, 32/32 chains frozen)
D_bc14.1464_L32_beta55.0237 (beta=55.0237, L=32)
   plaquette | diffusion seed: Gamma(20) = -0.069 +- 0.013
   plaquette | cold start    : Gamma(20) = +0.027 +- 0.016
   plaquette | hot start     : Gamma(20) = +0.166 +- 0.029 (never thermalizes)
  wilson_2x2 | diffusion seed: Gamma(20) = -0.032 +- 0.010
  wilson_2x2 | cold start    : Gamma(20) = +0.082 +- 0.018
  wilson_2x2 | hot start     : Gamma(20) = +0.206 +- 0.031 (never thermalizes)
  wilson_4x4 | diffusion seed: Gamma(20) = -0.009 +- 0.012
  wilson_4x4 | cold start    : Gamma(20) = +0.113 +- 0.019
  wilson_4x4 | hot start     : Gamma(20) = +0.144 +- 0.025 (never thermalizes)
  wilson_6x6 | diffusion seed: Gamma(20) = -0.002 +- 0.011
  wilson_6x6 | cold start    : Gamma(20) = +0.106 +- 0.017
  wilson_6x6 | hot start     : Gamma(20) = +0.093 +- 0.021 (never thermalizes)
           Q | diffusion seed: Gamma(20) = +1.000 +- 0.120 (128/128 chains frozen)
           Q | cold start    : Gamma(20) = +1.000 +- 0.000 (never thermalizes, 32/32 chains frozen)
           Q | hot start     : Gamma(20) = +1.000 +- 0.253 (never thermalizes, 32/32 chains frozen)
         Q^2 | diffusion seed: Gamma(20) = +1.000 +- 0.000 (128/128 chains frozen)
         Q^2 | cold start    : Gamma(20) = +1.000 +- 0.000 (never thermalizes, 32/32 chains frozen)
         Q^2 | hot start     : Gamma(20) = +1.000 +- 0.000 (never thermalizes, 32/32 chains frozen)
E_bc18_L32_beta70.4526 (beta=70.4526, L=32)
   plaquette | diffusion seed: Gamma(20) = -0.029 +- 0.013
   plaquette | cold start    : Gamma(20) = +0.034 +- 0.015
   plaquette | hot start     : Gamma(20) = +0.170 +- 0.024 (never thermalizes)
  wilson_2x2 | diffusion seed: Gamma(20) = -0.044 +- 0.011
  wilson_2x2 | cold start    : Gamma(20) = +0.064 +- 0.017
  wilson_2x2 | hot start     : Gamma(20) = +0.229 +- 0.027 (never thermalizes)
  wilson_4x4 | diffusion seed: Gamma(20) = -0.043 +- 0.010
  wilson_4x4 | cold start    : Gamma(20) = +0.053 +- 0.016
  wilson_4x4 | hot start     : Gamma(20) = +0.097 +- 0.019 (never thermalizes)
  wilson_6x6 | diffusion seed: Gamma(20) = -0.036 +- 0.010
  wilson_6x6 | cold start    : Gamma(20) = +0.053 +- 0.014
  wilson_6x6 | hot start     : Gamma(20) = +0.056 +- 0.018 (never thermalizes)
           Q | diffusion seed: Gamma(20) = +1.000 +- 0.131 (never thermalizes, 128/128 chains frozen)
           Q | cold start    : Gamma(20) = +1.000 +- 0.000 (never thermalizes, 32/32 chains frozen)
           Q | hot start     : Gamma(20) = +1.000 +- 0.219 (never thermalizes, 32/32 chains frozen)
         Q^2 | diffusion seed: Gamma(20) = +1.000 +- 0.000 (never thermalizes, 128/128 chains frozen)
         Q^2 | cold start    : Gamma(20) = +1.000 +- 0.000 (never thermalizes, 32/32 chains frozen)
         Q^2 | hot start     : Gamma(20) = +1.000 +- 0.000 (never thermalizes, 32/32 chains frozen)
D_bc20_L32_beta78.4578 (beta=78.4578, L=32)
   plaquette | diffusion seed: Gamma(20) = -0.011 +- 0.013
   plaquette | cold start    : Gamma(20) = +0.032 +- 0.015 (never thermalizes)
   plaquette | hot start     : Gamma(20) = +0.104 +- 0.020 (never thermalizes)
  wilson_2x2 | diffusion seed: Gamma(20) = -0.006 +- 0.012
  wilson_2x2 | cold start    : Gamma(20) = +0.049 +- 0.009
  wilson_2x2 | hot start     : Gamma(20) = +0.086 +- 0.017 (never thermalizes)
  wilson_4x4 | diffusion seed: Gamma(20) = -0.004 +- 0.011
  wilson_4x4 | cold start    : Gamma(20) = +0.062 +- 0.010
  wilson_4x4 | hot start     : Gamma(20) = +0.039 +- 0.016 (never thermalizes)
  wilson_6x6 | diffusion seed: Gamma(20) = -0.012 +- 0.011
  wilson_6x6 | cold start    : Gamma(20) = +0.040 +- 0.010
  wilson_6x6 | hot start     : Gamma(20) = +0.007 +- 0.012 (never thermalizes)
           Q | diffusion seed: Gamma(20) = +1.000 +- 0.160 (128/128 chains frozen)
           Q | cold start    : Gamma(20) = +1.000 +- 0.000 (never thermalizes, 32/32 chains frozen)
           Q | hot start     : Gamma(20) = +1.000 +- 0.242 (never thermalizes, 32/32 chains frozen)
         Q^2 | diffusion seed: Gamma(20) = +1.000 +- 0.000 (128/128 chains frozen)
         Q^2 | cold start    : Gamma(20) = +1.000 +- 0.000 (never thermalizes, 32/32 chains frozen)
         Q^2 | hot start     : Gamma(20) = +1.000 +- 0.000 (never thermalizes, 32/32 chains frozen)
D_bc30_L32_beta118.473 (beta=118.473, L=32)
   plaquette | diffusion seed: Gamma(20) = -0.046 +- 0.013
   plaquette | cold start    : Gamma(20) = +0.059 +- 0.013
   plaquette | hot start     : Gamma(20) = +0.227 +- 0.027 (never thermalizes)
  wilson_2x2 | diffusion seed: Gamma(20) = -0.025 +- 0.012
  wilson_2x2 | cold start    : Gamma(20) = +0.098 +- 0.011
  wilson_2x2 | hot start     : Gamma(20) = +0.342 +- 0.036 (never thermalizes)
  wilson_4x4 | diffusion seed: Gamma(20) = -0.021 +- 0.012
  wilson_4x4 | cold start    : Gamma(20) = +0.098 +- 0.016
  wilson_4x4 | hot start     : Gamma(20) = +0.348 +- 0.037 (never thermalizes)
  wilson_6x6 | diffusion seed: Gamma(20) = -0.023 +- 0.012
  wilson_6x6 | cold start    : Gamma(20) = +0.130 +- 0.016
  wilson_6x6 | hot start     : Gamma(20) = +0.265 +- 0.036 (never thermalizes)
           Q | diffusion seed: Gamma(20) = +1.000 +- 0.206 (128/128 chains frozen)
           Q | cold start    : Gamma(20) = +1.000 +- 0.000 (never thermalizes, 32/32 chains frozen)
           Q | hot start     : Gamma(20) = +1.000 +- 0.295 (never thermalizes, 32/32 chains frozen)
         Q^2 | diffusion seed: Gamma(20) = +1.000 +- 0.000 (128/128 chains frozen)
         Q^2 | cold start    : Gamma(20) = +1.000 +- 0.000 (never thermalizes, 32/32 chains frozen)
         Q^2 | hot start     : Gamma(20) = +1.000 +- 0.000 (never thermalizes, 32/32 chains frozen)
E_bc35_L32_beta138.477 (beta=138.477, L=32)
   plaquette | diffusion seed: Gamma(20) = -0.034 +- 0.010
   plaquette | cold start    : Gamma(20) = +0.035 +- 0.018
   plaquette | hot start     : Gamma(20) = +0.378 +- 0.029 (never thermalizes)
  wilson_2x2 | diffusion seed: Gamma(20) = -0.024 +- 0.012
  wilson_2x2 | cold start    : Gamma(20) = +0.033 +- 0.018
  wilson_2x2 | hot start     : Gamma(20) = +0.552 +- 0.031 (never thermalizes)
  wilson_4x4 | diffusion seed: Gamma(20) = -0.002 +- 0.012
  wilson_4x4 | cold start    : Gamma(20) = +0.066 +- 0.015
  wilson_4x4 | hot start     : Gamma(20) = +0.652 +- 0.031 (never thermalizes)
  wilson_6x6 | diffusion seed: Gamma(20) = +0.008 +- 0.012
  wilson_6x6 | cold start    : Gamma(20) = +0.085 +- 0.018
  wilson_6x6 | hot start     : Gamma(20) = +0.654 +- 0.034 (never thermalizes)
           Q | diffusion seed: Gamma(20) = +1.000 +- 0.219 (128/128 chains frozen)
           Q | cold start    : Gamma(20) = +1.000 +- 0.000 (never thermalizes, 32/32 chains frozen)
           Q | hot start     : Gamma(20) = +1.000 +- 0.200 (never thermalizes, 32/32 chains frozen)
         Q^2 | diffusion seed: Gamma(20) = +1.000 +- 0.000 (128/128 chains frozen)
         Q^2 | cold start    : Gamma(20) = +1.000 +- 0.000 (never thermalizes, 32/32 chains frozen)
         Q^2 | hot start     : Gamma(20) = +1.000 +- 0.000 (never thermalizes, 32/32 chains frozen)
D_bc40_L32_beta158.48 (beta=158.48, L=32)
   plaquette | diffusion seed: Gamma(20) = -0.014 +- 0.011
   plaquette | cold start    : Gamma(20) = +0.028 +- 0.018
   plaquette | hot start     : Gamma(20) = +0.358 +- 0.036 (never thermalizes)
  wilson_2x2 | diffusion seed: Gamma(20) = -0.036 +- 0.011
  wilson_2x2 | cold start    : Gamma(20) = +0.030 +- 0.013
  wilson_2x2 | hot start     : Gamma(20) = +0.500 +- 0.037 (never thermalizes)
  wilson_4x4 | diffusion seed: Gamma(20) = -0.017 +- 0.012
  wilson_4x4 | cold start    : Gamma(20) = +0.030 +- 0.011
  wilson_4x4 | hot start     : Gamma(20) = +0.370 +- 0.046 (never thermalizes)
  wilson_6x6 | diffusion seed: Gamma(20) = -0.020 +- 0.011
  wilson_6x6 | cold start    : Gamma(20) = +0.044 +- 0.012
  wilson_6x6 | hot start     : Gamma(20) = +0.094 +- 0.027 (never thermalizes)
           Q | diffusion seed: Gamma(20) = +1.000 +- 0.400 (128/128 chains frozen)
           Q | cold start    : Gamma(20) = +1.000 +- 0.000 (never thermalizes, 32/32 chains frozen)
           Q | hot start     : Gamma(20) = +1.000 +- 0.183 (never thermalizes, 32/32 chains frozen)
         Q^2 | diffusion seed: Gamma(20) = +1.000 +- 0.000 (128/128 chains frozen)
         Q^2 | cold start    : Gamma(20) = +1.000 +- 0.000 (never thermalizes, 32/32 chains frozen)
         Q^2 | hot start     : Gamma(20) = +1.000 +- 0.000 (never thermalizes, 32/32 chains frozen)
E_bc45_L32_beta178.482 (beta=178.482, L=32)
   plaquette | diffusion seed: Gamma(20) = -0.007 +- 0.010
   plaquette | cold start    : Gamma(20) = +0.031 +- 0.014
   plaquette | hot start     : Gamma(20) = +0.328 +- 0.032 (never thermalizes)
  wilson_2x2 | diffusion seed: Gamma(20) = +0.001 +- 0.012
  wilson_2x2 | cold start    : Gamma(20) = +0.073 +- 0.015
  wilson_2x2 | hot start     : Gamma(20) = +0.269 +- 0.032 (never thermalizes)
  wilson_4x4 | diffusion seed: Gamma(20) = -0.019 +- 0.012
  wilson_4x4 | cold start    : Gamma(20) = +0.038 +- 0.011
  wilson_4x4 | hot start     : Gamma(20) = +0.038 +- 0.019 (never thermalizes)
  wilson_6x6 | diffusion seed: Gamma(20) = -0.034 +- 0.013
  wilson_6x6 | cold start    : Gamma(20) = -0.001 +- 0.011
  wilson_6x6 | hot start     : Gamma(20) = -0.003 +- 0.017 (never thermalizes)
           Q | diffusion seed: Gamma(20) = +1.000 +- 0.400 (128/128 chains frozen)
           Q | cold start    : Gamma(20) = +1.000 +- 0.000 (never thermalizes, 32/32 chains frozen)
           Q | hot start     : Gamma(20) = +1.000 +- 0.175 (never thermalizes, 32/32 chains frozen)
         Q^2 | diffusion seed: Gamma(20) = +1.000 +- 0.000 (128/128 chains frozen)
         Q^2 | cold start    : Gamma(20) = +1.000 +- 0.000 (never thermalizes, 32/32 chains frozen)
         Q^2 | hot start     : Gamma(20) = +1.000 +- 0.000 (never thermalizes, 32/32 chains frozen)
D_bc55.0237_L32_beta218.58 (beta=218.58, L=32)
   plaquette | diffusion seed: Gamma(20) = -0.017 +- 0.012
   plaquette | cold start    : Gamma(20) = +0.051 +- 0.015 (never thermalizes)
   plaquette | hot start     : Gamma(20) = +0.167 +- 0.023 (never thermalizes)
  wilson_2x2 | diffusion seed: Gamma(20) = -0.018 +- 0.013
  wilson_2x2 | cold start    : Gamma(20) = +0.057 +- 0.016 (never thermalizes)
  wilson_2x2 | hot start     : Gamma(20) = +0.168 +- 0.020 (never thermalizes)
  wilson_4x4 | diffusion seed: Gamma(20) = -0.024 +- 0.013
  wilson_4x4 | cold start    : Gamma(20) = +0.127 +- 0.016
  wilson_4x4 | hot start     : Gamma(20) = +0.103 +- 0.022 (never thermalizes)
  wilson_6x6 | diffusion seed: Gamma(20) = -0.021 +- 0.014
  wilson_6x6 | cold start    : Gamma(20) = +0.165 +- 0.020
  wilson_6x6 | hot start     : Gamma(20) = +0.118 +- 0.027 (never thermalizes)
           Q | diffusion seed: Gamma(20) = +1.000 +- 0.494 (never thermalizes, 128/128 chains frozen)
           Q | cold start    : Gamma(20) = +1.000 +- 0.000 (never thermalizes, 32/32 chains frozen)
           Q | hot start     : Gamma(20) = +1.000 +- 0.232 (never thermalizes, 32/32 chains frozen)
         Q^2 | diffusion seed: Gamma(20) = +1.000 +- 0.000 (never thermalizes, 128/128 chains frozen)
         Q^2 | cold start    : Gamma(20) = +1.000 +- 0.000 (never thermalizes, 32/32 chains frozen)
         Q^2 | hot start     : Gamma(20) = +1.000 +- 0.000 (never thermalizes, 32/32 chains frozen)
F_L64_bc55.0237_L64_beta218.58 (beta=218.58, L=64)
   plaquette | diffusion seed: Gamma(20) = -0.054 +- 0.018
   plaquette | cold start    : Gamma(20) = +0.048 +- 0.025 (never thermalizes)
   plaquette | hot start     : Gamma(20) = +0.333 +- 0.079 (1/16 chains frozen)
  wilson_2x2 | diffusion seed: Gamma(20) = -0.023 +- 0.016
  wilson_2x2 | cold start    : Gamma(20) = +0.073 +- 0.023 (never thermalizes)
  wilson_2x2 | hot start     : Gamma(20) = +0.701 +- 0.041 (never thermalizes, 1/16 chains frozen)
  wilson_4x4 | diffusion seed: Gamma(20) = -0.011 +- 0.016
  wilson_4x4 | cold start    : Gamma(20) = +0.087 +- 0.021
  wilson_4x4 | hot start     : Gamma(20) = +0.660 +- 0.054 (never thermalizes, 1/16 chains frozen)
  wilson_6x6 | diffusion seed: Gamma(20) = +0.006 +- 0.017
  wilson_6x6 | cold start    : Gamma(20) = +0.089 +- 0.025
  wilson_6x6 | hot start     : Gamma(20) = +0.708 +- 0.043 (never thermalizes, 1/16 chains frozen)
           Q | diffusion seed: Gamma(20) = +1.000 +- 0.168 (64/64 chains frozen)
           Q | cold start    : Gamma(20) = +1.000 +- 0.000 (never thermalizes, 16/16 chains frozen)
           Q | hot start     : Gamma(20) = +1.000 +- 0.268 (never thermalizes, 16/16 chains frozen)
         Q^2 | diffusion seed: Gamma(20) = +1.000 +- 0.000 (64/64 chains frozen)
         Q^2 | cold start    : Gamma(20) = +1.000 +- 0.000 (never thermalizes, 16/16 chains frozen)
         Q^2 | hot start     : Gamma(20) = +1.000 +- 0.000 (never thermalizes, 16/16 chains frozen)
F_L32_bc100_L32_beta398.492 (beta=398.492, L=32)
   plaquette | diffusion seed: Gamma(20) = -0.003 +- 0.015
   plaquette | cold start    : Gamma(20) = +0.051 +- 0.016 (never thermalizes)
   plaquette | hot start     : Gamma(20) = +0.327 +- 0.043 (1/32 chains frozen)
  wilson_2x2 | diffusion seed: Gamma(20) = +0.001 +- 0.016
  wilson_2x2 | cold start    : Gamma(20) = +0.025 +- 0.013
  wilson_2x2 | hot start     : Gamma(20) = +0.496 +- 0.042 (never thermalizes, 1/32 chains frozen)
  wilson_4x4 | diffusion seed: Gamma(20) = -0.015 +- 0.014
  wilson_4x4 | cold start    : Gamma(20) = +0.014 +- 0.011
  wilson_4x4 | hot start     : Gamma(20) = +0.403 +- 0.049 (never thermalizes, 1/32 chains frozen)
  wilson_6x6 | diffusion seed: Gamma(20) = -0.011 +- 0.015
  wilson_6x6 | cold start    : Gamma(20) = +0.008 +- 0.009
  wilson_6x6 | hot start     : Gamma(20) = +0.166 +- 0.048 (never thermalizes, 1/32 chains frozen)
           Q | diffusion seed: Gamma(20) = +1.000 +- 0.000 (never thermalizes, 64/64 chains frozen)
           Q | cold start    : Gamma(20) = +1.000 +- 0.000 (never thermalizes, 32/32 chains frozen)
           Q | hot start     : Gamma(20) = +1.000 +- 0.255 (never thermalizes, 32/32 chains frozen)
         Q^2 | diffusion seed: Gamma(20) = +1.000 +- 0.000 (never thermalizes, 64/64 chains frozen)
         Q^2 | cold start    : Gamma(20) = +1.000 +- 0.000 (never thermalizes, 32/32 chains frozen)
         Q^2 | hot start     : Gamma(20) = +1.000 +- 0.000 (never thermalizes, 32/32 chains frozen)
F_L32_bc218.58_L32_beta872.816 (beta=872.816, L=32)
   plaquette | diffusion seed: Gamma(20) = -0.047 +- 0.019
   plaquette | cold start    : Gamma(20) = +0.069 +- 0.018 (never thermalizes)
   plaquette | hot start     : Gamma(20) = +0.991 +- 0.009 (never thermalizes, 31/32 chains frozen)
  wilson_2x2 | diffusion seed: Gamma(20) = -0.052 +- 0.018
  wilson_2x2 | cold start    : Gamma(20) = -0.013 +- 0.019
  wilson_2x2 | hot start     : Gamma(20) = +0.991 +- 0.009 (never thermalizes, 31/32 chains frozen)
  wilson_4x4 | diffusion seed: Gamma(20) = -0.044 +- 0.017
  wilson_4x4 | cold start    : Gamma(20) = +0.019 +- 0.010
  wilson_4x4 | hot start     : Gamma(20) = +0.991 +- 0.009 (never thermalizes, 31/32 chains frozen)
  wilson_6x6 | diffusion seed: Gamma(20) = -0.060 +- 0.017
  wilson_6x6 | cold start    : Gamma(20) = +0.001 +- 0.012
  wilson_6x6 | hot start     : Gamma(20) = +0.991 +- 0.009 (never thermalizes, 31/32 chains frozen)
           Q | diffusion seed: Gamma(20) = +1.000 +- 0.000 (never thermalizes, 64/64 chains frozen)
           Q | cold start    : Gamma(20) = +1.000 +- 0.000 (never thermalizes, 32/32 chains frozen)
           Q | hot start     : Gamma(20) = +1.000 +- 0.224 (never thermalizes, 32/32 chains frozen)
         Q^2 | diffusion seed: Gamma(20) = +1.000 +- 0.000 (never thermalizes, 64/64 chains frozen)
         Q^2 | cold start    : Gamma(20) = +1.000 +- 0.000 (never thermalizes, 32/32 chains frozen)
         Q^2 | hot start     : Gamma(20) = +1.000 +- 0.000 (never thermalizes, 32/32 chains frozen)

modes figure: C:\Users\ompan\OneDrive\Desktop\Lattice QCD Research\dev\InverseRG\out\diffusion_v2\v2\thermalization\autocorrelation_modes.png
[2026-07-31 13:53:56] STAGE_AUTOCORR_DONE (2.0 min)
[2026-07-31 13:53:56] STAGE_VERDICT_START: C:\Users\ompan\OneDrive\Desktop\Lattice QCD Research\dev\InverseRG\.venv\Scripts\python.exe diffusion_v2/scripts/12_campaign_verdict.py --study C:\Users\ompan\OneDrive\Desktop\Lattice QCD Research\dev\InverseRG\out\diffusion_v2\v2\generalization --out C:\Users\ompan\OneDrive\Desktop\Lattice QCD Research\dev\InverseRG\out\diffusion_v2\v2\verdict
Traceback (most recent call last):
  File "C:\Users\ompan\OneDrive\Desktop\Lattice QCD Research\dev\InverseRG\diffusion_v2\scripts\12_campaign_verdict.py", line 252, in <module>
    main()
    ~~~~^^
  File "C:\Users\ompan\OneDrive\Desktop\Lattice QCD Research\dev\InverseRG\diffusion_v2\scripts\12_campaign_verdict.py", line 245, in main
    write_tables(cases, therm, out / "verdict.md", baseline_note)
    ~~~~~~~~~~~~^^^^^^^^^^^^^^^^^^^^^^^^^^^^^^^^^^^^^^^^^^^^^^^^^
  File "C:\Users\ompan\OneDrive\Desktop\Lattice QCD Research\dev\InverseRG\diffusion_v2\scripts\12_campaign_verdict.py", line 149, in write_tables
    out_path.write_text("\n".join(lines), encoding="utf-8")
    ~~~~~~~~~~~~~~~~~~~^^^^^^^^^^^^^^^^^^^^^^^^^^^^^^^^^^^^
  File "C:\Users\ompan\AppData\Local\Programs\Python\Python313\Lib\pathlib\_local.py", line 555, in write_text
    return PathBase.write_text(self, data, encoding, errors, newline)
           ~~~~~~~~~~~~~~~~~~~^^^^^^^^^^^^^^^^^^^^^^^^^^^^^^^^^^^^^^^
  File "C:\Users\ompan\AppData\Local\Programs\Python\Python313\Lib\pathlib\_abc.py", line 651, in write_text
    with self.open(mode='w', encoding=encoding, errors=errors, newline=newline) as f:
         ~~~~~~~~~^^^^^^^^^^^^^^^^^^^^^^^^^^^^^^^^^^^^^^^^^^^^^^^^^^^^^^^^^^^^^
  File "C:\Users\ompan\AppData\Local\Programs\Python\Python313\Lib\pathlib\_local.py", line 537, in open
    return io.open(self, mode, buffering, encoding, errors, newline)
           ~~~~~~~^^^^^^^^^^^^^^^^^^^^^^^^^^^^^^^^^^^^^^^^^^^^^^^^^^
FileNotFoundError: [Errno 2] No such file or directory: 'C:\\Users\\ompan\\OneDrive\\Desktop\\Lattice QCD Research\\dev\\InverseRG\\out\\diffusion_v2\\v2\\verdict\\verdict.md'
[2026-07-31 13:54:03] STAGE_VERDICT_FAILED rc=1 (0.1 min)
[2026-07-31 13:54:03] CHAIN_DONE_WITH_ERRORS: ['VERDICT']
