{
  "label": "B_bt30_L32_beta30",
  "beta": 30.0,
  "lattice_size": 32,
  "n_gen_chains": 128,
  "n_baseline_chains": 32,
  "n_traj_gen": 96,
  "n_traj_baseline": 640,
  "hmc": {
    "step_size": 0.07302967433402215,
    "n_steps": 14,
    "acceptance": {
      "generated": 0.9810384114583334,
      "hot": 0.982666015625,
      "cold": 0.981591796875
    },
    "sec_per_traj_gen_batch": 0.27841629832983017,
    "sec_per_traj_baseline_batch": 0.11110599599778652
  },
  "t_therm": {
    "diffusion seed": {
      "plaquette": Infinity,
      "wilson_2x2": Infinity,
      "wilson_4x4": Infinity,
      "wilson_6x6": Infinity,
      "Q^2": 0.0
    },
    "hot start": {
      "plaquette": Infinity,
      "wilson_2x2": Infinity,
      "wilson_4x4": Infinity,
      "wilson_6x6": Infinity,
      "Q^2": Infinity
    },
    "cold start": {
      "plaquette": 605.0,
      "wilson_2x2": Infinity,
      "wilson_4x4": 306.0,
      "wilson_6x6": 243.0,
      "Q^2": Infinity
    }
  },
  "t_therm_generated_full_batch": {
    "plaquette": Infinity,
    "wilson_2x2": Infinity,
    "wilson_4x4": Infinity,
    "wilson_6x6": Infinity,
    "Q^2": Infinity
  },
  "t_therm_subsample_size": 32,
  "final_abs_z": {
    "diffusion seed": {
      "plaquette": 13.183626174926758,
      "wilson_2x2": 10.269170761108398,
      "wilson_4x4": 4.868474006652832,
      "wilson_6x6": 3.4974803924560547,
      "Q^2": 1.9272711277008057
    },
    "hot start": {
      "plaquette": 10.470136642456055,
      "wilson_2x2": 11.651968002319336,
      "wilson_4x4": 5.2138447761535645,
      "wilson_6x6": 4.155075550079346,
      "Q^2": 3.1718602180480957
    },
    "cold start": {
      "plaquette": 1.6856987476348877,
      "wilson_2x2": 2.8781988620758057,
      "wilson_4x4": 2.515404224395752,
      "wilson_6x6": 2.7706921100616455,
      "Q^2": 879566389248.0
    }
  },
  "tau_int": {
    "plaquette": {
      "value": 11.656405171574695,
      "error": 1.5525155219686317
    },
    "wilson_2x2": {
      "value": 17.432842281171986,
      "error": 1.8382688934902414
    },
    "wilson_4x4": {
      "value": 15.820356446741915,
      "error": 2.1315195356820964
    },
    "wilson_6x6": {
      "value": 9.776437327590191,
      "error": 1.6595165684562414
    }
  },
  "hmc_interval_trajectories": 34.86568456234397,
  "q_freezing": {
    "label": "hot-start HMC L=32 beta=30",
    "frozen": true,
    "n_tunnelings": 0,
    "window_length": 321,
    "n_chains": 32,
    "tau_int_Q": 321.0
  }
}