{
  "label": "A_bc6_L32_beta22.3151",
  "beta": 22.31514788507771,
  "lattice_size": 32,
  "n_gen_chains": 128,
  "n_baseline_chains": 32,
  "n_traj_gen": 96,
  "n_traj_baseline": 640,
  "hmc": {
    "step_size": 0.08467595563003825,
    "n_steps": 12,
    "acceptance": {
      "generated": 0.9827473958333334,
      "hot": 0.983544921875,
      "cold": 0.982568359375
    },
    "sec_per_traj_gen_batch": 0.21950778861840567,
    "sec_per_traj_baseline_batch": 0.13487168848514558
  },
  "t_therm": {
    "diffusion seed": {
      "plaquette": 9.0,
      "wilson_2x2": 4.0,
      "wilson_4x4": 10.0,
      "wilson_6x6": 5.0,
      "Q^2": 0.0
    },
    "hot start": {
      "plaquette": Infinity,
      "wilson_2x2": Infinity,
      "wilson_4x4": Infinity,
      "wilson_6x6": Infinity,
      "Q^2": Infinity
    },
    "cold start": {
      "plaquette": 259.0,
      "wilson_2x2": 143.0,
      "wilson_4x4": 78.0,
      "wilson_6x6": 59.0,
      "Q^2": Infinity
    }
  },
  "t_therm_generated_full_batch": {
    "plaquette": 35.0,
    "wilson_2x2": 33.0,
    "wilson_4x4": 22.0,
    "wilson_6x6": 22.0,
    "Q^2": 0.0
  },
  "t_therm_subsample_size": 32,
  "final_abs_z": {
    "diffusion seed": {
      "plaquette": 0.901854395866394,
      "wilson_2x2": 0.6307821273803711,
      "wilson_4x4": 0.8308324813842773,
      "wilson_6x6": 0.846021294593811,
      "Q^2": 0.8627032041549683
    },
    "hot start": {
      "plaquette": 6.17122745513916,
      "wilson_2x2": 6.470400810241699,
      "wilson_4x4": 3.9689688682556152,
      "wilson_6x6": 4.708508014678955,
      "Q^2": 3.9656033515930176
    },
    "cold start": {
      "plaquette": 0.7499566078186035,
      "wilson_2x2": 0.8001070022583008,
      "wilson_4x4": 1.1441032886505127,
      "wilson_6x6": 1.7348010540008545,
      "Q^2": 1189769248768.0
    }
  },
  "tau_int": {
    "plaquette": {
      "value": 7.126097310373484,
      "error": 0.8778704113898722
    },
    "wilson_2x2": {
      "value": 7.319830531017265,
      "error": 0.9147143741073921
    },
    "wilson_4x4": {
      "value": 3.6425696367165066,
      "error": 0.5536762760275381
    },
    "wilson_6x6": {
      "value": 1.2516297261097464,
      "error": 0.12750440565929866
    }
  },
  "hmc_interval_trajectories": 14.63966106203453,
  "q_freezing": {
    "label": "hot-start HMC L=32 beta=22.3151",
    "frozen": true,
    "n_tunnelings": 0,
    "window_length": 321,
    "n_chains": 32,
    "tau_int_Q": 321.0
  }
}