{
  "diffusion seed": {
    "plaquette": {
      "tau": 6.199917135162014,
      "A": -0.006955997081540742,
      "C": 0.9479752989984813,
      "target": 0.9486789920413427,
      "plateau_minus_target": -0.0007036930428613308,
      "status": "ok",
      "tau_error": 0.4595557096646629
    },
    "wilson_2x2": {
      "tau": 4.373233428937576,
      "A": -0.016474221417626563,
      "C": 0.808760716613823,
      "target": 0.80998529395979,
      "plateau_minus_target": -0.0012245773459670373,
      "status": "ok",
      "tau_error": 0.3671251625026686
    },
    "wilson_4x4": {
      "tau": 7.1760658282207395,
      "A": -0.01821248022228001,
      "C": 0.4280244939119946,
      "target": 0.4304359492804879,
      "plateau_minus_target": -0.0024114553684932982,
      "status": "ok",
      "tau_error": 1.5804534271106876
    },
    "Q^2": {
      "tau": null,
      "A": 0.0,
      "C": 2.9296875,
      "target": 2.736159424081856,
      "plateau_minus_target": 0.19352807591814392,
      "status": "constant series (no decay; frozen)"
    }
  },
  "cold start": {
    "plaquette": {
      "tau": 11.644547005588574,
      "A": 0.028905646092431608,
      "C": 0.9493018750158022,
      "target": 0.9486789920413427,
      "plateau_minus_target": 0.0006228829744595599,
      "status": "ok",
      "tau_error": 0.45724387430703745
    },
    "wilson_2x2": {
      "tau": 4.539551866856206,
      "A": 0.1424402321769387,
      "C": 0.813691787205636,
      "target": 0.80998529395979,
      "plateau_minus_target": 0.003706493245845932,
      "status": "ok",
      "tau_error": 0.17632823504421954
    },
    "wilson_4x4": {
      "tau": 2.4005671935727833,
      "A": 0.48972151524885643,
      "C": 0.4431406743726734,
      "target": 0.4304359492804879,
      "plateau_minus_target": 0.01270472509218551,
      "status": "ok",
      "tau_error": 0.1009929270548189
    },
    "Q^2": {
      "tau": null,
      "A": 0.0,
      "C": 0.0,
      "target": 2.736159424081856,
      "plateau_minus_target": -2.736159424081856,
      "status": "constant series (no decay; frozen)"
    }
  },
  "hot start": {
    "plaquette": {
      "tau": 1.9691152902299567,
      "A": -0.9238760849916038,
      "C": 0.9447557333416297,
      "target": 0.9486789920413427,
      "plateau_minus_target": -0.003923258699712995,
      "status": "ok",
      "tau_error": 0.023639679265702773
    },
    "wilson_2x2": {
      "tau": 6.854447716076256,
      "A": -0.7784109328072008,
      "C": 0.7884996046258095,
      "target": 0.80998529395979,
      "plateau_minus_target": -0.02148568933398054,
      "status": "ok",
      "tau_error": 0.13944120123471643
    },
    "wilson_4x4": {
      "tau": 27.825010329622103,
      "A": -0.3373180859337997,
      "C": 0.37685832899221305,
      "target": 0.4304359492804879,
      "plateau_minus_target": -0.05357762028827484,
      "status": "ok",
      "tau_error": 0.661548471306616
    },
    "Q^2": {
      "tau": 0.692017493499641,
      "A": 111.45067169193673,
      "C": 14.728428833606827,
      "target": 2.736159424081856,
      "plateau_minus_target": 11.99226940952497,
      "status": "ok",
      "tau_error": 0.0028440770181969452
    }
  }
}