{
  "label": "D_bc14.1464_L32_beta55.0237",
  "beta": 55.023680066170776,
  "lattice_size": 32,
  "n_gen_chains": 128,
  "n_baseline_chains": 32,
  "n_traj_gen": 96,
  "n_traj_baseline": 640,
  "hmc": {
    "step_size": 0.053924381765121224,
    "n_steps": 19,
    "acceptance": {
      "generated": 0.9775390625,
      "hot": 0.979248046875,
      "cold": 0.97744140625
    },
    "sec_per_traj_gen_batch": 0.3782398005326589,
    "sec_per_traj_baseline_batch": 0.15773800499737262
  },
  "t_therm": {
    "diffusion seed": {
      "plaquette": 0.0,
      "wilson_2x2": 0.0,
      "wilson_4x4": 0.0,
      "wilson_6x6": 0.0,
      "Q^2": 0.0
    },
    "hot start": {
      "plaquette": Infinity,
      "wilson_2x2": Infinity,
      "wilson_4x4": Infinity,
      "wilson_6x6": Infinity,
      "Q^2": Infinity
    },
    "cold start": {
      "plaquette": 230.0,
      "wilson_2x2": 147.0,
      "wilson_4x4": 109.0,
      "wilson_6x6": 109.0,
      "Q^2": Infinity
    }
  },
  "t_therm_generated_full_batch": {
    "plaquette": 11.0,
    "wilson_2x2": 0.0,
    "wilson_4x4": 0.0,
    "wilson_6x6": 0.0,
    "Q^2": 0.0
  },
  "t_therm_subsample_size": 32,
  "final_abs_z": {
    "diffusion seed": {
      "plaquette": 0.8699609041213989,
      "wilson_2x2": 0.8913882374763489,
      "wilson_4x4": 0.4767545759677887,
      "wilson_6x6": 0.6748450398445129,
      "Q^2": 0.06170342490077019
    },
    "hot start": {
      "plaquette": 9.124261856079102,
      "wilson_2x2": 6.441349029541016,
      "wilson_4x4": 4.507737159729004,
      "wilson_6x6": 4.773540019989014,
      "Q^2": 4.215297698974609
    },
    "cold start": {
      "plaquette": 2.5032496452331543,
      "wilson_2x2": 1.6930913925170898,
      "wilson_4x4": 1.5260913372039795,
      "wilson_6x6": 2.1436502933502197,
      "Q^2": 474280296448.0
    }
  },
  "tau_int": {
    "plaquette": {
      "value": 7.947475599442743,
      "error": 1.0895922981177413
    },
    "wilson_2x2": {
      "value": 11.858852124951726,
      "error": 1.5664412078746413
    },
    "wilson_4x4": {
      "value": 7.491380718145585,
      "error": 1.1157319291802648
    },
    "wilson_6x6": {
      "value": 3.7107662480218706,
      "error": 0.6780465740543413
    }
  },
  "hmc_interval_trajectories": 23.717704249903452,
  "q_freezing": {
    "label": "hot-start HMC L=32 beta=55.0237",
    "frozen": true,
    "n_tunnelings": 0,
    "window_length": 321,
    "n_chains": 32,
    "tau_int_Q": 321.0
  }
}