{
  "label": "E_bc45_L32_beta178.482",
  "beta": 178.48205352136793,
  "lattice_size": 32,
  "n_gen_chains": 128,
  "n_baseline_chains": 32,
  "n_traj_gen": 96,
  "n_traj_baseline": 640,
  "hmc": {
    "step_size": 0.029940752709510368,
    "n_steps": 33,
    "acceptance": {
      "generated": 0.7909342447916666,
      "hot": 0.9734375,
      "cold": 0.977587890625
    },
    "sec_per_traj_gen_batch": 0.6876222367088,
    "sec_per_traj_baseline_batch": 0.27181462906301024
  },
  "t_therm": {
    "diffusion seed": {
      "plaquette": Infinity,
      "wilson_2x2": Infinity,
      "wilson_4x4": Infinity,
      "wilson_6x6": Infinity,
      "Q^2": 0.0
    },
    "hot start": {
      "plaquette": Infinity,
      "wilson_2x2": Infinity,
      "wilson_4x4": Infinity,
      "wilson_6x6": Infinity,
      "Q^2": Infinity
    },
    "cold start": {
      "plaquette": 313.0,
      "wilson_2x2": 253.0,
      "wilson_4x4": 90.0,
      "wilson_6x6": 9.0,
      "Q^2": Infinity
    }
  },
  "t_therm_generated_full_batch": {
    "plaquette": Infinity,
    "wilson_2x2": Infinity,
    "wilson_4x4": Infinity,
    "wilson_6x6": Infinity,
    "Q^2": 0.0
  },
  "t_therm_subsample_size": 32,
  "final_abs_z": {
    "diffusion seed": {
      "plaquette": 26.78680992126465,
      "wilson_2x2": 18.04062271118164,
      "wilson_4x4": 10.323265075683594,
      "wilson_6x6": 6.405006408691406,
      "Q^2": 0.03926344960927963
    },
    "hot start": {
      "plaquette": 8.068365097045898,
      "wilson_2x2": 6.316561698913574,
      "wilson_4x4": 4.950127124786377,
      "wilson_6x6": 5.511836051940918,
      "Q^2": 4.826205253601074
    },
    "cold start": {
      "plaquette": 0.7416542172431946,
      "wilson_2x2": 0.6163709759712219,
      "wilson_4x4": 0.6795421242713928,
      "wilson_6x6": 0.6405149102210999,
      "Q^2": 60793004032.0
    }
  },
  "tau_int": {
    "plaquette": {
      "value": 18.76812355044298,
      "error": 1.5542568471258773
    },
    "wilson_2x2": {
      "value": 15.671476240082201,
      "error": 1.6871472847267883
    },
    "wilson_4x4": {
      "value": 4.22665560746379,
      "error": 0.6410489553394225
    },
    "wilson_6x6": {
      "value": 2.887001232458738,
      "error": 0.30210579575382185
    }
  },
  "hmc_interval_trajectories": 37.53624710088596,
  "q_freezing": {
    "label": "hot-start HMC L=32 beta=178.482",
    "frozen": true,
    "n_tunnelings": 0,
    "window_length": 321,
    "n_chains": 32,
    "tau_int_Q": 321.0
  }
}