{
  "label": "E_bc2.7_L32_beta8.79549",
  "beta": 8.795485804408372,
  "lattice_size": 32,
  "n_gen_chains": 128,
  "n_baseline_chains": 32,
  "n_traj_gen": 96,
  "n_traj_baseline": 640,
  "hmc": {
    "step_size": 0.13487457069116957,
    "n_steps": 7,
    "acceptance": {
      "generated": 0.9776204427083334,
      "hot": 0.9765625,
      "cold": 0.976953125
    },
    "sec_per_traj_gen_batch": 0.12037079532941182,
    "sec_per_traj_baseline_batch": 0.07133560441434383
  },
  "t_therm": {
    "diffusion seed": {
      "plaquette": 0.0,
      "wilson_2x2": 0.0,
      "wilson_4x4": 0.0,
      "wilson_6x6": 0.0,
      "Q^2": 0.0
    },
    "hot start": {
      "plaquette": 278.0,
      "wilson_2x2": 407.0,
      "wilson_4x4": 304.0,
      "wilson_6x6": 105.0,
      "Q^2": Infinity
    },
    "cold start": {
      "plaquette": 115.0,
      "wilson_2x2": 97.0,
      "wilson_4x4": 22.0,
      "wilson_6x6": 11.0,
      "Q^2": Infinity
    }
  },
  "t_therm_generated_full_batch": {
    "plaquette": 0.0,
    "wilson_2x2": 10.0,
    "wilson_4x4": 9.0,
    "wilson_6x6": 5.0,
    "Q^2": 0.0
  },
  "t_therm_subsample_size": 32,
  "final_abs_z": {
    "diffusion seed": {
      "plaquette": 0.5123504996299744,
      "wilson_2x2": 0.5334504842758179,
      "wilson_4x4": 0.8210557699203491,
      "wilson_6x6": 1.020044207572937,
      "Q^2": 1.1451637744903564
    },
    "hot start": {
      "plaquette": 1.1776831150054932,
      "wilson_2x2": 2.322050094604492,
      "wilson_4x4": 2.3603122234344482,
      "wilson_6x6": 2.1035895347595215,
      "Q^2": 2.979090929031372
    },
    "cold start": {
      "plaquette": 0.6290276646614075,
      "wilson_2x2": 0.9352090954780579,
      "wilson_4x4": 0.5513418912887573,
      "wilson_6x6": 0.8177143335342407,
      "Q^2": 50.800445556640625
    }
  },
  "tau_int": {
    "plaquette": {
      "value": 4.698443714657964,
      "error": 0.5103564445803804
    },
    "wilson_2x2": {
      "value": 4.777834370317815,
      "error": 0.7263649536980439
    },
    "wilson_4x4": {
      "value": 1.220908367692251,
      "error": 0.0603201129746268
    },
    "wilson_6x6": {
      "value": 0.9839190701328425,
      "error": 0.05970632635254418
    }
  },
  "hmc_interval_trajectories": 9.55566874063563,
  "q_freezing": {
    "label": "hot-start HMC L=32 beta=8.79549",
    "frozen": true,
    "n_tunnelings": 0,
    "window_length": 321,
    "n_chains": 32,
    "tau_int_Q": 321.0
  }
}