{
  "label": "E_bc2.7_L32_beta8.79549",
  "beta": 8.795485804408372,
  "lattice_size": 32,
  "n_gen_chains": 128,
  "n_baseline_chains": 32,
  "n_traj_gen": 96,
  "n_traj_baseline": 640,
  "hmc": {
    "step_size": 0.13487457069116957,
    "n_steps": 7,
    "acceptance": {
      "generated": 0.9778645833333334,
      "hot": 0.975830078125,
      "cold": 0.978076171875
    },
    "sec_per_traj_gen_batch": 0.08021719505389531,
    "sec_per_traj_baseline_batch": 0.04627348966896534
  },
  "t_therm": {
    "diffusion seed": {
      "plaquette": 16.0,
      "wilson_2x2": 0.0,
      "wilson_4x4": 0.0,
      "wilson_6x6": 0.0,
      "Q^2": Infinity
    },
    "hot start": {
      "plaquette": 337.0,
      "wilson_2x2": 533.0,
      "wilson_4x4": 334.0,
      "wilson_6x6": 109.0,
      "Q^2": Infinity
    },
    "cold start": {
      "plaquette": 127.0,
      "wilson_2x2": 160.0,
      "wilson_4x4": 36.0,
      "wilson_6x6": 6.0,
      "Q^2": Infinity
    }
  },
  "t_therm_generated_full_batch": {
    "plaquette": 26.0,
    "wilson_2x2": 5.0,
    "wilson_4x4": 0.0,
    "wilson_6x6": 0.0,
    "Q^2": 0.0
  },
  "t_therm_subsample_size": 32,
  "final_abs_z": {
    "diffusion seed": {
      "plaquette": 0.6888812780380249,
      "wilson_2x2": 0.7537668943405151,
      "wilson_4x4": 1.1013743877410889,
      "wilson_6x6": 1.1255760192871094,
      "Q^2": 5.070805549621582
    },
    "hot start": {
      "plaquette": 1.3494547605514526,
      "wilson_2x2": 2.512260913848877,
      "wilson_4x4": 2.230743646621704,
      "wilson_6x6": 2.220669746398926,
      "Q^2": 2.3416435718536377
    },
    "cold start": {
      "plaquette": 0.8586945533752441,
      "wilson_2x2": 0.8484060168266296,
      "wilson_4x4": 1.2546581029891968,
      "wilson_6x6": 1.0386316776275635,
      "Q^2": 3142489473024.0
    }
  },
  "tau_int": {
    "plaquette": {
      "value": 3.8947472715152465,
      "error": 0.43367981238923803
    },
    "wilson_2x2": {
      "value": 4.105093355527215,
      "error": 0.6042513261861765
    },
    "wilson_4x4": {
      "value": 1.141677964381837,
      "error": 0.06351644859264041
    },
    "wilson_6x6": {
      "value": 0.9989868459488812,
      "error": 0.053067567515886004
    }
  },
  "hmc_interval_trajectories": 8.21018671105443,
  "q_freezing": {
    "label": "hot-start HMC L=32 beta=8.79549",
    "frozen": true,
    "n_tunnelings": 0,
    "window_length": 321,
    "n_chains": 32,
    "tau_int_Q": 321.0
  }
}