{
  "label": "A_bc4_L32_beta14.1464",
  "beta": 14.146446570889967,
  "lattice_size": 32,
  "n_gen_chains": 128,
  "n_baseline_chains": 32,
  "n_traj_gen": 96,
  "n_traj_baseline": 640,
  "hmc": {
    "step_size": 0.10634970988311153,
    "n_steps": 9,
    "acceptance": {
      "generated": 0.9838053385416666,
      "hot": 0.98564453125,
      "cold": 0.9849609375
    },
    "sec_per_traj_gen_batch": 0.1428624466061592,
    "sec_per_traj_baseline_batch": 0.08545060157775879
  },
  "t_therm": {
    "diffusion seed": {
      "plaquette": 0.0,
      "wilson_2x2": 0.0,
      "wilson_4x4": 0.0,
      "wilson_6x6": 1.0,
      "Q^2": Infinity
    },
    "hot start": {
      "plaquette": 354.0,
      "wilson_2x2": 506.0,
      "wilson_4x4": Infinity,
      "wilson_6x6": Infinity,
      "Q^2": Infinity
    },
    "cold start": {
      "plaquette": 193.0,
      "wilson_2x2": 179.0,
      "wilson_4x4": 55.0,
      "wilson_6x6": 11.0,
      "Q^2": Infinity
    }
  },
  "t_therm_generated_full_batch": {
    "plaquette": 3.0,
    "wilson_2x2": 0.0,
    "wilson_4x4": 0.0,
    "wilson_6x6": 0.0,
    "Q^2": 0.0
  },
  "t_therm_subsample_size": 32,
  "final_abs_z": {
    "diffusion seed": {
      "plaquette": 0.7108308672904968,
      "wilson_2x2": 0.8183997869491577,
      "wilson_4x4": 0.816997230052948,
      "wilson_6x6": 1.2217199802398682,
      "Q^2": 2.3327157497406006
    },
    "hot start": {
      "plaquette": 0.7877057194709778,
      "wilson_2x2": 1.4555940628051758,
      "wilson_4x4": 2.5835986137390137,
      "wilson_6x6": 3.019744396209717,
      "Q^2": 3.413447618484497
    },
    "cold start": {
      "plaquette": 0.6218905448913574,
      "wilson_2x2": 0.6421025991439819,
      "wilson_4x4": 0.9085795283317566,
      "wilson_6x6": 1.2301743030548096,
      "Q^2": 1903991324672.0
    }
  },
  "tau_int": {
    "plaquette": {
      "value": 4.420516531830023,
      "error": 0.5823500805633833
    },
    "wilson_2x2": {
      "value": 3.612280685025155,
      "error": 0.45496409552820577
    },
    "wilson_4x4": {
      "value": 1.9390355707765663,
      "error": 0.18844522207740422
    },
    "wilson_6x6": {
      "value": 0.9727204665221528,
      "error": 0.0639987347626657
    }
  },
  "hmc_interval_trajectories": 8.841033063660046,
  "q_freezing": {
    "label": "hot-start HMC L=32 beta=14.1464",
    "frozen": true,
    "n_tunnelings": 0,
    "window_length": 321,
    "n_chains": 32,
    "tau_int_Q": 321.0
  }
}