{
  "label": "A_bc1.5_L32_beta4.44493",
  "beta": 4.444934535019788,
  "lattice_size": 32,
  "n_gen_chains": 128,
  "n_baseline_chains": 32,
  "n_traj_gen": 96,
  "n_traj_baseline": 640,
  "hmc": {
    "step_size": 0.18972619930846527,
    "n_steps": 5,
    "acceptance": {
      "generated": 0.9632975260416666,
      "hot": 0.963330078125,
      "cold": 0.9658203125
    },
    "sec_per_traj_gen_batch": 0.060274297992388405,
    "sec_per_traj_baseline_batch": 0.03201679475605488
  },
  "t_therm": {
    "diffusion seed": {
      "plaquette": 30.0,
      "wilson_2x2": 14.0,
      "wilson_4x4": 3.0,
      "wilson_6x6": 5.0,
      "Q^2": 0.0
    },
    "hot start": {
      "plaquette": 56.0,
      "wilson_2x2": 61.0,
      "wilson_4x4": 23.0,
      "wilson_6x6": 13.0,
      "Q^2": 4.0
    },
    "cold start": {
      "plaquette": 57.0,
      "wilson_2x2": 55.0,
      "wilson_4x4": 16.0,
      "wilson_6x6": 12.0,
      "Q^2": 65.0
    }
  },
  "t_therm_generated_full_batch": {
    "plaquette": 26.0,
    "wilson_2x2": 33.0,
    "wilson_4x4": 11.0,
    "wilson_6x6": 0.0,
    "Q^2": 0.0
  },
  "t_therm_subsample_size": 32,
  "final_abs_z": {
    "diffusion seed": {
      "plaquette": 0.7223755717277527,
      "wilson_2x2": 1.0142061710357666,
      "wilson_4x4": 0.748918354511261,
      "wilson_6x6": 1.1516962051391602,
      "Q^2": 0.6702719926834106
    },
    "hot start": {
      "plaquette": 1.0464539527893066,
      "wilson_2x2": 0.8828398585319519,
      "wilson_4x4": 0.36265572905540466,
      "wilson_6x6": 0.5390821695327759,
      "Q^2": 2.0789027214050293
    },
    "cold start": {
      "plaquette": 0.3963879942893982,
      "wilson_2x2": 0.5856467485427856,
      "wilson_4x4": 0.928546130657196,
      "wilson_6x6": 0.481257826089859,
      "Q^2": 0.31808167695999146
    }
  },
  "tau_int": {
    "plaquette": {
      "value": 3.943131354968192,
      "error": 0.4875702395137849
    },
    "wilson_2x2": {
      "value": 2.806834023790797,
      "error": 0.27363665327479897
    },
    "wilson_4x4": {
      "value": 1.3150486822137748,
      "error": 0.10947908895437464
    },
    "wilson_6x6": {
      "value": 0.8484561979859113,
      "error": 0.06761372766625968
    }
  },
  "hmc_interval_trajectories": 7.886262709936384,
  "q_freezing": {
    "label": "hot-start HMC L=32 beta=4.44493",
    "frozen": false,
    "n_tunnelings": 1484,
    "window_length": 321,
    "n_chains": 32,
    "tau_int_Q": 29.41031402007267
  }
}