{
  "diffusion seed": {
    "plaquette": {
      "tau": 3.8885484531999803,
      "A": -0.0035957064483383293,
      "C": 0.9136499681767204,
      "target": 0.913963386382156,
      "plateau_minus_target": -0.0003134182054356227,
      "status": "ok",
      "tau_error": 0.7181384952098738
    },
    "wilson_2x2": {
      "tau": 26.374652090467517,
      "A": -0.0044952664565265825,
      "C": 0.6967681029268513,
      "target": 0.6977746579388697,
      "plateau_minus_target": -0.0010065550120184064,
      "status": "ok",
      "tau_error": 8.300407695257142
    },
    "wilson_4x4": {
      "tau": null,
      "A": 0.0008366893060035363,
      "C": 0.23411766245721577,
      "target": 0.23706135917306223,
      "plateau_minus_target": -0.002943696715846461,
      "status": "no measurable decay (starts at plateau; tau unconstrained)"
    },
    "Q^2": {
      "tau": null,
      "A": 20.930415204783223,
      "C": -15.061378790782266,
      "target": 4.686245706936875,
      "plateau_minus_target": -19.74762449771914,
      "status": "unreliable (tau exceeds window)"
    }
  },
  "cold start": {
    "plaquette": {
      "tau": 5.487118555029501,
      "A": 0.062440189010626444,
      "C": 0.9146245651274147,
      "target": 0.913963386382156,
      "plateau_minus_target": 0.0006611787452587281,
      "status": "ok",
      "tau_error": 0.18841222797848875
    },
    "wilson_2x2": {
      "tau": 4.511392565167345,
      "A": 0.2306321732873433,
      "C": 0.7009071308363439,
      "target": 0.6977746579388697,
      "plateau_minus_target": 0.0031324728974742033,
      "status": "ok",
      "tau_error": 0.1733777600352912
    },
    "wilson_4x4": {
      "tau": 0.9282559242539482,
      "A": 0.7516964981240648,
      "C": 0.24128626307823448,
      "target": 0.23706135917306223,
      "plateau_minus_target": 0.004224903905172245,
      "status": "ok",
      "tau_error": 0.02734632141187977
    },
    "Q^2": {
      "tau": 544.9731928416637,
      "A": -3.187843106697841,
      "C": 3.0847772828705007,
      "target": 4.686245706936875,
      "plateau_minus_target": -1.6014684240663741,
      "status": "ok",
      "tau_error": 32.596964545610966
    }
  },
  "hot start": {
    "plaquette": {
      "tau": 2.233780881053598,
      "A": -0.8925484007347638,
      "C": 0.912032535012263,
      "target": 0.913963386382156,
      "plateau_minus_target": -0.0019308513698930163,
      "status": "ok",
      "tau_error": 0.023152386229420067
    },
    "wilson_2x2": {
      "tau": 9.143022648790158,
      "A": -0.6774392953726648,
      "C": 0.6925052115359102,
      "target": 0.6977746579388697,
      "plateau_minus_target": -0.005269446402959566,
      "status": "ok",
      "tau_error": 0.14603658941759878
    },
    "wilson_4x4": {
      "tau": 8.58864793330908,
      "A": -0.26114754833228787,
      "C": 0.2328763127349338,
      "target": 0.23706135917306223,
      "plateau_minus_target": -0.00418504643812842,
      "status": "ok",
      "tau_error": 0.28573187496028796
    },
    "Q^2": {
      "tau": 0.9513969226373574,
      "A": 97.56740814017097,
      "C": 7.487273112794845,
      "target": 4.686245706936875,
      "plateau_minus_target": 2.80102740585797,
      "status": "ok",
      "tau_error": 0.022953088117385424
    }
  }
}