{
  "label": "D_bc20_L32_beta78.4578",
  "beta": 78.4577689263765,
  "lattice_size": 32,
  "n_gen_chains": 128,
  "n_baseline_chains": 32,
  "n_traj_gen": 96,
  "n_traj_baseline": 640,
  "hmc": {
    "step_size": 0.04515876062531922,
    "n_steps": 22,
    "acceptance": {
      "generated": 0.97607421875,
      "hot": 0.97880859375,
      "cold": 0.9802734375
    },
    "sec_per_traj_gen_batch": 0.13763980319102606,
    "sec_per_traj_baseline_batch": 0.0988570149987936
  },
  "t_therm": {
    "diffusion seed": {
      "plaquette": 15.0,
      "wilson_2x2": 0.0,
      "wilson_4x4": 8.0,
      "wilson_6x6": 0.0,
      "Q^2": 0.0
    },
    "hot start": {
      "plaquette": Infinity,
      "wilson_2x2": Infinity,
      "wilson_4x4": Infinity,
      "wilson_6x6": Infinity,
      "Q^2": Infinity
    },
    "cold start": {
      "plaquette": 347.0,
      "wilson_2x2": 223.0,
      "wilson_4x4": 68.0,
      "wilson_6x6": 88.0,
      "Q^2": Infinity
    }
  },
  "t_therm_generated_full_batch": {
    "plaquette": 1.0,
    "wilson_2x2": 1.0,
    "wilson_4x4": 2.0,
    "wilson_6x6": 0.0,
    "Q^2": 0.0
  },
  "t_therm_subsample_size": 32,
  "final_abs_z": {
    "diffusion seed": {
      "plaquette": 1.0580997467041016,
      "wilson_2x2": 1.0016847848892212,
      "wilson_4x4": 0.7295461297035217,
      "wilson_6x6": 0.5919674634933472,
      "Q^2": 0.9064094424247742
    },
    "hot start": {
      "plaquette": 10.291706085205078,
      "wilson_2x2": 8.123453140258789,
      "wilson_4x4": 3.9240975379943848,
      "wilson_6x6": 4.875786781311035,
      "Q^2": 3.6507339477539062
    },
    "cold start": {
      "plaquette": 2.4335529804229736,
      "wilson_2x2": 1.3577295541763306,
      "wilson_4x4": 0.768386721611023,
      "wilson_6x6": 1.4356944561004639,
      "Q^2": 320492732416.0
    }
  },
  "tau_int": {
    "plaquette": {
      "value": 7.357026746326152,
      "error": 0.8782196154626316
    },
    "wilson_2x2": {
      "value": 5.637750021989283,
      "error": 0.817096647475711
    },
    "wilson_4x4": {
      "value": 3.944574008947756,
      "error": 0.5312673769927478
    },
    "wilson_6x6": {
      "value": 2.5342733139599547,
      "error": 0.3337700195690814
    }
  },
  "hmc_interval_trajectories": 14.714053492652305,
  "q_freezing": {
    "label": "hot-start HMC L=32 beta=78.4578",
    "frozen": true,
    "n_tunnelings": 0,
    "window_length": 321,
    "n_chains": 32,
    "tau_int_Q": 321.0
  }
}