{
  "label": "A_bc5_L32_beta18.2524",
  "beta": 18.252379758880476,
  "lattice_size": 32,
  "n_gen_chains": 128,
  "n_baseline_chains": 32,
  "n_traj_gen": 96,
  "n_traj_baseline": 640,
  "hmc": {
    "step_size": 0.09362681359312043,
    "n_steps": 11,
    "acceptance": {
      "generated": 0.9811197916666666,
      "hot": 0.981640625,
      "cold": 0.98203125
    },
    "sec_per_traj_gen_batch": 0.20799888670444489,
    "sec_per_traj_baseline_batch": 0.06511998511850833
  },
  "t_therm": {
    "diffusion seed": {
      "plaquette": 2.0,
      "wilson_2x2": 1.0,
      "wilson_4x4": 0.0,
      "wilson_6x6": 0.0,
      "Q^2": 0.0
    },
    "hot start": {
      "plaquette": 490.0,
      "wilson_2x2": 550.0,
      "wilson_4x4": Infinity,
      "wilson_6x6": Infinity,
      "Q^2": Infinity
    },
    "cold start": {
      "plaquette": 192.0,
      "wilson_2x2": 208.0,
      "wilson_4x4": 141.0,
      "wilson_6x6": 134.0,
      "Q^2": Infinity
    }
  },
  "t_therm_generated_full_batch": {
    "plaquette": 2.0,
    "wilson_2x2": 1.0,
    "wilson_4x4": 3.0,
    "wilson_6x6": 8.0,
    "Q^2": 0.0
  },
  "t_therm_subsample_size": 32,
  "final_abs_z": {
    "diffusion seed": {
      "plaquette": 0.6593348979949951,
      "wilson_2x2": 1.1315544843673706,
      "wilson_4x4": 1.1992676258087158,
      "wilson_6x6": 1.3751499652862549,
      "Q^2": 0.7883750200271606
    },
    "hot start": {
      "plaquette": 0.7096999287605286,
      "wilson_2x2": 1.8216724395751953,
      "wilson_4x4": 2.3290905952453613,
      "wilson_6x6": 3.1007657051086426,
      "Q^2": 2.52168607711792
    },
    "cold start": {
      "plaquette": 0.5249024629592896,
      "wilson_2x2": 0.5065548419952393,
      "wilson_4x4": 0.9147744178771973,
      "wilson_6x6": 0.711007297039032,
      "Q^2": 1462558916608.0
    }
  },
  "tau_int": {
    "plaquette": {
      "value": 4.71782476613391,
      "error": 0.7116334127983682
    },
    "wilson_2x2": {
      "value": 5.987649770969294,
      "error": 0.9191360682315919
    },
    "wilson_4x4": {
      "value": 2.1906926958570128,
      "error": 0.19958079359690922
    },
    "wilson_6x6": {
      "value": 0.9938545229543583,
      "error": 0.04771005544431233
    }
  },
  "hmc_interval_trajectories": 11.975299541938588,
  "q_freezing": {
    "label": "hot-start HMC L=32 beta=18.2524",
    "frozen": true,
    "n_tunnelings": 0,
    "window_length": 321,
    "n_chains": 32,
    "tau_int_Q": 321.0
  }
}