{
  "label": "E_bc4.5_L32_beta16.2057",
  "beta": 16.205709105763358,
  "lattice_size": 32,
  "n_gen_chains": 128,
  "n_baseline_chains": 32,
  "n_traj_gen": 96,
  "n_traj_baseline": 640,
  "hmc": {
    "step_size": 0.09936329203785818,
    "n_steps": 10,
    "acceptance": {
      "generated": 0.9794921875,
      "hot": 0.979541015625,
      "cold": 0.978369140625
    },
    "sec_per_traj_gen_batch": 0.11780039966106415,
    "sec_per_traj_baseline_batch": 0.07416303232312202
  },
  "t_therm": {
    "diffusion seed": {
      "plaquette": 7.0,
      "wilson_2x2": 7.0,
      "wilson_4x4": 7.0,
      "wilson_6x6": 0.0,
      "Q^2": 0.0
    },
    "hot start": {
      "plaquette": Infinity,
      "wilson_2x2": Infinity,
      "wilson_4x4": Infinity,
      "wilson_6x6": Infinity,
      "Q^2": Infinity
    },
    "cold start": {
      "plaquette": 265.0,
      "wilson_2x2": 391.0,
      "wilson_4x4": 323.0,
      "wilson_6x6": 85.0,
      "Q^2": Infinity
    }
  },
  "t_therm_generated_full_batch": {
    "plaquette": 9.0,
    "wilson_2x2": 6.0,
    "wilson_4x4": 0.0,
    "wilson_6x6": 0.0,
    "Q^2": 0.0
  },
  "t_therm_subsample_size": 32,
  "final_abs_z": {
    "diffusion seed": {
      "plaquette": 0.40805715322494507,
      "wilson_2x2": 0.45478740334510803,
      "wilson_4x4": 0.9755646586418152,
      "wilson_6x6": 1.0760326385498047,
      "Q^2": 0.34535902738571167
    },
    "hot start": {
      "plaquette": 5.546580791473389,
      "wilson_2x2": 7.5615973472595215,
      "wilson_4x4": 6.339668273925781,
      "wilson_6x6": 4.292681694030762,
      "Q^2": 2.8157334327697754
    },
    "cold start": {
      "plaquette": 1.3672058582305908,
      "wilson_2x2": 2.1196231842041016,
      "wilson_4x4": 2.5805745124816895,
      "wilson_6x6": 1.9781255722045898,
      "Q^2": 1653625323520.0
    }
  },
  "tau_int": {
    "plaquette": {
      "value": 6.462058960412048,
      "error": 0.9773898308873906
    },
    "wilson_2x2": {
      "value": 12.049985314472606,
      "error": 1.825769237796987
    },
    "wilson_4x4": {
      "value": 7.429053482796492,
      "error": 1.4771963752150186
    },
    "wilson_6x6": {
      "value": 0.9796495405264956,
      "error": 0.06801858032806955
    }
  },
  "hmc_interval_trajectories": 24.09997062894521,
  "q_freezing": {
    "label": "hot-start HMC L=32 beta=16.2057",
    "frozen": true,
    "n_tunnelings": 0,
    "window_length": 321,
    "n_chains": 32,
    "tau_int_Q": 321.0
  }
}