{
  "label": "D_bc40_L32_beta158.48",
  "beta": 158.47972315685624,
  "lattice_size": 32,
  "n_gen_chains": 128,
  "n_baseline_chains": 32,
  "n_traj_gen": 96,
  "n_traj_baseline": 640,
  "hmc": {
    "step_size": 0.03177409132013866,
    "n_steps": 31,
    "acceptance": {
      "generated": 0.8944498697916666,
      "hot": 0.974267578125,
      "cold": 0.9796875
    },
    "sec_per_traj_gen_batch": 0.6632133151094118,
    "sec_per_traj_baseline_batch": 0.2829141106456518
  },
  "t_therm": {
    "diffusion seed": {
      "plaquette": Infinity,
      "wilson_2x2": Infinity,
      "wilson_4x4": Infinity,
      "wilson_6x6": 70.0,
      "Q^2": 0.0
    },
    "hot start": {
      "plaquette": Infinity,
      "wilson_2x2": Infinity,
      "wilson_4x4": Infinity,
      "wilson_6x6": Infinity,
      "Q^2": Infinity
    },
    "cold start": {
      "plaquette": 214.0,
      "wilson_2x2": 263.0,
      "wilson_4x4": 145.0,
      "wilson_6x6": 28.0,
      "Q^2": Infinity
    }
  },
  "t_therm_generated_full_batch": {
    "plaquette": Infinity,
    "wilson_2x2": Infinity,
    "wilson_4x4": Infinity,
    "wilson_6x6": Infinity,
    "Q^2": 0.0
  },
  "t_therm_subsample_size": 32,
  "final_abs_z": {
    "diffusion seed": {
      "plaquette": 20.49393653869629,
      "wilson_2x2": 12.546091079711914,
      "wilson_4x4": 4.802177429199219,
      "wilson_6x6": 1.4436531066894531,
      "Q^2": 0.6408587098121643
    },
    "hot start": {
      "plaquette": 11.874043464660645,
      "wilson_2x2": 8.596235275268555,
      "wilson_4x4": 5.696034908294678,
      "wilson_6x6": 5.033329486846924,
      "Q^2": 4.397897243499756
    },
    "cold start": {
      "plaquette": 1.0529474020004272,
      "wilson_2x2": 1.5938036441802979,
      "wilson_4x4": 1.5942564010620117,
      "wilson_6x6": 1.1824911832809448,
      "Q^2": 86933716992.0
    }
  },
  "tau_int": {
    "plaquette": {
      "value": 25.324126606191946,
      "error": 1.8372758765759152
    },
    "wilson_2x2": {
      "value": 36.73417193204333,
      "error": 2.1934279271391066
    },
    "wilson_4x4": {
      "value": 29.013308503245845,
      "error": 2.470901457454529
    },
    "wilson_6x6": {
      "value": 9.064212506573261,
      "error": 1.5448069600194658
    }
  },
  "hmc_interval_trajectories": 73.46834386408666,
  "q_freezing": {
    "label": "hot-start HMC L=32 beta=158.48",
    "frozen": true,
    "n_tunnelings": 0,
    "window_length": 321,
    "n_chains": 32,
    "tau_int_Q": 321.0
  }
}