{
  "label": "D_bc14.1464_L32_beta55.0237",
  "beta": 55.023680066170776,
  "lattice_size": 32,
  "n_gen_chains": 128,
  "n_baseline_chains": 32,
  "n_traj_gen": 96,
  "n_traj_baseline": 640,
  "hmc": {
    "step_size": 0.053924381765121224,
    "n_steps": 19,
    "acceptance": {
      "generated": 0.9778645833333334,
      "hot": 0.97880859375,
      "cold": 0.976708984375
    },
    "sec_per_traj_gen_batch": 0.26682282487551373,
    "sec_per_traj_baseline_batch": 0.10766555927693844
  },
  "t_therm": {
    "diffusion seed": {
      "plaquette": 0.0,
      "wilson_2x2": 1.0,
      "wilson_4x4": 1.0,
      "wilson_6x6": 0.0,
      "Q^2": 0.0
    },
    "hot start": {
      "plaquette": Infinity,
      "wilson_2x2": Infinity,
      "wilson_4x4": Infinity,
      "wilson_6x6": Infinity,
      "Q^2": Infinity
    },
    "cold start": {
      "plaquette": 346.0,
      "wilson_2x2": 195.0,
      "wilson_4x4": 195.0,
      "wilson_6x6": 110.0,
      "Q^2": Infinity
    }
  },
  "t_therm_generated_full_batch": {
    "plaquette": 18.0,
    "wilson_2x2": 9.0,
    "wilson_4x4": 0.0,
    "wilson_6x6": 0.0,
    "Q^2": 0.0
  },
  "t_therm_subsample_size": 32,
  "final_abs_z": {
    "diffusion seed": {
      "plaquette": 1.2557798624038696,
      "wilson_2x2": 0.9131806492805481,
      "wilson_4x4": 0.7526327967643738,
      "wilson_6x6": 0.8313583135604858,
      "Q^2": 0.06170342490077019
    },
    "hot start": {
      "plaquette": 7.930340766906738,
      "wilson_2x2": 5.880410194396973,
      "wilson_4x4": 4.398652076721191,
      "wilson_6x6": 4.608779430389404,
      "Q^2": 4.0638837814331055
    },
    "cold start": {
      "plaquette": 1.3113824129104614,
      "wilson_2x2": 0.8588312268257141,
      "wilson_4x4": 1.026615858078003,
      "wilson_6x6": 1.2462481260299683,
      "Q^2": 474280296448.0
    }
  },
  "tau_int": {
    "plaquette": {
      "value": 10.622528176421149,
      "error": 1.1486097867245044
    },
    "wilson_2x2": {
      "value": 16.039916951874467,
      "error": 1.724627967191633
    },
    "wilson_4x4": {
      "value": 10.113382373435318,
      "error": 1.4870533027511506
    },
    "wilson_6x6": {
      "value": 5.244601214492545,
      "error": 0.7303953357667248
    }
  },
  "hmc_interval_trajectories": 32.079833903748934,
  "q_freezing": {
    "label": "hot-start HMC L=32 beta=55.0237",
    "frozen": true,
    "n_tunnelings": 0,
    "window_length": 321,
    "n_chains": 32,
    "tau_int_Q": 321.0
  }
}