{
  "label": "D_bc30_L32_beta118.473",
  "beta": 118.47260670274903,
  "lattice_size": 32,
  "n_gen_chains": 128,
  "n_baseline_chains": 32,
  "n_traj_gen": 96,
  "n_traj_baseline": 640,
  "hmc": {
    "step_size": 0.03674946485244926,
    "n_steps": 27,
    "acceptance": {
      "generated": 0.9745279947916666,
      "hot": 0.973828125,
      "cold": 0.9759765625
    },
    "sec_per_traj_gen_batch": 0.13914080212513605,
    "sec_per_traj_baseline_batch": 0.11475335098803044
  },
  "t_therm": {
    "diffusion seed": {
      "plaquette": 1.0,
      "wilson_2x2": 2.0,
      "wilson_4x4": 0.0,
      "wilson_6x6": 0.0,
      "Q^2": 0.0
    },
    "hot start": {
      "plaquette": Infinity,
      "wilson_2x2": Infinity,
      "wilson_4x4": Infinity,
      "wilson_6x6": Infinity,
      "Q^2": Infinity
    },
    "cold start": {
      "plaquette": 211.0,
      "wilson_2x2": 197.0,
      "wilson_4x4": 197.0,
      "wilson_6x6": 200.0,
      "Q^2": Infinity
    }
  },
  "t_therm_generated_full_batch": {
    "plaquette": 3.0,
    "wilson_2x2": 1.0,
    "wilson_4x4": 0.0,
    "wilson_6x6": 0.0,
    "Q^2": 0.0
  },
  "t_therm_subsample_size": 32,
  "final_abs_z": {
    "diffusion seed": {
      "plaquette": 0.9987862706184387,
      "wilson_2x2": 1.076106071472168,
      "wilson_4x4": 0.8639496564865112,
      "wilson_6x6": 1.1525323390960693,
      "Q^2": 0.22998003661632538
    },
    "hot start": {
      "plaquette": 10.965003967285156,
      "wilson_2x2": 9.8076810836792,
      "wilson_4x4": 9.928078651428223,
      "wilson_6x6": 9.761483192443848,
      "Q^2": 5.591200351715088
    },
    "cold start": {
      "plaquette": 1.773632287979126,
      "wilson_2x2": 3.3553977012634277,
      "wilson_4x4": 3.4972968101501465,
      "wilson_6x6": 3.0531582832336426,
      "Q^2": 171377917952.0
    }
  },
  "tau_int": {
    "plaquette": {
      "value": 14.164212892498238,
      "error": 1.989394633367757
    },
    "wilson_2x2": {
      "value": 20.266843707791633,
      "error": 2.940919420986933
    },
    "wilson_4x4": {
      "value": 20.413181141879512,
      "error": 2.9490150105489965
    },
    "wilson_6x6": {
      "value": 13.130651281907534,
      "error": 2.347255189719416
    }
  },
  "hmc_interval_trajectories": 40.826362283759025,
  "q_freezing": {
    "label": "hot-start HMC L=32 beta=118.473",
    "frozen": true,
    "n_tunnelings": 0,
    "window_length": 321,
    "n_chains": 32,
    "tau_int_Q": 321.0
  }
}