{
  "diffusion seed": {
    "plaquette": {
      "tau": 23.512167164761284,
      "A": -0.0017962714732439543,
      "C": 0.8632693485806388,
      "target": 0.8635226110245507,
      "plateau_minus_target": -0.0002532624439119946,
      "status": "ok",
      "tau_error": 10.058729349422977
    },
    "wilson_2x2": {
      "tau": null,
      "A": -0.14049018608271033,
      "C": 0.6935948018347479,
      "target": 0.5560256872718351,
      "plateau_minus_target": 0.13756911456291276,
      "status": "unreliable (tau exceeds window)"
    },
    "wilson_4x4": {
      "tau": null,
      "A": 0.0072166404684920965,
      "C": 0.09515816631447285,
      "target": 0.09558272819358882,
      "plateau_minus_target": -0.00042456187911596444,
      "status": "no measurable decay (starts at plateau; tau unconstrained)"
    },
    "Q^2": {
      "tau": null,
      "A": -24.190969251779077,
      "C": 25.90803039342134,
      "target": 1.9338785460711687,
      "plateau_minus_target": 23.97415184735017,
      "status": "unreliable (tau exceeds window)"
    }
  },
  "cold start": {
    "plaquette": {
      "tau": 3.777633182093829,
      "A": 0.11263623414662169,
      "C": 0.8636927545701788,
      "target": 0.8635226110245507,
      "plateau_minus_target": 0.00017014354562805423,
      "status": "ok",
      "tau_error": 0.11254754951660612
    },
    "wilson_2x2": {
      "tau": 3.874194755901346,
      "A": 0.366347390523144,
      "C": 0.5565345581519602,
      "target": 0.5560256872718351,
      "plateau_minus_target": 0.0005088708801250785,
      "status": "ok",
      "tau_error": 0.12123781307990592
    },
    "wilson_4x4": {
      "tau": 0.7271426953463704,
      "A": 0.8972333676813664,
      "C": 0.09615587651732892,
      "target": 0.09558272819358882,
      "plateau_minus_target": 0.0005731483237400997,
      "status": "ok",
      "tau_error": 0.024888204001680042
    },
    "Q^2": {
      "tau": 30.19847627985491,
      "A": -2.1852463536292883,
      "C": 1.9935585233809325,
      "target": 1.9338785460711687,
      "plateau_minus_target": 0.05967997730976382,
      "status": "ok",
      "tau_error": 2.1210225696027765
    }
  },
  "hot start": {
    "plaquette": {
      "tau": 2.7448153701763736,
      "A": -0.8270296732413626,
      "C": 0.8629711946901636,
      "target": 0.8635226110245507,
      "plateau_minus_target": -0.0005514163343871559,
      "status": "ok",
      "tau_error": 0.026156855107422494
    },
    "wilson_2x2": {
      "tau": 6.669406798861944,
      "A": -0.5701789732015469,
      "C": 0.5559945457173927,
      "target": 0.5560256872718351,
      "plateau_minus_target": -3.114155444239319e-05,
      "status": "ok",
      "tau_error": 0.07488095987140408
    },
    "wilson_4x4": {
      "tau": 11.122872460809365,
      "A": -0.10547873634980368,
      "C": 0.09689030672427085,
      "target": 0.09558272819358882,
      "plateau_minus_target": 0.0013075785306820298,
      "status": "ok",
      "tau_error": 0.866302193889371
    },
    "Q^2": {
      "tau": 1.3838073795735732,
      "A": 18.793630438925646,
      "C": 1.8557761562038173,
      "target": 1.9338785460711687,
      "plateau_minus_target": -0.07810238986735141,
      "status": "ok",
      "tau_error": 0.04416264394680147
    }
  }
}