{
  "label": "rung0_L16_beta4",
  "beta": 4.0,
  "lattice_size": 16,
  "n_gen_chains": 192,
  "n_baseline_chains": 64,
  "n_traj_gen": 96,
  "n_traj_baseline": 640,
  "hmc": {
    "step_size": 0.1,
    "n_steps": 10,
    "acceptance": {
      "generated": 0.9950086805555556,
      "hot": 0.99482421875,
      "cold": 0.994482421875
    },
    "sec_per_traj_gen_batch": 0.07065706700086594,
    "sec_per_traj_baseline_batch": 0.04281894490122795
  },
  "t_therm": {
    "diffusion seed": {
      "plaquette": 13.0,
      "wilson_2x2": 0.0,
      "wilson_4x4": 6.0,
      "Q^2": 0.0
    },
    "hot start": {
      "plaquette": 53.0,
      "wilson_2x2": 47.0,
      "wilson_4x4": 20.0,
      "Q^2": 9.0
    },
    "cold start": {
      "plaquette": 36.0,
      "wilson_2x2": 42.0,
      "wilson_4x4": 20.0,
      "Q^2": 38.0
    }
  },
  "t_therm_generated_full_batch": {
    "plaquette": 8.0,
    "wilson_2x2": 0.0,
    "wilson_4x4": 0.0,
    "Q^2": 0.0
  },
  "t_therm_subsample_size": 64,
  "final_abs_z": {
    "diffusion seed": {
      "plaquette": 0.7535802125930786,
      "wilson_2x2": 0.806822657585144,
      "wilson_4x4": 0.46335941553115845,
      "Q^2": 0.9164570569992065
    },
    "hot start": {
      "plaquette": 0.6623796820640564,
      "wilson_2x2": 0.7903657555580139,
      "wilson_4x4": 0.7473353147506714,
      "Q^2": 0.7373670339584351
    },
    "cold start": {
      "plaquette": 0.45009860396385193,
      "wilson_2x2": 0.6524341702461243,
      "wilson_4x4": 0.8986560106277466,
      "Q^2": 2.6068978309631348
    }
  },
  "tau_int": {
    "plaquette": {
      "value": 3.6930771461544767,
      "error": 0.25622832476372015
    },
    "wilson_2x2": {
      "value": 2.437502908350602,
      "error": 0.1358089227681132
    },
    "wilson_4x4": {
      "value": 1.1930066102144317,
      "error": 0.0855486615662095
    }
  },
  "hmc_interval_trajectories": 7.386154292308953,
  "q_freezing": {
    "label": "hot-start HMC L=16 beta=4",
    "frozen": false,
    "n_tunnelings": 1934,
    "window_length": 321,
    "n_chains": 64,
    "tau_int_Q": 20.84633666269859
  }
}