{
  "label": "rung2_L64_beta55.0237",
  "beta": 55.0237,
  "lattice_size": 64,
  "n_gen_chains": 192,
  "n_baseline_chains": 16,
  "n_traj_gen": 96,
  "n_traj_baseline": 640,
  "hmc": {
    "step_size": 0.02696218599866734,
    "n_steps": 37,
    "acceptance": {
      "generated": 0.9924587673611112,
      "hot": 0.9923828125,
      "cold": 0.9921875
    },
    "sec_per_traj_gen_batch": 1.4734959130485852,
    "sec_per_traj_baseline_batch": 0.8212896175682545
  },
  "t_therm": {
    "diffusion seed": {
      "plaquette": 10.0,
      "wilson_2x2": 1.0,
      "wilson_4x4": 0.0,
      "wilson_6x6": 0.0,
      "Q^2": 0.0
    },
    "hot start": {
      "plaquette": Infinity,
      "wilson_2x2": Infinity,
      "wilson_4x4": Infinity,
      "wilson_6x6": Infinity,
      "Q^2": Infinity
    },
    "cold start": {
      "plaquette": Infinity,
      "wilson_2x2": 567.0,
      "wilson_4x4": 258.0,
      "wilson_6x6": 176.0,
      "Q^2": Infinity
    }
  },
  "t_therm_generated_full_batch": {
    "plaquette": Infinity,
    "wilson_2x2": 12.0,
    "wilson_4x4": 0.0,
    "wilson_6x6": 4.0,
    "Q^2": 0.0
  },
  "t_therm_subsample_size": 16,
  "final_abs_z": {
    "diffusion seed": {
      "plaquette": 2.0447473526000977,
      "wilson_2x2": 1.5227445363998413,
      "wilson_4x4": 0.8512626886367798,
      "wilson_6x6": 0.8753488659858704,
      "Q^2": 0.35315555334091187
    },
    "hot start": {
      "plaquette": 17.26712989807129,
      "wilson_2x2": 16.784412384033203,
      "wilson_4x4": 9.386211395263672,
      "wilson_6x6": 5.930984020233154,
      "Q^2": 3.294933795928955
    },
    "cold start": {
      "plaquette": 3.6990561485290527,
      "wilson_2x2": 2.370922327041626,
      "wilson_4x4": 0.8556426763534546,
      "wilson_6x6": 0.5799943208694458,
      "Q^2": 1903086010368.0
    }
  },
  "tau_int": {
    "plaquette": {
      "value": 39.24254765316988,
      "error": 2.215869552914142
    },
    "wilson_2x2": {
      "value": 45.70436119788876,
      "error": 1.3558175034207036
    },
    "wilson_4x4": {
      "value": 39.55731259810628,
      "error": 1.9162910953305212
    },
    "wilson_6x6": {
      "value": 27.550676984174146,
      "error": 2.973542308776158
    }
  },
  "hmc_interval_trajectories": 91.40872239577752,
  "q_freezing": {
    "label": "hot-start HMC L=64 beta=55.0237",
    "frozen": true,
    "n_tunnelings": 0,
    "window_length": 321,
    "n_chains": 16,
    "tau_int_Q": 321.0
  }
}