{
  "label": "A_bc2_L32_beta6.10518",
  "beta": 6.105175335948316,
  "lattice_size": 32,
  "n_gen_chains": 128,
  "n_baseline_chains": 32,
  "n_traj_gen": 96,
  "n_traj_baseline": 640,
  "hmc": {
    "step_size": 0.1618866070236667,
    "n_steps": 6,
    "acceptance": {
      "generated": 0.9733072916666666,
      "hot": 0.97509765625,
      "cold": 0.975244140625
    },
    "sec_per_traj_gen_batch": 0.12352459132671356,
    "sec_per_traj_baseline_batch": 0.07170232571661472
  },
  "t_therm": {
    "diffusion seed": {
      "plaquette": 28.0,
      "wilson_2x2": 7.0,
      "wilson_4x4": 5.0,
      "wilson_6x6": 0.0,
      "Q^2": 0.0
    },
    "hot start": {
      "plaquette": 104.0,
      "wilson_2x2": 199.0,
      "wilson_4x4": 67.0,
      "wilson_6x6": 44.0,
      "Q^2": 615.0
    },
    "cold start": {
      "plaquette": 90.0,
      "wilson_2x2": 89.0,
      "wilson_4x4": 21.0,
      "wilson_6x6": 7.0,
      "Q^2": Infinity
    }
  },
  "t_therm_generated_full_batch": {
    "plaquette": 28.0,
    "wilson_2x2": 25.0,
    "wilson_4x4": 7.0,
    "wilson_6x6": 0.0,
    "Q^2": 0.0
  },
  "t_therm_subsample_size": 32,
  "final_abs_z": {
    "diffusion seed": {
      "plaquette": 0.9611388444900513,
      "wilson_2x2": 0.8336254954338074,
      "wilson_4x4": 0.8564344644546509,
      "wilson_6x6": 0.6441651582717896,
      "Q^2": 1.675506353378296
    },
    "hot start": {
      "plaquette": 1.258943796157837,
      "wilson_2x2": 0.6813287734985352,
      "wilson_4x4": 0.7750886678695679,
      "wilson_6x6": 0.45287495851516724,
      "Q^2": 1.9751056432724
    },
    "cold start": {
      "plaquette": 1.163776159286499,
      "wilson_2x2": 0.8217437863349915,
      "wilson_4x4": 0.8253461718559265,
      "wilson_6x6": 0.7673565149307251,
      "Q^2": 3.7175452709198
    }
  },
  "tau_int": {
    "plaquette": {
      "value": 4.8229281759077836,
      "error": 0.7487081676984797
    },
    "wilson_2x2": {
      "value": 4.611657007463057,
      "error": 0.5770144003753092
    },
    "wilson_4x4": {
      "value": 1.1987014000645348,
      "error": 0.051949722730365806
    },
    "wilson_6x6": {
      "value": 0.8868068776593581,
      "error": 0.038813278052647365
    }
  },
  "hmc_interval_trajectories": 9.645856351815567,
  "q_freezing": {
    "label": "hot-start HMC L=32 beta=6.10518",
    "frozen": false,
    "n_tunnelings": 81,
    "window_length": 321,
    "n_chains": 32,
    "tau_int_Q": 34.37998114489446
  }
}