{
  "label": "A_bc1_L32_beta3.10399",
  "beta": 3.1039934028935163,
  "lattice_size": 32,
  "n_gen_chains": 128,
  "n_baseline_chains": 32,
  "n_traj_gen": 96,
  "n_traj_baseline": 640,
  "hmc": {
    "step_size": 0.2,
    "n_steps": 5,
    "acceptance": {
      "generated": 0.9624837239583334,
      "hot": 0.9611328125,
      "cold": 0.960400390625
    },
    "sec_per_traj_gen_batch": 0.08885999768972397,
    "sec_per_traj_baseline_batch": 0.033379095047712325
  },
  "t_therm": {
    "diffusion seed": {
      "plaquette": 26.0,
      "wilson_2x2": 1.0,
      "wilson_4x4": 1.0,
      "wilson_6x6": 0.0,
      "Q^2": 0.0
    },
    "hot start": {
      "plaquette": 47.0,
      "wilson_2x2": 27.0,
      "wilson_4x4": 16.0,
      "wilson_6x6": 0.0,
      "Q^2": 8.0
    },
    "cold start": {
      "plaquette": 34.0,
      "wilson_2x2": 26.0,
      "wilson_4x4": 23.0,
      "wilson_6x6": 3.0,
      "Q^2": 15.0
    }
  },
  "t_therm_generated_full_batch": {
    "plaquette": 37.0,
    "wilson_2x2": 2.0,
    "wilson_4x4": 1.0,
    "wilson_6x6": 0.0,
    "Q^2": 0.0
  },
  "t_therm_subsample_size": 32,
  "final_abs_z": {
    "diffusion seed": {
      "plaquette": 0.64246666431427,
      "wilson_2x2": 0.5791168212890625,
      "wilson_4x4": 0.6119047999382019,
      "wilson_6x6": 0.7767921686172485,
      "Q^2": 0.4329434335231781
    },
    "hot start": {
      "plaquette": 0.672674834728241,
      "wilson_2x2": 0.566247820854187,
      "wilson_4x4": 0.7420939207077026,
      "wilson_6x6": 1.00114905834198,
      "Q^2": 0.7994912266731262
    },
    "cold start": {
      "plaquette": 0.7701889276504517,
      "wilson_2x2": 0.9659852981567383,
      "wilson_4x4": 1.0200659036636353,
      "wilson_6x6": 1.1598478555679321,
      "Q^2": 0.8770705461502075
    }
  },
  "tau_int": {
    "plaquette": {
      "value": 4.21186007999848,
      "error": 0.40273989746739586
    },
    "wilson_2x2": {
      "value": 1.8387736768761553,
      "error": 0.15687089215653802
    },
    "wilson_4x4": {
      "value": 0.8824082292871425,
      "error": 0.05047103627507956
    },
    "wilson_6x6": {
      "value": 0.5801399902486865,
      "error": 0.02269814822306192
    }
  },
  "hmc_interval_trajectories": 8.42372015999696,
  "q_freezing": {
    "label": "hot-start HMC L=32 beta=3.10399",
    "frozen": false,
    "n_tunnelings": 6812,
    "window_length": 321,
    "n_chains": 32,
    "tau_int_Q": 11.641559737597213
  }
}