{
  "label": "A_bc8_L32_beta30.3772",
  "beta": 30.377151768252677,
  "lattice_size": 32,
  "n_gen_chains": 128,
  "n_baseline_chains": 32,
  "n_traj_gen": 96,
  "n_traj_baseline": 640,
  "hmc": {
    "step_size": 0.07257490329880557,
    "n_steps": 14,
    "acceptance": {
      "generated": 0.9774576822916666,
      "hot": 0.98203125,
      "cold": 0.983203125
    },
    "sec_per_traj_gen_batch": 0.2839520697792371,
    "sec_per_traj_baseline_batch": 0.137460146099329
  },
  "t_therm": {
    "diffusion seed": {
      "plaquette": Infinity,
      "wilson_2x2": Infinity,
      "wilson_4x4": 75.0,
      "wilson_6x6": 17.0,
      "Q^2": 0.0
    },
    "hot start": {
      "plaquette": Infinity,
      "wilson_2x2": Infinity,
      "wilson_4x4": Infinity,
      "wilson_6x6": Infinity,
      "Q^2": Infinity
    },
    "cold start": {
      "plaquette": 481.0,
      "wilson_2x2": 499.0,
      "wilson_4x4": 214.0,
      "wilson_6x6": 189.0,
      "Q^2": Infinity
    }
  },
  "t_therm_generated_full_batch": {
    "plaquette": Infinity,
    "wilson_2x2": Infinity,
    "wilson_4x4": Infinity,
    "wilson_6x6": 33.0,
    "Q^2": 0.0
  },
  "t_therm_subsample_size": 32,
  "final_abs_z": {
    "diffusion seed": {
      "plaquette": 8.308267593383789,
      "wilson_2x2": 5.262917995452881,
      "wilson_4x4": 0.9415565729141235,
      "wilson_6x6": 0.5473120808601379,
      "Q^2": 0.23029343783855438
    },
    "hot start": {
      "plaquette": 8.897909164428711,
      "wilson_2x2": 10.066818237304688,
      "wilson_4x4": 4.896778106689453,
      "wilson_6x6": 4.204197406768799,
      "Q^2": 3.1331770420074463
    },
    "cold start": {
      "plaquette": 1.2346042394638062,
      "wilson_2x2": 1.891265869140625,
      "wilson_4x4": 1.410790205001831,
      "wilson_6x6": 1.7026258707046509,
      "Q^2": 868455153664.0
    }
  },
  "tau_int": {
    "plaquette": {
      "value": 15.444775485083492,
      "error": 1.73689570794964
    },
    "wilson_2x2": {
      "value": 19.6174422373712,
      "error": 2.028362804073628
    },
    "wilson_4x4": {
      "value": 14.854525127701539,
      "error": 1.84115126644461
    },
    "wilson_6x6": {
      "value": 7.9828611433161,
      "error": 1.4444022783459514
    }
  },
  "hmc_interval_trajectories": 39.2348844747424,
  "q_freezing": {
    "label": "hot-start HMC L=32 beta=30.3772",
    "frozen": true,
    "n_tunnelings": 0,
    "window_length": 321,
    "n_chains": 32,
    "tau_int_Q": 321.0
  }
}