{
  "label": "A_bc5_L32_beta18.2524",
  "beta": 18.252379758880476,
  "lattice_size": 32,
  "n_gen_chains": 128,
  "n_baseline_chains": 32,
  "n_traj_gen": 96,
  "n_traj_baseline": 640,
  "hmc": {
    "step_size": 0.09362681359312043,
    "n_steps": 11,
    "acceptance": {
      "generated": 0.980712890625,
      "hot": 0.980029296875,
      "cold": 0.982568359375
    },
    "sec_per_traj_gen_batch": 0.16975627591212591,
    "sec_per_traj_baseline_batch": 7.486168597266078
  },
  "t_therm": {
    "diffusion seed": {
      "plaquette": 0.0,
      "wilson_2x2": 0.0,
      "wilson_4x4": 0.0,
      "wilson_6x6": 0.0,
      "Q^2": 0.0
    },
    "hot start": {
      "plaquette": 517.0,
      "wilson_2x2": Infinity,
      "wilson_4x4": Infinity,
      "wilson_6x6": Infinity,
      "Q^2": Infinity
    },
    "cold start": {
      "plaquette": 165.0,
      "wilson_2x2": 150.0,
      "wilson_4x4": 129.0,
      "wilson_6x6": 67.0,
      "Q^2": Infinity
    }
  },
  "t_therm_generated_full_batch": {
    "plaquette": 24.0,
    "wilson_2x2": 0.0,
    "wilson_4x4": 0.0,
    "wilson_6x6": 0.0,
    "Q^2": 0.0
  },
  "t_therm_subsample_size": 32,
  "final_abs_z": {
    "diffusion seed": {
      "plaquette": 0.9108721017837524,
      "wilson_2x2": 0.855426013469696,
      "wilson_4x4": 0.7479089498519897,
      "wilson_6x6": 0.7978557348251343,
      "Q^2": 0.7883750200271606
    },
    "hot start": {
      "plaquette": 1.4591424465179443,
      "wilson_2x2": 3.1800708770751953,
      "wilson_4x4": 3.738184690475464,
      "wilson_6x6": 4.581334114074707,
      "Q^2": 4.433356761932373
    },
    "cold start": {
      "plaquette": 0.6093837022781372,
      "wilson_2x2": 0.45738524198532104,
      "wilson_4x4": 0.6445279121398926,
      "wilson_6x6": 0.8369027376174927,
      "Q^2": 1462558916608.0
    }
  },
  "tau_int": {
    "plaquette": {
      "value": 4.811173562306383,
      "error": 0.45345465456254574
    },
    "wilson_2x2": {
      "value": 5.2549567991006985,
      "error": 0.6504075632553228
    },
    "wilson_4x4": {
      "value": 2.5044024521779877,
      "error": 0.36847946778443696
    },
    "wilson_6x6": {
      "value": 0.9992143958646932,
      "error": 0.08070770951339076
    }
  },
  "hmc_interval_trajectories": 10.509913598201397,
  "q_freezing": {
    "label": "hot-start HMC L=32 beta=18.2524",
    "frozen": true,
    "n_tunnelings": 0,
    "window_length": 321,
    "n_chains": 32,
    "tau_int_Q": 321.0
  }
}