{
  "label": "A_bc2_L32_beta6.10518",
  "beta": 6.105175335948316,
  "lattice_size": 32,
  "n_gen_chains": 128,
  "n_baseline_chains": 32,
  "n_traj_gen": 96,
  "n_traj_baseline": 640,
  "hmc": {
    "step_size": 0.08094330351183335,
    "n_steps": 12,
    "acceptance": {
      "generated": 0.9911295572916666,
      "hot": 0.99140625,
      "cold": 0.99052734375
    },
    "sec_per_traj_gen_batch": 0.1712380771835645,
    "sec_per_traj_baseline_batch": 0.09075530804693699
  },
  "t_therm": {
    "diffusion seed": {
      "plaquette": 8.0,
      "wilson_2x2": 3.0,
      "wilson_4x4": 0.0,
      "Q^2": 0.0
    },
    "hot start": {
      "plaquette": 134.0,
      "wilson_2x2": 140.0,
      "wilson_4x4": 35.0,
      "Q^2": 58.0
    },
    "cold start": {
      "plaquette": 119.0,
      "wilson_2x2": 98.0,
      "wilson_4x4": 15.0,
      "Q^2": Infinity
    }
  },
  "t_therm_generated_full_batch": {
    "plaquette": 46.0,
    "wilson_2x2": 13.0,
    "wilson_4x4": 0.0,
    "Q^2": 0.0
  },
  "t_therm_subsample_size": 32,
  "final_abs_z": {
    "diffusion seed": {
      "plaquette": 0.6433631181716919,
      "wilson_2x2": 0.5689374208450317,
      "wilson_4x4": 0.6576679944992065,
      "Q^2": 0.8666404485702515
    },
    "hot start": {
      "plaquette": 0.8617273569107056,
      "wilson_2x2": 1.080237865447998,
      "wilson_4x4": 0.9163721203804016,
      "Q^2": 1.5806573629379272
    },
    "cold start": {
      "plaquette": 0.9733610153198242,
      "wilson_2x2": 0.7110339403152466,
      "wilson_4x4": 0.9603912234306335,
      "Q^2": 4.3317694664001465
    }
  },
  "tau_int": {
    "plaquette": {
      "value": 3.494985402181444,
      "error": 0.3120067872577079
    },
    "wilson_2x2": {
      "value": 3.1373269169230658,
      "error": 0.27218590466680537
    },
    "wilson_4x4": {
      "value": 1.2228339240677375,
      "error": 0.07013759134537338
    }
  },
  "hmc_interval_trajectories": 6.989970804362888,
  "q_freezing": {
    "label": "hot-start HMC L=32 beta=6.10518",
    "frozen": false,
    "n_tunnelings": 78,
    "window_length": 321,
    "n_chains": 32,
    "tau_int_Q": 41.07800634372613
  }
}