{
  "label": "A_bc3_L32_beta10.015",
  "beta": 10.014964667572846,
  "lattice_size": 32,
  "n_gen_chains": 128,
  "n_baseline_chains": 32,
  "n_traj_gen": 96,
  "n_traj_baseline": 640,
  "hmc": {
    "step_size": 0.06319828381559967,
    "n_steps": 16,
    "acceptance": {
      "generated": 0.9938151041666666,
      "hot": 0.99375,
      "cold": 0.99384765625
    },
    "sec_per_traj_gen_batch": 0.20450780043999353,
    "sec_per_traj_baseline_batch": 0.13028208911418915
  },
  "t_therm": {
    "diffusion seed": {
      "plaquette": 52.0,
      "wilson_2x2": 23.0,
      "wilson_4x4": 1.0,
      "Q^2": 0.0
    },
    "hot start": {
      "plaquette": 520.0,
      "wilson_2x2": Infinity,
      "wilson_4x4": Infinity,
      "Q^2": Infinity
    },
    "cold start": {
      "plaquette": 168.0,
      "wilson_2x2": 138.0,
      "wilson_4x4": 87.0,
      "Q^2": Infinity
    }
  },
  "t_therm_generated_full_batch": {
    "plaquette": Infinity,
    "wilson_2x2": 23.0,
    "wilson_4x4": 11.0,
    "Q^2": 0.0
  },
  "t_therm_subsample_size": 32,
  "final_abs_z": {
    "diffusion seed": {
      "plaquette": 1.2528257369995117,
      "wilson_2x2": 0.6430710554122925,
      "wilson_4x4": 0.7907744646072388,
      "Q^2": 0.922580361366272
    },
    "hot start": {
      "plaquette": 0.8250929117202759,
      "wilson_2x2": 3.5682621002197266,
      "wilson_4x4": 3.882495880126953,
      "Q^2": 4.2682085037231445
    },
    "cold start": {
      "plaquette": 1.0826208591461182,
      "wilson_2x2": 2.044609546661377,
      "wilson_4x4": 1.9033066034317017,
      "Q^2": 2736159195136.0
    }
  },
  "tau_int": {
    "plaquette": {
      "value": 6.415096371341363,
      "error": 1.1814878316619577
    },
    "wilson_2x2": {
      "value": 6.083098722941017,
      "error": 1.245141546916741
    },
    "wilson_4x4": {
      "value": 2.2605894595982794,
      "error": 0.5513719279136428
    }
  },
  "hmc_interval_trajectories": 12.830192742682726,
  "q_freezing": {
    "label": "hot-start HMC L=32 beta=10.015",
    "frozen": true,
    "n_tunnelings": 0,
    "window_length": 321,
    "n_chains": 32,
    "tau_int_Q": 321.0
  }
}